smiles,sequence,interactions
0,0,0
1,1,0
2,2,1
3,3,0
4,4,0
5,5,0
6,6,1
7,7,1
8,8,0
9,9,0
10,10,0
11,11,1
12,12,1
13,13,1
14,14,0
15,15,1
16,16,1
17,17,1
18,18,1
19,19,0
20,20,0
21,21,1
22,22,0
23,23,1
24,24,0
25,25,0
26,26,0
27,27,0
28,28,1
29,29,1
30,30,0
31,31,1
32,32,0
33,33,1
34,34,1
35,35,0
36,36,0
37,37,0
38,38,1
39,39,1
40,40,0
41,11,1
42,41,1
43,42,0
44,43,1
45,44,1
46,45,1
47,46,1
48,47,0
49,48,1
50,49,1
51,50,1
52,51,0
53,52,0
54,53,1
55,54,0
56,55,1
57,56,0
58,57,0
59,58,0
60,59,1
61,60,0
62,61,0
56,62,1
63,63,0
64,64,0
65,65,1
66,66,0
67,28,0
68,67,0
69,11,1
70,68,0
71,69,1
72,70,0
73,71,1
74,72,0
75,73,0
76,74,0
77,75,0
78,76,0
79,77,1
80,78,1
81,79,0
82,80,0
83,81,0
84,82,0
85,83,0
86,84,1
87,85,0
88,86,1
89,87,0
90,88,0
91,89,1
92,90,0
93,91,1
94,92,0
95,21,1
96,93,1
97,94,0
98,95,0
99,96,0
100,55,1
101,97,0
102,98,1
103,99,1
104,100,1
105,101,0
106,102,1
107,103,1
108,104,0
109,105,0
110,48,1
111,106,0
112,107,0
113,108,0
114,109,0
96,110,1
115,111,1
116,112,0
117,113,0
118,114,0
119,115,0
120,116,0
121,117,0
122,118,0
123,119,1
124,48,1
125,120,0
126,121,0
127,122,0
128,123,1
129,124,1
130,125,0
131,126,0
132,127,1
133,128,0
134,129,1
135,130,1
136,131,0
137,132,1
138,133,1
139,134,1
140,135,0
141,136,1
142,137,1
143,138,0
144,139,0
145,140,0
146,141,1
147,142,1
148,143,0
149,144,0
150,145,1
151,146,0
140,147,1
152,148,0
153,149,0
66,71,1
154,150,0
155,151,1
156,152,0
157,153,0
158,154,1
159,155,1
160,156,0
161,157,1
132,114,1
162,43,1
163,158,0
164,159,0
165,160,1
166,43,1
167,161,0
168,154,0
169,162,0
170,163,0
171,164,0
172,123,1
173,165,1
174,166,0
175,167,0
176,168,1
177,169,1
178,170,1
179,171,0
180,172,0
181,173,1
182,174,1
183,175,0
184,176,1
185,177,0
186,178,0
187,179,1
188,168,0
189,180,1
190,123,1
91,181,1
191,182,1
192,183,0
129,184,1
193,185,0
194,173,1
195,186,0
196,187,1
197,188,1
198,189,0
199,190,0
200,191,0
201,192,0
202,193,0
203,194,0
204,195,0
205,196,0
206,196,0
207,197,1
208,198,1
209,129,1
210,199,0
211,200,0
212,201,0
213,141,1
214,114,1
215,202,1
216,203,0
217,204,0
218,205,0
219,55,1
220,206,0
221,207,1
222,208,0
223,209,0
224,123,1
225,210,1
226,141,1
227,211,1
228,212,1
229,110,0
230,213,1
231,214,0
232,208,0
233,215,0
234,216,0
235,217,0
236,218,0
237,123,1
238,219,0
239,202,1
240,220,1
241,221,0
242,222,0
243,223,0
244,224,0
245,225,1
246,165,1
247,48,1
42,226,1
248,227,0
249,180,1
250,228,1
251,229,1
252,230,0
253,30,0
254,231,1
255,232,0
256,233,1
257,234,1
258,168,1
259,233,1
260,235,1
261,236,0
262,237,0
263,238,0
264,239,1
265,240,1
266,241,0
267,55,1
268,242,0
269,243,1
270,244,1
13,245,1
271,246,0
272,247,1
273,123,1
274,248,1
275,134,1
276,249,1
277,250,0
278,251,0
279,252,0
280,157,1
281,55,1
282,253,0
283,254,0
284,255,1
285,256,0
286,257,1
287,120,1
288,258,1
289,259,1
290,55,1
40,260,1
291,261,1
292,262,0
293,263,0
294,166,0
295,264,1
296,123,1
243,265,0
297,53,1
298,266,0
299,11,1
300,267,1
301,261,1
287,268,1
302,269,1
303,270,0
304,197,1
305,62,1
306,271,0
21,272,1
307,273,0
308,274,0
309,275,0
310,276,1
311,277,1
312,278,1
313,279,0
314,280,1
315,281,0
316,282,1
317,263,1
318,283,0
319,159,0
320,284,1
321,285,1
322,286,1
323,130,1
324,287,0
325,288,1
98,289,0
326,233,1
327,290,0
220,130,1
328,291,0
329,292,1
330,57,1
331,293,1
332,205,1
333,294,1
334,123,1
335,295,0
336,296,1
337,297,0
338,50,1
339,298,0
340,299,0
341,300,0
215,130,1
342,206,0
113,301,0
343,302,0
344,303,1
345,304,0
346,133,1
347,305,0
348,48,1
349,306,1
350,307,0
139,308,1
351,309,0
352,310,0
353,244,0
354,55,1
355,164,0
356,311,0
357,312,0
358,313,1
359,55,1
360,314,1
361,315,1
362,316,1
363,62,1
364,317,0
365,318,1
366,319,0
367,320,0
368,321,0
369,322,1
370,323,1
371,324,1
363,325,1
273,326,1
372,327,0
159,328,1
373,329,1
374,21,1
375,330,0
376,331,0
377,332,1
378,2,1
379,333,1
380,120,1
381,46,1
322,334,0
382,335,0
383,336,1
384,337,1
385,338,1
386,339,0
387,340,0
80,48,1
388,341,0
389,342,0
390,343,0
391,344,0
392,345,0
393,346,0
394,133,0
19,53,1
395,347,0
396,348,0
228,349,1
397,350,1
398,351,0
399,352,0
362,353,0
400,354,0
401,313,1
254,355,1
402,228,0
403,356,0
404,39,1
405,357,1
406,10,0
407,358,0
408,359,0
409,360,0
410,361,0
411,154,1
287,362,1
412,363,0
413,364,0
414,365,0
415,129,1
416,123,1
417,24,1
418,366,1
419,55,1
203,293,1
220,367,0
420,368,0
421,7,1
422,369,1
423,370,0
424,371,0
425,372,1
426,373,0
427,374,1
428,375,0
429,154,1
430,376,0
431,315,1
432,377,0
433,378,0
434,129,1
435,233,1
436,379,1
437,273,0
438,380,0
439,43,1
440,381,1
441,382,0
442,383,1
339,384,0
238,385,0
443,386,0
444,155,1
445,387,0
246,388,1
446,248,1
104,389,0
447,390,1
161,145,1
448,391,0
449,392,0
450,293,1
451,393,1
433,394,0
452,395,0
453,396,0
454,259,1
455,397,0
456,398,0
457,399,0
458,168,1
459,400,1
460,401,0
177,197,1
461,402,1
462,403,0
463,77,1
464,404,0
465,151,1
466,405,0
467,53,1
468,406,0
379,407,0
469,408,0
470,409,0
13,410,1
471,411,0
472,114,1
473,114,1
474,412,1
475,413,1
476,414,0
259,43,1
477,48,1
478,415,0
479,416,0
480,417,1
481,220,0
482,418,1
129,419,1
483,420,0
484,421,1
485,257,1
486,422,1
487,423,1
488,424,1
489,425,1
490,43,1
491,426,0
492,427,1
493,428,0
287,219,1
494,224,0
495,429,0
348,114,1
32,430,0
496,431,0
497,432,0
498,169,1
499,55,1
463,11,1
500,433,0
501,434,1
502,435,0
503,43,1
504,350,1
505,65,0
506,436,0
507,437,1
410,438,0
508,299,0
509,439,1
190,168,1
299,440,1
510,441,1
511,308,1
512,442,1
513,233,1
3,137,0
514,443,0
515,127,1
516,444,0
227,445,1
517,415,0
518,446,0
519,447,0
520,55,1
521,448,0
522,349,0
523,449,1
524,450,0
340,7,1
525,388,0
526,451,0
445,452,0
527,158,0
289,453,1
528,454,1
529,290,1
384,455,1
530,375,0
424,456,0
370,457,0
531,458,0
532,459,0
132,460,1
165,147,1
533,459,0
534,461,1
406,126,0
535,288,1
105,462,1
536,463,0
537,464,0
538,465,1
539,466,0
540,467,0
541,468,1
542,469,0
543,168,1
544,196,1
13,470,0
545,471,0
546,472,0
547,473,0
548,474,1
7,475,0
549,476,0
550,402,1
551,477,1
552,103,0
553,478,1
554,479,0
555,480,0
118,233,1
354,77,1
556,67,0
557,59,1
558,481,1
559,402,1
560,482,0
429,483,0
561,484,0
91,379,1
562,11,1
563,485,0
564,486,1
565,487,1
566,488,0
567,489,0
568,490,0
569,491,0
107,271,0
358,169,1
570,492,1
571,84,1
572,493,0
573,494,0
574,146,0
575,495,0
576,496,1
577,63,1
578,497,0
579,498,1
580,390,1
581,499,0
429,64,1
582,168,1
583,500,0
584,501,1
585,154,1
586,502,1
317,278,0
587,503,1
317,400,1
588,504,0
589,154,1
590,505,1
591,154,1
592,123,1
593,506,0
594,188,1
595,350,1
596,313,1
597,507,0
598,123,1
599,358,1
600,508,1
437,442,0
601,123,1
602,509,0
603,510,1
604,511,0
13,512,1
605,346,1
42,478,1
606,197,1
21,357,1
607,157,1
489,513,1
206,514,0
608,515,0
478,11,1
609,516,0
610,517,0
310,358,1
205,350,1
611,518,1
612,519,0
613,520,1
614,384,1
615,355,1
616,521,1
617,7,1
618,443,1
619,522,1
620,123,1
621,167,0
622,523,1
623,524,0
624,525,1
178,526,1
625,62,1
626,314,1
627,84,1
628,333,1
629,527,1
630,528,1
631,40,0
632,529,0
626,437,0
221,55,1
633,55,1
634,195,0
635,145,1
636,77,1
637,530,0
638,531,0
639,532,0
640,533,0
641,534,0
642,535,1
643,39,1
644,536,0
645,226,1
646,537,1
286,154,1
512,538,1
647,539,0
648,123,1
649,462,1
650,540,1
651,541,0
652,542,1
653,419,0
654,39,1
655,543,1
602,267,0
656,544,0
13,545,1
313,546,1
657,547,1
591,123,1
658,123,1
659,44,0
660,548,0
661,549,0
662,550,0
663,551,0
664,552,0
665,53,1
666,553,1
667,554,1
668,219,1
669,362,1
670,555,0
203,91,1
671,556,1
349,557,0
672,558,0
673,559,0
674,560,1
675,60,1
299,308,1
676,561,0
677,168,0
678,62,1
679,562,0
680,563,0
681,564,1
682,565,0
683,547,0
684,11,0
685,123,1
6,566,0
686,567,1
687,568,0
688,569,0
689,43,1
690,134,1
691,448,1
692,12,1
693,570,0
694,123,1
695,571,0
222,572,0
696,573,0
379,574,0
697,575,0
698,576,1
699,328,1
700,577,1
701,123,1
275,219,1
702,578,0
7,376,1
703,263,1
704,411,0
705,579,0
706,580,1
707,581,1
452,582,0
104,583,1
708,584,0
709,585,1
301,586,0
710,587,0
190,447,1
711,588,1
712,589,0
713,168,0
714,284,0
509,590,1
715,396,1
619,591,0
716,592,0
369,123,1
400,593,0
717,202,1
718,594,0
304,313,1
719,595,1
720,596,0
721,597,0
722,598,1
50,599,1
723,600,1
724,601,0
725,77,1
726,55,1
727,141,1
728,308,1
729,602,1
411,603,1
730,604,1
731,62,1
732,548,0
733,377,0
734,417,1
13,605,1
735,43,1
442,606,1
736,53,1
737,607,1
738,608,0
739,46,1
740,92,1
220,501,1
741,609,0
742,240,1
743,6,1
744,610,0
745,611,0
106,612,1
746,487,1
747,613,0
177,43,1
748,614,0
172,19,0
749,615,0
750,616,1
751,617,0
752,618,0
753,619,0
635,160,1
754,181,1
755,521,1
756,402,1
757,620,0
538,621,1
758,622,1
759,623,1
760,503,1
673,624,0
761,625,0
762,7,0
763,132,0
227,626,1
299,505,1
764,257,1
765,39,0
254,627,0
766,628,0
767,339,0
768,362,1
769,629,0
770,350,1
325,630,0
771,91,1
386,631,0
772,85,0
773,43,1
774,169,1
775,632,0
11,633,0
776,111,0
777,634,0
778,598,1
779,417,1
780,635,0
93,556,1
781,636,0
782,53,1
783,637,1
784,483,0
785,638,0
786,639,1
787,119,1
624,473,0
788,640,0
789,81,0
790,330,1
791,262,1
792,641,0
793,228,0
794,642,1
795,417,1
796,78,0
797,643,0
736,171,0
798,169,1
799,644,0
800,645,1
801,104,0
802,646,0
803,228,1
804,155,1
805,436,0
806,381,1
807,444,0
808,24,0
809,79,0
810,381,1
811,647,0
812,648,0
813,649,1
814,564,1
815,650,0
816,651,0
313,652,0
817,653,1
818,654,0
819,655,0
820,656,0
821,361,0
822,632,0
823,484,0
397,207,1
824,657,0
825,658,0
826,659,0
827,228,1
828,660,0
829,230,0
830,661,0
132,662,1
831,663,0
832,68,0
180,98,0
833,664,0
834,665,0
835,417,1
645,268,1
836,666,0
489,333,1
735,667,0
720,668,1
837,669,0
838,670,1
839,165,1
261,671,0
840,672,0
841,673,1
842,674,0
843,675,0
844,676,0
845,677,1
846,678,1
847,154,1
848,381,1
849,559,1
798,277,0
850,679,0
851,207,1
731,680,1
852,681,0
15,48,1
853,682,0
854,169,1
559,683,0
534,625,1
855,684,0
856,413,1
857,685,0
839,48,1
566,686,0
858,687,0
859,688,1
299,689,1
860,690,0
722,691,0
861,692,0
13,693,1
862,694,1
863,394,0
333,695,1
864,462,1
865,176,0
866,696,0
867,697,0
43,698,0
868,699,1
869,543,1
415,55,1
870,700,0
871,701,0
552,702,0
872,377,1
873,703,0
874,704,0
875,705,1
280,134,1
639,706,0
876,707,0
132,62,1
4,708,0
390,379,1
877,182,1
878,709,1
879,198,1
827,43,1
184,710,0
880,329,0
881,481,0
882,153,0
883,440,0
878,711,1
421,635,0
884,712,0
304,71,1
885,713,0
886,170,1
887,714,0
888,715,1
889,141,1
890,304,0
891,293,1
892,451,1
893,716,1
894,717,0
895,407,1
281,123,1
896,718,0
592,281,0
668,606,0
607,219,1
897,719,0
898,399,0
205,155,1
899,720,0
900,721,0
901,722,1
324,723,1
902,141,1
247,123,1
903,230,0
904,724,0
905,725,0
761,313,0
906,89,0
210,726,1
907,727,0
908,728,1
909,595,0
910,66,0
911,729,0
912,730,1
73,406,0
644,731,0
913,631,1
82,732,0
205,733,0
215,231,1
124,734,0
914,735,0
915,736,0
916,737,1
798,738,0
917,180,1
918,739,0
275,157,1
919,50,1
920,740,0
317,741,1
921,742,0
922,743,0
923,744,0
924,114,1
925,745,1
926,39,1
927,746,0
235,747,0
928,704,0
929,748,0
78,749,0
692,750,0
254,585,0
930,751,0
384,195,1
705,752,0
931,753,0
932,754,0
933,134,0
830,755,1
934,77,1
935,141,1
863,145,1
421,134,1
936,756,0
937,757,1
938,758,1
939,438,0
658,155,1
940,759,0
941,6,1
942,760,1
943,447,1
13,761,1
944,603,1
589,123,1
752,762,0
945,763,0
946,55,1
311,764,0
947,28,1
948,48,1
949,765,1
950,288,1
26,575,0
951,508,1
952,325,1
953,766,0
954,767,0
955,18,0
956,662,1
549,671,0
957,768,0
958,769,1
959,770,1
730,771,1
960,323,1
961,662,1
962,772,0
963,167,0
964,87,1
965,773,0
966,731,0
448,774,0
967,355,1
968,775,1
969,123,1
970,179,0
971,776,0
511,219,1
472,129,1
972,777,0
106,147,1
973,778,0
280,145,1
974,779,0
975,780,1
976,737,1
741,123,1
977,781,0
978,782,0
979,783,0
980,784,1
981,785,0
982,786,0
983,642,1
984,665,0
985,302,1
986,336,1
987,318,1
988,155,1
989,452,0
990,19,0
991,741,0
992,41,1
993,787,1
994,788,0
995,789,0
996,790,0
766,791,0
990,792,1
997,53,1
472,11,1
998,793,1
999,257,1
320,350,1
1000,315,1
106,794,1
169,795,1
1001,796,1
1002,720,0
884,797,0
1003,798,0
103,799,0
1004,170,1
455,800,0
78,50,1
1005,312,1
1006,213,0
1007,801,0
1008,802,1
1009,154,1
1010,803,0
694,48,1
1011,804,0
1012,805,0
427,806,1
1013,807,1
178,808,1
1014,110,1
994,809,0
1015,119,1
1016,43,1
1017,168,1
1018,53,1
1019,810,0
0,811,0
944,696,0
1020,794,0
1021,812,1
1022,813,0
1023,814,0
401,323,1
1024,815,0
986,816,1
187,817,0
1025,818,1
1026,123,1
1027,125,1
1028,154,1
1029,819,0
1030,820,0
1031,213,0
13,821,1
1032,15,0
244,822,0
1033,823,0
1034,824,0
534,825,1
1035,826,0
1011,827,1
1036,828,0
21,612,0
1037,438,0
1038,829,1
1039,77,1
1040,830,1
614,219,1
986,700,1
1041,831,0
1042,832,0
311,682,1
1043,833,0
1044,434,0
1045,834,1
1046,316,1
87,564,1
1047,835,0
1048,592,0
1049,836,1
1050,837,0
1051,838,1
832,423,1
1052,123,1
1053,488,1
1054,228,1
1055,157,1
1056,547,1
1057,839,0
1058,723,0
384,840,1
1059,841,0
1060,123,1
335,842,0
1061,417,1
1062,188,1
1063,843,0
1064,662,1
179,377,0
1065,702,1
320,55,1
1066,11,0
1067,786,0
1068,844,0
1069,401,0
1070,845,0
1071,846,1
1072,847,0
1073,848,0
1074,77,1
357,849,0
281,712,0
110,159,0
1075,850,1
1076,851,0
245,852,0
1077,109,0
1078,853,1
13,854,1
1079,789,1
1080,168,1
1081,855,0
1082,856,0
1083,857,0
1028,62,1
299,858,1
357,486,1
1084,859,0
1085,62,0
1086,860,0
1087,861,0
1088,205,1
104,499,1
726,77,1
1089,862,0
1090,742,1
1091,35,0
1092,863,0
1093,168,1
740,446,1
1094,864,1
1095,865,0
1096,866,1
1097,597,1
1098,867,0
1099,868,0
79,869,0
1100,21,1
1101,239,0
891,197,1
1102,567,1
139,870,1
1103,871,0
1104,276,0
226,872,0
1105,873,0
1106,55,1
1107,874,0
1108,875,0
1109,572,1
1110,262,1
1111,600,1
323,169,1
41,876,1
424,453,1
1112,134,1
587,877,0
765,746,0
373,878,0
1113,879,0
1114,232,0
139,114,1
280,362,1
287,870,1
1115,880,0
1116,603,1
1117,775,0
1118,556,0
1119,881,0
1120,882,1
1121,333,1
714,883,0
993,315,1
1122,651,0
1123,884,0
1124,885,0
1125,886,1
1047,50,1
1126,702,0
1127,567,0
1128,887,0
1129,797,0
212,888,0
1130,889,0
203,501,1
1131,890,0
1132,287,0
1133,805,0
1134,320,0
779,254,0
1135,570,0
448,891,1
645,376,1
1136,306,0
1137,892,0
1138,893,0
964,289,1
1139,48,1
1140,894,1
827,705,1
401,895,0
1141,431,0
731,152,1
1142,106,1
540,590,1
248,896,0
892,897,0
1143,898,1
1144,899,0
1145,81,0
1146,24,0
1147,141,1
1148,900,0
1149,257,1
1150,901,0
1151,62,1
153,902,0
102,836,1
1152,903,1
1153,904,1
1154,905,0
1155,906,1
535,299,0
634,907,0
1156,908,1
1157,909,1
266,129,1
305,55,1
65,910,1
1158,564,1
1159,911,1
1160,123,1
1161,912,0
717,259,1
200,913,1
878,445,1
32,914,0
1162,214,0
1163,437,0
1164,915,0
1165,916,0
815,917,0
930,234,1
102,918,1
690,145,1
1166,62,1
1167,919,0
273,114,1
1168,133,1
1169,920,0
1139,254,0
317,323,1
1170,921,0
12,922,1
803,556,1
1171,527,1
1172,923,0
177,155,1
565,924,0
142,165,0
1173,925,1
1174,457,1
71,41,1
305,64,1
1175,169,1
1176,405,1
1177,123,1
1178,926,0
331,556,1
1179,148,0
1180,927,1
1181,207,1
656,419,1
1182,141,1
1183,928,0
1184,127,1
1185,929,1
671,71,1
1186,930,0
286,168,1
1187,313,1
586,931,0
1188,932,0
1189,933,0
153,862,0
177,374,1
91,934,1
1190,244,1
1191,935,0
734,634,0
1192,864,1
1193,639,1
1194,799,0
1195,936,1
1196,937,0
728,268,1
1197,831,0
1182,248,0
1177,508,1
1198,141,1
1199,938,0
499,121,0
1200,939,0
1201,261,1
1202,653,0
1203,940,0
489,941,1
1204,522,0
102,942,1
1205,943,1
1206,406,0
273,552,1
190,114,1
1207,468,1
1208,944,1
1209,43,1
1210,447,1
1211,816,0
1212,55,1
1213,945,0
990,946,1
415,501,1
1214,290,1
1215,947,0
1216,948,0
510,578,1
1217,949,0
1218,950,0
1219,951,1
1220,170,1
1221,952,0
528,953,1
702,954,0
1222,955,1
1223,114,1
1224,956,0
1225,48,1
777,377,1
1226,623,0
1227,55,1
1228,957,0
1229,202,1
1230,827,0
1231,248,0
1231,958,1
529,21,1
617,362,1
385,959,0
1232,53,1
1233,677,0
1234,357,1
1235,639,1
1236,152,1
571,120,0
1237,556,1
1238,130,1
1239,447,1
1240,195,0
1241,960,0
1242,688,0
1243,961,0
1244,199,0
1245,487,1
934,962,1
1246,963,0
1247,307,0
1248,786,0
1249,148,1
829,964,0
859,35,1
1250,129,1
1251,98,0
13,965,1
667,966,1
1252,686,0
1253,110,1
1254,967,0
1255,968,1
723,91,1
1256,969,0
1257,970,1
1258,745,0
463,43,1
368,864,1
1,318,1
1259,313,1
1260,315,1
1261,971,0
1121,972,0
1262,973,0
1263,974,1
386,975,0
1264,667,0
150,376,1
1265,62,1
1266,976,0
667,977,0
1267,978,0
1268,979,1
1269,951,0
1270,626,0
1271,980,0
1272,195,0
1105,168,1
241,981,0
320,982,1
136,362,1
1273,258,1
36,983,0
1274,239,1
1263,984,1
1275,985,0
1276,986,0
210,414,1
891,71,1
967,160,1
1277,446,0
110,592,0
1278,987,0
1279,334,0
1173,988,1
1201,71,0
1280,193,0
621,989,0
12,23,1
1281,664,0
1282,384,1
1283,990,1
1284,168,1
1285,991,0
1286,974,1
132,48,1
848,992,0
1287,993,0
1282,64,1
1288,994,0
1289,110,1
1290,77,1
1291,885,0
1161,806,0
1292,553,1
1293,508,1
323,313,1
1294,160,0
1295,995,0
1296,996,0
1297,161,0
1298,997,0
1299,998,0
1300,91,1
1301,308,1
1302,999,0
1303,867,0
1304,830,0
1063,716,1
1305,1000,0
1306,1001,0
388,371,0
1307,1002,0
1289,1003,1
1308,1004,0
1309,1005,1
923,1006,0
1020,186,0
875,187,1
91,228,1
1310,188,1
1311,1007,0
1312,733,1
1313,381,1
61,1008,0
1314,35,0
1315,33,0
1316,1009,0
1212,77,1
15,168,1
1317,910,1
1318,98,1
1319,1010,0
415,556,1
1320,1011,0
658,400,1
1068,301,1
1321,1012,0
1322,1013,0
1323,540,1
1324,168,1
830,1014,0
1252,547,1
1325,169,1
1326,1015,1
1327,292,1
227,769,0
1328,678,1
1329,1016,0
1330,1017,1
1331,1018,1
1103,1019,0
1332,248,1
135,967,0
1333,736,0
1334,91,1
223,617,0
1335,280,1
1336,176,0
1337,1020,0
755,1021,0
1338,1022,0
1339,781,1
1340,102,0
1341,545,0
1062,1023,1
777,475,0
1342,914,0
1343,107,0
1344,639,1
425,292,1
1345,1024,0
1346,559,0
1347,113,0
1348,850,1
349,33,0
1349,1025,0
1350,129,1
13,805,1
312,478,1
1351,168,1
1352,447,1
625,55,1
1353,1026,1
138,160,1
1354,123,1
1293,1027,0
771,600,1
1355,64,1
1356,375,1
1357,1028,1
1358,123,1
1359,338,0
13,1029,1
1360,463,0
1361,1030,0
1362,1031,0
1363,313,1
1042,1032,0
1364,168,1
183,1033,0
1365,1034,0
434,1035,0
1366,333,1
1155,595,0
1367,1036,0
304,346,1
1368,1037,0
1369,198,1
1370,123,1
363,114,1
1371,1038,1
1112,7,1
429,173,1
1372,167,0
706,1039,0
1373,1040,0
1374,1041,0
1375,1042,0
1376,1043,0
1377,171,0
1378,1044,0
1379,1045,0
1380,1046,0
1381,1047,0
1382,910,0
428,332,0
596,123,1
1383,1048,0
558,1049,0
1384,417,1
596,918,0
723,1050,0
1385,1051,1
1386,448,0
389,180,1
1387,39,0
1388,256,0
21,1052,1
534,29,0
617,168,1
97,728,0
1389,662,1
391,1053,0
1390,1054,0
873,225,0
1391,447,1
1392,1055,1
1393,443,1
1149,546,0
1394,146,0
160,713,1
156,1056,0
410,571,0
1395,1057,0
1396,375,1
1397,1058,0
1398,1059,1
1399,936,0
830,1060,0
1199,1061,0
201,544,0
21,1062,1
690,55,1
1400,435,1
355,402,1
1401,1063,1
1402,1064,1
711,1065,0
1403,278,1
1404,1066,0
427,231,1
1405,597,0
107,62,1
641,1005,1
749,1067,0
13,750,1
1406,853,1
1407,321,0
1408,526,0
1409,1068,0
1142,511,1
1410,530,1
1411,219,1
1412,1069,0
203,208,1
1413,595,1
138,308,1
336,1070,0
710,1071,0
1414,123,1
1012,129,1
29,1066,0
804,556,1
1415,55,1
906,1072,0
289,123,1
1416,21,1
1417,620,0
1418,1073,0
1252,55,1
1419,1074,0
1420,288,1
575,704,0
376,1075,0
1421,1076,0
587,168,1
1422,91,0
409,91,1
1423,1077,1
1424,1078,0
1425,402,1
386,1079,0
102,1080,1
1426,9,0
1427,959,0
1042,1081,0
1428,1082,0
1429,942,1
1430,889,0
1431,706,1
1432,195,0
651,603,1
13,1078,1
348,197,1
118,261,0
1433,1083,0
1434,565,1
541,613,0
79,1084,0
1435,1085,1
1436,1086,0
1074,1087,0
1437,1088,1
1438,123,1
361,123,1
1439,517,0
1440,62,1
1280,377,1
1441,357,1
1442,615,0
384,918,1
1443,44,1
1444,170,1
1445,1089,0
1446,1090,0
243,1091,1
1447,248,0
1448,1092,0
1449,53,1
958,1093,1
1450,564,1
1451,1094,0
1452,1095,0
1453,11,1
1454,55,1
1084,104,0
1217,602,1
1455,920,0
1456,1096,1
3,141,1
1121,855,0
1457,458,0
479,693,0
1152,1097,1
1458,114,1
1459,198,1
1460,1098,0
398,41,0
1461,77,1
416,55,1
325,1099,0
1462,1100,0
1463,1075,1
1464,556,1
135,263,1
1465,499,1
1466,556,1
13,577,1
1467,709,1
1468,1101,0
1469,411,1
1470,1102,0
357,1103,0
1471,1104,1
701,12,1
1472,656,1
565,1105,0
1213,846,0
1473,479,0
1474,1106,0
598,90,0
140,233,1
1475,1107,1
1476,29,0
938,1108,1
907,217,1
1477,460,1
1478,1109,0
773,154,1
1479,829,0
1480,347,1
1481,1110,0
107,154,1
1482,1111,1
439,48,1
1483,114,1
1484,857,0
254,1075,1
1485,263,1
1486,288,1
1487,779,0
150,641,1
1112,41,1
1488,754,0
1489,170,1
1181,233,1
934,1112,1
1490,1113,0
1491,402,1
1413,1114,0
1492,759,0
547,445,1
1493,1115,0
1142,1116,1
474,339,0
1494,1047,0
1495,6,1
94,1117,1
1496,1113,0
1497,1118,0
1080,1119,0
1281,1080,0
854,968,0
1456,452,1
37,63,0
1498,867,0
442,978,1
1499,123,1
1500,527,0
1501,1120,0
1502,1121,1
851,945,1
1430,642,1
1142,1122,0
1503,853,0
1504,967,0
1505,82,1
1506,870,1
1507,503,1
1508,1123,0
1509,246,0
1510,43,1
1511,219,0
465,1124,1
1512,1033,1
102,858,1
1513,882,0
1514,168,1
1515,1125,1
1516,1126,0
1517,418,0
91,603,1
1381,1019,0
1168,966,0
1078,899,0
447,197,0
755,1127,0
967,145,1
1518,197,1
454,263,1
1519,1128,0
1520,123,1
1521,1129,0
489,1130,1
1482,609,1
1522,132,1
1523,1131,1
434,123,1
1524,1132,1
407,1133,0
433,278,1
1525,1134,0
1526,680,1
1527,76,0
534,414,0
1528,1087,0
1529,1135,0
933,182,1
1530,1136,0
1531,390,0
7,680,1
221,202,1
513,155,1
473,64,1
831,1137,0
1532,1138,0
427,202,1
1533,1105,0
589,1139,0
655,994,1
1534,498,1
782,1140,0
1535,1141,0
1536,123,1
1537,297,0
1400,269,0
254,293,1
1538,196,1
1539,662,1
1540,77,1
1258,257,0
1541,413,1
1542,732,0
428,1142,0
1543,503,1
1544,1143,0
129,1144,1
690,362,1
1357,810,1
1545,1145,0
1546,1040,1
1513,483,1
1547,730,0
11,1146,1
108,666,0
1548,80,0
1549,123,1
1376,168,1
1550,466,0
544,427,0
1551,358,1
1552,1055,1
1553,1147,1
1554,1148,0
348,154,1
1462,1149,0
1555,1150,0
1556,1151,1
1557,950,0
60,1152,0
1558,107,0
1559,912,0
1560,1153,0
1561,123,1
1562,1154,0
1563,41,1
1039,448,0
1564,1027,0
1565,1155,0
1566,475,1
1043,750,0
1567,672,0
1568,1156,0
1235,1157,1
1569,23,0
1570,542,0
730,1158,1
1571,661,0
1572,151,1
924,424,1
958,1159,1
1573,495,0
177,350,1
613,21,0
1574,313,0
1575,556,1
173,388,1
150,808,1
245,1009,0
1576,1160,0
649,904,1
1577,1161,1
1578,313,1
1579,716,0
1580,104,1
1181,400,1
1581,43,1
1582,1162,1
1301,55,1
158,1093,0
384,1163,0
1583,510,0
1584,1164,0
1585,863,0
1586,290,0
1587,1165,0
102,1166,1
1588,1167,0
642,1168,1
289,1169,0
1520,62,1
1589,64,0
1590,1170,1
1591,1171,0
1592,129,1
1593,288,1
1158,0,0
1594,267,0
1595,1172,0
808,1111,0
1596,240,1
382,181,0
416,1173,1
1597,1174,0
1598,424,0
1599,1175,0
1445,204,0
1600,1176,0
1601,1177,1
1602,1178,0
635,870,1
269,1026,0
1473,769,0
1253,1179,0
1603,427,0
626,1180,0
1604,62,0
1605,297,1
1606,359,0
1607,992,0
1608,561,1
721,981,0
1609,308,1
1047,77,1
847,1181,0
1610,665,1
289,168,1
1611,869,0
1612,746,0
1613,767,1
1614,43,0
1615,1182,0
1616,473,1
1575,123,1
1617,1124,0
1618,1183,1
1619,980,0
1620,154,1
531,738,0
477,123,1
1621,1184,0
1622,732,0
1623,1185,0
339,613,1
1624,154,1
1625,593,0
1626,170,1
602,353,1
1627,1186,0
1628,1065,0
1136,1187,0
1629,381,1
1630,1188,0
1631,1189,0
943,123,1
619,158,0
1632,1190,0
757,1191,0
32,443,0
1633,323,1
1634,1192,0
1128,1085,1
207,123,1
559,1193,0
1635,1194,0
178,505,1
1269,1195,0
1636,62,1
1263,634,1
1637,1196,0
1638,1197,0
1639,1198,0
1640,1199,0
1641,1200,0
1642,581,1
1643,1201,1
1629,1190,0
1644,296,1
218,1202,0
1645,920,0
1646,547,1
1647,999,0
1100,11,1
1648,1203,0
1649,1204,0
1650,1205,0
1651,305,0
1652,1206,0
823,156,1
1653,958,1
1654,1207,1
1655,177,0
1016,77,1
596,846,1
1656,1208,0
1410,964,0
1657,57,0
1658,149,0
545,1209,0
1659,233,1
1660,1170,0
1648,761,0
815,259,0
221,1210,1
1661,1211,0
1662,417,1
992,1079,1
1212,168,1
827,315,1
1663,664,0
958,286,1
1664,48,1
1665,170,1
13,633,1
1666,1212,0
1054,154,1
145,1213,0
1667,94,0
1668,64,1
1008,927,1
1429,1214,0
837,1215,0
1669,236,0
1670,974,1
1671,54,1
1672,939,0
102,662,1
1673,1216,0
690,226,1
183,709,0
1418,1217,0
1674,454,0
1675,1218,0
924,123,1
207,501,1
654,155,1
1676,377,1
1427,488,1
1677,1219,1
1678,421,1
1679,850,1
1060,1220,0
7,226,1
1680,220,0
299,154,1
1681,632,0
1286,261,1
1682,1221,0
1683,1091,1
992,973,0
1684,113,0
1685,904,1
1686,1222,0
144,582,1
531,730,1
1064,123,1
1062,1223,1
24,1224,1
776,1225,0
1687,247,0
1688,508,1
1689,1226,0
1690,151,0
213,84,1
740,1227,1
456,1228,0
768,226,1
1691,123,1
1449,291,0
635,788,0
1692,1229,0
1693,501,0
1694,984,0
1132,521,1
874,688,1
1695,114,1
1696,41,0
1697,1230,0
1698,808,1
410,388,0
1399,120,0
1699,48,1
1280,785,0
704,262,0
1700,140,0
1701,937,1
1702,959,0
102,1231,1
1703,811,0
1328,664,0
1704,151,1
455,123,1
1705,1232,1
262,1184,0
305,1233,0
397,1234,1
304,355,1
1706,1224,0
1263,1235,1
1707,333,1
1708,603,1
1709,1236,0
1710,55,1
62,1091,0
1373,1117,1
1711,853,0
1712,1190,0
1713,930,0
1063,123,0
1139,62,1
1714,701,1
1715,1237,0
290,1238,0
1716,1239,0
544,15,1
454,453,1
1717,1074,1
99,551,1
1718,1023,0
1719,1117,0
168,377,1
877,258,0
606,71,1
384,123,1
1720,1240,0
1721,1241,0
1722,1242,1
1723,1243,0
1485,202,1
1724,424,1
1725,1244,0
1726,56,0
1727,1226,0
1728,1245,0
1729,567,0
949,98,1
1730,1246,0
1731,381,1
1454,468,1
384,196,1
1309,315,1
1732,1247,0
1733,64,1
1734,1162,1
416,920,0
1735,956,1
1200,1091,1
343,1248,1
870,1249,1
878,1250,0
1736,834,1
1737,123,1
986,1251,1
1738,453,0
1739,1075,1
1740,1252,0
1741,574,1
34,1253,1
1742,565,1
431,508,1
1743,663,0
984,1254,0
21,43,1
1744,123,1
1078,112,1
289,1210,1
1745,1255,0
1746,1256,1
1467,1257,1
1747,678,0
1748,257,1
1749,1133,0
1377,1230,0
1104,377,1
13,629,1
1750,1258,0
338,702,0
1533,43,1
625,155,1
1326,282,0
246,1259,1
253,1260,0
424,91,1
1698,1240,1
1751,48,1
1752,1022,0
21,48,1
1753,505,1
283,1261,0
317,374,1
1754,305,0
40,55,1
1755,27,0
1161,350,1
1756,1262,0
1757,482,1
1606,1043,0
1758,1263,1
1759,168,1
323,257,1
1760,590,1
1761,487,1
1762,1202,0
1763,1264,1
1764,1265,0
1765,5,0
590,680,1
1526,114,1
129,911,1
1766,151,1
949,168,1
1767,701,1
140,301,1
1768,599,0
1769,885,0
1770,22,1
433,1266,1
6,1267,0
1771,625,0
1772,1268,0
862,1269,1
1659,600,1
1284,437,0
1773,1036,0
1169,467,1
1774,333,1
1775,1,0
1776,973,0
1739,233,1
1248,64,1
384,170,1
1777,502,0
1778,614,0
690,160,1
1779,1270,0
1780,64,1
1301,1271,0
1781,120,0
1782,1218,0
469,439,0
1783,130,0
1314,399,0
1600,377,1
1259,1079,1
1784,228,1
1078,339,1
1785,954,0
1786,734,0
364,1272,0
1251,846,1
868,668,1
670,622,0
1787,1273,0
1788,1274,0
1789,1087,1
669,1172,0
1300,128,0
1790,1275,0
1791,294,0
1792,123,1
916,198,1
1015,460,1
1793,968,1
1794,945,1
1776,1276,0
1795,1145,0
1796,1277,0
1416,77,1
661,155,0
1797,1278,1
424,400,1
1798,123,1
1172,1263,0
1799,368,0
1066,1173,0
1166,48,1
1800,226,0
523,1279,1
1801,365,0
1585,1280,1
463,234,0
1802,207,1
688,231,1
1190,165,1
227,1014,1
1803,903,0
1804,1281,0
1805,1282,1
503,154,1
1806,404,0
814,1283,0
1807,829,1
647,1284,0
1808,1285,1
1809,1286,0
1465,1287,1
1810,530,1
1527,1241,0
1811,1288,1
1812,1080,1
1131,722,1
1813,611,0
1814,202,1
1815,1134,0
1816,839,0
1358,739,1
1817,377,1
1818,1289,0
617,157,1
1581,447,1
1819,1089,0
1820,1290,0
1216,1291,0
576,1292,1
1821,950,0
1822,1293,0
1823,217,0
538,1294,1
135,374,1
1824,1295,0
589,48,1
1825,1249,0
1826,196,1
875,264,0
415,77,1
644,1296,0
451,639,0
1827,423,0
1828,1297,1
1467,1074,1
729,147,1
1829,157,1
1830,460,0
1831,198,1
615,219,1
1832,232,0
42,48,1
348,323,1
1833,1002,0
1834,151,1
1835,197,0
1836,1298,0
1837,865,0
131,1299,0
215,806,1
862,332,1
1829,505,1
717,1210,1
1838,857,1
1839,433,0
1821,525,1
1840,313,1
1841,295,0
1842,1035,1
1843,770,1
1844,966,0
1845,169,1
1846,613,0
1246,1300,0
1470,1301,1
1847,944,1
538,1027,0
1848,1146,1
1849,1302,1
290,168,1
32,389,0
893,1303,1
1850,1304,0
1528,242,1
459,123,1
1851,155,1
1852,128,0
719,1305,0
1853,170,1
1854,313,1
1855,1258,0
1856,240,0
1857,861,0
1328,1306,0
1829,376,1
1858,55,1
1616,1261,1
1859,501,1
513,62,1
331,154,1
1498,21,1
1860,1307,0
481,1308,1
299,173,1
1861,757,0
1862,922,0
340,950,0
1863,581,1
1699,1309,0
1864,1310,0
384,911,1
259,71,1
1865,732,0
1866,1311,0
504,231,1
1867,409,0
299,984,1
1868,55,1
141,1312,0
1869,1313,0
919,447,1
135,71,1
1870,208,1
1753,384,1
821,487,1
1871,209,1
1872,1278,0
1232,1314,1
1873,323,1
1874,303,1
1875,2,1
1876,756,0
1877,1315,0
1578,1316,0
1878,1317,0
1879,77,1
1055,355,1
1880,1318,0
1407,1070,0
1881,1274,0
104,1319,1
943,870,1
13,370,1
1882,427,0
1883,1029,0
1884,114,1
1885,1320,0
1886,22,1
1887,1321,0
1888,1179,0
329,69,1
1467,592,1
1889,1322,0
1890,634,0
917,248,0
1891,47,0
415,71,1
669,268,1
1789,1323,0
1892,1324,1
1893,1325,1
507,793,0
71,376,1
1894,1326,1
1485,556,1
1895,430,1
254,130,1
1896,46,1
1897,1327,1
287,145,1
98,1328,0
617,1329,0
1898,1330,1
1526,157,1
1282,885,0
678,1331,0
664,662,1
1840,48,1
1398,1332,1
1899,1100,0
1377,174,0
725,1176,0
1900,994,1
523,1333,1
1901,180,1
1902,1334,0
1903,1335,0
817,1336,0
889,1337,0
1411,145,1
1676,1184,0
254,55,1
1904,188,1
533,460,1
857,516,1
1905,372,1
411,1338,1
303,1339,0
1906,564,1
1907,1340,0
909,314,1
1236,226,1
1908,1341,0
1909,123,1
1288,168,1
1463,48,1
1910,1342,1
1911,559,1
1912,231,0
1913,968,1
1062,1314,1
458,1343,0
1914,574,0
1915,1344,0
1000,1310,0
221,411,0
1916,1345,0
1917,527,1
1918,1003,0
1919,129,1
1920,62,1
1921,1346,0
1922,864,1
1923,1347,0
56,322,1
1659,346,1
1924,849,1
1925,725,0
104,4,1
1926,114,1
1927,1348,0
1928,1312,0
147,341,0
1929,870,0
1930,43,0
203,323,1
456,1102,0
810,1349,0
329,1280,0
1931,1350,0
909,150,0
1932,55,1
1933,1351,1
1780,168,1
287,133,1
1350,89,0
549,803,0
1934,400,1
1935,416,0
1936,893,1
1937,1352,1
565,1243,0
967,904,1
1826,263,1
1938,1353,0
854,123,1
1939,1155,1
1425,508,1
1940,169,1
1941,1007,0
1942,18,1
1943,566,1
1944,1354,0
753,123,1
305,870,1
1945,1355,0
1946,1073,0
920,313,0
1947,446,0
1948,304,0
878,333,1
1949,650,0
1916,888,0
597,145,1
1733,11,1
42,376,1
33,168,1
1950,1055,1
1951,1019,0
1952,1356,0
1388,1357,0
340,55,1
891,168,1
1953,123,1
1577,230,0
1870,130,1
1078,1358,1
527,1359,0
1698,308,1
1954,1360,0
1955,340,0
1737,291,0
1956,39,1
1957,1361,1
1958,1362,0
1959,464,1
1571,21,1
1451,228,1
1960,918,0
1961,1271,0
1962,1182,0
101,43,1
287,1363,1
943,48,1
1963,710,0
794,77,1
717,1243,0
1237,1128,0
1964,1364,1
126,1365,0
1965,460,1
1966,687,0
1734,460,1
1967,938,0
1968,1366,0
1884,1367,0
1969,1132,1
1970,693,0
1971,39,1
1972,1368,0
1973,578,1
314,1369,0
1393,471,0
1974,1242,0
934,123,1
1975,1359,0
1375,747,1
1775,1120,0
1976,1362,0
1928,22,0
1281,1370,1
1543,1371,0
1977,1372,0
591,1169,0
511,145,1
1978,1373,0
1979,1374,0
1980,180,1
1461,62,1
1981,1341,0
259,123,1
1705,39,1
725,836,0
1226,733,1
203,39,1
1982,1375,0
1983,154,1
1984,138,0
139,64,1
1068,792,0
760,39,1
571,141,1
1985,1180,0
667,786,1
120,84,1
1986,1198,0
1987,706,0
275,154,1
849,1376,1
1932,788,0
1711,1018,1
1988,1377,1
1989,1378,0
1990,1201,1
1991,358,1
1051,1379,0
1992,1380,0
1993,1381,0
1994,832,0
972,1382,1
1995,424,1
109,20,1
1996,154,1
1997,725,1
377,1383,1
363,303,0
501,830,0
1998,1384,0
873,260,1
1954,1259,0
50,1202,1
1877,1385,0
1774,943,1
878,425,1
827,1386,1
1999,1387,0
2000,1103,0
504,91,1
2001,382,0
287,357,1
948,62,1
1351,1080,1
621,1388,1
1791,1389,0
789,331,1
2002,807,0
2003,612,0
2004,1239,1
2005,886,0
730,1390,1
2006,543,0
1854,55,1
2007,767,0
1074,1005,1
2008,32,0
22,168,1
1467,704,1
2009,188,1
891,228,1
1287,1391,0
2010,885,1
2011,151,1
2012,1392,0
2013,222,0
2014,1393,0
431,932,1
567,1394,1
2015,1395,0
2016,393,0
2017,1052,0
248,168,1
2018,377,1
770,981,0
2019,53,1
2020,288,1
1879,483,0
429,1396,1
2021,691,0
50,775,1
1517,790,0
2022,405,1
304,942,0
1716,205,1
427,501,1
1468,170,1
1201,374,1
2023,929,0
990,1279,0
1139,207,1
721,1395,0
1112,870,1
2024,1397,0
2025,1398,0
2026,1399,1
1430,1400,0
2027,87,0
2028,979,0
507,64,1
18,114,1
340,268,1
393,727,0
2029,45,0
2030,1401,0
20,928,0
207,806,1
215,1302,0
1364,48,1
2031,549,0
507,455,1
2032,1402,0
2033,1403,0
1779,850,1
1608,1202,1
1325,233,1
1271,1227,0
2034,69,1
472,168,1
273,11,1
1510,1205,1
304,806,1
2035,1283,0
547,1404,0
2036,1405,0
59,1357,0
203,328,1
2037,82,1
1361,154,1
2038,384,0
2039,198,1
91,154,1
323,374,1
731,134,1
2040,1406,0
2041,816,0
2042,369,1
190,48,1
2043,28,1
2044,661,0
375,1320,1
2045,1407,0
2046,110,1
1556,737,0
2047,1408,0
22,372,1
780,1409,0
2048,257,1
625,556,1
2049,691,0
165,602,1
2050,21,1
1957,1410,1
2051,282,1
139,145,1
659,520,0
2052,1363,1
177,71,1
2053,1096,0
1616,1411,1
2054,288,1
307,1091,0
177,228,1
2055,963,0
2056,82,0
2057,1041,0
2058,106,1
2059,970,1
2060,1412,0
2061,1413,0
2062,260,0
312,1414,1
2063,1415,0
1296,212,1
2064,1365,0
504,1115,1
2065,333,1
2066,1416,1
1141,209,1
744,596,0
675,862,1
2067,53,1
1423,114,1
1485,123,1
2068,1417,1
2069,1418,0
374,64,1
749,1419,0
2070,1420,0
1792,48,1
1540,1421,0
328,1422,0
2071,1423,0
2072,838,1
882,372,1
2073,574,0
1845,313,1
2074,1265,0
2075,210,0
2076,123,1
1083,604,0
2077,1424,0
2078,448,1
2079,379,0
2080,1064,0
82,1250,0
1553,55,1
804,257,1
1885,1425,0
2081,1039,0
2082,1426,1
1263,340,1
2083,639,1
2084,424,0
597,376,1
1416,154,1
2085,152,0
2086,820,1
139,157,1
333,1427,0
2065,413,0
2087,742,1
1573,1428,1
2088,255,0
2089,709,0
1143,1119,1
1447,1429,1
2090,603,0
181,325,1
2091,805,0
938,1038,1
1008,248,1
2092,1430,0
1028,315,1
211,1431,0
2093,1432,1
2094,1433,0
2049,1301,0
2095,622,1
1936,817,1
2096,1434,1
2097,1435,0
1043,1436,1
2098,1341,0
1235,460,1
2099,378,1
2100,691,1
2101,1179,0
1193,347,1
1157,282,1
2102,21,1
1503,71,1
2103,792,0
1701,325,1
2104,651,1
943,808,1
2105,1437,0
2106,413,1
590,7,1
851,169,1
1307,555,0
2107,730,1
576,1221,1
2108,381,1
768,870,1
2109,961,0
2110,645,0
1153,41,1
2013,1438,0
2111,1439,0
2112,16,1
1151,534,0
2113,1440,0
2114,997,1
263,603,1
2115,55,1
2116,1441,0
1822,1442,0
1592,1443,0
1482,1424,1
1333,172,0
2117,487,1
2118,1320,0
2119,11,1
482,55,1
219,1444,0
2120,141,1
606,154,1
1235,1445,1
2121,590,1
1626,1197,0
2122,1446,1
166,1447,0
968,485,0
149,1448,1
2105,112,0
1931,1290,0
2123,1449,0
2124,249,1
640,135,0
2125,908,0
1926,498,0
606,15,1
519,1450,0
1217,123,1
2126,1451,1
969,184,0
450,369,0
1753,219,1
2115,154,1
2127,603,1
1850,55,1
2128,722,1
2129,323,1
755,1452,0
2130,653,1
688,1079,0
1767,1453,0
2131,1254,0
1310,1454,0
2132,1257,0
869,1420,0
1877,323,1
2133,123,1
1935,1455,0
12,1456,0
1062,1052,1
2134,1341,0
2135,248,1
2136,468,1
2137,539,0
2138,1294,1
2139,1410,0
2140,1147,0
1860,362,0
957,869,0
448,1457,1
1195,1458,0
2141,1071,0
2142,1459,0
416,796,1
2143,1460,0
2144,313,0
2145,951,0
1887,720,1
1478,1461,1
1091,1462,0
1537,808,1
2146,625,0
2147,654,1
1324,77,1
1480,1463,0
1728,1364,1
948,64,1
646,1464,0
1343,370,0
2148,170,1
2149,249,0
2150,1086,1
2151,97,0
2152,255,0
730,1142,1
247,322,0
2153,527,1
507,168,1
383,447,1
1404,1465,0
948,43,1
1248,11,1
1623,1449,0
1984,996,1
2154,1466,1
924,447,1
2155,1171,1
1336,782,1
1933,987,0
1000,508,1
2156,1467,0
326,155,1
2157,1044,1
559,1161,0
250,257,1
2158,1394,0
727,1148,0
2159,123,1
2160,1468,0
2161,82,1
2162,1469,0
2163,1263,1
2164,830,1
173,154,1
1802,62,1
418,333,1
991,1470,0
1483,43,1
162,62,1
1021,1471,1
728,145,1
2165,1042,0
2166,846,1
992,440,1
736,816,0
2167,1472,0
972,1330,1
2168,423,1
397,424,1
2169,255,0
1177,384,1
2170,1473,0
2171,1023,1
2172,381,1
2173,512,0
2019,1474,0
376,943,1
2174,376,1
1377,1475,0
2127,292,1
2175,447,1
132,154,1
181,1476,0
125,273,0
563,1477,0
2176,1478,1
2177,816,0
1661,258,1
641,384,1
2178,112,0
1640,1329,1
2179,168,1
2001,643,0
730,1376,1
1047,1005,1
910,1261,1
1451,447,1
2180,393,0
1077,205,0
2181,127,1
983,1,1
207,1479,1
2182,852,0
169,1273,0
1806,175,0
2183,1480,0
2184,1297,0
2185,51,1
2186,1441,0
395,1481,0
569,743,1
598,1229,1
1573,1482,0
2187,310,0
548,1483,0
2188,551,0
2189,1484,0
2190,1485,0
315,1486,0
773,64,1
821,469,0
2191,1055,0
2192,369,1
110,460,1
1263,1487,1
2193,1488,0
1584,709,0
1008,1261,1
2194,1338,0
2195,910,1
588,398,0
172,168,1
508,899,1
1860,129,1
590,870,1
2196,1246,0
228,108,1
359,1489,0
2197,377,1
290,1055,1
1660,1124,1
2198,783,0
2199,1017,1
2200,6,1
2201,315,1
983,1490,1
847,826,0
2202,877,0
109,935,1
2203,1491,0
2204,282,0
1471,969,0
2205,859,0
2206,888,0
13,283,1
2207,1311,0
2208,1492,1
2209,911,0
1920,889,0
2210,183,1
2211,33,0
2212,1092,0
2213,1105,0
1506,1493,0
1048,1494,1
1696,1064,0
1909,77,1
1506,160,1
1467,305,1
2214,1335,0
503,347,1
2215,1495,0
2216,1281,0
2214,258,1
2217,33,1
1918,1013,0
1464,600,1
585,48,1
2218,534,0
82,1496,0
2040,1497,0
564,1226,0
1176,1329,1
1045,974,0
1084,1498,0
132,11,1
2219,77,1
1560,547,1
2220,1499,0
2221,1349,0
180,625,0
2222,141,1
1157,531,1
1345,1500,1
2223,57,0
2224,315,1
664,1358,0
34,140,1
254,226,1
2225,355,0
2226,1501,0
751,1502,0
2219,129,1
2227,668,1
663,154,1
2228,694,0
2229,864,1
617,1240,1
1791,564,1
41,807,0
2230,568,1
448,1214,1
1139,350,1
1175,313,1
1699,848,0
104,1503,1
1283,787,1
1829,7,1
1355,257,1
2231,608,0
2232,1428,0
2233,1315,0
71,974,1
2234,100,0
2235,727,0
2236,258,0
418,1374,0
2237,557,0
2238,642,0
512,1296,0
2239,943,1
2240,411,0
2241,1504,0
53,1402,1
2242,357,1
2080,946,0
236,162,0
2243,1367,0
613,216,1
1981,74,0
2244,1138,0
429,123,1
459,1419,1
725,123,1
1937,778,1
2245,958,1
2246,1505,0
2247,40,0
1950,388,1
1463,43,1
1443,1506,1
2111,1507,0
558,1508,0
18,736,1
507,945,1
2248,1015,0
165,362,1
2249,1320,0
1003,750,0
2250,43,1
511,362,1
862,48,1
1633,1164,0
2251,170,1
2252,424,1
2253,992,0
869,738,1
2022,1329,1
773,55,1
2254,1302,0
970,468,1
597,7,1
620,48,1
2112,1509,1
565,1510,0
745,1317,0
2255,527,0
305,157,1
107,315,1
569,884,0
1468,1016,0
1850,207,1
2022,1282,0
1521,188,1
1329,1511,1
2256,1069,0
2257,506,0
98,447,1
958,1460,1
2258,578,1
2186,141,1
863,641,1
186,1083,0
1284,123,1
1105,683,0
326,323,1
2259,1512,0
1351,846,1
2260,168,1
201,583,0
2261,1513,0
2196,1399,1
580,123,1
864,536,0
2262,128,1
1400,71,1
1724,62,1
2008,1162,0
992,114,1
1039,123,1
2003,684,0
977,123,1
680,53,1
486,229,0
305,160,1
2263,687,0
2264,69,0
408,1215,0
2265,336,1
2266,1252,0
2267,1514,0
100,129,1
289,599,0
2268,39,1
863,984,1
2269,1515,0
2270,1516,0
323,350,1
2271,1004,1
2272,551,1
2273,1517,0
2274,64,1
2275,346,0
2276,1518,1
410,1296,0
1467,849,1
1015,1149,0
2277,1519,0
2278,123,1
2221,1329,1
2279,1520,0
1338,576,0
2280,242,1
2281,1521,0
581,484,0
2271,909,0
2282,225,1
1789,1522,1
642,827,1
2283,539,0
138,478,1
2284,484,1
403,42,0
408,910,1
2285,292,1
1304,141,1
260,793,0
1609,505,1
387,162,0
1810,1523,1
2259,1339,0
2286,130,1
547,1524,0
304,219,1
2287,722,1
194,77,1
320,1515,1
58,460,1
2206,1525,0
99,289,0
2288,419,0
166,1526,0
2129,501,1
2289,141,1
2290,1527,0
2291,1528,0
2292,239,1
898,1529,0
1281,48,1
2293,1530,0
101,273,1
13,227,1
2294,1531,1
2295,735,0
1500,312,0
461,123,1
91,372,1
996,639,0
1725,219,0
2296,1532,0
1728,1521,1
613,1001,1
312,48,1
2297,1533,1
65,1534,0
2298,377,1
2299,931,0
311,1535,1
2300,380,0
2175,308,1
2301,1536,0
1651,1537,1
2302,1538,0
345,198,1
926,619,0
2303,72,0
2304,1113,0
2305,1159,0
912,1539,1
1651,1540,0
304,207,1
28,1541,0
2306,1542,0
1463,1543,0
1196,643,1
523,1544,1
1263,1013,1
1229,1545,0
2307,997,0
484,504,0
214,399,0
2308,1546,0
2309,1547,0
5,1548,0
2310,649,0
523,1549,1
1334,145,0
299,114,1
2311,722,1
2312,1550,0
185,1551,0
2304,84,1
654,1174,0
2313,1552,0
1990,1418,0
2314,348,0
2315,180,0
2316,1553,0
1128,77,1
1230,322,1
1118,1042,0
511,7,1
308,1554,0
1585,1555,1
2317,141,1
2318,1334,0
1720,25,0
2220,1516,0
2319,447,0
770,207,1
602,663,1
2320,726,1
2321,366,1
2322,1556,0
2323,1145,0
50,390,1
1502,106,1
323,600,1
2324,786,0
1499,447,1
2144,39,1
2325,127,1
617,48,1
972,793,1
2326,954,0
182,1557,0
2327,686,0
2328,377,1
2329,1558,0
301,722,1
2330,1559,1
983,531,1
2069,1560,0
2331,236,0
2332,1235,0
2333,1414,0
2334,1561,0
2335,146,1
2336,257,1
2337,1562,0
2338,686,1
2339,262,0
1562,1449,0
2340,1560,0
1729,904,0
2341,1563,0
2193,424,1
635,134,1
2249,1517,1
459,600,1
693,603,1
1952,900,0
2114,1564,1
49,647,0
1268,580,1
2342,111,0
1400,323,1
1858,77,1
2343,1253,1
1090,859,0
2121,1565,0
2344,282,1
2345,286,1
166,129,1
546,684,0
2346,7,0
58,524,0
2347,968,0
2348,1496,0
1413,1566,0
326,91,1
547,1014,1
1438,810,0
1209,374,1
294,1567,0
2349,551,0
1081,1568,1
2350,1569,0
1870,1078,0
2351,1321,0
411,55,1
2352,87,0
1805,1570,1
178,7,1
476,1571,0
123,665,1
589,62,1
2353,1083,1
2354,374,0
2355,864,1
1451,453,1
2356,292,1
2236,198,1
555,840,0
2357,1094,0
2358,1151,1
342,204,0
2004,1110,0
88,1446,0
2359,451,0
2360,687,0
19,903,0
2361,264,0
2294,247,0
949,146,1
2362,170,1
1061,385,0
411,62,1
2363,1572,1
943,160,1
2364,55,1
2365,604,0
2366,1573,1
2367,516,1
2368,850,0
1101,1250,0
442,837,0
1794,1574,0
817,154,1
708,56,0
104,552,1
2369,1078,0
869,398,1
2370,1575,0
2179,43,1
2371,1517,0
2372,262,0
589,114,1
934,660,1
2373,350,1
2374,261,1
890,642,0
178,268,1
144,1303,1
873,500,0
2375,46,1
2220,601,0
465,154,1
561,51,0
1926,305,0
1590,1576,1
2376,1436,1
2377,584,0
79,461,1
454,501,1
2378,1479,1
2379,53,1
2380,84,1
1016,1577,0
675,1461,0
1185,1150,0
454,155,1
675,550,1
144,412,1
2381,114,1
1282,334,1
2382,1162,1
186,61,0
2137,567,1
1673,730,1
2383,1,0
172,102,0
1126,1578,0
1841,1287,1
2384,1005,1
2385,1384,0
2386,297,0
2387,1579,0
1173,1580,1
2388,349,0
2389,1581,0
2390,604,0
2391,853,0
1185,165,0
958,1582,1
1499,98,1
2392,288,1
2393,37,0
239,130,1
2394,123,1
1581,154,1
2395,1451,0
853,270,0
2396,435,0
481,1391,0
2397,129,1
2032,584,0
2398,177,0
2399,1583,0
2400,446,1
2401,826,0
270,6,1
190,315,1
13,869,1
305,362,1
950,123,1
2402,1077,0
2403,1405,1
307,1017,0
60,1584,1
914,460,1
1912,1585,0
2404,207,1
1080,410,0
2405,38,1
2406,859,0
1937,1290,1
2407,640,1
2408,35,0
34,872,1
2409,1586,0
2410,1587,1
2411,48,1
178,964,0
138,132,1
1195,138,0
1691,1124,1
1080,55,1
287,157,1
2412,768,0
998,927,1
1880,28,1
1936,909,1
2311,305,0
2413,198,1
93,1588,0
2061,460,0
2414,170,1
1579,1589,0
283,900,0
2415,740,0
2416,141,1
1957,1238,1
578,1590,0
795,368,0
1573,738,0
73,207,1
2417,399,0
2418,188,1
2419,506,0
565,1591,1
2420,55,1
55,1124,0
2421,1592,0
936,1189,0
1013,1593,0
2422,987,0
2423,1594,1
2424,928,0
2425,1255,1
2426,1059,0
1513,1595,1
2427,204,0
1379,618,0
2428,722,0
2429,1065,0
2430,123,1
394,969,0
329,384,1
923,1055,0
317,133,1
62,1596,0
1263,353,1
2245,1597,1
1513,1598,1
88,1599,0
2081,1600,0
2431,1170,1
2170,1601,0
2432,850,1
340,154,1
2433,553,1
1111,424,1
2434,1372,1
102,602,1
18,1479,1
2435,816,0
190,1580,1
1193,62,1
803,293,1
2436,482,1
2264,1602,0
1281,1603,1
2437,170,1
2438,144,0
2439,700,1
2440,1604,0
44,1605,0
594,485,0
2441,1053,0
2442,194,1
2443,260,0
2444,913,1
2073,1606,0
492,516,1
1370,646,1
2445,336,0
1553,62,1
1097,1607,1
2446,468,1
2447,1608,0
2448,1340,1
2449,498,1
2229,1609,1
2450,1182,0
355,1517,0
1846,1501,0
1649,278,1
2451,825,0
312,69,1
1535,1610,0
2452,1611,0
1711,968,1
524,662,0
967,680,1
649,478,1
951,477,0
2453,6,1
2454,1210,1
139,362,1
1971,1612,0
2455,492,1
775,882,0
1580,123,1
18,1613,1
2449,1484,0
505,1536,1
2456,1614,0
2457,1041,1
1137,1615,0
2458,265,0
2459,77,1
2460,53,0
310,681,1
528,1147,1
1613,966,1
2140,1616,0
287,680,1
2461,210,0
1559,1617,0
1876,77,1
253,125,0
1037,62,1
2462,310,0
982,1618,0
1742,795,0
2463,1470,0
1602,1563,0
1416,11,1
2464,1076,0
2465,918,0
206,71,0
649,308,1
1564,116,0
885,315,1
755,1040,1
2381,196,1
2466,1122,0
1957,1619,0
1416,64,1
2467,382,0
465,165,1
1824,470,0
1466,806,1
2468,361,0
214,323,1
2469,334,0
2470,154,0
2471,615,0
698,1039,0
1256,1620,0
703,600,1
2472,424,1
2473,181,1
2474,1621,0
1106,48,1
2475,1622,0
2476,1623,0
250,1384,0
1010,893,0
2477,57,0
434,1118,0
2478,1294,0
2479,642,0
1364,643,0
2480,1451,0
842,134,0
2481,1343,0
992,1365,1
1234,1624,0
383,21,1
172,261,1
459,501,1
2482,311,0
2483,1625,0
2484,388,1
2485,1465,0
2486,476,0
42,62,1
150,760,0
1378,1626,0
320,228,1
2103,141,1
2487,1356,0
2488,280,0
1589,1139,0
18,121,0
494,261,0
2489,1314,1
223,1478,0
2490,1150,0
2260,830,1
2491,110,0
490,55,1
1858,1627,0
2492,176,0
2493,503,1
220,346,1
2275,1100,0
390,55,1
2494,226,0
1457,1493,0
1702,293,1
18,118,1
761,153,0
2495,82,1
2496,1068,0
2497,227,0
108,1628,0
2498,578,0
2499,1023,1
766,1629,0
728,870,1
2500,466,0
1028,64,1
1531,836,1
1095,1513,0
223,84,1
2501,1557,0
571,103,0
13,468,1
1805,770,1
2502,516,1
2503,1630,0
437,447,1
1159,1377,1
416,1631,0
2504,202,1
1112,308,1
2505,55,1
2334,567,0
451,1632,1
2506,1633,0
2507,1485,0
1964,1514,0
1279,1418,1
2449,1634,0
2411,43,1
2508,711,0
332,269,0
2509,465,0
2510,705,0
776,1416,0
2511,1635,0
2512,890,0
986,1163,1
2513,981,0
2514,1573,0
2515,154,1
2516,424,1
1780,1636,0
1237,155,1
2517,1637,0
923,188,1
2381,36,0
228,1638,0
66,600,1
1422,1006,0
13,28,1
2518,1638,0
1153,362,1
2519,586,1
2520,1639,0
2521,1640,0
1851,1641,0
2522,1642,0
1351,173,1
312,447,1
2523,198,1
303,282,0
2524,177,0
2525,64,1
2526,1290,0
544,102,1
582,1363,0
1147,1361,0
2527,714,1
2528,902,0
1770,957,0
2529,821,0
1782,571,1
254,453,1
470,1249,1
2530,197,1
1911,820,1
956,1076,0
1959,581,1
2038,874,0
614,505,1
768,152,1
2531,335,0
930,1643,0
662,1532,1
2030,1157,0
1466,374,1
862,1067,1
2331,91,1
2532,228,0
1052,543,1
2533,1644,0
1098,737,0
750,734,1
859,1052,1
2534,1348,0
1049,1645,0
2535,1646,0
2536,998,0
2537,1647,1
2538,1648,1
2539,1249,1
441,401,0
202,43,1
2054,388,1
13,850,1
523,380,1
2193,755,0
5,708,0
1461,447,1
1894,1570,0
597,1155,0
2540,1649,0
2541,1324,0
2542,417,1
2219,244,1
90,1429,0
2543,393,1
2123,417,1
2544,119,1
2414,1561,0
2545,815,0
2546,55,1
2547,377,1
1128,123,1
1835,55,1
2548,806,1
2549,204,0
777,807,0
2550,1096,1
328,388,1
363,1494,0
2551,308,1
947,1424,0
528,926,1
104,1650,1
254,808,1
1753,268,1
2513,31,0
18,1490,1
178,362,1
2211,141,1
2223,955,1
2552,369,1
1877,197,1
992,123,1
2553,113,0
494,1651,0
1431,508,1
1286,123,1
1328,757,1
2554,683,1
341,141,1
333,55,1
331,233,1
731,362,1
2555,955,1
1530,21,1
2556,424,1
559,1595,0
2557,205,0
1806,129,1
2284,1560,1
1569,1652,0
2558,1653,0
1671,1654,1
247,775,0
2559,612,0
165,134,1
1058,318,1
2560,1473,1
1506,376,1
1931,1241,0
177,129,1
2561,1329,0
2562,556,1
1281,787,1
2563,1655,1
2564,47,0
690,680,1
1400,263,1
31,696,1
1007,1341,0
2565,985,0
2566,413,1
2567,1356,0
943,355,1
958,1242,1
2359,1626,0
2568,58,0
2374,350,1
490,607,0
1300,293,1
2569,1656,0
2570,293,1
2571,333,1
2572,1657,0
2573,350,0
1837,123,1
2574,1658,0
91,1210,1
2575,372,1
2576,1040,1
668,157,1
2577,214,0
263,1632,0
2555,1546,0
842,1659,0
775,1243,1
1685,376,1
2578,990,0
1303,1170,0
2579,1467,0
1165,830,1
1526,160,1
1661,747,1
473,308,1
139,1559,1
2580,209,0
852,1660,0
161,89,1
1917,1661,0
107,114,1
2581,1662,0
1856,1183,1
2582,380,0
409,0,0
2583,1324,0
1623,1663,1
1175,1003,0
423,868,0
2584,1372,0
1524,132,0
2585,1664,0
1309,43,1
2586,1486,0
1391,328,1
2527,1665,1
590,157,1
2587,570,0
487,1017,1
1504,955,0
2588,1666,0
2589,564,1
2590,391,1
1637,1667,0
2591,483,0
99,1342,0
2592,478,1
617,355,1
2593,1182,0
233,1079,1
2594,1668,0
1117,1669,0
980,1198,0
1097,649,1
998,1079,0
635,1240,1
499,57,0
2595,1082,0
411,1102,1
2596,281,1
2597,225,0
82,940,0
2425,1670,1
49,1671,0
50,1672,1
2331,1311,0
776,77,1
2598,425,0
2599,77,1
2600,491,0
638,1236,0
2601,1673,0
1519,1237,0
2602,154,1
2603,288,1
1412,233,1
2604,228,1
2605,245,0
2606,249,1
36,9,0
434,684,0
1193,276,0
1420,262,0
757,1674,0
2607,1210,0
2608,375,1
2609,405,0
2523,39,1
804,1234,1
2610,38,0
2611,1154,0
2612,154,1
2613,717,1
1008,592,0
2614,1167,0
1711,251,0
1282,11,1
291,55,1
2615,670,1
1850,43,1
1974,1238,0
1181,55,1
59,700,1
1733,1080,1
2616,53,1
549,1675,0
2617,660,0
2385,1676,0
2463,1034,1
2618,1677,0
2619,653,1
1430,1117,0
504,374,1
2620,229,1
13,1421,1
2621,1430,0
2622,1232,0
330,374,0
2623,1678,0
1116,292,1
1366,818,0
1222,1260,0
1371,994,0
2624,1679,0
2625,1448,0
528,99,1
1181,501,1
2626,662,1
2627,760,1
1829,808,1
2520,514,0
583,1680,0
2628,1127,0
473,870,1
1238,91,1
471,1681,0
2400,688,1
1212,48,1
2452,1682,0
2629,968,1
999,1075,1
2630,141,1
908,795,1
773,1683,0
2631,123,1
30,510,0
2632,1496,0
2206,607,0
1449,1351,0
2633,1684,1
2114,1685,1
2634,1686,0
2386,1110,0
905,1687,0
116,43,1
2635,161,0
289,1601,0
2636,80,0
2637,1550,0
720,430,0
1391,77,1
879,1688,1
1834,1471,0
2638,1689,1
1604,129,1
547,1153,1
2216,184,0
1482,796,1
2276,1416,0
2232,736,0
617,376,1
384,1690,1
2639,633,0
1870,62,1
38,261,1
1654,1691,0
2640,1278,0
2641,970,0
116,55,1
2642,170,1
757,688,0
34,865,1
2250,168,1
20,1692,0
1390,1693,0
2643,908,0
71,904,1
312,1636,0
74,149,0
2405,169,1
2644,359,0
1927,805,0
76,1694,0
1621,649,1
289,55,1
2645,1443,0
2646,182,1
256,1435,0
207,809,0
1190,1568,0
582,123,1
758,322,0
1411,226,1
943,219,1
2647,237,0
891,179,0
2648,1695,0
2606,354,0
1423,1558,1
2649,74,1
69,388,1
215,123,1
1515,392,0
839,1651,0
2650,1625,0
2651,39,1
528,278,1
523,1134,1
2565,48,1
132,50,1
2652,345,0
91,43,1
779,343,0
2653,218,1
2654,1223,0
1628,825,0
2184,1116,0
2655,296,1
2656,1652,0
1160,146,1
2657,247,1
2658,377,1
826,1055,1
1315,1125,1
1167,425,0
2659,688,1
2660,1260,0
2633,500,0
2661,127,1
607,1135,0
2662,1000,0
1795,1187,0
2663,1005,1
1777,123,1
2160,941,0
2005,1042,0
1214,1443,0
2664,1170,1
1659,55,1
1212,154,1
2665,388,1
2666,188,1
2667,460,1
2668,16,0
2458,478,1
2669,203,1
2670,1037,0
229,592,0
1345,830,1
595,62,1
1550,714,0
1988,1255,0
1311,417,1
2346,315,1
2671,251,0
2672,363,0
2673,1145,0
137,268,1
2674,1692,0
203,233,1
138,974,1
616,275,0
1840,77,1
2274,1696,0
1868,43,1
2675,1316,0
964,1216,0
2676,1488,0
1651,834,0
2677,1003,0
1045,1027,0
1624,836,1
145,1697,0
2017,1698,0
504,1019,0
495,556,1
2678,1699,0
2679,1700,0
2680,1100,0
2681,1417,0
91,453,1
1504,1301,0
2682,169,0
2513,210,0
2683,1070,0
2684,503,1
208,600,1
1881,55,1
1753,870,1
2301,547,1
2394,258,1
1502,837,1
826,1682,0
1806,492,0
1160,942,1
1609,808,1
2579,1383,0
993,55,1
2685,163,0
2647,1099,0
2174,478,1
1699,372,1
2686,1162,0
1146,123,1
2687,1701,0
1706,11,1
2688,141,1
799,1503,0
2689,1018,0
2216,1702,1
1146,1377,1
2097,252,1
1007,1479,0
2409,478,1
1202,1703,0
2690,1131,1
1526,1704,1
638,1705,0
476,1577,0
152,1372,0
731,160,1
810,1341,0
1526,505,1
701,878,0
2394,43,1
1089,1314,1
2295,1018,0
188,1706,0
1785,436,0
454,293,1
1536,1707,0
2691,52,0
2376,1708,1
2034,1427,0
2692,636,0
2693,1709,1
560,1710,0
2694,411,1
2695,155,1
13,640,1
2676,932,0
2696,123,1
1440,128,0
34,154,1
2697,141,1
2698,1662,1
2378,888,1
2699,1055,1
1141,1259,0
2700,1615,0
2701,331,0
337,195,0
629,621,1
958,1711,1
2024,951,0
431,388,1
1452,592,0
1286,1712,1
63,455,1
2702,1443,0
601,1713,1
2084,1189,0
1696,668,1
2703,148,0
1438,1032,0
1724,123,1
2704,1546,0
1936,531,1
13,342,1
2705,1162,0
2575,1530,0
427,55,1
629,1162,1
1870,372,1
2706,434,0
60,1714,1
2207,355,0
2707,1000,0
1526,1715,0
2432,484,0
2708,154,1
1167,1449,0
421,808,1
2709,716,0
2710,581,0
12,686,1
13,120,1
259,600,1
1301,513,0
1813,1177,0
1724,207,1
2711,864,1
2712,1716,0
1,223,0
166,91,1
301,202,1
2021,154,1
2507,899,0
871,1597,0
158,574,1
210,1717,1
1997,366,1
2312,864,1
2616,203,0
2713,747,1
1097,1718,1
2714,1719,0
2157,812,1
2715,533,0
254,263,1
1648,282,0
2716,1720,0
2717,1721,0
278,23,0
254,1722,0
2718,1508,0
2719,1595,0
949,1415,1
1466,129,1
2720,29,0
1548,1723,1
425,1434,0
2721,114,1
1435,1127,0
372,1141,1
1574,417,1
1015,39,1
891,154,1
2722,805,0
1128,48,1
1240,912,1
1724,168,1
2723,190,0
547,1694,0
2724,38,0
165,157,1
232,234,1
1796,1724,0
2725,559,1
1686,1350,0
2726,1725,0
1097,1248,1
2727,1215,0
2728,1726,0
2729,1141,1
247,140,0
2730,1727,0
1121,1728,0
2336,1729,0
2731,540,1
13,1533,1
2122,813,0
1168,169,1
958,123,0
528,1730,1
329,48,1
350,1433,1
138,268,1
2732,1405,0
696,328,1
829,188,0
2619,1699,1
2733,931,0
2734,1731,0
13,488,1
1346,111,0
1417,323,1
2735,1120,0
390,123,1
340,278,0
2736,242,0
1594,424,1
2737,90,0
1080,123,1
2738,568,0
2083,1732,0
326,197,1
2739,765,1
2740,463,0
863,1483,0
1310,1733,0
110,307,0
2741,76,1
1771,1154,1
2742,1091,0
2377,1676,0
2743,1734,1
2744,439,0
2745,1277,0
2233,1574,0
688,1636,0
998,77,1
2293,842,0
749,43,1
1840,169,1
2648,1410,0
2623,642,0
1284,1689,1
350,1174,1
1762,1297,0
1097,338,1
389,711,0
2746,1573,0
1660,814,0
304,268,1
2683,1449,0
613,1000,1
2425,1735,1
254,145,1
811,306,0
2747,683,0
2748,1097,0
2749,1327,0
1415,447,1
2638,1476,0
1677,1736,0
745,123,1
2750,39,1
2751,1028,1
1892,1305,0
354,548,0
2752,1134,1
2629,612,0
2753,48,1
2754,642,1
2473,1737,0
2755,1668,0
2756,537,0
450,1738,0
522,1739,0
1371,1236,1
2757,1740,0
369,503,1
1305,530,0
1157,527,1
1160,55,1
519,553,1
2337,123,1
2758,1280,0
2759,1588,0
364,1473,0
1594,530,0
2760,467,0
2761,223,0
2478,320,0
1774,127,1
1593,1064,1
2762,544,0
711,357,1
1166,322,1
314,938,1
1441,35,0
85,1702,1
735,600,1
223,141,1
1062,471,1
643,989,0
2763,1182,0
2764,1741,0
2765,1729,0
2766,958,1
2767,503,0
1898,226,0
39,945,1
625,121,0
2768,1076,0
1486,759,0
2769,916,0
1187,1079,1
1717,662,0
540,1055,0
2770,323,0
2771,587,0
2718,1097,0
104,685,1
2772,1742,0
195,154,1
1759,77,1
1796,546,0
1634,417,1
2773,1691,0
1109,1743,0
1239,168,1
2774,141,1
2775,284,0
768,1332,0
2776,282,1
507,322,1
2777,170,1
2778,155,1
2267,1438,1
469,1672,0
2694,447,1
1440,1399,1
2779,1744,0
1078,1586,1
791,55,1
507,1112,1
481,1745,0
2453,1444,0
2411,123,1
2780,1320,1
2040,53,0
2781,141,1
344,1746,0
2036,943,0
1214,824,0
2356,55,1
1684,318,0
2782,1047,0
1620,1689,1
1288,645,1
2783,73,0
823,48,1
1123,87,0
2631,1747,0
1188,797,1
1599,1748,0
2784,1749,0
281,986,0
1959,288,1
177,313,1
771,155,1
91,62,1
2109,1256,1
120,333,0
2785,55,1
2786,374,0
2787,485,0
2788,1146,0
2453,1248,0
2789,37,0
953,1259,0
1164,77,1
1724,55,1
2497,1631,0
2790,1750,0
1918,377,1
2791,1399,0
2792,1122,0
2793,1277,0
1756,1751,0
1971,1346,0
1194,150,1
2174,362,1
1210,48,1
2794,141,1
1604,1332,0
13,1653,1
2795,37,0
2509,293,0
2796,1039,1
1755,1752,0
2797,1111,1
2798,146,0
1640,1753,0
2799,120,1
595,538,0
998,484,1
1780,1580,1
2800,22,1
275,78,0
1012,1754,0
2801,992,0
2802,998,0
2380,141,1
132,64,1
1950,62,1
2803,708,0
1390,598,0
997,1727,0
2550,1373,1
2115,827,0
867,1238,0
1705,440,1
2804,114,1
2805,1657,0
715,1255,0
2806,231,0
2607,1755,0
339,340,1
2807,553,1
2808,188,1
906,1033,0
2809,1055,1
752,1700,0
2288,182,1
2810,1756,1
1008,471,1
2250,162,0
2811,0,1
2539,276,0
2812,370,0
2376,542,1
156,123,1
308,1757,0
2558,466,1
636,11,1
2813,40,0
1698,226,1
2814,799,0
2415,413,1
317,292,1
1798,590,1
671,794,1
1513,1417,0
2310,864,1
13,1700,1
2815,468,1
2816,1295,0
104,1081,1
1581,168,1
1467,1758,1
2132,1157,0
2796,379,0
2817,1506,1
1337,1417,0
2818,427,0
2819,508,1
1779,1759,0
2820,355,0
354,1609,0
354,1536,0
203,155,1
190,1388,0
527,336,1
852,739,0
1088,413,1
896,1173,0
589,447,1
1924,23,0
866,553,1
2821,46,0
2822,1498,0
944,1529,0
2823,1410,0
2824,81,0
2047,357,1
2825,55,1
34,107,1
2826,540,0
165,808,1
1439,1131,0
333,411,1
660,424,1
282,92,0
2827,248,0
2828,384,1
2829,574,0
906,1186,0
2404,449,0
1585,162,1
1850,400,1
2098,1760,0
2830,499,0
2831,1761,0
748,123,1
2197,6,1
2832,1762,0
329,603,1
2833,304,1
2834,933,0
2835,6,1
2836,127,1
2837,160,0
2382,107,0
136,134,1
2675,841,0
2838,141,1
2839,837,0
2273,1350,0
463,168,1
2298,961,0
2840,377,1
476,1763,0
2594,654,0
2841,1498,1
1659,501,1
102,1764,0
2842,1765,0
2843,444,0
1845,123,1
1890,1601,0
1242,456,1
2844,550,1
2845,1446,0
1251,197,1
1033,856,0
1032,621,0
2846,289,0
704,77,1
2847,1429,0
509,272,1
2848,1592,0
341,189,0
499,945,1
1186,123,1
2849,303,1
2850,546,0
2851,168,1
106,1766,1
2541,1735,0
1052,1347,0
2548,501,1
2852,168,1
2158,211,0
2853,234,1
2854,1767,1
2855,55,1
1097,534,1
215,1075,1
2856,1293,0
210,760,1
342,299,0
741,1441,0
2443,48,1
2857,1768,1
1297,1769,0
1928,61,0
1577,1167,0
1777,600,1
1805,635,1
2858,393,0
714,341,0
299,326,1
2859,1710,0
2860,1498,1
1585,1443,1
165,71,1
304,15,1
1457,1770,0
2317,488,0
1440,1257,0
2716,381,1
309,114,1
2861,993,0
2767,280,1
2862,962,0
892,1771,0
2863,1772,0
493,1773,0
1242,915,1
2109,356,0
2864,306,1
2865,967,0
1343,141,1
231,413,1
985,778,0
2866,1774,0
2394,662,1
2313,434,0
1786,265,0
2867,233,1
369,455,1
2868,1386,0
2869,257,1
2768,818,0
1072,625,1
992,1775,1
159,366,0
159,1776,0
2870,168,0
1695,1777,0
1885,232,0
2871,993,0
2778,91,1
2872,1193,0
2873,522,0
2007,1778,0
15,64,1
2874,868,0
80,1360,1
2416,1543,0
2079,292,0
1671,419,1
84,1779,1
1670,165,1
69,55,1
2875,369,1
916,1614,0
732,1780,0
2876,1223,1
617,505,1
1410,1734,1
2877,459,1
2058,1428,0
1447,329,0
154,1781,0
1271,949,0
207,55,1
2816,1157,0
1194,1612,1
2007,303,1
2101,383,0
484,603,1
416,1195,1
2878,603,1
2879,326,0
2880,170,1
1525,170,1
725,154,1
1507,308,1
803,379,1
2881,1308,1
606,1782,0
2882,702,0
1290,447,1
528,1783,1
2637,240,1
2639,1784,0
165,376,1
2883,559,1
1750,17,0
523,1785,1
586,641,0
1466,155,1
2529,48,1
1263,1283,1
1860,74,0
2884,481,0
1298,369,1
2885,6,1
1879,129,1
585,62,1
2443,154,1
44,44,0
2886,1631,0
2436,1345,1
2529,123,1
874,896,0
2887,1786,0
2694,233,1
93,228,1
1430,218,0
1005,499,0
2094,288,1
83,1545,0
1091,676,0
436,1332,0
1336,426,0
1255,1500,0
183,1378,0
1822,1787,0
2888,1408,0
2697,1153,0
1602,838,1
2239,629,1
1025,1055,1
2889,209,1
2890,415,0
2612,1613,1
338,336,1
1261,706,0
108,1542,1
2324,746,0
882,292,1
2624,1283,0
1920,1323,0
2891,1360,0
2892,154,1
2893,1055,1
2410,1788,0
2894,1789,0
230,123,1
621,324,0
1211,1674,1
2895,645,1
1354,574,1
84,1461,1
614,43,1
2028,1741,0
1890,127,1
431,1456,0
71,355,1
1391,197,1
181,1396,1
2896,1499,0
1149,48,1
2897,1442,0
701,1790,1
1772,641,0
1993,653,1
590,160,1
869,1663,1
159,1065,0
1936,470,0
1549,62,1
587,1716,0
587,123,1
2898,1791,1
2899,110,1
2163,7,0
411,123,1
326,313,1
1892,280,1
586,728,0
1037,486,0
425,603,1
94,1025,0
254,169,1
2378,77,1
100,1652,0
1642,325,0
144,299,1
2540,550,0
2850,516,1
2900,557,0
1348,96,0
1400,261,1
1191,1120,0
1217,64,1
1324,1792,1
1527,701,1
158,123,1
2372,141,0
2896,1340,0
2102,357,1
1857,1793,0
597,1011,0
193,934,1
2901,880,0
1577,110,1
1947,151,1
796,1794,1
1098,7,0
150,652,1
1997,1673,0
2902,893,0
1508,1004,0
2903,1072,1
2501,1096,1
696,568,0
1112,219,1
1896,1314,1
280,48,1
2701,1750,0
2904,622,1
896,487,0
269,39,1
522,146,1
704,43,1
2905,882,0
2906,123,1
2907,178,1
1155,1145,0
1068,333,0
2908,1120,0
2909,561,0
2910,1050,1
2291,1795,0
2911,838,0
2518,170,0
1503,1796,0
2912,207,0
2913,991,1
695,1797,0
1360,969,1
1529,123,1
2914,1798,0
741,1085,1
1685,219,1
1196,1094,1
2381,123,1
2061,464,0
846,834,0
1508,1799,0
1761,696,0
2915,1800,0
1007,1067,1
420,1256,1
2329,1734,0
163,1801,0
2916,202,1
636,474,0
683,707,0
2917,1802,1
1418,513,0
846,77,1
34,11,1
2918,151,1
611,1803,0
675,792,1
936,1175,0
361,393,0
992,1546,1
2888,868,1
2565,525,1
2613,1510,0
226,495,0
142,906,1
1320,1067,0
2919,681,0
2920,327,0
2140,1277,1
2921,1790,1
2922,998,0
471,240,1
1372,547,0
2923,417,1
2162,1144,0
2924,170,1
1481,469,0
2925,1518,1
2562,55,1
450,1064,0
2239,1804,1
1588,889,0
920,62,1
1831,578,0
2069,850,1
2926,1805,0
2770,1806,0
2927,1079,1
1880,1474,0
1537,268,1
132,259,0
2928,1807,0
1393,1457,1
2283,1307,0
2179,1808,0
299,160,1
459,71,1
1629,1809,0
530,1782,0
98,1725,1
116,123,1
2929,564,1
220,600,1
2930,649,1
144,1810,1
945,448,0
498,1811,0
259,202,1
560,109,1
305,680,1
2931,1812,0
2740,314,1
2932,229,1
150,123,1
2933,239,1
2354,654,1
2934,670,0
2559,84,1
2425,1813,0
1400,313,1
1745,552,0
2935,363,0
507,384,1
2634,1814,0
2887,257,1
510,95,1
1289,846,0
231,1385,1
2936,1815,0
2389,1816,0
1242,1606,0
507,388,1
1468,458,0
2406,662,0
765,179,0
2937,829,0
178,308,1
2938,460,0
1938,1010,0
2701,1739,1
1763,1730,0
2435,590,1
2358,1817,1
943,152,1
161,1559,1
174,1767,0
2133,894,1
1176,975,1
2939,101,0
2940,1661,0
2941,862,0
2942,1078,0
2943,1248,1
2944,1536,0
13,532,1
2945,1195,0
528,1770,1
863,505,1
2946,207,1
2787,1818,0
2947,1258,0
495,858,1
277,264,1
1829,311,1
2621,218,0
2713,460,0
2044,1346,0
13,1082,1
2723,123,1
2140,1819,0
2948,1482,0
2949,899,0
2634,486,1
2414,515,0
1613,894,1
868,55,1
502,134,1
2950,993,0
2951,807,1
481,1466,0
1632,1180,1
1440,168,1
1779,1692,0
212,257,1
2952,879,0
2953,1650,0
2954,377,1
1454,146,0
1605,293,0
1469,55,1
2955,1419,1
604,1820,1
415,123,1
60,1341,1
732,982,0
2956,315,0
1370,55,1
137,505,1
703,400,1
1239,123,1
1514,154,1
2957,53,1
2958,1821,1
2817,162,0
2225,928,1
2959,901,0
1864,1129,0
1750,1822,1
1400,556,1
2960,48,1
991,123,1
2936,1443,0
13,1557,1
2470,871,1
2961,1337,0
2682,350,1
2962,1823,0
2392,1618,0
1802,123,1
562,379,1
2963,1056,0
2964,1300,0
1728,897,1
2965,1014,0
1346,314,1
2966,77,0
2967,155,1
222,508,0
2968,377,1
1354,1824,0
2969,1092,0
2970,1521,0
2177,775,0
2971,178,0
1564,1702,0
2972,164,0
2973,1825,0
2974,421,0
2975,1826,0
725,48,1
2976,1505,0
2977,151,1
1327,123,1
1176,1096,1
2978,1274,0
2412,19,0
1537,355,1
404,1560,0
42,145,1
2979,1827,0
2980,984,0
2059,1383,0
2981,1014,0
2718,467,0
1382,1828,0
1563,362,1
492,1521,1
2709,1565,0
43,1286,1
2982,141,1
224,894,1
582,55,1
1387,1121,0
231,1829,1
2983,460,1
1153,62,1
1851,154,1
1326,927,1
2984,137,0
458,154,1
287,447,1
590,226,1
413,578,0
2985,1090,0
606,293,1
2484,77,1
1513,479,0
888,1830,0
2986,662,1
13,1831,1
2987,1142,0
2988,1494,1
2989,900,0
2990,1136,0
2899,1832,0
2347,1455,1
2447,389,0
2991,43,1
504,1210,1
2992,630,0
1035,949,0
193,1833,0
1592,123,1
606,1075,1
1818,1525,0
2993,654,0
2307,1532,1
473,680,1
431,154,1
730,468,1
866,1009,0
1230,55,1
448,1348,0
498,197,1
2344,736,1
1570,157,0
2964,129,1
2994,396,0
2533,1578,0
1324,173,1
2995,188,1
2883,517,0
2996,276,0
945,123,1
2997,603,0
602,1365,0
2100,1834,1
2098,1187,0
2998,180,1
713,1775,1
1379,1311,1
2999,202,1
505,1835,0
1438,614,0
1542,770,1
736,1836,0
43,1239,1
3000,345,0
3001,1375,1
3002,366,1
340,376,1
2152,516,1
3003,1360,0
13,1837,1
3004,796,0
2795,625,0
69,77,1
2291,462,0
1741,168,1
1533,1838,1
107,337,1
943,145,1
504,400,1
3005,66,1
316,43,1
2649,1299,1
891,91,1
3006,1654,0
2299,1369,0
2772,1839,0
61,59,1
522,852,1
23,16,1
334,1840,0
3007,1841,0
2853,390,1
1360,589,0
1522,278,1
767,510,0
3008,1680,0
613,1625,1
1378,1842,0
2774,418,0
2007,1281,0
3009,123,1
528,1257,1
3010,1522,1
1918,370,0
1223,293,1
124,1140,0
3011,123,1
2327,85,0
885,460,0
92,80,0
2451,976,0
544,1797,1
693,55,1
2149,1445,0
66,1196,0
3012,1509,0
2500,595,0
2129,129,1
2400,141,1
3013,1628,0
1097,1531,1
3014,123,1
2671,883,0
2086,799,0
2565,123,1
3015,1532,1
1958,77,1
511,134,1
2557,55,1
2328,184,0
3016,168,1
3017,1819,0
1670,384,1
2161,1799,0
704,927,1
77,1186,0
1579,1789,0
2223,1123,0
2335,45,0
3018,697,0
464,896,1
1903,547,1
1520,550,0
2394,836,1
2099,1464,1
3019,1255,0
2156,651,0
2022,34,0
1411,123,1
2314,1843,1
332,1733,0
614,75,1
87,710,0
1411,268,1
70,1646,0
3020,141,1
3021,733,1
2693,498,1
2987,421,0
694,77,1
2862,1639,0
624,114,1
102,585,0
1751,468,1
3022,1844,0
454,1522,0
3023,1570,0
2176,1444,1
1776,1112,0
1376,372,0
958,339,0
1977,170,1
2896,970,1
1608,860,1
3024,1784,0
3025,54,0
2965,483,0
1090,1506,1
458,77,1
3026,1150,1
1710,228,1
1533,369,0
658,91,1
3027,1291,0
1609,376,1
2476,40,0
1192,52,0
827,168,1
2580,348,0
1339,1289,0
1507,376,1
2758,1547,0
3028,377,1
3029,417,1
256,1672,0
2344,527,1
3016,508,1
2239,737,0
78,77,1
653,55,1
1284,1845,0
2754,1846,0
2556,466,0
606,346,1
1044,1268,0
1289,1334,1
2672,460,1
3030,970,1
1818,1672,1
1107,1167,1
1421,151,0
3031,196,1
3032,1309,0
1738,229,1
2521,486,1
3033,170,1
3034,1847,0
2297,1166,0
3035,153,0
3036,945,1
2188,430,1
3034,648,0
2584,970,1
3037,1553,0
2510,985,0
140,888,0
981,1848,0
960,846,1
3038,902,0
278,1849,0
207,346,1
3039,249,1
2615,1073,0
3040,910,1
1575,48,1
3041,592,1
2492,812,0
2349,313,0
3042,400,0
254,308,1
151,1125,1
462,1121,0
1648,515,0
338,688,0
3043,333,1
3044,1805,0
658,374,1
1851,501,1
3045,1170,1
2737,1116,0
2270,418,0
2008,1850,0
177,293,1
3046,1851,0
523,80,1
2780,1085,1
2601,1121,0
497,1499,0
645,490,0
2343,838,0
69,165,1
340,362,1
13,301,1
1635,559,1
508,1852,0
2979,417,0
1149,1601,0
511,316,0
2727,557,0
2778,786,0
3047,1031,1
3048,21,1
666,1293,0
102,1206,0
3049,1376,1
3050,1475,0
1919,1853,0
1445,272,0
3051,696,0
2408,947,0
3052,1854,0
2275,104,1
2071,283,1
2680,114,1
668,904,1
3053,87,1
3054,673,0
1367,662,1
3055,129,1
3056,104,1
873,1632,0
2419,1284,0
1195,114,1
3057,1214,0
2717,505,0
229,1584,0
1188,1020,1
3058,1762,0
1706,123,1
157,123,1
1298,1761,0
1837,111,0
1453,574,0
132,1725,1
2740,1189,0
17,534,0
2679,1724,0
2060,601,0
2003,194,1
1890,423,1
3059,580,1
2537,1855,0
3060,1856,0
3061,478,1
1700,549,0
1812,114,1
3062,55,0
670,687,0
161,984,1
3063,1058,0
613,1746,1
3064,1745,0
2425,1504,1
2510,1486,0
2344,465,1
740,1857,1
2734,385,0
1290,1483,0
1701,623,1
302,1791,0
3065,1484,0
2116,691,0
685,857,0
382,733,1
3066,41,1
2378,123,1
2217,1858,0
1992,1585,0
138,870,1
3067,39,1
1453,354,1
2359,63,0
161,376,1
3068,1844,0
1289,763,1
3069,24,1
909,736,1
3070,778,0
2397,314,0
1577,335,1
1208,1859,0
304,55,1
1506,505,1
687,656,0
317,259,1
1543,55,1
424,263,1
7,145,1
645,134,1
1620,43,1
3071,715,1
926,267,0
1016,787,1
100,43,1
3072,508,1
687,145,0
1659,71,1
1738,1056,0
1795,286,1
1400,197,1
1837,924,1
317,1721,1
554,238,1
2904,1197,0
597,301,0
667,1665,1
2624,546,0
2239,530,1
1134,413,1
2571,127,1
1355,154,1
1670,132,1
3073,1860,0
244,1861,0
602,145,1
655,1862,0
3074,422,0
983,8,0
1882,1639,0
3075,1863,1
3076,281,0
138,376,1
1165,1864,0
338,1499,1
3077,168,1
2964,650,0
958,1143,1
2624,690,1
348,123,1
1354,951,0
2139,1097,0
1449,1178,0
2782,457,0
3078,861,0
3079,1037,0
601,1297,0
2838,678,0
2852,1865,0
477,299,0
3080,562,0
3081,20,1
1411,376,1
91,421,1
2175,145,1
1520,350,0
3082,1866,0
166,313,1
3083,192,0
3084,556,1
1712,1087,0
234,688,1
2515,43,1
625,447,1
1391,55,1
1832,1867,0
311,168,1
3085,158,0
2757,864,1
2037,419,1
1558,1342,0
3086,278,0
1953,299,0
3087,1102,0
3088,662,0
1676,151,0
3089,257,1
3090,88,0
2157,554,0
2396,1220,0
3091,364,0
3092,1684,0
2703,369,1
91,257,1
685,1451,0
1235,1733,1
2763,43,1
1758,298,0
3093,954,0
3056,249,1
2381,1643,1
1283,864,1
548,765,1
3094,1666,0
13,1868,1
2157,1487,1
1386,296,1
3095,1869,0
1700,151,1
1577,1714,1
3026,1044,0
18,43,1
3096,31,0
2004,600,0
529,253,0
1982,955,0
1705,38,1
2080,627,0
1508,1113,1
3097,1383,0
739,1335,0
3098,1436,0
3099,1870,0
382,663,0
1799,503,1
1144,123,1
272,1065,0
3100,1871,0
1352,728,0
148,1872,0
1470,1661,1
999,228,1
2517,584,1
2647,556,0
2554,244,0
1741,103,0
161,134,1
1458,276,0
2849,1137,0
3101,492,1
597,655,0
1470,264,1
1805,1776,1
848,1270,0
2583,1644,0
3023,385,0
731,154,1
1872,1767,0
1911,1873,0
3102,239,1
3103,1812,0
363,89,1
943,226,1
311,1699,1
261,1439,0
2208,1021,0
2816,1874,0
952,858,1
311,315,1
605,155,1
2599,181,1
3104,1598,0
3105,1466,0
194,43,1
3106,1166,0
2582,141,1
7,808,1
1485,71,1
1618,1720,0
2353,911,1
3039,1450,0
1451,318,0
3107,526,0
2444,1272,0
331,155,1
1285,168,1
597,1607,0
992,1838,1
2701,1242,0
1744,43,1
1007,618,0
655,1597,0
3108,1314,1
2750,1403,0
1223,549,0
1452,456,1
2227,360,0
37,1875,0
1139,168,1
1574,157,0
1008,1737,1
0,587,0
1879,721,0
2906,257,1
1043,19,0
1930,1117,0
2155,1048,1
948,261,1
617,152,1
2054,1841,0
11,905,0
2892,1733,1
3109,168,1
3010,1804,1
697,180,1
3110,983,0
538,44,0
1435,1876,0
772,497,0
100,556,1
1914,109,0
3111,385,0
3112,1029,0
3113,848,0
864,1365,1
3114,45,0
3115,609,0
951,1433,0
3116,521,0
949,852,1
3117,748,0
2839,1877,0
3118,1637,0
1841,1878,0
13,810,1
2211,1727,0
34,1431,0
776,124,1
1236,870,1
2119,55,1
609,439,1
2343,1853,1
2185,1389,0
1169,1808,1
1035,1110,0
2214,1438,0
59,553,0
3119,1220,0
2623,998,0
3120,272,0
2885,511,0
507,1597,0
494,1879,1
1142,444,0
2381,63,1
912,72,1
2422,110,1
3121,1610,0
3093,384,0
1361,114,1
3051,157,1
1453,460,1
1756,259,0
3122,1806,1
2974,123,1
248,1095,1
3098,1880,1
231,283,0
2144,1129,0
952,1166,1
891,346,1
2992,728,0
2136,1477,0
1579,1693,0
102,1439,1
939,1201,1
2964,155,1
1943,1773,0
3123,6,1
279,1044,0
879,1460,1
254,155,1
3124,918,0
3125,1797,0
3126,251,0
2076,55,1
569,1709,0
1903,1191,0
569,1048,1
3127,44,0
3128,1881,0
1502,264,1
13,1386,1
3129,1269,0
2748,484,1
2549,13,0
2446,1882,0
3130,265,0
3131,892,0
237,1883,1
1760,918,0
253,30,0
3132,547,1
473,808,1
13,399,1
1684,655,0
1107,1188,1
1190,508,1
3133,594,0
18,77,1
2043,340,0
1583,579,0
1897,236,0
589,55,1
451,45,0
1174,175,0
407,14,0
59,1475,1
276,1599,0
1021,166,1
313,1139,1
33,910,0
681,1209,0
1502,1042,1
1316,1531,0
528,764,1
1481,1449,0
1453,1682,0
3134,933,0
178,157,1
1120,1884,0
316,609,1
1870,741,1
3135,1537,1
740,1885,1
3136,84,1
3137,1886,0
581,1396,0
3138,734,1
752,587,1
3139,202,0
1263,1671,0
239,263,1
579,529,0
3140,1887,1
3141,184,1
3142,1700,0
1069,1632,0
1145,39,1
3143,1473,1
409,155,1
254,73,0
3144,124,0
1964,1147,0
259,741,1
543,497,1
1502,1469,0
1336,1627,1
2829,1116,0
2504,123,1
3145,1285,0
3146,809,0
740,141,1
3147,787,0
34,1065,0
1407,816,0
1016,419,1
2704,527,1
2266,1856,0
1792,377,0
2362,1500,0
3148,1888,0
3149,377,1
1042,1750,0
2179,1581,0
2766,123,1
3150,1504,0
194,123,1
1287,358,1
2336,526,0
3151,486,1
1890,983,0
138,278,1
431,958,1
3152,1806,1
343,1504,0
2745,141,1
3153,632,0
1016,82,1
3154,137,0
1392,1289,0
1400,233,1
669,219,1
3155,1781,0
3156,495,0
1165,951,0
1195,173,1
3157,1055,1
3158,684,0
3159,1314,1
328,154,1
1093,1445,1
3160,1858,0
2046,40,0
179,1022,0
166,197,1
2640,123,1
499,1377,0
3161,970,0
177,202,1
992,1889,1
517,188,1
2649,1884,1
3162,715,1
2330,1392,1
1227,488,1
299,38,1
3163,749,0
3164,547,1
295,339,0
764,453,1
177,154,1
608,1675,0
2153,43,1
3165,1707,0
1705,1354,1
3166,48,1
1235,43,1
756,1818,0
3167,53,1
2128,934,0
732,141,1
1684,581,1
3168,141,1
2352,958,0
625,322,1
181,1393,0
3169,1127,0
1698,157,1
504,228,1
333,1479,1
3170,948,1
664,460,1
74,960,0
2021,1890,0
1033,1428,1
3171,1150,0
3172,487,1
3173,169,1
1467,914,1
3174,84,1
3175,382,0
3176,992,0
564,527,0
2993,580,0
423,1667,0
774,1507,0
3095,1818,0
148,419,1
1107,364,1
3177,50,0
3178,503,1
3179,1784,0
998,628,1
3180,1260,0
3181,1532,1
3182,333,1
2436,791,0
2599,1015,0
2618,53,1
558,1222,0
104,144,1
952,296,0
3183,710,0
454,233,1
3184,487,0
2856,756,0
3185,1658,0
2691,1632,0
1612,333,1
2011,727,0
901,1583,0
2404,603,1
3186,1545,0
3081,795,1
3187,2,1
2060,417,1
3188,488,0
2963,1891,0
2492,1164,0
863,504,1
1671,124,1
1137,1158,0
3189,1301,0
1764,478,1
1989,179,0
2270,1757,1
706,1892,1
2033,1893,0
1499,836,1
437,301,1
3061,1392,1
3190,493,0
3071,241,0
1597,180,1
532,713,1
3191,1894,1
3192,62,1
3193,926,0
1269,1022,0
150,219,1
326,293,1
207,374,1
1124,603,1
2365,1100,0
3194,209,0
2694,123,1
1781,1431,1
104,1895,1
2545,1188,0
1417,169,1
2361,1896,0
1782,1056,0
1316,142,0
3195,379,0
210,5,1
57,818,0
3196,1531,0
2760,571,1
91,346,1
3197,77,1
3198,1054,0
1938,1124,0
775,736,1
902,828,0
2304,141,1
1415,1166,1
3199,1897,0
13,1641,1
336,812,0
1466,1675,0
2938,592,1
2592,1591,0
2938,18,0
3200,1127,0
3201,1049,0
2693,518,1
95,684,1
18,817,1
3078,1552,0
2812,76,0
330,1307,0
2181,1564,0
1322,55,1
301,196,1
3202,864,1
3203,26,0
139,1515,0
1456,380,0
3204,720,0
210,150,1
279,55,1
1891,415,0
3205,77,1
2041,151,1
1121,1788,0
641,253,0
469,1697,0
708,1291,0
1300,90,0
2935,1379,0
2385,1377,0
577,1399,1
1555,66,1
3206,890,0
3129,450,0
3207,129,1
1645,254,0
265,434,0
13,1498,1
3208,1564,0
2708,1898,0
3200,139,0
545,369,1
3209,139,0
2510,1065,0
3210,158,0
3211,1224,0
1590,110,1
3212,1899,0
3213,168,1
2616,855,0
1263,351,1
2766,48,1
1254,154,1
3214,1751,1
3215,1431,0
3216,965,0
1291,1721,0
107,168,1
2641,708,0
2622,318,0
149,1800,1
2809,325,0
328,1711,0
299,62,1
2385,968,1
2167,662,1
3217,1419,0
3218,525,0
3208,1501,0
2886,1900,0
2283,734,0
3064,269,1
3219,28,1
2231,255,0
1123,603,0
2486,377,1
3220,584,0
3149,390,0
2758,961,0
796,455,0
658,453,1
1364,125,0
3077,43,1
22,1430,0
1308,722,1
991,581,1
188,1162,1
1660,77,1
851,55,1
1195,819,1
653,911,0
3221,1638,0
1721,1606,0
2046,1884,0
748,574,1
1145,181,1
84,562,0
3222,1287,1
625,364,1
921,1901,0
112,1643,1
3223,1852,1
618,1731,1
1132,1902,0
678,1824,0
506,1587,0
1193,55,1
3224,53,1
1840,857,0
2975,189,1
2093,123,1
1092,1748,0
104,1882,1
1275,1159,0
613,1785,1
513,846,1
467,1168,0
1575,852,1
1930,1051,0
1242,702,1
384,68,1
2343,1814,1
2987,1815,0
304,231,1
3225,1388,0
214,169,1
3226,1314,1
1978,626,0
3227,1518,0
864,41,1
3228,542,1
272,617,0
3210,147,0
1907,458,0
3229,1640,1
139,1165,0
1038,598,1
3230,979,1
3231,43,1
3232,198,1
3233,830,1
974,108,1
3234,202,1
952,189,0
1457,1903,0
3106,1079,1
814,667,0
455,447,1
3235,1904,0
2624,1240,0
1542,1619,0
2383,653,1
1772,22,1
1080,554,0
2318,1624,0
2119,447,1
79,913,1
415,600,1
715,1905,0
900,313,1
3102,543,1
1449,1906,0
479,1137,0
3236,1248,1
1316,278,0
1879,829,0
1536,55,1
511,226,1
198,543,1
1537,761,0
412,181,1
338,1005,1
1111,1234,1
1520,945,1
1884,157,1
3237,369,1
3238,241,0
1563,904,1
1209,154,1
127,207,1
3239,699,0
916,105,0
2387,1907,1
490,946,0
1365,188,1
324,1772,0
1952,553,1
313,384,0
1771,691,0
1299,587,1
1553,603,1
2225,45,0
1153,462,1
3240,202,1
150,680,1
3241,1856,0
1112,904,1
2799,702,0
3242,1747,0
323,261,1
177,257,1
1365,967,0
700,1607,0
13,444,1
1884,241,0
959,343,0
1590,864,1
1758,467,1
3243,734,0
3244,1375,1
3245,257,1
3246,261,1
1241,1626,0
675,851,0
454,323,1
1673,1908,0
1079,1268,1
3247,1786,0
60,335,1
2029,629,0
3248,692,0
1260,639,1
3249,1342,0
2906,556,1
1139,323,1
2696,1822,1
3074,1440,0
1125,225,0
906,448,1
3250,605,0
813,24,1
3251,1766,0
3252,1866,0
202,169,1
1281,297,1
1263,610,1
377,889,1
3253,1573,1
150,55,1
867,1104,0
3254,1438,1
1507,297,0
3255,2,1
1032,1398,0
2174,41,1
1643,1909,0
1060,1203,0
1549,601,1
990,1910,1
2696,77,0
1870,202,1
1232,46,1
1173,64,1
1527,1250,0
312,77,1
427,600,1
1789,53,1
808,77,1
150,1602,0
3256,1911,0
1327,77,1
3173,55,1
2945,1781,0
2130,1912,1
1934,600,1
1119,397,0
3100,1138,1
472,64,1
1279,1904,1
2682,261,1
683,1505,0
1007,766,0
974,1564,0
695,1499,0
3257,53,1
890,1821,0
3258,1913,0
1971,1456,0
3121,468,1
1553,154,1
605,91,1
2318,1567,0
3259,670,1
3260,110,1
1844,377,1
2572,1829,0
786,102,0
918,181,0
1816,1729,0
1029,170,1
894,315,1
1605,705,1
275,355,1
2962,955,0
220,77,1
761,1880,0
328,77,1
3261,1656,1
2609,688,1
2587,333,1
3262,17,1
2664,580,0
537,468,1
2223,1914,0
3263,815,0
625,129,1
1348,1410,0
2182,826,0
3264,1915,0
3265,622,1
3266,126,1
3267,1213,0
2557,48,1
1753,680,1
1669,129,1
98,644,0
3268,1285,0
1429,1633,0
2543,1916,0
3269,841,0
3003,241,0
563,377,1
863,808,1
3270,1627,0
2922,834,0
522,173,1
2356,123,1
244,1316,0
3271,53,1
161,808,1
2682,207,1
2934,910,1
3272,1917,0
102,924,1
2730,1286,0
3273,141,1
3009,43,1
1024,1075,0
3274,1466,0
1400,129,1
2748,1918,0
691,1128,0
617,268,1
3275,292,1
3276,52,0
1030,82,0
3277,1919,0
3278,514,0
1329,1125,0
1722,1058,0
3279,1891,0
3280,1920,1
3281,1035,0
3282,91,0
1196,1736,0
3130,549,1
605,1890,0
2016,763,0
3283,155,1
1213,1137,0
3284,1558,0
1575,846,1
2598,538,1
485,154,1
1522,15,1
3285,1570,0
1308,3,0
573,1518,1
1898,1119,0
3286,129,1
1861,844,0
2017,196,0
2658,303,1
424,233,1
1257,1019,0
1934,263,1
331,181,1
1698,145,1
451,114,1
1840,1420,0
2395,1237,0
352,1921,0
905,786,0
2200,644,0
857,1791,1
3287,301,0
3179,1304,1
588,562,0
874,204,0
3288,369,1
320,1184,1
1608,1423,1
1157,736,1
1399,1740,0
2133,1922,0
530,123,1
3289,248,0
3290,148,1
3291,1131,1
3292,1181,0
1194,716,1
3293,1417,1
2647,108,0
826,581,0
2832,1873,0
1416,1479,1
3294,1764,0
3295,126,0
809,413,1
863,680,1
3296,22,0
207,231,1
1485,1075,1
3297,1923,0
3298,154,1
990,550,1
1357,1924,0
3299,528,0
3300,1925,0
3040,1926,0
1909,154,1
194,325,1
3301,826,0
380,1927,0
3302,1023,1
615,268,1
1097,1046,1
3303,417,1
2313,289,0
617,1371,0
1263,1199,1
972,864,1
67,688,1
3304,258,1
629,55,1
3305,673,0
1759,1744,0
613,291,1
803,1799,0
3306,417,1
339,1036,0
435,1275,0
1723,383,0
1715,1168,0
1275,918,0
1648,300,0
1983,447,1
3307,679,0
1429,447,1
1586,1055,1
82,945,0
2410,194,0
2233,739,0
1135,883,0
1221,170,1
2987,1223,1
3246,123,1
2612,77,1
980,48,1
1301,315,1
3308,210,1
3309,1332,0
1950,77,1
608,974,0
320,207,1
3310,1143,0
1167,170,1
869,540,1
2967,293,1
1870,600,1
2046,1396,0
2684,11,1
3311,1868,0
543,910,0
983,1332,0
897,1850,0
3312,388,0
1238,1075,1
1726,785,0
1899,146,0
450,556,1
36,1159,0
1503,228,1
2323,248,1
1691,1882,0
57,51,0
969,77,1
2775,1005,1
597,308,1
3180,427,0
3313,1031,0
699,1464,1
1824,874,0
1640,1642,0
1241,720,0
532,867,0
220,155,1
106,1502,1
3314,1785,0
1074,447,1
348,129,1
195,1080,1
3315,330,0
3051,308,1
990,1645,1
1288,82,1
1732,498,1
281,196,1
415,263,1
2296,1020,0
2997,84,0
509,123,1
263,292,1
1186,509,0
936,127,1
1062,677,0
856,865,0
2771,1403,0
1709,284,0
2499,1345,0
2958,1514,0
1840,323,1
2292,170,1
3316,1639,0
3317,307,0
3051,219,1
3318,1928,0
3319,102,1
2649,529,1
2642,1705,0
73,600,1
3199,1336,0
1237,388,1
3320,605,0
1236,160,1
2335,133,1
3321,43,1
877,1929,0
3322,702,1
753,202,1
3323,377,1
3324,725,0
2825,62,1
1,1875,0
384,218,1
2450,62,1
1367,123,1
1789,180,1
723,71,1
3206,642,0
3325,127,1
3326,715,0
165,226,1
323,263,1
620,328,1
511,114,1
57,492,1
3327,1210,0
645,308,1
1970,84,1
3328,71,1
14,292,1
2621,738,0
450,77,1
2482,1236,0
1392,46,0
690,1758,0
3329,1345,0
3330,1815,0
1500,365,1
744,1435,0
475,95,0
2643,1035,0
543,1867,0
3331,1926,0
263,44,0
1342,1032,0
3332,1380,0
3130,203,1
1097,1260,0
91,208,1
1424,307,0
2515,123,1
3333,1088,0
383,154,1
254,257,1
3334,248,0
606,155,1
3048,1561,0
1537,157,1
2261,1930,0
2120,1278,0
312,43,1
3316,1149,0
3335,1931,0
2217,123,1
655,170,1
1292,1667,0
363,936,1
9,357,1
165,680,1
3336,53,1
1663,1932,1
562,1877,0
529,292,1
973,1933,1
2210,1934,1
2467,110,1
2280,655,0
2325,1086,0
738,248,0
3337,230,0
9,1935,0
1439,449,0
647,63,0
287,505,1
257,1700,0
1107,1928,1
3338,36,0
489,644,1
528,1563,1
1240,248,0
821,693,0
2187,413,1
1071,313,1
1609,330,0
3051,41,1
1590,200,0
3339,51,0
3340,547,1
2351,1173,1
312,1479,1
3341,1936,0
2202,572,0
3342,1921,0
3343,1087,1
823,1872,0
3099,1176,0
3344,1937,0
823,123,1
11,931,0
11,1214,0
1942,642,1
1245,339,0
1923,127,1
614,48,1
736,1938,0
1136,551,1
1050,484,1
1257,671,1
2739,1939,0
2128,447,0
2410,1084,0
2646,127,1
150,69,1
3066,1775,1
3345,654,1
2524,1940,0
1406,123,1
2557,154,1
3036,39,1
1397,1789,1
455,77,1
2027,503,0
221,1615,0
3346,832,0
164,1026,1
3148,1103,0
138,998,0
3347,333,1
3348,123,1
469,685,0
3349,1804,0
1829,145,1
3350,248,1
275,362,1
2033,1941,0
3266,171,0
421,219,1
165,505,1
1900,1596,0
3351,1674,1
3009,154,1
291,207,1
3059,873,0
2839,168,1
972,385,1
3352,240,1
1789,737,1
3353,1942,0
106,460,1
1227,1532,1
159,1103,0
2612,123,1
3115,1309,0
3354,362,1
2378,1096,0
400,122,0
280,308,1
920,123,1
3147,81,0
1090,229,0
2574,261,1
377,1123,1
891,1529,0
556,515,0
3294,1324,0
3355,1017,1
2298,1151,0
3356,413,1
3357,1117,0
3358,140,0
3359,523,0
3159,1531,0
3360,1433,0
3361,727,0
478,123,1
2151,1328,1
1620,326,1
1965,1705,0
2244,258,1
3216,1271,0
1097,1843,1
7,268,1
2370,960,0
955,369,1
3362,141,1
3078,1518,0
132,326,1
966,1247,0
1416,631,0
1993,647,0
470,627,0
1497,1740,0
1510,1878,0
970,1077,0
3363,405,0
1300,71,1
887,141,1
1294,77,1
429,1021,0
136,160,1
3364,42,0
3033,1107,0
3365,1943,0
3366,1755,0
1965,77,1
3367,1310,0
3368,1746,0
3369,282,0
431,557,0
328,1085,1
3370,1152,0
345,166,0
879,700,1
168,1944,0
1596,1674,1
74,266,0
3371,198,1
3372,780,0
513,323,1
3373,1129,0
3356,1945,0
1322,244,1
112,355,0
828,417,1
2518,578,1
2030,1546,1
224,114,1
299,1045,1
3374,1469,0
3108,1565,0
2675,1044,0
91,374,1
2620,461,1
2315,281,0
13,1106,1
606,846,1
275,505,1
2204,201,1
1506,355,1
338,328,0
2012,1075,1
3375,1946,0
3376,669,0
589,64,1
3377,508,1
2005,517,0
1025,1947,1
576,1222,1
3055,313,1
2588,830,1
2116,225,1
2837,56,0
963,1850,0
3009,762,0
3378,1741,1
1325,313,1
361,1683,1
3379,1183,1
3380,1948,0
3048,1949,0
102,936,1
891,421,1
331,55,1
3203,864,1
3083,1359,0
2116,563,0
2622,978,0
3381,434,0
1564,790,0
2957,1327,0
3382,123,1
121,899,0
3081,1276,0
2693,1950,1
207,846,1
1851,1473,0
3383,1177,1
3321,915,0
1702,700,0
3384,1043,0
2343,34,1
1720,1935,0
3246,1190,0
606,313,1
254,362,1
1862,1951,0
967,308,1
1626,817,0
86,191,0
1403,129,1
107,43,1
3385,1131,1
1042,1356,0
2525,112,0
2665,207,1
608,1285,1
958,1338,1
3283,1234,1
161,1401,1
3386,151,1
323,154,1
3387,939,0
3388,511,1
454,77,1
2296,127,1
3389,716,0
924,1489,0
3390,273,0
1156,783,0
3391,722,0
1416,836,1
380,258,1
2154,154,1
3030,614,0
900,185,0
1881,233,1
1474,1923,0
1698,362,1
415,231,1
1327,930,0
3392,1666,0
3393,95,0
3362,1951,0
1210,168,1
923,254,0
1429,43,1
3069,1740,0
1400,207,1
1207,1361,0
1748,964,0
3394,407,0
3361,123,1
2230,1856,0
73,228,1
3395,962,0
2466,219,0
3081,935,1
3396,1423,0
915,428,0
3397,1706,0
2720,1952,0
1736,1581,0
1031,1741,0
1950,698,0
2532,697,1
690,95,0
1649,1583,0
3347,921,0
2124,797,0
2868,1648,0
416,37,1
667,231,0
2375,93,0
2413,607,0
3398,1657,0
402,241,0
210,1582,1
1393,1214,1
2622,1364,0
2418,1606,0
619,1700,0
3103,1172,0
1268,349,1
963,798,0
490,233,1
1654,1177,0
2250,1005,1
883,176,1
257,1188,0
49,1297,0
1467,203,1
3399,510,0
2362,297,0
3400,1070,0
2712,1454,0
1132,168,1
2364,48,1
13,1129,1
22,1455,0
360,527,1
3069,1953,0
3401,1944,0
296,694,0
6,1896,0
2360,1098,0
2266,337,0
1172,233,0
3402,360,0
731,315,1
885,292,1
1451,576,0
2374,55,1
43,1915,0
406,1431,1
1761,751,0
1870,261,1
1378,232,1
3403,156,0
3404,114,1
2165,1276,0
2793,456,0
363,905,0
2835,536,0
2202,1269,0
2116,1318,0
2963,986,0
340,355,1
162,154,1
1193,805,0
2489,46,1
528,1812,1
366,705,1
3106,39,0
3388,318,0
795,556,0
1783,545,0
1848,340,0
377,1938,1
298,93,0
364,325,0
2842,252,0
3405,48,1
1618,1055,1
367,1774,0
2147,1642,0
1859,600,1
1215,893,1
3406,1261,1
1451,379,1
1195,55,1
1536,447,1
3407,237,0
491,1322,0
3387,105,0
1081,186,1
2806,817,0
2822,599,0
2381,1701,0
1728,32,0
3337,1754,0
2154,894,1
633,261,1
1236,272,1
3003,242,1
801,150,0
3408,1296,1
3409,975,0
109,1695,0
3410,123,1
1227,911,0
2121,439,1
2961,1954,0
2954,532,0
154,268,0
2406,62,0
376,1039,0
3411,1415,0
3412,123,1
776,82,1
2813,1535,0
2351,796,1
181,1096,0
3413,837,0
3414,258,0
992,1955,0
2239,1536,1
1798,1737,0
3415,1543,1
2563,1903,0
2809,449,0
3363,218,0
1639,154,1
18,893,1
2312,846,0
3416,313,1
3356,1566,0
3222,1251,0
1315,1013,0
2213,553,1
1554,55,1
1698,154,1
1149,1302,0
621,1644,0
1978,1732,0
2812,827,0
333,1091,1
1391,1212,0
1453,1479,1
1378,179,0
320,1746,0
1076,32,0
3417,1956,0
3418,666,0
1789,1338,0
305,123,1
863,226,1
3018,830,1
1074,384,1
903,1150,0
3180,901,1
271,1765,1
3419,1957,0
1799,43,1
298,304,1
3420,1292,1
80,1144,1
1686,638,0
1732,110,1
863,1401,1
2467,1958,0
2592,834,0
3354,41,1
58,1398,0
526,1959,0
3050,1640,0
111,807,0
731,447,1
2876,1846,0
544,424,1
3140,667,0
1035,55,1
1747,662,1
3421,1906,0
191,736,1
2510,662,1
3422,1087,1
2571,470,0
2599,1062,1
1155,43,1
2915,359,1
992,1960,1
2183,1961,1
102,852,1
1097,1798,1
1586,1201,0
3423,1962,0
2317,464,0
3321,55,1
1041,280,0
3424,475,1
1128,937,0
2012,530,0
1195,1515,0
1615,976,0
1068,48,1
2813,382,0
3425,1238,0
126,1949,0
56,207,1
1898,1626,0
1414,1377,1
2645,1834,0
1168,1963,0
685,320,0
272,836,1
2649,1099,1
1087,46,1
42,160,1
2550,1562,0
645,343,0
175,531,1
2040,251,0
1670,168,1
3126,868,0
3426,1736,0
2906,91,1
1466,169,1
1366,1903,0
3427,953,0
1164,168,1
3396,1964,0
166,154,1
780,183,1
1699,706,1
150,1813,1
2880,1965,0
2188,790,0
2604,1594,0
214,123,1
609,1146,0
237,168,1
2100,794,0
55,587,0
292,340,0
265,1732,0
1121,1062,0
1742,139,0
2867,748,0
3428,1314,1
59,1800,1
2816,874,0
2121,868,0
851,48,1
1140,1966,0
992,62,1
3429,773,0
3430,45,0
3431,1400,0
2088,206,0
979,425,0
1981,520,0
3432,1727,0
460,43,0
3220,183,0
797,571,1
3276,168,0
3433,590,1
3434,151,1
606,259,1
495,328,1
1261,1914,1
1178,1308,0
610,662,1
3435,185,1
3436,1967,1
60,389,1
725,64,1
3437,1646,0
2359,1767,1
3438,1529,1
3439,141,1
1148,857,0
377,703,1
3440,642,0
149,141,0
2115,123,1
3441,629,0
3406,635,0
1269,327,0
3092,561,0
879,711,1
426,1968,0
177,206,0
1827,234,0
2425,829,1
3159,211,0
3442,1969,0
2722,188,1
2586,1086,1
1789,540,1
2818,1575,0
231,1229,1
3283,350,1
2092,1055,0
159,1766,1
315,516,1
859,1514,1
1223,346,1
3443,538,0
209,1604,1
3444,141,1
1540,447,1
545,1863,0
1122,612,0
614,808,1
2773,166,0
729,1439,0
2952,1707,0
3144,314,1
2285,1005,1
3445,1340,0
41,1259,0
194,852,1
3446,492,1
2849,1718,0
3065,796,0
3447,123,1
649,355,1
1580,1864,0
3448,984,0
953,62,1
858,641,0
2472,55,1
3103,45,0
3449,55,1
2326,1239,0
3373,1970,0
2037,651,0
3450,1033,1
2263,1508,1
1326,1017,1
1525,152,0
3451,207,0
86,1133,0
3231,1689,0
3452,21,1
520,508,1
8,1971,0
522,942,1
3453,110,1
254,1306,0
3454,123,1
101,1972,1
41,497,1
1353,999,0
2764,369,0
3419,39,1
3455,1427,0
3262,407,0
1290,123,1
3197,408,0
1351,233,1
2200,619,0
640,170,1
1953,1666,0
2644,1122,0
2916,1748,0
2945,81,0
3202,1973,0
732,1870,0
2787,207,0
3426,1146,0
816,108,1
1901,1375,0
2057,188,0
618,1214,1
930,1597,1
3456,898,0
3457,66,1
1900,1198,1
908,1457,1
1293,39,1
2475,170,1
2096,1974,0
333,127,1
301,168,1
3458,428,0
490,231,1
967,912,0
1195,1011,0
1115,170,1
168,78,0
1119,1740,0
492,1055,1
3459,1282,0
2213,936,0
1470,1449,1
2992,1234,0
3460,1168,0
3160,1174,0
1069,1467,0
2960,1233,0
625,130,1
1559,452,0
431,916,1
3220,123,1
940,1685,0
582,1689,1
3461,179,1
803,600,1
1605,123,1
3070,577,0
3051,478,1
1934,123,1
3462,1006,0
3463,110,1
1577,1649,1
3464,1207,0
1630,68,0
483,173,0
1260,508,1
2317,1325,0
1846,728,1
3465,62,1
2901,1325,0
3284,1638,0
769,97,0
1363,1470,0
2276,460,1
3466,169,1
3467,1975,0
3210,468,1
1693,1314,1
13,101,1
1178,486,1
3468,166,0
3469,53,1
3005,1976,0
3469,1750,0
770,279,0
2404,374,1
2454,231,1
3006,1977,0
134,1978,0
2875,1955,0
1526,219,1
1414,43,1
3102,33,1
3470,43,1
1846,1590,0
328,1767,1
1500,1412,0
1132,447,1
50,361,1
2023,1918,0
1537,134,1
1722,1386,0
214,1979,0
1624,123,1
3471,1980,1
3472,123,1
29,1125,0
1698,870,1
3473,1372,1
2287,796,0
2088,959,0
3282,369,1
2687,714,0
3474,655,1
3475,170,1
437,123,1
1773,123,1
1217,1599,0
2305,1457,0
1502,956,1
1024,2,1
76,1806,1
2090,70,0
1581,123,1
625,846,1
21,1395,1
56,56,1
1327,1575,1
3476,381,1
3477,261,1
545,854,0
2183,1517,0
629,642,1
3478,447,1
932,1648,0
3156,413,1
3479,417,1
2253,372,1
2091,1960,0
1411,154,1
3441,1662,0
320,1032,1
3480,123,1
13,440,0
1238,155,1
2526,1735,1
1399,1468,1
839,43,1
2733,662,1
1234,21,1
1064,1858,0
39,1216,0
803,155,1
473,219,1
1608,1294,1
487,923,1
3481,43,1
310,117,1
2878,215,0
645,9,0
814,614,0
2717,1528,0
3145,1947,0
191,905,0
1254,1063,0
3482,1087,1
2374,123,1
2883,1071,0
3051,1618,0
1124,292,1
2404,133,1
2362,808,0
2858,123,1
193,313,1
1361,1581,0
2633,482,1
1054,257,1
624,279,1
3483,1981,1
1563,540,0
1848,1548,0
1802,114,1
3484,1165,0
538,282,1
3485,1006,0
2992,1982,0
3486,1329,0
1753,355,1
136,114,1
1393,1974,1
207,449,0
993,54,1
1466,197,1
943,268,1
609,906,0
967,1983,0
3055,1898,0
2514,1108,1
161,870,1
161,226,1
3487,1984,0
1746,812,0
603,1985,0
220,1204,0
3488,46,0
1394,77,1
1299,1250,1
3055,1509,0
435,129,1
2115,413,0
3489,1537,0
3490,839,0
2088,1692,0
1476,822,0
1526,1559,1
1839,141,1
3236,1755,0
301,231,1
1577,90,1
3407,694,0
1760,858,0
2825,168,1
438,1446,0
3151,1718,0
2539,499,1
3491,840,0
151,1454,0
116,1479,1
1606,106,1
3492,151,1
3493,864,1
1105,901,0
921,1758,1
3494,314,0
445,1986,1
2878,433,0
1578,1079,1
3495,507,0
3496,170,1
305,7,1
2194,600,0
139,1214,0
2558,1534,0
3497,1987,0
1555,1988,0
1068,43,1
1564,596,0
3234,34,0
679,204,0
3418,1345,0
2375,255,0
1949,1989,0
844,1793,0
1234,1925,1
682,56,0
3498,734,1
331,846,1
3406,1818,0
211,1590,0
2830,84,1
3499,974,0
3500,387,0
2781,1331,0
873,1856,0
3501,123,1
18,1,1
769,1263,1
3466,123,1
703,1621,1
3408,34,1
3502,1862,0
2191,1216,0
3392,246,0
352,66,1
1435,1676,0
528,563,1
338,168,1
508,593,0
3503,27,0
355,9,0
3504,123,1
1502,140,0
764,228,1
3393,770,1
1147,354,0
3400,1177,0
1005,1837,0
427,233,1
1905,550,0
3078,1161,0
823,43,1
3505,1408,0
3090,307,0
3506,1596,0
3232,1624,0
1467,9,1
231,159,0
3507,413,1
2383,527,1
1068,55,1
370,231,1
1811,1372,1
3508,962,0
3121,1221,0
3166,1374,1
1241,1631,0
254,1222,0
2722,1396,0
2779,82,0
810,55,0
55,1128,1
1310,1071,0
2665,384,1
3077,154,1
49,123,1
3509,512,0
3510,1990,0
1795,865,0
1610,119,1
3511,1417,0
624,911,1
3512,290,1
2425,645,0
2284,1202,0
669,768,0
2157,1299,0
420,566,0
2034,133,1
654,198,1
384,944,0
1782,830,0
3513,1991,0
566,1419,0
3514,459,0
2594,38,0
777,53,1
196,550,0
2966,958,1
671,1526,0
1121,825,0
3515,475,0
3516,315,1
3082,1992,0
680,1581,0
3032,1993,0
1779,1908,0
3003,976,0
374,114,1
3517,859,0
3171,1573,0
869,371,1
96,1545,0
1400,350,1
2855,325,0
2239,931,1
3518,1897,0
618,1666,0
41,43,1
717,501,1
2404,55,1
504,501,1
3519,1893,0
495,173,1
331,197,1
3520,919,1
1649,1994,0
3521,168,1
1875,1927,1
3522,819,0
3382,334,0
1605,361,0
2580,141,1
1487,1995,1
2466,322,1
1409,492,1
2545,697,0
2968,494,0
1139,1288,0
1711,1263,1
3403,1812,0
1936,527,1
3376,1996,1
1195,325,1
1247,160,0
2617,518,1
614,268,1
1370,1997,1
3523,1168,1
2999,1631,0
2327,1332,0
3524,1998,0
1950,447,1
1786,1055,1
3099,478,1
1786,97,0
1168,114,0
1281,1999,1
3525,357,1
1476,168,1
528,2000,1
1132,1976,0
1393,1603,0
55,2001,0
396,1971,0
418,569,0
3526,176,0
3527,1794,1
1295,501,1
22,807,0
3183,258,1
730,943,1
3528,72,0
1106,168,1
3529,1876,0
1759,447,1
2859,1003,0
3530,123,1
2211,715,0
1065,1983,1
2293,864,1
2667,1213,0
2693,1057,1
731,505,1
889,1595,0
799,292,0
3531,385,1
665,224,0
2735,381,1
319,2002,0
3532,590,1
2687,1927,0
2201,1869,0
1169,1884,1
3533,1206,1
2032,514,0
869,1345,1
3049,1463,0
2408,345,0
455,1859,0
2751,747,0
3050,6,1
624,377,1
1575,197,1
3534,688,0
3133,1112,0
3100,1125,1
166,233,1
196,357,0
3473,516,1
3080,733,0
2086,559,1
2680,849,1
1563,157,1
2182,1147,0
3228,175,0
3535,215,0
323,71,1
1910,960,1
292,435,0
1421,1967,0
3536,556,0
138,1147,1
3537,641,0
1940,1651,0
875,730,1
2563,254,0
40,114,1
3171,278,1
2157,1152,1
2748,914,0
346,421,1
1726,1585,0
3538,1270,0
1433,2003,0
1043,2004,0
472,154,1
3484,622,0
278,756,0
162,123,1
2919,284,0
3539,806,0
225,389,0
235,1567,0
3540,139,0
1792,1977,1
960,313,1
1120,1924,0
1044,1589,0
13,1293,1
433,909,0
150,362,1
3541,744,0
62,742,0
1385,508,1
1500,111,1
1753,376,1
3321,1195,0
1753,1751,0
3542,629,1
3212,212,0
871,1283,0
2102,750,0
3258,141,1
1326,141,1
42,308,1
1635,911,1
3543,487,1
1619,1982,0
2738,424,0
815,1523,0
2358,1726,1
173,168,1
1063,1614,0
653,168,1
3464,1526,0
314,1314,1
137,680,1
3544,1154,0
1633,313,1
1285,1117,0
1664,336,1
600,168,1
2478,981,0
775,527,1
2861,601,0
784,1515,0
2462,498,0
144,1666,1
56,858,1
2773,269,1
3072,280,0
3529,757,0
3090,68,0
3545,797,0
3546,1895,0
1751,168,1
1950,165,1
1351,936,1
997,331,0
2672,911,1
2361,592,0
1698,376,1
2397,1570,0
770,55,1
730,67,1
2800,829,0
2707,1275,0
3354,355,1
2105,1278,0
690,219,1
1014,808,0
588,1632,0
21,168,1
2664,1825,0
2594,836,0
101,1410,1
1845,2005,0
1707,403,0
448,2006,0
949,936,1
34,1940,1
3547,311,0
2543,716,0
574,115,1
759,1149,0
3548,480,0
2293,1968,0
304,233,1
208,911,0
366,828,0
2959,1028,0
3071,833,0
3549,424,1
1161,278,1
2120,1554,0
2483,333,1
1622,2007,0
3550,1200,0
3551,169,0
3552,1677,0
458,1265,0
3553,2008,0
3388,106,1
2302,1665,0
357,877,0
3094,1773,0
305,505,1
304,362,1
299,2009,1
184,472,0
304,600,1
3554,645,1
110,43,1
526,923,0
3555,1279,0
2463,101,0
3283,55,1
1659,453,1
994,1020,0
411,292,1
3556,265,1
3059,844,0
1263,592,1
480,1518,0
3317,141,1
1467,1315,1
3557,1476,0
13,1851,1
2659,369,1
2410,813,0
900,323,1
3558,561,0
47,1002,0
3080,381,1
915,2007,0
611,196,1
1380,1368,0
3559,209,0
3560,1014,0
3212,1128,0
2825,2010,0
1374,741,0
2958,703,0
1997,121,0
418,633,0
280,168,1
586,123,1
1261,87,0
1615,2011,0
3321,202,1
706,1149,0
1797,1442,0
3561,1200,0
2558,2012,1
3562,151,1
3563,1023,0
1229,1740,0
1398,1033,0
2614,1125,1
2386,1883,1
3564,904,1
363,1396,1
3082,510,0
814,1829,0
3565,697,0
1070,198,0
2237,1878,0
3291,736,1
1685,680,1
2756,1122,0
3566,228,1
2574,350,1
306,240,1
632,2013,0
3567,347,1
295,106,1
604,632,1
2961,641,0
3225,525,0
1763,1372,0
1917,1122,0
2211,1419,0
2528,730,1
2389,233,1
211,74,0
3568,822,0
3569,1931,1
1155,1818,1
992,168,1
2507,748,0
3495,66,1
259,263,1
3570,1472,0
1145,178,0
2537,145,1
1872,1388,0
1575,323,1
3571,323,1
3537,1297,0
3236,1053,0
2665,55,1
1585,1957,0
3150,271,0
3572,638,0
3573,1508,0
2111,377,1
3084,221,0
1987,28,1
1120,565,1
3574,290,0
1525,1957,0
3575,1601,0
799,2014,1
299,544,1
305,984,1
1065,776,1
139,504,1
2003,836,1
3576,258,1
863,62,1
713,2002,0
1699,603,1
2770,722,1
2508,1603,0
3171,984,1
3577,1619,1
1925,242,1
699,123,1
617,808,1
3578,485,0
2284,46,1
21,77,1
1493,217,1
3210,1735,0
996,1389,0
1876,1710,1
3579,2015,0
3169,966,0
696,288,1
1701,1113,0
3580,1782,0
2614,1089,1
954,1926,0
596,323,1
1003,1080,0
3581,125,0
34,2016,1
190,327,1
2381,508,1
2609,2017,1
1949,7,0
1788,191,0
3582,346,0
3529,990,1
3321,400,1
3343,435,0
442,1552,1
729,1578,0
1301,77,1
3583,1208,0
1786,390,1
3584,87,0
3585,1790,0
899,474,0
3139,539,1
1409,55,0
973,245,0
73,568,0
2199,159,0
958,2018,1
136,219,1
869,114,1
1786,165,1
3586,1003,0
1821,11,1
3587,2019,0
1845,55,1
3588,1233,0
1078,99,1
3589,186,1
495,1847,0
3280,190,0
2284,726,1
3185,169,1
3590,369,1
3076,453,1
2865,329,0
275,7,1
1151,114,1
317,453,1
678,154,1
3591,685,0
1284,1149,0
2665,1813,0
1008,2020,1
903,452,0
2853,1854,0
2175,1647,0
3466,1074,0
239,806,1
131,1475,0
597,1092,0
3592,1717,0
304,208,1
11,328,1
172,1545,0
3593,2021,1
585,471,1
792,846,0
2962,1673,0
2753,1545,0
3205,11,1
1228,1396,1
625,1075,1
452,435,0
507,75,1
1375,43,1
3392,161,0
593,202,1
2662,2022,0
3535,1354,0
2558,897,1
2364,508,1
1276,123,1
21,123,1
2284,1331,0
695,952,1
3594,551,1
3595,205,0
2239,1700,1
3038,1945,0
313,569,1
3000,2023,0
2231,1540,0
3596,1056,1
1231,384,1
2356,1165,0
104,450,1
3408,1916,1
384,1467,1
1281,630,1
2032,592,0
2438,737,0
154,285,1
2981,1505,0
3597,314,0
138,462,1
827,253,0
883,947,0
1821,43,1
1667,2024,0
726,62,1
1191,323,0
2049,1086,1
3107,1943,0
3598,827,0
3503,1797,0
394,644,0
1324,1231,1
1451,1011,0
3599,1091,0
2206,495,1
2340,1708,0
147,966,1
3600,727,0
1393,795,1
258,64,1
3367,1632,0
3601,53,1
2730,1417,0
731,308,1
3449,11,1
1219,388,1
13,890,1
1485,806,1
1997,926,1
3602,13,0
1111,55,1
1865,1729,0
308,591,0
1511,565,1
3321,231,1
2826,857,0
3364,123,1
2119,2025,0
177,233,1
1104,63,0
3603,710,0
3149,793,0
236,571,0
1739,55,1
1581,62,1
2187,1657,0
1098,1346,0
429,852,1
722,1859,0
370,2026,0
2784,468,1
365,822,0
578,1063,1
1703,2027,1
1558,261,1
1471,87,1
137,355,1
1161,1617,0
2517,1799,0
1470,1572,1
2035,2028,0
3243,1650,0
263,1773,0
1237,2029,0
1034,454,0
3159,1102,0
1097,24,1
2961,1314,1
3604,354,0
741,55,1
504,116,0
2915,1424,0
2099,640,0
3322,971,0
310,2030,1
3605,38,0
732,71,0
3606,1314,1
220,55,1
2005,1146,0
3425,424,1
2381,818,1
3607,1178,0
2821,1565,0
56,43,1
1813,1325,1
458,1062,1
635,376,1
945,288,1
1773,1479,1
2635,784,0
1759,798,0
1906,917,0
3496,447,0
2745,84,1
535,1009,0
2701,1996,1
786,1849,0
573,1263,1
3608,2020,0
3609,1936,0
3610,208,0
2166,2031,0
254,71,1
139,355,1
1607,98,1
354,43,1
147,756,0
2441,432,0
3611,1684,0
1985,911,1
2351,1086,0
2473,117,0
1093,374,1
2002,998,0
563,1853,0
46,1452,1
504,261,1
1010,1151,0
3163,1033,0
441,1746,0
3219,1047,0
2813,1930,0
777,1510,0
999,600,1
2176,735,1
202,129,1
2432,556,0
2624,1313,0
2911,997,0
3563,1144,0
718,1516,0
649,1125,0
3582,2032,1
2872,123,1
2130,508,1
2761,55,1
3462,819,0
722,1325,1
2863,960,0
3612,460,0
2185,1153,0
31,1883,0
3225,1709,0
2797,1042,0
384,1847,1
741,2033,0
3085,700,1
2799,145,0
1636,154,1
1709,1329,1
3106,1402,0
216,356,1
2344,621,1
346,62,1
3613,1031,0
3614,417,1
2497,228,1
1257,108,1
1474,1346,0
1707,2034,0
3615,165,1
912,1861,0
2501,2035,0
504,293,1
3616,2036,0
3546,333,1
2680,1026,0
2354,292,0
997,870,0
3617,1381,0
2465,1234,0
3618,885,0
3198,988,0
2721,1586,0
148,3,0
3619,138,0
3328,168,1
3620,6,1
2162,188,1
1467,1487,1
291,2037,0
3621,450,0
567,220,0
1406,1719,1
1016,1005,1
329,1147,1
299,1166,1
1414,165,1
1086,830,0
1620,1479,1
3622,900,1
2122,1958,0
3623,722,1
912,141,0
576,1568,0
329,315,1
1536,328,1
13,1216,1
2413,1426,0
141,240,1
3624,1776,0
644,927,1
2855,154,1
1375,11,1
3226,46,1
1594,1110,0
591,507,0
3625,551,1
1927,1412,1
826,934,0
3028,326,0
3166,1978,1
734,157,0
462,2038,0
3392,611,0
2900,315,1
1900,842,1
948,1054,0
1986,1527,0
1351,55,1
1802,154,1
3626,1491,0
2695,71,1
106,127,1
3627,1878,0
3628,1486,0
1550,1792,0
3349,1848,0
1579,37,0
3002,701,0
1078,1856,1
3519,337,0
2852,1473,1
2720,113,0
20,1791,0
1423,77,1
1590,750,1
3629,864,1
1838,1886,0
728,311,1
3254,637,0
803,2039,0
1374,1901,1
3630,482,1
1151,670,0
3631,2040,0
817,114,1
3632,1364,1
1685,134,1
1281,62,1
916,53,1
2821,164,0
1609,870,1
1950,660,1
861,913,1
664,123,1
3633,285,0
3634,1373,1
436,228,1
669,123,1
3635,731,0
507,768,1
1526,7,1
1881,202,1
2460,114,0
838,1424,0
1458,375,1
1235,11,1
300,1049,1
3636,1808,0
226,1986,0
3637,672,0
2134,387,1
3460,165,1
1157,314,1
1008,1381,0
3216,894,0
3074,1075,1
3638,1871,0
2986,48,1
431,1411,0
1164,55,1
107,448,1
1351,64,1
2780,4,1
3639,1014,0
3298,390,1
617,219,1
3640,2036,0
2133,55,1
1361,123,1
646,1311,0
2825,129,1
1411,152,1
3641,53,1
487,2041,1
2454,233,1
1385,2042,0
3642,919,0
1483,657,0
1506,1240,1
3581,1252,0
1423,154,1
1003,2,1
177,62,1
3643,1982,0
3518,2043,0
3082,183,0
1052,1780,0
2694,154,1
620,77,1
3644,833,0
582,154,1
145,1865,0
3645,1734,0
992,144,0
3646,1087,1
1317,424,0
1567,874,0
1993,123,1
1032,77,1
629,1613,1
1758,1171,0
2607,1315,0
3152,1812,0
3647,170,1
2921,2004,0
13,873,1
1239,55,1
24,2044,0
2862,1858,1
423,2045,0
3044,2046,0
3214,469,0
274,1224,1
135,400,1
669,308,1
624,11,1
3483,952,0
1284,154,1
18,317,1
2690,544,0
622,580,1
2932,461,1
2558,1879,0
3372,385,0
2270,1503,0
1993,168,1
2085,1385,0
371,1200,0
613,1510,1
801,168,1
3447,328,1
528,2047,1
3648,262,0
2654,518,1
2756,232,0
3649,43,1
1454,880,0
1156,717,0
800,1806,0
392,79,1
2299,1613,1
1025,508,1
1633,169,1
263,372,1
988,1902,0
3650,1686,0
1577,1676,1
2657,1738,0
2593,377,1
3651,516,1
249,779,0
794,1359,0
1737,451,0
3652,1483,0
331,346,1
142,504,0
824,141,1
1508,2048,1
3046,151,1
2533,710,0
3424,2049,0
730,608,0
1128,447,1
1225,1597,0
3653,1416,0
891,350,1
929,747,0
3654,123,1
1324,55,1
809,616,0
165,219,1
981,734,0
959,1152,0
1278,728,0
3655,2004,0
1633,1242,0
104,1190,1
3037,920,1
3656,503,0
3657,123,1
2589,210,1
3658,561,0
3659,1672,0
1608,1828,1
572,499,1
1937,1650,0
154,1221,0
3660,417,1
3661,213,0
2678,1643,1
394,761,0
542,1023,0
3188,2050,0
2176,1910,1
1693,1108,0
1217,147,1
1523,1302,0
3324,853,0
522,1052,0
1181,196,1
2797,609,1
27,622,0
2991,77,1
1345,424,1
3662,1154,0
878,230,0
3663,1450,0
3318,1304,0
3664,632,0
3665,1023,1
1733,309,0
2022,975,1
1568,521,0
3666,967,0
3667,1270,0
1561,168,1
900,1581,0
3668,1780,0
31,47,0
748,1217,0
2706,119,1
1832,182,1
701,686,1
132,521,1
254,233,1
3669,1575,0
983,1077,1
3082,423,0
3062,2051,0
1231,206,1
3670,2052,0
190,1707,0
150,505,1
472,62,1
875,72,1
1327,1700,0
1418,43,0
1212,1005,1
3671,2053,0
3177,205,0
115,123,1
14,1717,0
2725,476,0
2311,196,1
1537,219,1
2684,43,1
1608,1355,1
1413,874,0
3672,24,1
3477,957,0
2158,1819,1
1459,2054,0
2436,170,1
1069,977,0
255,717,0
1193,43,1
1400,1210,1
2404,372,1
454,1825,0
3001,1652,0
1032,43,1
2981,1407,1
2694,425,0
3673,933,0
1250,2017,0
855,688,1
2835,359,0
924,1985,1
166,806,1
827,55,1
2255,1570,0
1536,233,1
3120,249,1
2036,789,0
2770,1946,0
3674,2055,0
3675,1959,0
13,2010,1
2263,1772,1
2977,807,0
1549,593,0
13,2056,1
668,355,1
308,1204,1
3363,1283,0
3676,812,0
1,1971,0
590,355,1
592,1662,1
1414,376,1
3428,46,1
523,949,1
3677,1623,0
1577,389,1
1837,21,1
3564,1574,0
2171,1277,0
569,1946,0
3077,447,1
2892,1029,0
2868,565,1
3678,1470,0
1016,1765,1
615,362,1
611,1060,1
704,1233,1
523,1331,1
465,447,1
3679,1058,0
2341,585,0
606,1210,1
2652,1163,0
2906,71,1
1166,77,1
341,871,0
1205,1652,0
1510,168,1
3680,1463,0
3192,480,0
3099,2017,0
3681,1721,0
2746,55,1
1392,67,0
3682,717,0
3683,1102,1
290,1979,0
529,27,0
1882,123,1
80,123,1
1322,154,1
2811,856,0
3684,2057,0
723,293,1
1396,1303,0
2621,1643,1
3685,1787,0
3042,716,0
3572,54,0
3686,241,0
791,1349,0
2679,1414,0
1653,123,1
2469,1896,0
1983,1324,0
180,1959,0
1423,55,1
3093,286,0
3687,1274,0
865,2058,0
1318,77,1
95,976,1
165,870,1
3372,93,0
1334,374,1
2064,864,1
2119,43,1
2479,1773,0
507,2054,1
3688,980,0
2285,603,1
3689,1610,0
2471,2059,0
91,313,1
1430,2060,0
3460,1085,1
730,487,1
3690,1428,0
649,157,1
2209,1734,1
2606,1411,0
3376,2061,0
3130,1024,0
2685,498,0
3691,621,1
138,134,1
2991,154,1
1728,1004,0
3243,866,0
1608,1799,1
1467,1223,1
18,1389,1
1123,757,0
2615,1322,0
1400,1067,0
2128,1536,0
613,521,0
536,512,0
3692,1861,0
156,2050,0
323,228,1
2708,486,0
3693,706,0
299,134,1
217,622,1
233,403,0
2491,1232,0
304,808,1
3222,1325,1
2578,198,1
1414,62,1
12,1435,1
2233,1750,0
13,1347,1
270,123,1
1345,2005,1
614,7,1
52,170,1
1112,680,1
1112,145,1
1054,55,1
1563,346,0
1418,630,0
1147,1608,0
3694,1437,0
1255,21,1
1705,462,1
3695,959,0
955,840,0
519,1292,0
2054,2062,0
2276,1094,0
2861,87,0
2028,1671,0
1391,846,1
1501,1134,0
3279,359,0
1581,55,1
1823,255,1
3696,233,1
2555,127,1
2733,789,0
487,1811,1
3696,59,0
320,653,1
1011,1341,0
1510,734,0
701,11,1
1164,1278,0
2713,1234,1
2008,1345,0
3697,391,0
1485,233,1
3698,2009,0
2033,1324,0
2310,1592,0
2487,978,1
3699,1065,0
304,350,1
1066,2063,0
3700,1910,0
1753,311,1
3701,799,0
2910,273,0
1126,257,1
229,270,0
2035,564,1
1909,267,0
2175,219,1
2237,1448,0
580,384,1
3702,170,1
132,1479,1
3703,1736,0
3486,1381,1
13,919,1
979,1026,1
636,123,1
2800,95,0
498,846,1
2713,426,0
3704,98,1
242,303,0
665,481,0
48,1480,0
744,226,0
2,1880,0
2926,70,0
3525,256,0
803,71,1
3297,172,1
104,318,1
1418,806,0
3705,286,0
987,1355,0
1942,598,1
1706,201,0
1349,315,1
3706,781,1
1265,90,0
3707,1993,0
2839,1081,0
1118,325,0
484,1934,0
3708,2033,0
2515,1656,0
1037,460,1
2530,313,1
546,2064,0
731,123,1
1407,1566,0
1805,1561,1
1613,1480,0
3709,1762,0
3660,872,0
397,242,0
456,1499,0
1307,156,0
1454,168,1
23,326,0
523,1482,1
2413,229,0
80,55,1
3017,5,1
1419,461,1
1757,1876,0
641,388,1
703,233,1
1429,123,1
3710,2065,1
1868,105,1
853,645,0
3711,1491,0
2129,313,1
943,1377,1
62,791,0
2409,815,0
3712,803,0
2940,1004,0
3713,43,1
2044,486,1
929,258,1
990,164,1
2795,2066,0
768,7,1
411,350,1
615,160,1
10,1300,0
427,400,1
1109,1655,0
3445,1441,0
2418,2020,0
3698,1320,1
1241,508,1
3691,1921,0
3615,168,1
2762,412,0
136,145,1
409,556,1
1819,497,0
1585,2041,1
1182,1582,0
521,1768,0
2068,1224,1
2822,1364,0
3714,198,1
3715,2,1
1931,1,0
2901,27,1
936,333,1
2548,231,1
2176,1645,1
655,505,0
827,2067,0
3716,717,0
2916,556,1
3717,165,1
3718,89,0
1844,993,0
288,1681,0
202,154,1
2825,154,1
3719,1455,1
1880,847,0
2946,261,1
1510,123,1
2292,398,1
1286,278,1
1354,165,1
1155,460,1
444,819,0
1090,481,0
2599,1677,0
3720,97,0
2155,1222,0
3721,1922,1
2063,945,1
2151,25,1
2827,1024,0
3722,1489,0
667,762,1
2201,484,0
1144,77,1
3723,2068,0
3724,1567,0
350,1610,0
3725,1789,0
2369,591,0
2693,223,1
2047,1178,0
444,1321,0
2378,684,1
2839,1616,0
1485,129,1
2956,1694,0
1030,664,0
2069,581,0
1765,1500,0
3726,1426,1
665,958,0
2239,2069,0
1988,157,1
1296,1892,1
239,1923,0
1025,315,1
1008,1109,1
1516,1256,1
972,355,0
551,72,0
3727,992,0
2827,1405,0
3728,154,1
3729,286,0
1020,463,0
2281,1994,0
3730,1017,1
3229,1914,1
919,521,1
135,91,1
3731,996,0
1572,905,0
990,582,0
2179,154,1
159,1100,0
3732,569,0
569,1120,1
3733,200,0
621,429,1
2157,1921,1
2267,1253,0
1567,547,1
31,2070,1
3734,306,0
2436,179,1
3735,182,0
3736,551,0
1239,335,0
1992,2071,0
1705,198,1
717,374,1
843,1239,0
1210,55,1
2963,179,0
511,157,1
1205,536,0
3737,89,0
3671,1146,0
130,201,0
1613,123,1
3427,39,1
3738,922,0
239,453,1
2660,649,1
2721,48,1
1422,515,0
2511,420,0
3280,446,0
189,1515,0
965,181,1
2254,1313,0
3570,935,0
549,2029,0
457,966,0
2516,622,0
503,48,1
281,43,1
2862,7,0
2828,168,1
2672,123,1
3645,1396,0
1547,377,1
3739,1959,0
617,308,1
3740,521,0
3741,1875,0
603,1300,0
2522,229,1
2406,749,0
3284,943,1
2085,321,0
1190,48,1
2174,380,0
138,612,0
3055,1373,0
1825,46,1
3367,417,1
1478,1907,0
2248,196,0
934,811,0
2336,1270,0
3742,424,1
3743,497,0
2806,653,0
651,2066,0
3077,55,1
12,110,1
3709,845,0
2955,55,1
1222,1831,0
260,386,1
620,52,0
3095,258,1
3744,104,0
2640,168,1
2165,1993,0
2547,366,0
1820,1248,1
3405,1824,0
1902,72,0
66,911,1
833,1646,0
3745,243,0
1351,9,0
1411,680,1
3746,1717,0
552,550,1
1753,160,1
3383,566,0
3694,405,0
504,556,1
3468,199,0
3747,153,0
2374,858,0
714,6,1
952,666,1
3748,1159,0
3051,64,1
129,787,1
465,77,1
3749,236,0
3750,1771,0
1847,929,1
3135,2072,0
2992,1828,0
2541,320,0
1139,55,1
2498,540,1
448,1184,0
3751,424,1
597,355,1
2991,1005,1
875,1633,0
522,949,0
3752,188,1
3753,1169,0
511,1222,0
3754,22,1
484,1265,0
1660,1977,0
1765,82,1
2632,178,0
3755,2067,1
1307,2038,0
3617,505,0
1613,382,1
460,310,0
1187,1591,0
3558,994,1
2252,1526,0
3414,941,0
45,1563,1
207,169,1
413,501,0
1753,1240,1
495,852,1
733,316,0
2653,1725,0
3756,55,1
3757,2023,0
1166,447,1
3372,477,0
1570,1487,0
3294,1331,0
1485,374,1
652,856,0
3199,1524,0
720,563,0
3758,1620,0
951,225,0
914,1704,0
34,315,1
891,169,1
3759,1060,0
895,1555,0
1850,374,1
109,728,1
556,91,0
2886,1306,0
1576,1305,0
3650,159,0
21,1969,1
165,308,1
2991,48,1
3760,747,0
1146,133,0
3761,2073,0
2279,557,0
1486,1066,0
3762,1769,1
2515,292,0
1685,308,1
1135,1646,0
1859,62,1
1965,846,0
1822,618,1
147,2009,0
3523,20,0
3426,603,0
3650,413,1
2398,1840,0
2852,2008,0
3763,220,0
7,308,1
2453,1776,0
776,154,1
1015,198,1
1979,1671,0
3474,472,0
1471,2069,0
3390,1846,0
2508,802,0
843,2055,1
1253,183,0
568,79,0
2329,1040,1
3397,638,1
3764,811,0
2361,1519,0
1345,670,1
2970,170,1
13,1156,1
326,1427,0
3747,1071,0
3220,64,1
2728,1584,0
384,437,1
3141,41,0
3765,835,0
956,21,1
3766,1270,0
136,376,1
1532,1480,0
1352,62,1
151,2008,0
808,1084,0
1008,1037,1
2746,257,1
3242,198,1
1518,169,1
1448,404,0
1765,1114,0
3767,1625,0
2876,1369,0
2477,917,0
21,1934,0
1911,481,0
3768,413,1
1483,99,0
3517,2002,1
3630,543,1
1062,1017,1
2569,1460,0
645,7,1
2339,62,0
3093,562,0
3769,123,1
2354,710,0
617,154,1
421,160,1
2566,1668,0
3154,830,1
3770,657,0
635,505,1
3001,1836,1
2470,2074,0
3203,458,0
948,123,1
1028,729,0
369,1584,0
612,2075,0
106,328,1
1834,1065,0
339,681,0
210,197,0
3771,275,0
2561,1468,0
2174,157,1
234,1440,1
2480,1320,1
448,1731,1
378,553,1
3772,1096,1
1083,141,1
3260,942,0
3540,1610,0
3034,1353,0
193,1715,0
1890,333,1
2048,1005,1
2832,1459,1
1009,168,1
1919,308,0
191,642,1
2960,1352,0
2955,599,1
247,918,1
2837,937,0
3773,1082,0
1236,7,1
481,102,0
1829,134,1
3137,1838,0
2193,2076,0
2675,264,0
2903,561,0
2378,691,1
51,1721,1
3515,1829,0
814,1215,0
313,1642,1
2814,39,1
362,314,0
3628,1879,1
329,1712,1
2270,608,0
3774,862,0
3775,1934,0
1240,1206,0
3396,190,0
1700,1753,0
964,1120,0
2094,1677,0
953,817,0
304,1558,0
3776,2077,0
2466,123,1
658,501,1
667,714,1
1126,973,0
3777,2036,0
3778,1171,0
704,11,1
1466,313,1
3020,1310,0
284,701,0
2941,123,1
3779,357,1
3212,1446,0
1502,483,1
3342,966,0
3747,479,0
1349,2003,0
561,123,1
533,123,1
2316,1758,0
1544,1138,0
632,1568,0
1008,61,1
2872,1819,0
837,1580,0
503,1665,0
2967,168,1
2015,690,1
1524,559,1
1054,2067,0
2175,134,1
979,150,1
3780,776,0
306,1709,0
3269,486,1
615,2078,0
2656,377,1
392,816,0
3441,1252,0
2836,484,0
376,432,0
3135,970,0
1587,543,0
1084,531,0
1239,48,1
972,593,1
1427,1167,0
829,1079,1
2231,1879,0
1107,1300,1
3781,877,0
594,2079,0
1643,541,0
502,360,1
985,468,0
863,89,1
3634,1153,0
5,1137,0
3066,1558,0
1826,453,1
2136,249,0
2075,72,1
1201,350,1
2687,280,1
435,55,1
1037,154,1
2119,77,1
2534,634,0
2485,606,0
3130,999,1
1263,2080,1
190,322,1
526,357,1
3782,2081,0
3783,552,0
3468,357,1
1132,48,1
428,2001,0
1889,1817,0
1719,540,1
3784,1895,0
91,657,0
533,1712,0
833,1201,1
544,378,0
3449,447,1
3048,405,0
1129,1056,1
781,156,0
3632,11,1
2613,1366,1
1466,1075,1
1121,120,0
902,1106,0
287,7,1
8,1151,0
161,268,1
178,455,1
3785,807,1
2252,64,0
281,114,1
1920,258,1
3786,1937,0
2129,374,1
1609,62,1
609,1914,0
3103,468,1
2497,1306,0
1614,217,0
3746,114,1
3787,1076,1
3788,806,0
3501,1448,0
919,48,1
3005,2082,0
1866,294,0
3789,1329,0
1596,2083,1
952,1766,1
3790,1469,1
3790,163,0
1157,1506,0
3399,858,0
3581,492,1
1350,1978,0
528,2084,1
117,956,0
1577,623,1
730,1438,1
104,1251,1
2383,1613,1
992,154,1
3791,1131,1
1909,755,1
2151,1874,0
1499,77,1
2478,347,0
854,323,1
2933,123,1
304,501,1
2479,636,1
3792,740,0
3182,943,1
3793,1419,1
184,1626,0
2698,168,1
3077,995,0
254,154,1
338,707,1
831,645,1
3794,1168,1
2176,60,1
3053,1249,0
3149,1019,0
3631,1070,0
144,648,1
2058,802,0
3774,379,0
869,1369,1
3657,390,1
1800,2069,0
1674,187,0
2202,959,0
1423,1942,0
832,264,0
905,690,0
2949,141,1
3449,48,1
1980,1222,0
3795,1518,1
290,315,1
1202,1590,0
299,808,1
273,1952,0
3192,154,1
453,1666,1
3796,24,1
1290,580,1
3797,2051,0
3155,123,1
513,1441,0
1832,559,0
224,168,1
2268,1462,0
3798,416,1
340,219,1
1112,462,1
3219,64,1
3799,1125,1
13,930,1
2612,43,1
1109,594,0
1146,700,0
1826,377,0
69,154,1
1467,251,1
3800,1681,0
3801,2085,0
71,1536,0
3107,2086,0
840,649,1
2267,1551,1
1513,1926,1
2039,109,0
2405,323,1
1892,1898,1
740,755,1
550,1373,0
3802,1863,1
2996,1901,0
3055,846,1
3803,2041,0
3804,2017,0
3805,653,1
2752,994,1
3806,982,0
3807,1769,1
1502,1955,1
2340,182,0
3808,1773,0
1659,228,1
46,1579,0
2561,519,0
3809,600,1
3810,77,0
3258,1246,0
1099,1871,0
2125,781,1
1727,272,0
2034,974,1
278,62,1
2442,334,0
1169,1259,1
3608,633,1
1476,43,1
1341,287,0
459,1878,1
3811,810,1
3220,2087,0
98,662,1
2528,911,0
147,11,1
2756,75,0
2001,968,1
3243,151,1
3240,1173,0
1060,1636,0
523,1586,1
3812,1143,0
3813,225,1
2160,836,1
3392,537,0
3470,55,1
2242,913,0
3085,1091,1
3814,1162,1
612,141,1
2920,1762,0
3414,1277,0
1873,1079,1
1446,2088,0
1348,2089,0
3632,1111,0
1513,1724,1
901,600,1
3815,377,1
1258,1637,1
550,1682,0
1678,501,1
365,1315,0
3816,1017,1
2555,1133,0
3817,1185,0
2092,2090,1
2163,1337,1
1506,152,1
3818,1776,0
2841,1026,1
2157,403,1
2878,372,1
3819,661,0
1821,154,1
1526,145,1
3166,1026,1
2506,1228,0
13,695,1
1229,228,1
3695,154,1
1257,1506,1
3119,1982,1
815,81,0
675,1960,0
605,501,1
2792,1967,1
393,1570,0
3693,1320,0
1815,1745,0
2870,1376,1
807,2091,0
445,110,1
2225,2076,1
3820,1797,0
2976,1038,0
2821,961,0
515,140,0
92,1953,0
220,382,0
2621,316,0
1727,53,1
415,1288,0
3363,1867,1
3821,1640,0
2874,17,1
634,141,1
3822,1248,1
491,1310,0
1884,315,1
1414,168,1
1092,1366,0
1768,239,1
2668,1270,0
2200,631,0
1829,308,1
2201,1438,1
690,1316,0
3319,528,1
1467,1803,1
3280,378,0
731,77,1
169,935,1
69,123,1
3443,417,1
1324,43,1
2570,600,1
3584,154,0
3823,752,0
42,462,1
1888,381,1
3817,1700,0
3824,413,1
2297,1422,0
1801,667,0
2012,857,0
3825,1092,1
718,2092,0
1929,1314,1
3826,1366,0
1545,622,1
649,2041,0
221,228,1
3827,310,0
1166,761,1
211,377,1
1482,37,1
3105,1937,0
3594,556,0
2128,2042,0
91,600,1
518,2093,0
1777,77,1
728,1061,0
1654,11,0
1660,325,1
3341,555,0
1850,501,1
1160,228,1
3828,1811,0
2099,616,1
1228,325,1
1673,23,0
720,1187,0
1403,69,1
719,970,1
3188,654,1
2246,277,0
3829,1389,0
13,1691,1
1113,1601,0
192,1079,0
2237,386,0
3050,2004,0
918,492,1
1368,715,1
3371,303,0
1506,362,1
3830,1276,0
1160,64,1
3173,846,1
3031,385,0
333,1438,1
319,137,0
970,1910,0
3399,1096,0
1414,64,1
1559,465,1
2228,1128,0
3618,411,1
1272,669,0
3219,67,1
3565,123,1
1568,1282,0
91,91,1
411,998,0
3831,1011,0
1333,1854,0
431,1005,1
1846,1457,1
90,1497,0
992,460,1
2140,2069,0
926,1278,0
675,1430,0
1986,48,1
228,580,1
753,293,1
1354,388,1
351,1772,1
3740,963,0
2184,21,1
1784,1573,1
3380,1300,0
1443,19,0
3832,968,0
107,925,1
1590,713,1
13,1438,1
2366,1214,0
804,635,0
459,453,1
2386,1808,1
3833,790,0
636,168,1
2284,1242,0
3834,1835,0
2609,153,1
3717,315,1
1950,1196,0
3190,170,1
528,612,0
3835,1989,0
492,77,1
504,1606,0
1368,205,0
2292,123,1
25,413,1
2552,958,0
320,506,1
2625,88,0
400,1467,0
782,1520,0
2131,377,1
1758,1808,1
2837,104,0
1769,896,0
3784,770,1
1526,268,1
223,1248,0
1988,315,1
1365,77,0
2842,168,1
1824,1111,0
1515,1414,0
2719,713,0
10,970,1
938,148,0
215,55,1
427,71,1
3048,968,1
1824,2049,0
3546,116,0
287,1147,1
2701,1012,1
2784,1368,0
3161,1641,0
2173,786,0
398,1576,0
730,2065,1
149,1085,1
1659,202,1
903,1127,1
275,308,1
2670,1995,1
3305,413,1
725,55,1
2435,1886,0
71,157,1
1502,1318,1
2871,1186,1
3836,310,0
3676,559,1
3673,675,0
3257,126,0
3321,374,1
1613,2094,1
633,1801,0
857,941,0
342,1574,0
93,390,0
149,713,1
1867,1394,1
557,21,1
1501,623,1
2348,315,1
967,505,1
3837,174,1
3838,2095,0
2189,22,0
2365,170,1
1502,296,1
1879,228,0
1430,123,1
748,1672,0
1905,603,1
2479,1222,0
3159,1592,0
370,197,1
930,471,1
1619,977,0
1105,627,0
3839,832,0
3840,1674,1
3038,123,1
753,698,0
2451,835,1
3841,1656,0
3125,1689,1
1039,147,1
115,1095,0
196,694,0
2329,765,1
2273,26,0
3842,448,1
566,396,0
1678,1500,0
1159,308,1
3843,1087,1
3490,726,0
326,43,1
635,308,1
3112,487,1
1429,1501,1
1825,431,0
2882,123,1
254,228,1
435,600,1
3844,262,0
2448,22,0
2326,9,0
3559,2072,0
384,424,1
3845,1541,0
3846,1145,0
1471,2096,1
3335,141,1
1429,55,1
1517,1967,1
438,122,0
3021,103,0
3625,1986,0
1534,1506,0
1859,155,1
2769,377,1
3847,829,0
1015,621,1
3848,780,1
1841,713,0
2236,266,0
3849,261,1
2115,876,0
2366,427,0
1920,460,1
1104,80,0
1318,613,0
1235,783,1
192,347,1
3850,119,1
3740,1906,0
3061,2097,0
2061,198,1
3851,416,0
1698,134,1
613,1778,1
869,530,0
48,341,0
2680,214,1
202,62,1
1184,1541,0
1956,198,1
181,447,1
3726,921,0
3609,750,0
3852,296,1
686,246,0
3833,64,1
1238,531,0
3830,507,0
674,1118,1
1859,123,1
2430,913,1
1028,1484,0
3301,708,0
846,1761,0
1166,551,0
948,350,1
1062,1870,0
3729,755,1
183,1283,0
3170,375,1
3853,332,0
2468,2003,0
250,220,0
3854,1294,1
2085,1162,1
466,504,0
1414,157,1
199,521,0
2358,1537,0
1187,323,1
2371,910,1
2960,315,1
377,1441,0
960,306,0
736,806,0
1281,1867,1
3283,2067,0
3855,622,1
622,1819,1
3492,360,0
2814,198,1
1739,1988,0
548,78,0
317,372,1
3856,1369,0
3651,1271,1
1936,393,1
1377,1203,0
256,1866,0
2176,2098,1
1414,362,1
669,680,1
3103,1866,0
1156,891,1
1775,396,0
1690,564,1
1506,268,1
3857,2099,0
1873,313,1
1769,2032,0
2916,123,1
1755,2098,0
1512,62,0
1615,703,0
2691,1806,0
1384,978,0
983,18,1
3580,1650,0
2066,628,0
56,1501,1
3858,478,1
2190,1160,0
424,155,1
1831,821,0
3859,24,1
2820,110,1
937,2087,1
2314,147,0
1793,1155,0
22,48,1
388,781,1
949,378,0
512,80,0
281,154,1
1565,305,1
3161,2100,1
3368,14,0
259,556,1
3860,1288,0
337,258,1
3731,5,0
1467,1480,1
3861,722,1
600,749,1
3862,26,1
429,114,1
3863,412,0
3864,181,0
2947,43,1
365,616,0
3461,51,0
312,11,1
1206,2034,0
2381,639,1
3865,796,1
2442,267,0
2055,151,1
2412,275,0
1160,700,0
3829,1004,0
1212,123,1
3466,197,1
3866,270,0
3867,278,1
1038,772,0
1107,2006,1
801,261,1
523,746,1
2996,1437,0
3126,151,1
1413,951,0
136,505,1
3592,1616,0
3314,123,1
704,309,1
3868,198,1
3869,238,0
3258,1590,0
3870,713,1
177,556,1
1824,257,1
2028,807,0
3860,82,1
587,1865,0
3749,841,0
786,1055,1
21,11,1
3871,170,1
1819,958,0
3872,1121,0
2780,1255,1
2295,210,0
299,7,1
3743,1559,0
528,2101,1
3873,417,1
2428,404,0
240,2084,0
3874,1669,0
3054,168,1
1503,203,1
3875,174,0
504,233,1
1530,357,1
885,372,1
414,142,0
1097,1008,1
3182,673,0
2602,502,0
3459,1663,1
2693,1050,1
1227,1120,0
2202,1205,0
2602,1221,0
173,1243,1
3876,946,0
3877,233,1
2823,604,0
1074,449,0
429,1203,0
919,168,1
3878,1542,0
2715,48,1
1079,610,0
1300,61,0
3879,1201,0
779,1477,0
1455,413,1
1467,1899,1
1467,2080,1
1553,846,1
3880,1091,0
2026,412,0
1930,1217,0
1120,1472,0
1656,1742,0
45,1355,0
207,233,1
3650,300,0
823,274,0
1301,154,1
304,323,1
3251,1174,0
3881,1414,0
1352,2102,0
3882,1829,0
87,1885,0
1327,603,1
1577,877,1
1851,1075,1
3321,866,0
321,707,0
134,754,0
1825,780,0
1412,231,1
3732,1756,0
31,844,1
2239,747,1
1575,1415,1
336,1289,0
2888,832,0
1801,497,0
3883,119,1
1388,559,1
2511,1047,0
43,1390,1
203,600,1
859,1995,1
351,529,0
613,1470,1
2385,21,1
136,680,1
2203,2103,0
2567,642,1
3478,123,1
885,2024,0
1209,55,1
3884,129,1
23,825,1
2411,117,1
1219,1272,1
3885,170,1
2359,1701,0
211,2082,0
3356,1953,0
3886,1821,1
636,755,1
2739,2104,1
3009,328,1
495,1501,1
986,694,1
2713,600,1
1247,1423,0
1146,808,1
227,772,1
1574,152,0
3733,4,0
3597,385,0
1324,543,1
1706,77,1
3196,1184,0
642,595,1
997,789,0
981,564,1
3537,639,1
524,1875,0
2119,48,1
3887,1458,0
957,1187,0
1083,512,0
2381,43,1
210,1736,0
3037,1430,0
624,6,1
91,155,1
495,1439,1
2351,1368,0
1712,538,1
2269,1821,0
246,431,0
13,1764,1
601,877,0
1273,1527,0
3032,393,0
2358,1855,0
3023,527,1
3493,1333,0
2279,907,1
1871,170,1
3888,830,0
1270,1371,0
3632,156,1
3889,264,0
3615,274,0
114,565,0
2295,335,0
1193,311,0
254,157,1
118,1075,1
3595,1331,0
1567,1271,0
2409,640,0
1991,1414,0
930,1419,1
13,67,1
2547,21,0
1568,610,0
3416,9,0
1067,765,1
3311,55,1
2336,379,1
41,1262,0
1322,350,1
3598,810,0
1569,1841,0
1702,1886,1
106,62,1
16,128,0
2665,514,0
3360,484,1
528,541,1
2527,786,1
343,218,0
2373,55,1
645,355,1
2353,978,0
1685,929,0
3890,1104,0
311,508,1
905,968,1
3729,123,1
3136,841,0
1440,114,1
3133,1549,0
41,1002,0
435,1105,0
563,53,1
1325,39,1
135,638,0
3571,2019,0
3466,722,0
2700,1196,0
3517,168,1
1055,219,1
3513,545,0
2993,2105,1
1228,858,1
2426,233,1
2961,814,0
2640,1149,0
1683,311,0
1553,1485,0
2643,1268,0
2857,755,1
3125,154,1
13,749,1
421,355,1
3538,950,0
3810,1508,0
1925,978,0
3891,1669,0
3232,1227,0
1469,233,1
2421,1918,0
3822,1202,0
3675,151,1
938,1826,1
1698,1370,0
1894,1372,0
2592,898,0
136,355,1
1466,846,1
986,1137,1
2866,1590,0
3644,69,0
3727,822,0
3182,922,0
3892,984,0
2756,1400,1
1755,77,1
882,2054,0
3893,864,1
3894,350,1
3610,1248,0
2535,503,1
964,1774,1
2104,1371,0
2541,101,0
3336,995,0
447,154,1
3895,110,1
3896,1416,0
945,328,1
11,1575,0
13,341,1
3345,947,0
2923,1286,0
2621,2099,1
3897,67,0
2303,448,1
3888,2106,0
1327,867,0
1957,1614,1
2572,701,1
3333,1234,1
786,1531,0
473,1767,0
3898,226,1
528,1985,1
3882,1635,0
730,1003,1
1879,350,1
3696,478,1
2812,1086,1
3793,792,0
3242,1840,0
3109,43,1
2023,489,0
2175,226,1
3749,622,1
3849,725,0
577,639,1
16,461,1
826,334,0
3191,155,0
3410,265,0
147,1858,0
3899,2107,1
91,114,1
1964,1076,1
1239,62,1
3900,1988,0
3065,1353,0
2561,1273,0
1271,2084,0
2552,1573,0
387,1223,1
190,154,1
1223,155,1
3653,1743,0
1246,77,0
3494,371,0
671,600,1
3897,548,0
3862,308,0
3901,1699,1
604,2108,0
534,705,1
649,1557,0
2700,1079,1
1546,838,0
1881,43,1
380,1982,0
305,134,1
73,155,1
1503,257,1
1705,1102,1
2811,342,0
407,1415,0
107,48,1
233,1555,0
2629,21,1
642,235,0
2521,1115,0
2849,1886,0
544,39,1
3575,2109,0
621,623,0
1580,1785,0
3902,1998,0
1450,2015,0
3757,548,0
1863,399,0
1728,278,1
1876,439,0
3222,716,1
3512,757,1
915,716,1
2478,1511,0
622,836,0
572,605,0
3903,610,0
608,631,0
3889,1492,0
3904,170,1
1080,114,1
3150,1063,1
1372,1032,0
1981,508,1
304,505,1
1161,207,1
2856,110,1
1262,1995,1
259,501,1
3379,1664,0
3746,374,1
948,1026,0
1309,288,1
181,852,1
3276,1398,0
1430,551,0
376,930,0
1442,358,1
256,1192,0
2879,1211,0
3085,827,0
1208,2065,0
550,827,0
2235,172,1
2415,91,0
3905,1275,0
891,59,0
3689,700,1
328,904,0
3214,1700,0
304,91,1
3906,1462,0
2443,1644,1
740,163,1
227,1935,0
3907,2061,0
100,1075,1
2996,1153,0
3908,1372,1
3191,850,0
1371,1784,0
1590,1616,1
2558,849,1
753,1210,1
3336,1462,0
3909,542,0
3639,730,1
139,376,1
1358,20,0
287,134,1
2649,1512,0
1537,311,1
633,1686,1
498,1432,0
1676,188,0
2823,1349,0
3910,1953,0
2519,363,1
1955,168,1
305,2089,0
2714,369,1
3847,344,0
946,48,1
3083,1012,1
2433,282,0
3074,1592,0
1960,141,1
2709,1789,0
41,447,1
1715,1489,0
3384,2003,0
1282,55,1
1899,427,0
579,1592,0
1215,736,1
166,323,1
3747,216,0
3911,170,1
2785,233,1
2224,1701,0
1652,123,1
3090,56,0
454,600,1
3912,188,1
2793,622,1
3913,691,0
3175,1793,0
701,64,1
1178,561,0
863,355,1
2443,2099,1
1281,184,1
462,315,1
2349,789,0
137,7,1
3009,1434,1
2251,239,1
359,1013,0
2181,403,0
1323,1739,0
3914,1473,0
1805,1717,1
60,1359,0
2218,1523,0
884,141,1
3061,1898,1
2611,1529,0
1257,409,0
2484,334,1
975,781,1
701,75,1
2011,1010,0
982,24,1
1472,1254,1
3649,123,1
768,1240,1
3272,980,0
1502,1821,1
3177,565,0
1859,1210,1
1130,349,1
2742,1108,1
1411,1240,1
2422,1434,0
625,207,1
1701,1722,1
2828,123,1
2932,16,1
259,1075,1
135,293,1
3223,891,0
942,732,1
658,231,1
1239,64,1
2065,360,0
1078,731,1
1733,168,1
3598,1612,1
725,292,1
1881,873,0
2783,178,1
3630,170,1
3915,1038,0
2795,1314,1
67,112,0
3739,1742,0
786,508,1
3265,1857,0
844,2037,0
2993,1000,1
1502,188,1
996,60,0
3916,694,0
598,1455,0
150,157,1
331,600,1
2791,138,0
3327,1719,0
762,717,0
2430,772,0
669,226,1
138,123,1
671,1775,0
3729,597,0
3917,123,1
645,157,1
3572,1199,0
1281,1987,1
3745,1088,0
3793,1269,0
473,355,1
416,992,1
3325,863,0
507,272,1
617,311,1
3826,1150,0
13,973,1
2948,357,1
2499,2110,0
50,484,1
1025,1587,1
3918,19,0
753,600,1
3915,198,1
1283,1111,0
2276,1259,1
1274,1684,1
2862,21,0
3882,1861,1
79,2050,0
614,154,1
776,123,1
631,1547,0
1995,1525,0
1288,123,1
1961,1025,0
1038,2111,1
3161,1786,0
26,970,1
2761,2112,0
399,1055,1
3919,416,1
3920,864,1
3635,1671,0
3291,314,1
1692,1454,0
30,783,0
3921,662,1
1602,99,0
939,2113,0
116,336,1
3365,338,1
1974,906,0
2548,692,0
1289,1596,0
203,400,1
2700,1361,0
1553,197,1
1445,1186,0
1463,55,1
3723,967,0
104,1901,1
260,1651,1
1110,1665,1
1876,1614,0
2020,43,1
3616,141,1
3284,1814,0
1924,917,1
1739,43,1
1400,453,1
409,849,0
3922,333,1
3106,15,1
465,168,1
3359,1131,1
1016,384,1
896,32,0
199,870,0
3923,2007,1
1110,440,0
3924,1651,0
3925,220,0
1204,188,1
3926,596,0
136,7,1
3927,1496,0
3775,1378,0
1846,1974,1
3014,1323,1
1553,261,1
2569,1329,1
3761,324,0
31,1233,0
3098,910,0
1416,372,1
3804,1017,1
3836,1369,0
3495,1053,0
3388,1116,1
3928,576,0
1620,55,1
279,2097,0
3929,53,1
529,48,1
3930,1258,0
793,826,0
1533,64,1
1422,445,0
1862,27,1
1244,1055,0
2120,1898,0
2746,836,0
599,1790,0
2196,460,1
2702,639,1
3890,302,0
3414,46,1
2680,1302,1
3123,558,0
1771,1005,1
1580,249,1
3931,622,1
1266,969,0
703,374,1
2764,1235,0
998,184,1
13,1747,1
435,1075,1
3932,1631,0
416,609,1
185,1029,0
927,879,0
3466,55,1
1861,1301,0
3252,1224,0
2914,99,0
3933,287,0
2868,1376,0
1765,1867,1
3751,1853,0
1017,123,1
1453,722,1
764,2069,0
2084,947,0
275,808,1
2326,749,0
60,958,1
3934,1734,1
3935,1268,0
3349,123,1
3585,454,0
2874,1048,0
2066,1587,0
3099,428,0
2472,207,1
2374,556,1
3936,113,0
2954,180,0
1744,191,0
1339,1570,0
2226,43,1
433,1036,1
3937,1344,1
1997,1849,1
2478,1253,0
1088,892,0
98,77,1
3187,318,0
13,1328,1
3938,1502,0
766,1363,0
8,1662,0
879,1705,1
3939,351,0
2494,272,0
3851,1593,0
204,188,1
1111,196,1
34,123,1
2806,747,1
2648,123,1
3404,772,0
374,521,1
2981,824,0
1253,206,0
400,115,1
848,249,0
261,1899,0
1176,1858,0
3082,1552,0
203,1575,1
1296,73,0
3027,1605,1
2555,349,0
1324,325,1
1151,55,1
730,749,1
346,1927,0
726,1261,0
2227,618,0
3628,200,0
459,2082,0
444,1600,0
943,7,1
1212,388,1
331,350,1
331,91,1
391,187,0
3462,1318,1
3940,954,0
1318,1842,0
1590,1965,1
2623,1744,0
436,1489,0
3941,95,0
1164,154,1
820,702,0
104,1923,1
891,202,1
3721,294,1
1251,169,1
13,911,1
1223,806,1
2334,742,1
3660,143,0
704,1264,0
1575,169,1
3027,762,0
2688,290,0
2245,150,0
2212,669,0
966,1325,0
318,1283,0
3453,1904,1
3942,1092,1
3142,557,0
1749,753,0
3894,261,1
3461,1684,1
1078,822,1
3880,452,0
425,1482,0
3943,6,0
894,508,1
2087,1484,0
3944,2008,0
2275,249,1
1301,1420,0
3333,1829,0
409,55,1
495,455,1
73,233,1
51,751,0
878,1850,1
457,1961,1
2086,640,0
3945,233,0
1997,955,1
462,508,1
1151,43,1
618,1457,1
402,354,0
562,2058,0
3946,77,1
1840,55,1
2837,1942,0
1314,1780,0
105,114,1
3280,297,0
3947,228,1
34,338,0
2585,1889,0
1808,1564,0
1964,1687,0
2939,377,1
3390,1162,1
3948,682,0
2278,1895,1
2850,5,1
3931,1535,0
221,1470,0
343,828,0
1519,1469,0
139,160,1
3033,1082,0
920,556,1
1777,1232,0
340,308,1
209,666,0
3231,460,1
1568,423,1
304,2109,0
3446,1463,0
731,7,1
1214,1269,0
2585,1778,0
78,447,1
3042,1961,0
2562,155,1
1763,297,0
773,424,1
3131,1287,0
1376,848,0
528,1749,1
3949,1837,0
3117,785,0
3904,135,0
2449,857,0
827,91,1
1577,490,0
2246,290,1
366,246,0
302,979,0
3007,1413,0
317,62,1
3873,1719,0
2501,1550,1
2623,823,0
102,1316,1
2874,1429,1
3950,774,0
2066,1083,0
126,1625,0
3951,468,1
1101,1791,1
3952,434,0
3265,1479,0
144,1643,1
703,178,0
3329,828,0
2353,1243,1
304,374,1
958,542,1
2828,315,1
3953,1464,0
1602,831,0
1008,485,1
107,508,1
1474,1410,0
3167,112,0
3657,2114,0
3954,1467,1
3955,415,0
3956,1468,0
1999,56,0
39,503,1
2204,2115,0
3957,989,0
3647,1501,0
2001,913,0
1229,1605,0
628,487,1
1263,1480,1
2440,1317,0
760,1892,1
3612,1198,0
733,1162,1
2685,154,1
279,979,0
1361,55,1
207,155,1
3644,856,0
1016,62,1
429,936,1
2720,233,1
617,134,1
3958,1876,0
983,376,0
1585,1959,1
2405,668,0
264,1610,0
3341,707,0
299,1960,1
2740,606,0
1043,941,0
3959,655,0
964,100,0
508,1118,0
2755,2061,0
2149,286,1
2873,127,1
1879,123,1
3960,1294,0
2622,1113,0
1097,187,1
2345,1265,0
1018,488,0
3961,1769,0
3419,1216,0
2574,1787,0
989,636,0
641,912,1
624,595,1
449,650,0
2358,2053,1
958,5,1
3258,1195,0
1016,154,1
3962,1699,0
144,2116,1
216,1523,0
2030,2117,1
1566,1541,0
1590,1228,1
1165,1696,0
3963,947,0
3964,450,0
1652,1703,0
3375,985,0
139,268,1
1460,662,1
2240,595,1
1174,1946,0
795,556,0
3550,231,0
3965,1764,0
681,1856,0
3866,1601,0
793,251,0
3627,1065,0
2710,736,0
1909,1316,0
2348,1497,0
2640,1085,1
908,935,1
653,15,1
3166,518,1
2653,1597,0
2050,968,1
2740,471,0
3894,1200,0
1144,385,1
3966,1621,0
1805,558,1
2230,1084,0
1507,478,1
166,846,1
633,323,0
2287,2028,0
657,1453,0
2440,176,0
2374,374,1
1394,1870,1
2825,48,1
2647,498,1
2581,1754,1
614,870,1
1873,1041,0
605,1685,0
135,233,1
947,67,1
1870,350,1
558,1765,0
3967,888,0
3968,665,1
203,123,1
2570,71,1
3765,732,0
2044,1253,0
2374,155,1
1866,1292,1
1336,159,1
3573,1700,0
1725,188,1
361,508,1
3111,508,1
244,387,0
136,157,1
3969,292,1
3970,363,0
1672,2061,0
1052,170,1
80,54,1
444,617,0
859,83,0
2617,189,1
2529,844,0
1058,1995,0
2471,475,0
998,1603,1
2016,958,1
3092,1906,1
3530,712,0
150,133,1
1175,1834,0
1010,1962,0
3495,1191,0
2242,787,0
814,86,0
673,1005,0
3971,750,0
3972,314,1
2975,856,1
3278,2118,0
2003,460,1
1713,1884,0
1144,1434,1
256,1073,0
2979,1207,0
2005,228,1
2604,536,0
416,1764,0
1172,1184,0
2649,1006,1
1429,852,1
2861,216,0
3973,864,1
3974,1205,0
385,642,0
9,1183,1
271,31,0
358,323,1
1991,1640,0
1320,98,0
3701,1118,0
1921,876,0
384,1369,1
3833,257,0
2506,127,1
2933,901,0
508,46,1
2852,1041,0
3975,1652,0
161,355,1
2918,867,0
2691,911,1
3976,1553,0
3935,1194,0
1973,279,0
730,217,1
1289,627,0
135,123,1
3977,129,1
1439,170,1
1577,2075,1
3320,1637,0
3246,2095,0
2417,1561,0
1559,1399,0
2992,11,0
104,591,1
3191,412,0
421,308,1
2719,1817,0
2877,1752,0
1236,77,1
1590,27,1
3277,1996,1
3519,1372,0
2316,1720,0
456,1022,0
3504,112,0
1790,141,1
1784,1025,0
1300,600,1
3978,387,0
2540,46,1
2784,1787,0
2100,684,1
419,299,0
1326,1023,1
2232,642,1
1018,637,0
3979,500,0
56,936,1
2331,328,1
143,21,1
2448,38,0
2159,501,1
1508,1038,1
3246,129,1
3980,2072,1
3981,769,0
1299,705,1
389,1163,0
1935,1662,1
2826,755,0
2648,1909,0
1074,123,1
3013,1948,0
3918,313,1
2328,145,0
1561,1540,0
2820,945,0
1942,2072,0
1460,195,0
2295,132,1
2555,1241,1
1433,1010,0
1673,690,0
1807,1065,0
2662,869,0
1160,168,1
2386,1259,1
350,1019,0
1564,1326,1
340,145,1
615,226,1
3166,559,1
684,318,1
1590,23,1
2142,1368,0
3301,701,1
3538,1223,1
3461,543,1
3982,932,0
1482,305,0
1221,2019,0
1002,173,0
1008,1017,1
2179,196,1
2572,1344,0
3898,55,1
219,863,0
3983,1979,0
3901,1441,1
3282,1132,0
3410,662,1
3984,260,1
1890,943,1
2845,310,0
511,355,1
162,1225,0
15,77,1
3728,388,1
91,846,1
3985,715,1
808,123,1
3293,1100,0
3986,43,1
104,1178,1
2148,483,0
1181,374,1
1318,490,0
3987,758,0
2026,760,0
2180,686,0
252,1023,1
547,1422,0
891,43,1
804,600,1
668,362,1
1025,105,1
2665,372,1
1260,43,1
862,670,1
254,600,1
1067,371,0
1936,129,1
1113,2038,0
1119,53,1
1608,567,1
3003,163,0
3421,1184,0
3536,946,0
911,1292,1
2758,1,0
249,909,0
644,650,0
3666,997,0
2391,701,1
823,55,1
3766,1849,0
2527,1271,0
1630,1293,0
1879,1879,0
3105,122,0
3988,59,1
1289,1478,0
3387,551,1
1950,1112,1
3989,30,1
3514,377,1
2001,1278,0
411,372,1
1172,1996,1
1590,2119,1
1817,1024,0
2432,413,0
3990,1971,0
624,64,1
1158,935,0
3821,385,0
3905,1628,0
1912,52,0
3696,1898,1
1498,1672,0
3850,1876,0
3506,1587,0
1638,700,1
3424,1140,0
1013,1373,0
1950,1005,1
2940,538,1
3991,1399,0
3470,1396,0
415,233,1
608,357,0
3692,1409,0
338,497,1
434,793,0
2343,1957,1
613,63,1
3255,224,0
3547,28,1
2923,583,0
3227,1420,0
490,447,1
2333,2052,0
3992,393,1
2725,1938,0
1659,155,1
201,2120,0
2732,1301,0
3572,1287,1
644,142,0
1836,339,0
3587,618,1
1962,890,0
775,1290,0
2930,1787,0
1886,1251,0
305,504,1
1773,903,0
3993,100,0
484,149,0
435,1790,0
3377,315,1
753,847,0
2195,1324,0
3917,1402,0
1659,43,1
1575,62,1
3994,1901,0
3904,1186,0
2175,808,1
729,1866,0
2659,949,0
3778,1215,0
340,322,1
3994,154,1
151,1138,0
1575,114,1
1979,1329,1
3740,1878,0
3102,1959,0
222,1315,0
2540,1314,1
603,1351,1
1643,1463,0
575,1413,0
647,374,0
3819,394,0
1429,1080,1
581,486,0
1958,447,1
2882,257,1
726,168,1
3517,1275,0
3995,1242,0
703,806,1
1411,808,1
181,2033,0
18,642,1
3996,381,1
421,1594,0
3952,1789,1
1122,46,1
3997,389,0
3350,1244,0
859,1656,1
3195,1331,0
209,820,0
1733,942,1
1635,1458,0
587,62,1
2628,927,1
3096,564,1
3998,455,1
2503,511,0
232,1862,0
1337,758,0
3027,2068,1
3582,1958,1
367,2120,0
1932,1092,0
1718,1981,0
3014,1693,1
718,1790,0
220,202,1
1173,310,0
443,77,1
2614,429,1
17,935,0
280,315,1
1037,114,1
2757,920,0
38,39,1
1143,1385,0
1885,1326,1
3879,1736,0
951,580,0
1390,940,0
674,926,0
3999,913,1
407,1028,0
3703,498,1
3415,1945,0
294,394,0
4000,1677,0
2652,2092,0
3367,1137,0
2693,1608,1
1705,667,1
1583,64,1
2778,556,1
2239,1158,1
726,540,0
304,261,1
4001,111,1
2142,765,1
1151,1124,1
2237,1660,0
3432,767,0
1062,374,0
2672,48,1
1636,124,0
528,813,1
436,1504,0
2569,12,0
1292,132,0
1784,124,0
3827,70,0
2329,1415,1
1281,54,1
645,1385,0
1710,257,1
701,168,1
102,488,0
207,129,1
685,1137,1
1950,206,1
1155,608,1
190,77,1
770,261,1
177,55,1
1554,198,1
419,123,1
1688,208,0
2235,1231,0
3066,462,1
1515,436,1
456,830,1
308,220,0
2227,1510,0
1114,720,0
273,64,1
1481,1106,0
4002,236,0
236,2052,0
202,114,1
1821,123,1
3790,623,1
13,1249,1
3195,1606,0
1800,172,1
50,1434,1
3310,192,1
3819,810,0
1577,36,1
2648,43,1
2484,123,1
79,447,1
1959,278,0
2404,350,1
2921,1674,1
323,233,1
2665,1629,0
968,2037,1
4003,180,1
1608,599,1
299,1898,1
268,372,1
2000,1289,1
4004,458,0
3154,539,0
2665,350,1
561,990,0
669,55,1
3940,141,1
1476,62,1
2614,1088,1
1765,184,1
104,700,1
128,1665,0
1312,650,0
504,43,1
1680,576,0
4005,129,1
3058,1092,1
3195,1288,1
515,656,0
1395,1667,0
3783,600,0
1320,527,1
1161,1712,1
340,477,0
1724,196,1
4006,1855,0
308,206,1
328,609,1
150,1684,1
878,153,0
3565,1091,0
278,48,1
815,1930,0
2832,48,1
3182,395,0
3801,194,1
1502,1588,1
3039,48,1
4007,1182,0
41,154,1
399,230,0
607,1769,1
1525,1183,0
1563,219,1
3696,861,0
4008,2081,0
4009,300,0
1078,1687,1
727,742,0
262,1433,0
2808,1034,0
3166,64,1
995,202,1
1659,806,1
3919,477,0
916,2046,0
1821,168,1
3354,1705,0
3449,123,1
1375,1479,1
3292,897,1
3211,1914,1
3602,970,1
667,384,0
4010,2027,1
2105,573,0
1182,1944,0
3130,1780,1
1150,699,0
3766,1995,1
384,33,1
2309,1680,1
3335,616,0
1504,461,0
291,755,0
3469,292,0
801,1154,0
1885,571,0
2652,1444,0
347,478,1
1065,955,0
326,600,1
4011,582,0
905,2077,0
3166,481,1
3148,767,0
2754,527,1
1553,207,1
582,11,1
3021,540,0
524,294,0
665,1838,0
1294,503,1
270,77,1
133,377,1
4012,1704,0
211,1024,0
3311,524,0
967,808,1
1415,123,1
3533,392,0
94,1132,1
2433,950,0
165,145,1
2360,1941,0
150,900,1
3347,523,0
3152,1328,0
526,850,0
338,326,1
2026,249,1
3668,1234,1
1399,624,0
474,1354,0
1207,366,0
1563,1716,0
837,77,1
2778,1902,0
3311,1527,0
2037,124,1
896,358,1
3028,53,1
1253,884,0
2966,887,0
2953,1112,0
1159,123,1
1796,1532,1
388,1537,0
50,1423,1
682,2019,0
156,460,1
384,942,1
2118,1842,0
301,55,1
766,1739,0
2623,1183,1
1089,1286,0
3667,205,0
2441,2087,0
183,852,0
2603,168,1
4013,62,0
762,1722,0
207,168,1
605,123,1
1466,1181,0
2974,77,1
978,1493,0
1196,1950,1
2025,216,1
2385,581,0
50,561,1
674,2008,0
1070,1367,0
498,1521,0
831,1675,0
2861,1455,1
1533,11,1
1470,753,1
2613,1858,0
801,43,1
2935,1028,1
3482,1069,0
4014,66,1
2697,2039,0
2374,1096,0
544,1079,1
1846,935,1
2609,1905,1
44,382,0
1281,1005,1
2996,248,1
3776,1257,0
2452,2081,0
2694,1075,1
1760,55,1
2715,168,1
1331,620,0
4015,217,0
2292,2121,0
1746,729,0
411,1860,1
2960,1664,0
437,55,1
450,600,1
455,1327,0
2480,1399,0
672,1426,0
4016,1726,0
4017,46,1
275,160,1
3982,411,1
696,55,1
3224,106,0
2853,443,0
949,77,1
2797,1424,1
2845,1308,0
2504,806,1
1534,985,0
1602,991,1
2175,505,1
338,77,1
3900,1337,0
597,904,1
1143,1858,1
259,1493,0
2604,1953,0
1369,1913,0
2633,170,1
1577,1341,1
431,1068,0
225,408,1
919,77,1
2380,1388,0
3423,2091,0
1283,1821,0
3399,1314,1
1425,43,1
3764,1451,0
1724,43,1
1636,168,1
3317,150,0
2649,1483,1
1275,636,1
2554,1179,0
1575,91,1
589,521,1
610,55,1
1541,1766,0
645,505,1
1112,505,1
431,818,0
2567,123,1
1156,1583,0
793,492,1
340,505,1
460,1147,0
2046,875,0
863,308,1
1328,55,1
3672,1105,0
2226,11,1
2160,1685,0
2216,1657,0
1350,68,0
869,11,1
854,1062,1
1014,2122,0
4018,223,0
259,130,1
1242,377,1
1879,126,0
4019,1810,0
919,258,1
1805,1569,1
2269,1091,1
3074,203,1
4020,1712,0
166,1075,1
106,154,1
865,1867,1
3086,871,0
2331,794,1
4021,133,1
590,206,1
3645,1313,1
3969,603,1
1411,362,1
1068,1790,1
1088,123,1
3312,405,0
3436,2123,0
1637,53,1
3549,1208,0
2229,1858,1
298,1890,0
2562,91,1
779,882,0
1570,994,1
3158,1715,0
3874,744,0
4022,305,1
4023,314,1
26,229,0
1342,662,1
3457,1437,0
3982,694,0
3277,1462,0
2477,1516,0
13,302,1
1699,2022,0
919,1838,1
1121,603,0
2819,56,0
1753,226,1
853,770,1
1681,2124,0
1193,123,1
3608,548,0
528,1038,1
1020,877,0
402,1650,0
221,1906,0
1889,1544,0
1769,288,1
4024,30,0
3176,1451,0
660,565,0
2243,556,1
1589,1261,1
169,1457,1
3512,887,0
1212,1727,0
995,1931,0
625,323,1
251,938,0
3755,1716,0
3650,1759,0
1261,1928,0
910,353,0
463,1479,1
18,123,1
338,64,1
2884,424,1
4025,1897,1
4026,141,1
1437,1618,0
544,261,1
2744,39,1
73,166,0
2545,770,1
4027,2125,0
4028,525,0
3874,975,0
978,623,0
3138,438,0
2599,327,1
1107,1869,1
3211,446,1
205,1830,0
4029,767,0
3624,123,1
2335,1712,1
1388,2020,0
731,157,1
4030,369,1
1759,43,1
1516,1690,0
2841,1951,0
215,233,1
1562,922,0
1294,123,1
775,1818,1
2834,1764,0
2374,2020,0
2633,1040,1
2609,379,1
116,755,1
2483,36,0
2229,244,0
1833,901,1
948,1497,0
436,600,1
3318,900,0
1534,647,0
1906,208,0
3821,55,1
1285,1257,0
105,630,0
4031,1984,0
528,1898,1
868,1234,0
1315,1901,0
1808,1151,0
4032,486,1
1201,400,1
1185,123,1
1521,1831,0
937,123,1
1656,850,1
1530,2095,0
853,122,1
3885,352,0
3780,329,0
824,1105,0
1071,123,1
589,221,1
2898,1571,0
2866,1885,0
1414,1005,1
1844,1728,0
1655,601,0
528,568,1
207,114,1
3795,633,0
4033,659,0
2138,899,0
3306,727,0
1526,870,1
602,938,0
2721,16,0
1187,2102,0
137,157,1
2566,369,0
477,1137,1
4034,1166,1
271,171,0
2649,624,1
4035,43,1
1329,151,0
554,1885,1
338,1978,0
2407,1985,0
1235,668,1
543,460,1
869,1229,0
3016,315,1
1162,844,0
3771,680,0
371,1584,0
3840,1359,0
2211,84,1
530,1697,0
60,32,1
4036,53,1
4037,369,1
3220,11,1
2556,1533,0
701,1112,1
70,1190,0
430,2035,0
763,1055,1
3012,1099,0
1771,1305,1
2082,194,1
3896,410,0
3467,1453,0
2952,423,1
1537,870,1
819,1219,0
1443,204,1
1265,477,0
528,1652,1
2080,1849,0
4029,646,0
4038,1133,0
140,260,1
4039,1203,0
1698,505,1
3385,1730,0
319,248,1
454,806,1
1142,805,0
704,520,0
560,1282,0
2804,833,0
4040,348,0
3092,642,1
1243,759,1
4041,645,1
2468,1248,1
1768,2126,0
1774,117,0
1272,53,0
64,1036,0
1447,505,0
104,1249,1
2795,1050,0
2127,1161,0
607,1242,0
72,2095,0
4042,42,0
2990,704,0
304,160,1
1877,728,0
624,1757,1
1809,659,1
254,556,1
4043,1004,0
591,1227,0
3949,369,1
2755,803,0
1317,2019,0
320,1298,0
4044,1918,0
492,315,1
150,984,1
930,2104,1
326,129,1
4009,1095,0
1805,110,1
2251,1040,1
2141,1495,1
15,43,1
1041,600,1
3082,1019,0
3543,1495,0
1786,388,1
275,870,1
2790,460,0
1620,1164,0
2952,1319,0
3762,1411,0
1065,2030,1
4045,1040,1
3994,168,1
2957,1582,0
1444,762,0
1773,11,1
964,138,1
967,7,1
1154,6,1
34,1941,1
237,1263,1
685,315,1
1087,1582,0
4046,1754,1
2185,814,0
3674,487,1
2749,1853,0
3983,1221,0
2716,514,0
3685,1806,1
2393,64,1
1590,642,1
1832,885,0
2811,1356,0
144,2071,0
354,219,0
2718,559,1
2786,1915,0
3064,903,0
1549,1436,1
995,65,0
424,1075,1
148,1519,0
2460,703,0
287,336,1
987,1104,0
2888,433,0
2138,1458,0
3918,323,1
161,308,1
4027,796,1
1324,1396,1
1134,1395,0
3783,714,0
1859,520,0
1247,423,1
2906,293,1
1476,77,1
2700,178,0
1017,55,1
3896,1653,0
2911,250,0
3554,656,0
2936,141,1
2636,496,0
1760,62,1
3416,1652,0
1159,447,1
726,123,1
1829,1051,0
2159,1873,0
1473,442,0
770,1750,0
1788,320,0
2284,332,1
2030,1628,1
624,518,1
2212,350,1
3694,1642,0
3987,178,0
4047,413,1
1513,1816,1
725,43,1
1991,340,0
411,1698,1
3821,228,1
8,199,0
4048,1590,0
299,680,1
1685,145,1
2851,784,1
1953,770,0
1338,2082,0
1590,236,1
13,73,1
2788,148,1
3082,936,0
2960,994,1
2344,1133,0
2119,168,1
1002,1762,0
2649,2034,1
3665,1969,1
3981,2127,0
4049,2126,1
644,252,0
3974,795,0
663,1451,0
2296,612,0
2410,320,1
1257,367,0
2313,836,1
13,689,1
2129,165,1
4050,2115,0
847,1676,0
763,1324,0
1225,1364,0
741,48,1
77,676,0
2548,233,1
1535,193,0
384,947,0
1739,1399,0
1950,168,1
214,313,1
3992,746,0
3963,53,1
3903,1751,0
3137,1222,0
4051,43,1
2964,293,1
1227,809,0
4052,1802,0
2710,123,1
960,1477,1
18,274,0
4053,516,0
523,1639,1
1405,217,0
3822,1258,0
3626,543,1
2228,338,1
3244,1220,0
4054,931,0
386,1757,0
851,261,1
709,2070,1
1383,417,1
753,1,0
993,484,1
1112,355,1
2575,292,1
2025,354,1
18,909,1
1388,1637,0
11,123,1
3842,1131,0
698,396,0
1829,160,1
465,48,1
1179,1945,0
3393,1317,0
1537,1410,0
3362,143,0
2469,1321,0
2412,1097,0
1212,165,1
301,130,1
2933,1090,0
2625,915,1
124,315,1
728,376,1
1466,1599,0
2603,25,0
3170,2069,0
805,281,0
1228,830,0
952,1396,1
1699,55,1
597,281,0
4055,180,1
4056,155,1
3405,123,1
58,196,1
2372,413,1
1691,43,1
520,123,1
75,281,0
1660,1439,1
150,1024,0
1474,369,1
1084,2020,0
119,1773,0
3990,27,0
1013,1892,0
1407,371,1
1937,643,1
727,1738,0
118,43,1
967,226,1
2969,419,1
1664,123,1
510,830,1
1818,1785,0
3249,2,0
383,123,1
265,1769,0
1115,242,0
3255,1049,0
425,1253,0
2536,315,1
4057,1003,0
3700,1363,0
4058,1680,0
958,113,1
1502,2055,1
2446,1006,0
926,198,1
33,239,1
1691,1715,0
1067,272,1
4059,2047,0
3460,388,1
2303,278,0
958,1717,1
4060,1338,0
2930,294,0
1496,1266,0
1502,1163,0
4061,434,0
1491,54,0
299,919,1
845,612,0
3366,1756,0
4062,539,0
3437,385,1
1425,487,1
3916,1960,0
2047,1183,1
2146,411,0
4063,377,1
3979,1822,0
1741,2128,0
684,934,0
40,447,1
335,621,0
704,123,1
3333,767,0
1418,356,0
44,1434,1
1026,114,1
2878,1866,0
3190,304,0
1238,293,1
815,1413,0
2861,781,1
768,134,1
1463,123,1
77,1252,0
58,424,1
3825,19,0
386,468,1
2304,1419,0
205,1788,0
454,129,1
3426,629,0
591,55,1
1327,55,1
139,1401,1
1995,1668,0
3923,1294,1
1292,1148,0
667,142,1
1037,731,0
2825,1577,0
3389,240,1
310,2064,1
1301,43,1
2361,180,1
4064,1023,0
2602,1564,1
4065,1771,0
1541,701,1
958,833,1
1556,2053,1
2592,349,0
2343,1378,1
1221,407,0
193,503,1
2175,7,1
3906,486,1
2614,48,1
3572,1395,0
74,129,1
3405,62,1
4066,703,0
135,202,1
4062,1939,0
1305,1125,1
1598,1124,0
137,278,1
3669,62,1
817,315,1
2893,313,0
3481,129,1
1702,1164,0
3819,443,0
1784,1391,0
3256,906,0
1176,1550,1
3130,2129,1
4015,828,0
392,428,1
317,233,1
4067,779,0
4068,393,1
1870,233,1
1926,1230,0
2705,324,0
29,1613,0
2450,2130,1
1035,207,1
1845,2117,0
104,2026,1
2130,1913,0
1359,472,0
1340,417,1
97,913,1
897,1860,0
1789,2061,1
3710,606,0
3291,1718,0
4069,1334,0
2217,170,1
1731,149,0
1059,1115,0
1884,123,1
3540,352,0
2153,114,1
1889,1230,0
1900,596,0
3342,1287,1
2950,1420,0
4070,53,1
2054,2131,1
1428,364,0
138,145,1
2734,57,1
2490,196,1
3388,1117,0
1045,1606,0
25,286,0
4071,594,0
4072,637,1
56,77,1
3420,78,0
169,443,1
3573,547,1
930,1713,1
533,707,0
4073,1990,0
1548,1863,0
671,155,1
1515,1952,0
2513,1855,0
768,1605,0
2234,786,0
2561,822,0
461,11,1
4044,606,0
26,1720,0
3831,123,1
1479,486,0
3772,1373,1
1159,524,0
313,963,1
3864,853,0
2212,207,1
3511,168,1
908,1731,1
788,141,1
1056,1706,0
2315,1864,0
4048,1127,0
2892,1445,1
404,136,0
2062,1748,0
2603,55,1
2897,683,0
558,927,0
4074,349,1
1931,791,0
3916,2115,0
4075,1378,0
1375,1441,0
426,77,0
2548,421,1
2176,792,1
949,389,0
1854,846,1
207,600,1
1819,53,1
28,1844,0
2209,21,0
3083,1013,0
370,1075,1
448,832,1
3014,384,1
1207,459,0
75,467,1
365,2107,0
851,437,1
2325,943,1
1033,1661,0
1835,725,0
3950,532,0
562,653,1
1537,1240,1
1539,123,1
3025,168,1
4076,375,0
3535,1411,0
2924,653,0
4077,268,0
958,414,1
3972,93,0
4078,151,1
2024,2077,0
2220,1151,0
2030,1197,1
264,170,1
4079,532,0
2791,417,1
1371,166,1
299,1889,1
4080,1772,0
1322,123,1
2557,503,1
3286,535,0
1187,549,0
1540,123,1
964,1474,1
166,556,1
3166,168,1
2535,911,0
54,1876,0
4081,1588,0
3885,2132,0
2926,945,1
1452,1575,0
661,42,1
3769,1739,0
935,1048,0
2250,48,1
2411,326,1
3649,953,0
2558,1312,1
934,388,1
3199,2096,0
1646,1908,0
1187,1831,0
1685,505,1
1978,1088,0
2080,296,1
3072,1060,0
1385,1694,1
2318,1669,0
1169,1518,1
1463,233,1
1066,815,0
4082,413,1
3681,1857,0
891,374,1
969,894,0
4009,1149,0
850,294,0
3846,1627,0
4083,839,0
4084,1973,0
1321,516,0
2633,543,1
2170,564,1
302,1617,1
837,123,1
897,1362,0
521,66,1
2726,1115,0
2944,1209,0
3268,1020,0
3043,112,0
1818,913,1
102,495,1
254,501,1
299,67,1
945,447,1
1153,219,1
34,1805,1
457,1543,0
1289,1177,1
227,1862,0
971,423,1
2403,1581,0
693,455,0
1391,169,1
3221,1280,1
900,1858,0
511,680,1
3736,1412,0
3402,1162,0
3173,323,1
1746,1676,0
2497,1692,0
1870,374,1
42,7,1
843,895,1
3403,1275,0
1230,447,1
3962,830,1
1376,1395,0
3838,691,0
798,267,0
2947,741,1
221,168,1
2511,1314,1
2238,1544,0
473,1240,1
3401,1960,1
728,37,0
1834,128,0
3066,718,0
1212,62,1
730,1060,1
2257,713,0
3591,14,0
630,91,0
3120,2016,0
4085,689,0
389,190,0
1071,197,1
40,202,1
107,856,0
161,7,1
2895,861,0
2443,168,1
2113,514,0
3874,1663,0
1338,123,1
543,154,1
2350,952,1
507,706,1
4086,830,1
3559,1754,1
1576,626,0
2878,552,0
2919,1470,1
424,600,1
106,221,1
1660,1056,0
1967,1646,0
3755,2133,1
1015,50,0
3006,1903,0
609,590,1
3043,1719,0
2331,154,1
650,2056,0
3835,492,0
433,1501,0
107,263,0
80,419,1
1773,668,1
3927,1501,0
1564,218,0
235,1824,0
373,114,1
730,1922,1
4087,2049,0
1993,1553,1
3632,1336,1
4088,506,0
1241,315,1
2437,1091,0
2454,352,0
3777,1541,0
2561,1934,0
1296,1856,0
4002,242,0
815,1734,0
1094,1633,0
192,2068,0
3344,1859,0
3940,1826,0
2155,712,1
3575,1572,1
2352,1925,1
2822,1562,0
669,505,1
1575,325,1
4089,487,1
3660,654,0
1195,1253,0
3447,1024,1
3622,913,0
4090,540,1
34,48,1
629,609,1
3450,1830,0
130,132,0
726,207,1
2544,1648,0
3005,1086,0
3765,151,1
1901,17,0
1996,62,1
943,308,1
135,600,1
437,48,1
4091,850,0
1861,2022,0
2284,1791,1
3786,151,1
2855,261,1
2189,1808,0
4092,1633,0
1220,938,0
2239,742,1
1278,1713,0
724,462,0
740,1818,0
528,132,1
4093,170,1
2694,77,1
384,1153,0
4094,745,0
3460,168,1
1467,1168,1
695,768,0
1594,50,0
1609,1240,1
2084,1155,0
3601,613,0
2215,170,1
2220,1063,0
4095,258,0
591,1839,0
106,1946,0
2063,2054,1
863,134,1
992,424,1
3740,1757,0
458,1143,0
492,1137,1
4042,1485,0
731,268,1
1239,503,1
1349,1137,1
4096,1532,1
245,313,0
1728,1572,0
1363,1993,0
1975,2028,1
1382,280,1
3529,610,0
3047,470,1
2764,1656,0
1256,770,0
3944,58,0
4097,53,1
299,1968,1
3576,1058,0
4098,523,0
1429,1439,1
869,170,1
333,595,1
937,43,1
542,1642,0
2791,1433,0
1490,170,0
73,424,1
994,864,1
610,447,1
337,1239,0
3609,6,1
3066,1865,0
4099,1051,0
2635,1749,0
151,1026,0
227,2132,1
733,509,0
2836,943,1
4100,1320,1
2362,994,1
1456,1232,0
258,154,1
2276,467,1
2754,204,0
1537,7,1
4101,492,1
3020,1068,0
1907,1307,0
4102,1639,0
1208,1038,0
384,1954,1
817,1912,1
1957,648,0
473,134,1
102,147,1
2700,198,1
4103,302,1
18,314,1
49,257,1
4104,1495,0
2112,1513,0
2471,1187,0
3614,977,0
1463,466,0
4105,1709,0
1876,1703,1
415,33,0
3817,110,1
1900,1295,1
1870,91,1
325,2073,0
33,543,1
4106,1832,0
2315,498,1
635,808,1
1131,1786,0
635,7,1
1892,837,0
1319,2107,0
2754,634,0
405,2118,1
633,1234,1
1046,958,0
1965,983,0
2440,968,1
1935,1239,0
3395,662,1
13,1547,1
1710,379,1
624,2134,1
2114,1897,1
4012,1636,0
329,62,1
1950,48,1
2339,1532,0
1778,141,1
3153,745,1
385,1801,0
2523,2135,0
4107,207,1
728,729,0
1163,1650,0
224,48,1
1239,1359,0
3148,1248,1
2875,1758,0
1670,1005,1
3751,678,0
125,102,0
4079,1215,0
4108,36,0
2434,1533,0
1621,1475,0
589,460,1
40,123,1
2472,1096,0
2949,2136,0
1390,300,0
708,392,0
1816,1254,1
2140,631,0
13,1982,1
138,904,1
526,1674,0
3109,830,1
1976,1943,0
934,384,1
455,1563,0
1929,1653,0
629,282,1
925,551,0
3642,141,1
3722,688,0
754,154,1
289,202,1
3497,526,0
3544,333,1
2362,822,0
3094,1671,0
2709,369,1
581,369,1
1659,231,1
2507,468,1
2357,286,1
489,359,1
1918,1962,0
2589,910,1
101,1662,0
1313,1286,0
1505,1369,0
162,1233,0
394,1036,0
4109,326,0
4110,468,0
124,168,1
2175,362,1
1203,1887,0
1734,88,1
2791,1260,0
450,155,1
312,1147,1
2561,1941,0
443,1456,0
199,369,1
1053,283,1
972,123,1
1236,680,1
1281,168,1
13,294,1
1845,323,1
922,1932,0
1234,288,1
2163,324,0
748,154,1
1728,133,1
2941,825,0
2485,1014,0
2715,123,1
4111,1817,0
136,110,0
998,337,0
2211,631,0
3976,1975,0
4112,460,1
31,1203,0
874,517,0
1023,1829,0
827,155,1
4105,84,1
4113,150,0
3648,1540,0
459,234,1
1157,621,1
773,168,1
1514,1506,0
2096,440,0
501,639,1
1266,553,1
1067,595,1
2118,1006,0
528,1881,1
1270,629,0
3451,1786,1
1247,291,0
4114,722,1
1411,1675,0
641,910,0
1723,453,1
3348,1720,0
482,431,0
1507,791,0
4115,417,1
407,1075,0
1473,1809,1
13,426,1
95,123,1
4116,66,0
3686,567,1
803,1601,0
2733,654,0
2022,538,1
4117,1164,0
410,32,0
137,428,0
1062,799,1
299,2062,1
1334,501,1
2171,1715,0
4020,979,1
1415,1686,0
1568,1355,0
328,168,1
2810,2137,1
1286,937,0
4118,2081,0
1963,2079,0
91,103,1
3077,1599,0
264,335,0
137,226,1
3280,372,1
371,855,1
1351,313,1
1156,69,0
3915,243,0
3458,2,1
1753,145,1
1179,1292,1
1295,1694,0
2894,781,1
2620,2138,0
3277,1527,0
1466,323,1
1684,937,0
129,82,1
669,870,1
2076,129,0
2865,1001,0
2924,543,1
2717,622,1
2309,2139,0
3664,305,0
3461,239,1
2803,560,0
287,308,1
1988,376,1
474,1029,0
1479,1490,1
110,315,1
2246,551,0
1377,1652,0
1895,1320,1
116,1412,0
700,1242,0
1210,77,1
3051,462,1
3969,1553,0
532,1931,1
3372,361,0
2747,458,0
1728,974,1
2284,167,1
1826,202,1
1804,1289,0
296,336,1
2339,1989,0
3295,246,0
1675,1882,0
3757,1718,0
305,268,1
2126,537,1
19,1826,0
829,434,0
3407,1194,1
1672,796,1
4119,1005,0
1805,764,1
1983,77,1
41,1479,1
3509,1223,0
1667,2103,0
872,123,0
4120,1018,1
1723,741,1
2074,1966,1
368,1246,0
491,1567,0
1434,1133,0
2058,1801,0
2600,182,0
1685,355,1
3636,2019,0
303,675,0
30,455,1
2899,864,0
4121,2067,1
429,1792,1
3429,2053,0
4122,603,0
2499,22,0
3477,129,1
2778,1934,0
619,1141,0
110,1663,1
177,123,1
299,936,1
598,612,0
1197,566,1
4123,1202,0
2140,765,1
2168,1673,0
1354,1344,1
1224,1489,0
442,2024,1
1938,409,0
721,129,1
7,870,1
2886,366,1
107,322,1
1514,114,1
318,59,1
2514,2044,0
1857,1314,1
1229,2102,0
2865,1269,1
2570,501,1
2997,274,0
4124,1504,0
1467,1772,1
418,1060,0
1868,64,1
317,168,1
18,282,1
331,400,1
2912,6,1
3800,42,1
2985,1464,0
2401,590,1
2933,1369,1
123,2110,0
3594,784,0
1342,123,1
4125,1804,1
429,325,1
4126,895,0
3640,315,1
2701,1098,1
804,1041,0
3663,216,1
523,1746,1
4127,2012,0
771,556,1
2363,815,0
1765,124,1
60,28,1
2284,1854,1
1223,447,1
176,2140,0
2753,2141,0
2239,1278,1
2683,247,0
1347,400,1
4128,280,1
69,1005,1
3962,1004,0
287,1790,1
2838,1572,0
1756,954,0
1753,206,1
718,1535,0
311,154,1
210,1347,1
797,464,0
2624,235,0
4129,151,1
3636,1716,0
2524,2073,0
3062,970,0
777,180,1
1856,1022,0
273,2049,1
3700,1239,0
3402,1858,1
2513,861,0
4130,513,0
1213,84,0
203,556,1
50,1799,1
1344,1857,0
3790,491,0
3888,1980,0
1476,491,0
4131,115,1
3466,846,1
1495,1453,0
60,2067,1
593,501,1
4130,258,1
1327,2036,0
1913,1905,0
1055,362,1
3243,114,0
4132,487,1
1155,137,1
1703,2142,0
4133,2143,0
3116,1079,1
2935,1666,0
2570,306,0
3717,48,1
3550,2062,0
4134,682,0
1595,547,1
2420,595,1
968,1282,0
808,377,1
173,1005,1
3771,1991,0
1667,1288,1
3568,2138,0
4135,1572,1
2969,901,0
2018,704,0
3637,141,1
2468,1084,0
935,393,0
4008,774,0
1055,1981,0
1988,1205,0
3524,1690,0
4136,1069,0
2558,791,1
1765,1144,1
367,1410,0
3507,1875,0
3508,1892,1
3127,553,1
2722,1710,0
1577,1584,1
3597,1596,1
2552,1026,0
2742,2116,1
2088,1734,0
1216,508,1
1153,157,1
1599,2144,1
437,43,1
501,1022,1
775,314,1
4137,1171,0
2615,185,0
390,815,0
3512,1299,0
328,165,1
1874,2088,0
22,292,1
207,15,1
713,1473,0
299,2115,1
338,1221,0
2766,563,0
3572,1646,0
1155,770,0
1983,1619,0
2404,323,1
3219,1480,0
2225,1343,0
2210,863,1
2170,1248,0
1279,2145,1
334,584,0
286,206,0
2694,1625,0
1097,548,1
360,893,1
3877,133,1
1393,728,1
51,1836,0
3478,1054,1
88,1324,0
3060,1009,0
1467,851,1
437,154,1
2872,288,1
305,593,0
639,77,0
2937,417,1
611,1082,0
2141,1579,0
1017,77,1
2030,1237,1
2558,1730,1
1734,43,1
294,624,0
1467,791,1
2180,315,1
2127,1959,0
399,1183,1
4138,782,0
2364,123,1
1628,670,1
3172,1718,0
4139,603,0
651,2016,0
2284,1011,1
222,1670,0
3774,2006,0
604,660,0
4140,1085,1
302,2107,1
2538,211,0
1606,1762,0
735,114,1
2599,317,0
3498,1094,0
3790,129,1
2823,85,0
3798,1112,0
166,169,1
18,97,1
2968,2146,0
3775,66,1
100,114,1
3886,1878,0
3349,43,1
4141,1137,0
1261,446,1
1180,1903,0
4142,358,1
2384,168,1
3868,2090,0
292,926,0
4143,325,1
4144,242,1
2616,387,0
102,1488,1
2609,1131,0
1334,293,1
927,1991,0
2162,1929,0
3846,607,0
4137,2030,0
3007,1344,1
1768,1114,1
562,43,1
1635,820,1
4145,1464,0
283,577,0
814,1550,0
3642,1615,0
1682,1394,0
549,1608,0
2555,366,1
414,835,0
1706,447,1
1351,645,0
2144,910,1
4146,456,0
400,535,0
700,1410,0
3433,1331,0
4080,2,0
270,175,0
3595,1989,0
384,154,1
1451,154,1
1401,553,0
1123,1661,0
4147,1589,0
2983,1560,0
2451,889,0
800,365,0
2179,55,1
3961,2069,0
1314,910,1
2424,285,1
2200,377,1
820,1721,1
224,1659,0
4035,453,1
2078,1619,0
12,457,1
96,1941,0
1937,279,0
18,1906,1
1161,1076,0
55,2012,0
1870,129,1
2568,1009,0
81,372,0
3896,1312,0
1470,106,1
2253,603,1
728,160,1
1575,313,1
4148,369,1
3114,26,0
3805,204,1
383,11,1
4146,1524,0
1263,949,0
2946,350,1
2262,1083,0
105,351,0
2346,1636,0
4149,487,1
1458,2002,0
40,77,1
2326,1511,0
817,892,1
3646,1426,0
317,350,1
2509,1959,0
584,1075,1
203,1075,1
4150,80,0
1259,1820,0
3593,411,1
207,263,1
1339,1994,0
4151,1177,1
998,297,1
2620,335,0
364,832,0
3407,1634,0
653,1497,0
3160,621,0
2832,721,1
1228,237,0
2322,1318,0
1578,1232,0
317,123,1
305,808,1
964,1307,1
1425,315,1
2041,946,0
668,308,1
544,945,1
3419,116,0
1573,2119,0
159,258,0
3838,82,1
315,1830,0
18,55,1
2159,168,1
3790,1622,1
3671,1205,0
1868,809,0
2933,543,1
1026,1946,0
448,451,1
15,154,1
1711,1183,1
2293,628,1
2655,495,0
3881,1668,1
671,91,1
930,123,1
2816,178,1
4152,506,0
2878,427,0
4153,1253,0
1163,2147,0
3617,1891,0
3449,168,1
3470,23,0
2429,781,1
2649,1293,1
2695,1033,0
2687,46,1
3333,155,1
1636,642,0
2459,123,1
484,707,0
2046,1414,0
1612,921,0
1400,806,1
3218,1249,1
147,1909,0
138,41,1
3662,84,1
447,315,1
3122,615,0
1290,168,1
683,472,0
2286,1536,0
4043,1903,1
15,260,1
4154,2112,0
601,413,0
3311,207,1
392,2114,1
2251,994,1
4155,1659,0
3983,1897,0
427,263,1
299,596,1
997,328,0
2772,1930,0
173,1055,1
1513,214,0
207,1621,1
1592,1553,0
2235,1237,0
1715,1035,0
986,1524,1
3254,1451,0
3028,21,0
4156,521,0
230,787,0
528,367,1
15,328,1
2316,1117,1
832,131,0
658,130,1
2174,1940,0
3301,558,0
1612,808,0
4157,2139,0
1006,1001,0
3465,168,1
2377,306,1
792,1235,0
3305,478,0
2601,702,1
1671,1765,1
1597,2005,0
1360,114,1
3736,586,1
369,48,1
3878,1,0
868,1479,1
2080,465,0
3615,384,1
3715,1860,0
3102,170,1
4078,1007,0
311,749,1
768,1807,0
4112,1763,0
1127,2041,0
2879,874,0
51,55,1
703,1075,1
2727,1897,1
4029,1313,0
1441,690,0
3953,969,0
132,77,1
4158,424,1
2221,1297,0
2859,1082,0
1472,617,1
901,865,0
573,48,1
98,602,1
4159,414,0
42,134,1
3424,2107,0
100,91,1
2685,1055,1
1097,491,1
2447,633,0
1160,328,1
1865,635,0
1917,1673,0
3838,2035,0
1619,1002,1
134,705,0
2440,813,0
2962,1017,0
4123,356,1
1322,48,1
2906,1031,0
3378,896,0
427,293,1
644,794,0
2622,347,0
1869,508,1
1851,55,1
3584,1139,0
2374,501,1
2087,1564,0
2466,55,1
3994,315,1
13,957,1
523,2051,1
4160,289,0
4161,1492,1
754,705,0
3651,508,1
543,48,1
1518,313,1
892,1457,1
988,600,1
3039,507,0
1589,1902,0
3818,1126,1
302,642,1
2344,1022,0
3430,850,1
13,1951,1
2379,139,0
1851,233,1
3007,749,1
675,735,1
323,846,1
4162,620,0
2739,1419,1
3716,721,0
4163,1719,0
1780,114,1
464,818,1
3162,1646,0
426,1117,0
1139,197,1
3555,1060,1
252,585,0
1376,322,1
2519,1948,1
3610,79,0
1400,130,1
2553,318,1
1629,842,0
60,877,1
1623,222,0
3792,53,1
1107,89,1
3668,480,1
1563,308,1
256,494,0
4164,2148,0
1513,509,1
4138,993,0
895,1727,0
99,510,0
926,475,0
3260,379,0
1058,1969,0
2600,1163,0
2332,1087,0
3032,329,0
634,1758,0
2148,1523,0
282,2149,0
723,848,0
1351,1075,1
3539,899,1
4165,1796,1
4166,376,1
345,603,0
41,521,1
2284,970,0
3735,1780,0
660,196,1
202,207,1
1561,154,1
3115,1218,1
2978,96,0
2364,168,1
2993,216,1
2775,722,1
4167,1299,0
3531,485,0
3189,369,1
1745,855,0
891,600,1
13,1525,1
107,1137,1
989,28,1
3829,1829,0
3337,930,0
1281,1737,1
3235,1079,1
384,1216,0
3274,372,0
28,2110,0
4168,16,1
141,70,0
18,1138,1
2708,62,1
4169,369,1
3105,50,0
2474,907,0
409,123,1
1249,1940,0
1252,1491,1
3750,663,0
2599,147,1
1532,333,1
322,1171,1
699,447,1
2448,84,0
2742,900,0
187,429,0
1421,1354,0
2672,357,1
1438,929,1
3255,830,0
1560,300,0
1528,1429,0
2001,21,1
4170,1104,1
1561,258,1
3291,333,1
4099,241,0
3353,1291,0
67,861,0
2422,1216,0
672,487,1
3282,2150,0
2721,1772,0
338,154,1
2359,774,0
1281,484,1
2935,654,0
1514,48,1
1471,150,1
1801,305,0
35,1055,0
1632,686,0
1659,181,1
699,1681,0
1422,2060,0
421,1377,1
2346,508,1
1609,123,1
2530,323,1
2871,912,0
18,531,1
797,2145,0
1107,1485,1
60,2075,1
456,1766,0
1166,1691,1
209,2151,0
3695,123,1
528,70,1
2549,848,1
313,176,0
1724,154,1
625,202,1
1691,767,0
1921,1064,0
850,385,1
3260,786,0
3414,1314,1
1650,1619,0
3337,1944,0
86,930,0
259,453,1
4146,15,1
3246,350,1
507,1467,1
173,334,1
2991,1599,1
655,842,1
411,2148,1
2153,621,1
220,1075,1
1976,427,0
1741,123,1
1373,1110,0
4171,192,1
2742,582,0
1723,2093,0
4172,394,0
2124,833,0
2429,1275,0
3365,1248,1
4173,1384,0
1909,2017,0
3214,1783,0
3862,1132,0
740,1914,1
2031,1316,0
4174,129,1
2823,21,1
1986,123,1
998,1654,1
571,1578,0
3632,295,1
2687,1032,0
1206,417,1
1728,132,1
410,1379,0
3346,1612,0
598,168,1
177,501,1
2416,431,0
3334,370,0
459,374,1
2835,574,0
1660,98,1
44,62,1
2671,1131,1
3416,922,0
3328,154,1
220,453,1
562,257,1
4167,732,0
1282,168,1
1992,970,1
1836,351,1
2030,1026,0
658,806,1
2253,447,1
492,508,1
1529,1683,0
780,2004,0
2589,198,1
4175,55,1
2516,558,0
4064,1149,0
3692,1754,1
1624,77,1
2830,141,1
1827,719,1
4092,1978,0
1454,2062,0
3533,778,0
477,117,0
66,293,1
2333,486,1
2983,258,1
3137,331,0
3899,527,1
3839,1588,0
3866,1633,0
2768,723,0
2634,1148,0
1300,790,0
4176,55,1
1780,43,1
1391,323,1
3074,981,0
327,587,1
4177,434,0
1396,580,0
4178,213,0
3965,53,1
3713,1249,1
1773,315,1
1472,2024,1
3301,413,1
763,860,0
1080,154,1
616,454,0
712,1449,0
1233,715,1
1695,755,0
513,197,1
323,197,1
4179,369,1
3046,1538,0
13,1551,1
4180,451,0
246,384,1
3729,43,1
2632,728,0
363,447,1
3328,123,1
1816,1592,0
2250,508,1
908,1974,1
2284,1100,1
1585,943,1
819,178,0
1215,527,1
50,1713,1
2648,1395,0
339,73,1
4181,809,1
3404,460,1
2617,2108,1
4012,1275,0
1171,1615,0
3555,2015,0
2270,154,0
3747,264,1
4134,1278,0
1780,1240,0
504,123,1
1136,426,0
3419,313,1
2355,314,0
3051,362,1
652,506,0
1160,1634,0
1891,592,1
3799,1308,1
391,186,0
1879,1552,0
159,556,1
1261,258,0
1695,123,1
3254,554,0
1577,102,0
392,1896,0
87,1068,0
3360,1166,0
1056,369,1
1476,123,1
1231,962,1
3350,1723,0
287,421,1
3191,1561,0
958,1528,1
280,1122,0
1510,508,1
1671,77,1
130,785,0
287,2049,1
331,202,1
4182,1055,1
2000,2026,0
139,984,1
4008,1745,0
2348,134,0
3004,593,0
4183,39,1
2997,351,1
3121,2017,0
582,521,1
1711,1337,1
3140,1579,0
2911,169,1
1263,663,1
1660,173,1
3845,914,0
3413,1050,0
1416,55,1
924,1257,1
2974,1559,1
1015,55,1
3893,588,0
1461,491,0
1882,1537,0
990,60,1
179,53,1
2934,715,1
2828,2152,1
303,1996,0
504,155,1
2489,1700,0
1780,123,1
3511,497,1
2100,1479,1
1112,362,1
2309,1245,0
50,2002,1
1988,341,0
1870,501,1
13,2035,1
3042,2001,0
1544,1432,0
4184,406,0
2595,1151,0
1480,784,1
4185,1091,0
2724,417,1
2652,1168,1
1440,1167,0
1271,536,0
2834,848,1
1391,168,1
1112,226,1
311,479,0
461,48,1
277,700,0
13,217,1
196,2062,0
2579,448,1
245,2153,0
1421,1730,0
2698,939,0
1192,227,0
3298,322,1
2801,417,1
618,1528,0
66,475,0
132,790,0
2798,852,0
2888,377,0
1188,2077,1
2944,611,0
7,157,1
512,2085,0
397,501,1
41,123,1
101,1911,0
869,179,1
262,126,0
2826,945,0
1263,1268,0
4176,43,1
2225,1281,1
4186,1372,1
2265,315,1
682,395,1
2665,292,1
1441,1213,0
1440,123,1
544,133,1
1324,64,1
2318,1681,0
7,160,1
592,588,0
629,123,1
168,770,0
2617,114,1
4084,42,1
76,706,0
4162,683,0
1387,2154,1
191,2050,0
1586,1259,1
219,162,0
3769,237,0
282,853,0
4187,595,1
91,55,1
4044,2144,1
2249,1356,1
1192,859,0
254,259,1
3908,1681,1
450,11,1
21,316,1
2739,1613,1
3296,385,1
3957,2128,0
1553,313,1
2782,498,1
1143,1637,0
2613,1912,1
4188,359,1
723,155,1
1467,1845,1
2360,168,1
1113,1914,0
2741,275,0
1229,405,0
1193,154,1
1042,1566,0
4084,256,0
954,619,0
562,362,0
2523,1383,0
107,123,1
249,564,0
2003,123,1
3617,353,0
2011,1664,0
2193,2142,0
4189,346,0
717,741,1
3612,864,1
2457,1248,0
701,508,1
2873,748,0
370,367,0
4190,99,1
3889,1272,0
1311,1890,0
1584,1201,1
222,53,1
2293,976,0
1581,1512,0
1207,393,0
258,1919,0
1015,123,1
3078,1427,1
241,115,1
1723,263,1
1137,2072,0
1462,1705,0
2113,115,1
2967,91,1
1598,733,1
3834,701,1
2465,559,1
317,197,1
1223,1210,1
1209,11,1
276,1957,0
1010,1212,0
4153,39,1
348,257,0
1542,1557,0
3735,913,1
3201,811,0
929,1041,0
1351,918,1
2143,1832,0
3391,468,1
1980,2153,0
1182,994,0
220,259,1
1590,759,0
195,1512,0
605,556,1
4191,1140,0
3042,296,1
3401,38,1
908,852,0
2229,424,0
2922,1259,1
3756,155,1
2979,128,0
3682,51,0
86,366,0
2174,324,0
4192,440,1
411,114,1
1568,1469,0
152,1314,0
1956,1226,0
1847,315,1
2174,904,1
1022,377,1
333,62,1
310,1019,1
4067,22,0
2471,1477,0
2672,1425,0
673,1156,0
2803,1026,1
2207,990,0
3099,2112,0
1950,272,1
1429,11,1
2160,225,0
1907,141,1
3964,1296,0
1831,39,1
2291,169,1
2011,76,0
3532,109,0
602,948,0
3047,704,1
604,1533,0
3927,1096,1
4092,286,1
3897,46,1
178,226,1
3155,1706,0
2022,1373,1
949,173,1
828,1352,0
3751,2008,0
1730,319,1
2551,991,1
1373,580,1
99,368,0
15,123,1
1960,1406,0
3108,46,1
2457,1788,0
2201,234,0
998,613,0
3164,1457,0
580,168,1
73,274,1
87,1463,0
3219,114,1
3802,17,0
4033,1776,0
528,1262,1
1965,603,1
2527,244,0
2631,178,0
639,406,0
1087,1274,1
458,447,1
3458,1909,0
110,154,1
1609,7,1
1228,852,1
3088,369,1
2384,388,1
36,1292,0
3778,1818,1
4193,1502,0
2718,161,0
1876,447,1
474,1143,1
3316,910,1
3695,1895,0
4194,168,1
1242,2155,1
2089,1478,1
476,567,0
1419,605,0
4195,1425,0
1258,1070,0
1502,1861,0
555,123,1
1301,1975,0
2754,282,1
2715,1745,1
4140,319,0
13,504,1
1375,1911,0
912,764,0
2204,958,0
2633,1643,1
687,817,0
2497,257,1
964,314,0
34,570,1
892,2044,0
1753,152,1
1299,859,1
4196,768,0
2967,653,1
2390,1269,0
3093,198,1
317,501,1
3340,369,0
3970,929,0
4197,757,1
3671,1864,0
847,77,1
3624,21,1
3911,962,0
1230,154,1
986,882,1
2215,2156,0
1588,303,0
2417,1940,0
1665,1762,0
4198,1535,0
117,1886,1
3249,701,1
3936,1767,1
3117,1372,1
2248,44,0
260,639,1
1138,432,0
4123,1202,0
2839,559,1
137,133,1
605,55,1
24,1800,0
821,440,0
4199,576,0
1401,1684,0
13,1538,0
4200,1015,0
2028,38,0
3700,1648,0
3681,469,0
1306,178,0
658,263,1
1483,1473,0
69,1154,0
2640,77,1
4201,1265,0
2373,11,1
3013,302,1
1412,123,1
2570,129,1
2438,898,0
4202,1154,0
1950,460,1
171,1132,0
4203,1162,1
367,834,1
4179,988,0
737,1527,0
227,1850,1
3403,1513,0
3712,1968,0
4204,828,0
4205,153,0
2861,1990,0
629,114,1
2886,172,1
3490,196,1
2891,1572,1
1701,1401,1
1800,171,0
3391,811,0
1551,995,0
2201,508,1
3347,821,0
1655,1713,0
708,600,1
2239,2072,1
4206,245,0
2130,123,1
2665,168,1
1403,133,1
4057,2,1
2494,2046,0
878,1302,0
1623,909,0
4207,1114,0
2962,1477,0
625,328,1
256,77,1
3051,904,1
299,1365,1
1349,1055,1
924,48,1
4208,1360,0
907,1803,0
4209,873,0
2364,64,1
2290,205,1
4210,187,1
1692,7,0
4091,333,1
501,63,0
1733,62,1
304,1210,1
1256,2097,0
1763,257,0
323,15,1
637,876,0
473,123,1
1779,442,0
1447,17,1
1370,2004,0
486,199,1
1370,94,1
1608,1017,1
4211,921,0
451,43,1
2005,1535,0
1970,141,1
562,228,1
953,613,0
4212,810,1
2614,1009,0
4213,1596,1
1754,377,1
1649,1228,0
3120,2085,0
148,124,1
3326,1002,0
205,807,0
2341,531,0
2006,391,0
1741,2135,0
832,1900,0
3159,472,0
2916,501,1
126,123,1
1234,43,1
159,794,1
2709,1044,0
3019,564,1
100,374,1
3517,48,1
1423,123,1
495,155,1
1345,584,1
1463,62,1
4214,901,1
203,169,1
945,1844,0
3509,1981,0
1697,649,1
281,398,0
91,292,1
3698,844,0
1164,123,1
3122,749,0
442,1809,1
1670,334,1
2374,202,1
3108,1145,0
504,372,1
2687,804,0
34,1957,1
100,981,0
3874,1759,0
827,875,1
3599,181,1
1966,1917,0
383,48,1
1366,943,1
1563,462,1
1077,1769,1
2741,545,0
301,1210,1
3917,1398,0
952,918,0
3822,1210,0
625,169,1
38,945,1
3237,62,0
4183,38,1
1556,1784,1
3819,1975,0
425,1571,0
2186,1945,0
419,62,1
1172,523,0
1777,333,0
4163,719,0
1391,244,1
690,340,0
197,1168,1
2665,15,1
24,1417,1
1575,168,1
13,1979,1
523,1363,0
286,467,0
671,1766,1
4212,713,1
781,1614,0
2708,123,1
2831,1330,0
19,272,0
1235,1474,0
3038,1134,0
180,1008,0
731,355,1
416,1812,0
3953,129,1
1035,350,1
3684,27,1
459,55,1
3213,48,1
4215,509,0
2284,290,1
3230,1961,1
3455,169,1
2975,1265,1
3632,987,0
287,1974,0
2131,1427,0
312,62,1
851,77,1
1985,803,0
675,45,0
1111,207,1
1609,154,1
1461,123,1
269,1447,0
2605,350,0
3597,846,0
651,372,1
4216,750,0
2182,1957,1
4217,1223,1
1255,1232,0
13,754,1
2993,1067,0
3870,456,0
1672,1029,0
2839,212,1
370,129,1
2500,733,0
2824,1488,0
3897,657,0
476,346,0
741,168,1
2140,1191,1
305,641,1
2305,369,1
658,293,1
50,490,1
132,1107,0
667,1871,0
1771,1612,1
247,168,1
4080,755,0
1268,1581,1
4105,141,1
1312,1091,0
4218,372,1
1899,141,1
810,1500,0
2249,1896,1
972,484,1
528,185,1
1166,168,1
1420,43,1
2011,1143,0
513,358,0
2366,688,0
828,1107,0
2976,285,1
3372,196,1
605,516,0
1703,1004,0
3642,2152,0
1467,2109,1
1602,1421,0
2319,850,1
4219,2083,0
3089,178,0
1042,127,1
1751,55,1
2139,508,1
3321,1075,1
863,7,1
71,1147,1
3773,168,1
2317,1843,0
799,2064,0
1918,1923,0
2197,395,0
2672,139,0
1513,433,1
350,1365,0
3909,622,1
2583,324,1
745,823,0
1847,428,0
3144,1692,0
2151,777,1
427,444,0
119,2109,0
135,453,1
2476,1358,0
2970,183,0
1507,1484,1
167,1213,0
3465,962,1
1930,228,1
919,196,1
3615,508,1
1524,1374,1
1191,1702,1
3205,123,1
778,1343,0
2827,377,1
1257,1971,1
174,209,1
1635,518,1
1429,858,1
2329,146,1
170,1115,0
178,160,1
1942,502,0
1671,787,1
3972,2081,0
4212,1389,0
1500,123,1
3986,502,0
739,1314,1
2583,1442,0
1883,910,1
1364,123,1
4220,520,0
4221,1228,0
614,1769,1
2234,151,1
494,77,0
13,1483,1
3363,1597,0
233,58,0
3318,169,1
2492,1223,1
70,215,0
644,965,0
1126,123,1
3114,701,1
13,2157,1
1429,602,1
1659,1210,1
1883,22,0
3241,478,1
718,1192,0
4222,778,0
2284,1183,1
460,645,1
4052,333,1
1565,1820,0
2308,77,1
1998,1422,0
3799,181,0
885,1895,0
1112,376,1
1986,603,1
2649,1691,1
1489,892,0
2834,715,0
1553,974,1
305,114,1
1516,2078,0
1208,1503,0
3522,603,1
846,11,1
968,1515,0
1711,1172,0
1324,852,1
1756,1667,0
135,806,1
2990,1040,1
1419,1422,1
2256,1293,0
3090,668,1
1721,1453,1
311,1828,1
4004,234,0
3342,2085,0
968,275,0
1032,64,1
4101,729,0
1499,662,1
3756,1880,0
510,1060,1
983,1747,0
3405,911,1
2534,1201,0
281,424,1
329,278,1
193,323,1
418,508,1
3178,984,0
2165,385,1
488,888,1
1380,1532,1
3776,637,1
2026,104,1
3723,217,0
1829,680,1
4223,1417,0
806,1493,0
166,330,0
2776,465,1
3947,257,1
943,376,1
603,684,0
3407,920,0
2847,460,0
1650,1895,0
4224,1320,0
136,268,1
3042,1879,1
964,60,0
2038,53,1
3595,590,1
3731,2069,0
1290,55,1
541,1054,0
3147,486,0
776,1989,0
4225,462,0
1575,173,1
3519,852,0
1461,1582,0
1085,1163,0
2890,973,0
3894,424,1
1074,325,0
1424,129,1
244,141,1
2780,617,0
731,1240,1
938,2071,1
748,1344,1
3857,16,0
507,315,1
3957,1663,0
3453,650,0
3449,43,1
4226,198,1
1224,818,0
4137,1248,1
275,1109,0
2614,1017,1
1753,50,1
629,972,1
87,1321,0
658,199,0
254,134,1
2878,1309,1
763,1236,0
3315,299,0
3374,159,0
3331,123,1
2441,322,0
369,154,1
3605,555,0
3517,62,1
1607,1117,0
218,580,1
3124,481,0
2989,468,1
4031,2061,0
645,808,1
2929,537,1
4227,1329,1
1937,1458,1
371,514,1
13,1989,1
104,2156,1
2713,261,1
1829,219,1
1876,189,0
1558,36,0
3743,771,0
71,362,1
431,448,1
3028,180,1
4228,466,0
3184,598,1
2839,958,1
1396,1580,0
629,736,1
2019,700,0
496,2151,1
142,206,0
2728,829,0
22,1796,0
3170,1513,0
4004,258,1
2292,543,1
4229,27,1
3906,2158,0
1987,638,0
2337,340,0
2927,169,1
676,1569,0
3851,198,1
2924,2092,0
275,582,0
4230,934,0
1170,1590,0
1966,1712,0
2151,568,1
137,69,1
1132,123,1
4026,802,0
2850,921,0
3081,443,1
528,1559,1
3517,2094,0
2465,753,0
107,1005,1
3728,168,1
3392,1630,0
3777,927,1
4090,2141,0
3932,381,1
3246,1689,0
2249,1192,0
3639,644,0
2978,82,1
1776,22,1
1019,622,1
3870,1932,0
4231,6,1
1425,11,1
2991,165,1
193,169,1
992,48,1
1067,155,1
1257,573,1
380,2123,0
394,1162,1
2409,1740,0
729,301,1
395,1017,1
2567,77,1
2295,123,0
490,147,0
2906,2048,0
2267,120,1
2401,1761,0
1972,413,1
946,328,1
3656,141,1
3838,743,0
4232,2048,0
4233,491,0
2916,293,1
4234,963,0
703,231,1
424,257,1
2258,2054,0
1652,1702,1
4152,945,1
3215,716,0
1390,2109,0
1753,134,1
4235,232,0
3185,323,1
1373,28,0
659,580,1
1209,614,0
3547,785,0
1289,1791,1
580,1055,1
2790,1224,0
4080,2052,0
4107,1597,0
958,785,1
1848,123,1
4236,141,0
1570,1408,1
3213,393,1
2405,893,0
671,11,1
3632,742,1
1924,1827,0
2760,498,0
690,157,1
3521,154,1
77,901,0
1743,770,1
3186,358,1
1714,413,1
2971,1674,1
2631,1231,0
699,43,1
3200,24,1
1110,2093,1
137,308,1
3781,588,1
194,231,0
2281,1223,1
4237,2159,0
2048,123,1
79,123,1
2002,497,1
4230,1731,0
2805,95,0
818,468,1
863,160,1
3720,1359,1
21,154,1
1670,133,1
528,69,1
1506,808,1
465,62,1
624,1091,1
106,43,1
1063,269,1
3967,6,1
1513,2050,1
1002,1964,1
490,123,1
50,1208,1
1301,168,1
2002,82,0
1230,123,1
3440,288,1
4234,1091,1
910,621,0
2463,739,0
1676,526,0
709,161,1
1816,1473,0
3897,824,0
94,105,0
1636,123,1
3505,178,1
280,219,1
1179,1988,0
575,1425,0
383,168,1
1727,431,0
473,145,1
219,117,0
2529,129,1
220,1210,1
3591,170,1
769,256,0
138,69,1
1859,181,1
1570,1295,1
239,293,1
847,123,1
1750,1768,0
862,1855,1
3090,1142,0
2190,643,0
1937,2160,1
4008,2078,0
12,1790,1
3373,1405,1
530,568,0
924,154,1
4080,413,1
76,109,0
1705,1968,1
376,1262,0
1025,589,0
1284,43,1
582,322,1
3805,109,0
4220,196,0
2700,81,0
3465,1401,0
182,871,1
3393,733,0
2167,77,1
3845,377,1
693,292,1
91,364,1
2780,1687,1
513,313,1
1982,708,0
2399,778,0
3200,1031,0
1958,496,0
1085,607,1
143,1105,0
1026,42,0
1494,1479,1
4235,1718,0
1309,77,1
4238,1398,0
1078,1063,1
2645,622,1
3216,233,1
703,293,1
3371,1734,0
3081,1214,1
1411,355,1
936,1863,0
3978,251,0
1856,357,1
23,1190,0
952,328,1
3683,717,0
3910,559,0
1458,123,1
385,720,0
624,14,0
454,15,1
2708,11,1
2037,805,0
689,209,0
3657,865,0
2174,355,1
645,870,1
289,64,1
1617,736,1
2994,124,0
1391,129,1
1870,1075,1
2893,205,0
2443,262,0
2289,1354,0
2575,603,1
2827,827,0
4153,508,1
3078,1493,1
1986,62,1
1961,476,0
73,379,1
308,388,1
220,323,1
454,346,1
459,2113,1
690,308,1
299,1929,1
50,2161,1
91,263,1
3712,1070,1
1236,62,1
980,2025,0
1699,502,0
1913,1641,0
675,1478,1
2951,824,0
1489,1054,0
2157,1738,1
943,134,1
3335,399,0
220,129,1
4116,1659,0
810,1280,0
967,191,0
4239,110,1
1068,1915,0
1777,202,1
1280,2081,0
3408,354,0
646,1451,1
946,123,1
1670,1147,1
1544,82,1
2191,132,0
3282,797,0
3843,1682,0
516,220,0
2018,1180,0
3737,1872,1
2991,123,1
2464,1169,0
381,625,0
155,1477,0
155,841,0
4240,1306,0
1650,1667,0
3383,1387,0
3307,53,1
1231,388,1
3623,384,1
3937,365,0
2084,65,0
3178,1887,0
2727,1017,1
1553,323,1
4241,1488,0
431,168,1
993,1217,1
1571,407,0
1487,549,0
413,357,1
4102,1712,0
740,1522,0
967,268,1
1292,336,0
4242,1097,0
2557,62,1
1186,1995,0
1850,123,1
1986,1764,0
1789,942,0
2428,248,1
3478,55,1
331,207,1
60,1304,0
463,326,1
618,49,0
207,1315,0
377,605,0
658,640,0
2157,1781,1
1384,54,0
2308,123,1
3042,750,0
329,133,1
1030,2162,0
3319,1947,0
4243,800,0
1872,1187,0
2670,1857,0
3652,2163,0
3726,1230,0
470,2164,1
4024,268,0
3383,1675,0
2624,859,0
2375,1314,1
4069,778,0
2158,697,0
4244,297,1
2024,1718,0
730,348,1
1189,180,1
477,1903,0
756,1771,0
1666,417,1
415,1075,1
507,803,1
1685,462,1
677,1518,1
4009,1528,1
2963,21,1
1691,1479,1
3568,1055,1
761,188,1
3676,1374,1
1337,141,1
2175,1595,0
1982,434,0
4245,1086,1
1358,77,1
227,423,1
4175,860,0
845,1148,0
728,505,1
3539,2165,0
3565,62,1
2905,358,1
2178,990,0
669,7,1
1876,154,1
1318,447,1
485,55,1
255,538,0
679,688,0
1082,123,1
2813,250,1
2040,1017,1
4107,55,1
1558,759,0
2126,1609,0
3705,1361,1
1949,995,0
304,129,1
2795,46,1
1733,918,1
1436,315,1
4006,170,1
77,1378,0
13,589,1
4242,1483,0
3778,906,1
2203,555,0
2850,781,0
2925,650,0
424,231,1
1682,129,1
4246,21,1
3954,455,1
2374,960,0
3825,1982,0
2499,788,0
2535,945,1
454,202,1
2546,15,1
203,346,1
40,43,1
421,2108,0
1413,1018,0
2526,504,0
427,2166,0
3965,1772,0
3010,801,1
450,43,1
3651,29,0
1879,55,1
3009,447,1
29,53,1
4035,1544,0
770,1589,0
1840,168,0
3659,73,0
1804,688,0
523,1001,1
3676,95,0
1729,1533,1
679,176,1
1166,1263,1
110,55,1
1445,1610,1
675,2098,1
2820,1821,0
2410,1742,1
1914,348,0
596,2021,0
2327,198,1
11,77,1
566,929,0
338,48,1
2994,430,1
2119,154,1
3162,19,0
1370,1551,0
4139,1512,1
2920,1159,0
1312,1537,0
136,808,1
679,429,1
2846,95,1
1733,55,1
2110,961,1
150,670,1
492,1468,0
1042,1035,0
4247,1115,0
1913,836,1
940,656,1
2863,257,1
194,936,1
2239,1091,1
3738,503,1
2358,1784,1
1508,462,0
439,168,1
473,157,1
1826,741,1
642,1844,1
1572,2072,0
3384,1040,1
4248,1348,0
2362,393,1
503,168,1
2045,59,0
96,328,0
317,48,1
1609,160,1
3059,1869,0
13,1583,1
1993,1441,1
448,1279,1
2237,1697,0
156,64,1
735,11,1
2136,269,1
1950,75,1
2480,1926,0
2744,320,0
193,123,1
28,983,0
1052,1963,0
614,114,1
4249,303,1
1749,573,0
606,1235,0
3243,1736,0
1816,123,1
4212,787,0
150,2015,1
333,2061,0
3194,24,1
4250,1330,0
1503,2039,0
3821,257,1
100,231,1
1577,2106,1
1575,1157,0
2695,933,0
56,447,1
2336,228,1
129,123,1
1699,334,1
2153,1125,0
2933,170,1
3103,16,0
93,155,1
202,155,1
3010,1041,0
2719,1317,0
3981,163,1
2508,1758,1
432,1453,0
18,2135,1
1237,123,1
3220,860,0
3396,141,1
3398,513,0
4198,292,1
384,239,1
1999,616,0
137,376,1
3746,64,1
4004,460,1
2797,37,1
3595,1904,0
2253,292,1
1195,154,1
232,168,1
3987,1712,0
4251,0,0
976,697,0
614,322,1
736,1047,0
1844,1770,0
2602,1537,1
3471,1311,0
1062,1456,1
3534,1390,0
4252,813,0
4211,1172,0
3677,157,0
2611,927,1
988,2003,0
1375,123,1
1442,1916,0
2890,197,0
2331,155,1
1634,208,0
1476,447,1
3958,1026,0
3257,1161,0
4253,1815,0
4254,43,0
1765,927,1
3304,1224,0
1336,2119,0
4255,911,1
2969,1731,0
967,478,1
492,1275,1
1066,2159,0
4025,199,0
1400,15,1
2968,1973,0
2679,1063,0
1487,1753,0
143,1654,0
555,416,0
2140,1992,0
1896,753,0
2364,154,1
4207,846,0
4256,413,1
338,447,1
1678,581,0
2683,39,1
4257,1782,0
4258,478,1
1043,279,0
503,123,1
1078,414,0
140,55,1
944,154,1
2041,1406,0
571,1423,0
363,11,1
990,800,1
557,357,1
3750,1696,0
1211,70,0
3804,1290,0
701,315,1
1503,4,0
3077,123,1
4225,123,1
892,1731,1
3575,1366,0
1867,1506,0
71,133,1
3337,1027,0
62,1229,1
1999,2022,1
997,1259,0
1235,2129,1
184,429,1
3659,2164,0
150,7,1
3855,1236,0
4258,668,0
371,1463,0
1485,293,1
2828,48,1
3564,1507,0
4125,854,0
1312,2010,0
618,451,1
496,1089,0
2428,2036,0
3153,1185,0
2797,895,0
4259,286,0
4260,1984,1
150,64,1
322,712,1
230,306,1
4261,1611,0
1017,1166,1
3175,1359,0
331,129,1
2778,328,1
4,53,1
2454,501,1
50,499,0
2713,123,1
2234,1644,0
50,884,1
2229,1672,0
665,852,0
2661,943,1
3537,508,1
1884,478,1
2952,1817,0
1250,23,0
3755,97,0
1645,698,0
320,1321,1
3705,731,0
767,1178,0
1702,71,1
4262,1691,0
3340,380,0
1616,1521,0
1481,376,0
388,1267,0
3977,535,0
4263,1906,0
1006,1170,0
704,1867,0
2983,912,0
3809,43,1
3324,1117,0
4234,723,0
2181,276,0
2550,783,0
546,187,0
3409,1801,0
3009,2049,0
2967,379,1
109,443,1
4089,238,0
2481,188,1
3467,118,0
34,1378,1
1730,1217,0
3443,1923,0
3198,1431,1
3664,53,1
483,53,1
3270,1582,0
1792,1726,0
2159,1633,0
3171,1973,0
3189,725,0
1810,216,0
2151,2080,1
3483,10,1
2508,991,1
2851,1999,0
256,202,1
269,2167,0
4127,1086,1
2481,513,0
691,1658,0
1965,1960,1
3422,2115,0
2596,1795,0
523,891,1
138,7,1
1223,202,1
3455,1060,0
4264,1719,1
1238,1040,0
3974,530,0
176,1761,0
4265,11,1
2019,288,0
1223,43,1
100,1985,0
3933,786,0
632,127,1
2964,600,1
1478,350,0
3403,1485,0
909,893,1
2734,324,0
2353,1126,1
1093,543,0
3224,1208,0
3662,482,0
636,55,1
1344,1852,0
4071,2078,1
1175,846,1
912,1206,0
739,264,0
940,1506,0
3148,1343,0
1897,457,1
3878,845,1
3208,930,0
2033,263,0
1414,707,0
4266,1965,0
2581,2168,0
4267,1183,1
311,48,1
1147,413,0
3070,222,1
2407,73,0
1531,1337,0
3193,2139,0
1381,440,0
320,261,1
329,974,1
3854,1554,0
1494,9,0
1322,207,1
1502,315,1
3250,1754,0
675,946,1
312,904,1
1531,2155,0
1926,1357,1
2280,1180,0
865,1151,0
1635,1066,0
701,384,1
3156,2034,0
2721,21,1
3222,595,1
2509,425,0
4114,257,1
528,1561,1
919,154,1
1498,1551,1
597,680,1
374,11,1
3698,1287,1
3996,520,0
3140,55,0
3587,471,0
922,86,1
4268,1107,0
2176,800,1
1116,489,0
2261,1977,0
4269,1492,1
3501,553,1
393,381,1
730,294,1
1139,846,1
519,333,1
1206,1221,0
1020,726,1
3345,2169,0
3364,11,1
1056,1891,0
3789,1680,0
3705,955,0
643,282,0
1758,1259,1
2462,864,1
2301,1916,0
2321,364,0
2436,543,1
730,120,1
2665,297,0
3382,168,1
4148,291,0
3596,1744,0
2624,1964,0
0,1363,0
2507,1867,0
1070,2017,0
2149,489,0
1886,2048,0
3049,2093,0
1917,374,0
427,1758,0
4013,170,1
275,680,1
1032,62,1
3332,349,0
1081,1979,0
4081,1882,0
2491,1273,0
1900,186,0
2285,1310,0
1742,25,0
3238,170,1
1506,157,1
2008,188,1
584,155,1
687,639,0
1681,142,1
2381,930,0
2198,127,1
4110,1984,0
4270,984,0
1071,154,1
2402,1372,0
3619,315,1
2030,710,1
3171,1312,0
4032,664,0
1233,478,0
1890,136,0
3372,1908,0
322,538,0
2044,394,0
2034,1147,1
3019,1511,0
4271,1162,1
2072,991,1
60,516,1
1805,1970,1
1272,1380,1
2899,531,0
107,388,1
2419,67,1
220,231,1
4272,1637,0
3711,1289,0
607,123,1
301,207,1
4273,3,0
3327,402,0
331,313,1
3177,418,1
1499,234,0
1957,180,1
2530,169,1
543,188,0
2278,1325,1
2421,6,1
3206,64,1
1721,1224,0
2532,252,0
182,1913,0
3917,1537,1
3448,1329,1
892,1974,1
1632,194,1
765,795,0
2912,377,1
1941,1918,0
3796,1615,0
597,219,1
658,556,1
2018,93,0
219,321,0
2459,447,1
104,897,1
177,600,1
1624,447,1
2669,1585,0
1526,1267,0
790,272,1
3505,86,0
4274,415,0
4043,958,1
528,2058,1
1215,1510,0
4106,84,1
2259,161,0
139,7,1
50,878,1
575,2040,0
933,123,1
424,1463,0
613,1573,1
162,168,1
2156,257,1
2851,402,1
3923,514,0
2271,394,1
261,28,1
157,168,1
2749,1981,0
507,1954,1
1771,1993,1
1987,1518,0
3917,1583,0
1859,129,1
2175,268,1
3276,151,1
1114,2061,0
1330,503,0
13,777,1
175,1506,0
1761,126,0
2041,595,0
945,77,1
91,77,1
1771,222,1
3423,1223,0
2420,1558,0
2693,1835,1
1608,1749,0
1281,997,0
1096,746,0
999,196,1
2319,994,0
1467,687,1
859,701,0
2022,1771,0
2557,168,1
312,322,1
3463,548,0
528,133,1
4255,639,1
2848,310,0
153,2140,0
528,1845,1
3808,248,1
1412,129,1
1910,592,1
918,200,0
3242,618,0
1166,1701,1
2313,1271,0
1289,1223,0
892,1214,1
418,999,1
3772,1066,0
173,664,1
891,323,1
162,1526,0
3111,315,1
3978,1026,0
2832,1494,1
441,478,1
3595,290,0
203,202,1
1169,1263,1
3706,669,0
3774,1623,0
2084,20,0
520,1023,1
1757,243,0
1264,1055,1
203,71,1
2360,722,1
3195,93,0
1705,1775,1
2473,2067,0
1334,400,1
1903,1164,0
1008,253,1
1479,1894,0
312,462,1
270,43,1
2469,417,1
280,226,1
21,460,1
4275,783,0
2754,43,1
615,145,1
1411,134,1
1686,1726,0
2497,1264,0
4276,162,0
3902,575,1
949,1811,1
1935,2152,0
773,123,1
4277,228,1
970,1232,0
2936,618,0
2587,1423,0
3946,1234,1
3600,813,0
3070,1246,0
764,379,1
3240,422,0
1148,223,0
2462,1986,0
519,1658,0
3852,856,0
313,1935,1
299,15,1
3289,802,0
1152,1988,1
1677,755,0
156,326,0
1744,1975,0
4278,922,0
788,384,0
3382,43,1
4262,1053,1
1151,830,0
1062,670,1
598,43,1
313,921,1
1203,66,1
1223,123,1
941,244,1
1425,1036,0
1327,447,1
1087,1314,1
1476,154,1
1790,809,0
1511,1832,0
4279,0,0
110,168,1
510,1872,1
3361,762,1
2446,886,0
4181,368,0
507,503,1
1299,1015,0
2097,1970,0
1142,2150,1
1168,335,0
299,1559,1
513,55,1
970,48,1
2155,2002,0
2032,895,0
822,1183,0
1083,973,0
899,1930,0
3423,153,0
998,1222,0
484,980,0
1503,556,1
2003,21,1
1427,174,1
1217,114,1
3833,1023,0
1317,1056,0
3801,2062,0
2981,492,1
1787,2054,1
852,272,0
3694,1662,1
3671,180,1
4280,1472,0
1065,123,1
3914,22,1
869,1139,1
191,1162,1
2856,1025,1
1080,813,0
4281,1867,1
607,904,1
829,2170,0
2405,313,1
228,344,0
590,1015,0
694,242,0
3649,1748,0
4282,168,1
1754,2064,0
986,1729,1
3114,205,1
507,154,1
3499,1162,1
998,55,1
2947,536,0
2343,1940,1
497,180,1
3562,129,0
1513,983,1
1403,123,1
2558,1657,0
394,1193,0
285,484,1
1572,1083,0
1851,556,1
4245,1203,0
4007,159,0
1812,502,0
2708,77,1
919,123,1
4166,157,1
1591,1484,0
333,123,1
467,262,0
3291,653,1
2140,808,0
4283,1358,0
1429,77,1
943,680,1
1143,1938,0
3272,1431,0
376,333,1
685,43,1
2253,1855,0
3664,1779,0
2569,1154,0
1855,1676,0
880,1199,0
494,1086,0
3783,2144,0
3415,1852,0
3504,1745,1
3380,115,1
1005,1518,0
2648,694,0
56,168,1
601,1434,1
4034,501,1
432,1023,0
3268,53,1
152,104,0
135,556,1
240,1921,0
78,171,0
1506,680,1
1536,77,1
4009,182,0
761,2171,0
302,1591,0
1981,442,0
102,979,0
2067,1367,0
1913,258,1
1169,1883,1
3219,1155,0
615,808,1
4123,1590,0
1239,322,1
3410,1073,0
207,323,1
4284,372,1
1129,749,0
21,995,0
40,603,1
304,134,1
451,1140,0
4020,1320,1
1798,1106,0
1421,2170,0
511,505,1
3368,563,0
4094,301,0
602,318,0
981,751,0
1553,278,1
1611,1741,0
2288,707,0
2216,1407,0
846,552,1
1451,123,1
1454,911,0
3525,1183,1
1296,1491,0
312,123,1
1506,145,1
2309,150,0
3652,865,0
3247,1663,0
3313,474,0
701,48,1
1131,2155,1
3730,522,0
669,145,1
4053,759,1
690,505,1
1987,2103,0
3649,55,1
21,1139,1
628,847,0
2139,123,1
1988,362,1
4058,884,1
2841,742,1
1176,1207,0
318,1775,0
3922,1982,0
3952,1687,0
859,1314,1
3215,944,1
3594,910,0
1163,1618,0
415,1652,0
1723,202,1
2649,1578,1
1394,123,1
138,1497,0
2242,2090,0
3503,2107,1
1351,323,1
522,123,1
333,943,1
2779,1249,1
827,257,1
210,270,1
3553,2037,1
520,1587,0
1340,576,0
58,526,0
1225,831,0
220,169,1
2632,141,1
1870,346,1
1881,1161,0
340,62,1
232,2104,1
2506,678,0
3976,1807,1
13,1833,1
2753,447,1
2456,793,0
3255,104,0
4091,272,0
1570,842,1
41,48,1
1162,853,0
1016,123,1
1913,1056,0
1526,362,1
2953,294,0
3511,123,1
254,160,1
4285,864,1
1194,1813,0
293,2124,1
3992,257,1
1381,1902,1
543,190,0
868,1088,0
3286,1249,0
859,818,0
3291,329,1
2932,1774,0
2452,1431,1
2794,1022,0
30,123,1
1098,744,0
762,110,1
2844,881,0
694,8,0
390,39,1
3661,622,1
900,491,0
2997,1662,0
3970,770,1
1352,1711,0
2946,1089,0
191,1174,0
3081,1974,1
2515,460,1
1035,132,0
4216,151,1
18,1415,1
3645,1095,0
3571,233,1
2648,168,1
495,1024,1
3062,1431,1
2157,1012,1
454,130,1
1914,527,0
2887,481,0
4129,123,1
3829,170,1
400,351,1
1219,1559,0
1662,2064,0
2249,1462,0
1855,943,1
340,557,0
3077,77,1
667,1466,1
4196,180,1
1895,977,1
44,83,0
2397,609,0
503,62,1
2721,64,1
619,166,0
1429,325,1
150,870,1
750,1819,0
4286,1980,0
2864,1702,0
462,673,0
916,578,0
3878,206,0
1939,575,0
1494,595,1
2887,1813,0
1581,1474,0
2526,1941,0
1937,1094,1
399,2049,1
239,501,1
1987,1232,0
4287,1057,0
4172,2098,0
3736,1593,0
964,939,1
4273,948,0
1143,2125,0
3932,1112,0
3442,324,0
1497,1157,0
2759,1922,0
3509,498,1
163,2120,0
993,154,1
851,447,1
825,910,1
248,21,1
3375,1758,0
3599,1796,0
284,1208,0
165,7,1
164,2012,0
1421,1965,0
1238,556,1
13,1065,1
4043,1840,1
4288,2149,1
3575,1696,1
908,451,1
91,197,1
507,1758,1
1229,55,1
4289,423,1
778,1262,0
1590,487,1
1160,154,1
1692,257,1
207,259,1
3280,603,1
1345,740,1
768,219,1
354,181,1
1166,2008,1
2273,21,1
1732,1320,1
316,621,1
4058,1236,0
2132,381,1
2913,838,1
1361,48,1
1223,590,0
1236,362,1
649,362,1
4290,1376,1
411,1865,1
177,91,1
3853,622,1
1070,2049,0
1341,672,0
1939,653,0
2749,11,1
3959,1953,0
3591,706,0
38,15,1
3105,867,0
3829,231,0
499,847,0
823,315,1
2992,313,1
1906,2034,0
3952,1234,0
56,48,1
1615,578,1
2746,228,1
1359,46,0
1035,43,1
3681,636,0
3586,151,1
4291,1055,1
4267,1272,1
3783,533,0
2983,1968,0
4292,464,0
1318,1539,0
206,1613,1
1021,222,1
944,1264,0
750,378,1
1713,1995,1
2329,1664,1
652,1750,0
1817,1642,0
3287,303,1
3150,1482,0
2991,168,1
2440,1681,0
1620,48,1
1878,268,0
3841,1360,0
597,134,1
51,168,1
4293,423,1
2838,2105,0
499,123,1
4294,1011,0
3381,425,0
1454,114,1
1021,2146,1
3270,1256,1
4295,1757,0
2311,1158,0
607,362,1
3152,1848,1
4134,480,0
4098,1539,0
3809,71,1
3055,197,1
411,1148,1
1613,156,1
246,508,1
3067,231,1
3028,676,0
1384,1132,0
3937,1608,0
3420,792,0
3147,1122,0
2101,188,1
2074,1594,1
3875,333,1
441,31,0
835,261,0
363,1084,0
510,1135,1
1471,2055,1
77,172,1
2099,734,1
312,326,1
2850,1398,0
4174,55,1
2728,437,0
786,1521,1
3416,11,1
661,1346,0
1714,884,0
2954,1098,0
1843,1888,0
1539,2121,0
1642,1050,0
762,924,0
666,985,0
2851,347,1
73,64,1
3500,622,1
3695,120,0
2626,300,0
2441,1325,1
299,1775,1
1658,1246,0
2599,55,1
3309,103,1
1676,171,0
3055,169,1
2529,55,1
1271,1864,0
3191,838,0
4107,1184,0
3394,154,0
4207,830,1
2104,1688,0
633,71,1
2239,839,1
1118,1993,0
1712,508,1
1453,1670,0
2715,479,0
373,1026,0
3554,123,1
4296,670,1
22,55,1
3073,377,1
707,1745,0
4153,836,1
1944,969,0
538,972,1
3418,1086,1
3328,1700,0
106,1684,1
1429,918,1
4297,953,0
2813,1975,0
1325,504,0
2659,1273,0
504,129,1
3519,406,0
1352,747,1
2090,1713,0
891,233,1
4069,1830,0
3737,1949,0
511,123,1
629,850,0
2738,168,1
119,1079,1
511,268,1
236,1192,0
1189,1293,0
3631,836,0
3240,2170,0
1166,1655,0
1483,55,1
3591,1621,0
1863,2021,0
2277,151,1
369,447,1
3000,1856,0
1710,1550,0
879,1913,1
3635,141,1
2139,460,1
725,168,1
1896,938,1
1176,538,1
2099,2099,1
749,1429,0
3989,25,0
1444,2073,0
1177,154,1
3570,2049,1
2451,1103,0
1705,41,1
2309,188,1
4252,39,1
614,64,1
4072,1794,0
3670,527,1
1552,1566,0
3812,1793,0
1991,530,0
690,355,1
2903,2082,0
248,123,1
1138,1374,0
4298,1888,1
927,178,0
133,1973,0
4299,369,1
407,308,0
891,207,1
590,808,1
3149,2089,0
3225,970,1
972,990,1
1099,335,0
1887,20,0
1734,770,0
3473,2049,0
941,729,0
3731,53,1
1765,419,1
1848,1664,1
2867,629,0
3461,170,1
163,581,1
3816,537,0
2272,97,0
4,50,0
3164,184,0
1526,808,1
1920,1101,0
1581,77,1
2216,1372,1
2280,1790,0
2430,1054,1
4300,979,0
254,870,1
117,293,0
473,226,1
1773,540,1
1896,280,1
21,1329,0
354,123,1
879,39,1
4265,1961,1
3689,1682,0
4215,1055,1
2282,1747,0
2936,84,1
4061,1642,0
731,311,1
2837,899,1
326,374,1
4120,138,0
1604,169,1
275,268,1
2003,1426,1
4107,374,1
507,337,1
18,321,1
428,2052,0
2092,2086,0
2695,2170,0
2365,322,0
1532,127,1
1749,129,1
1097,1748,1
1696,216,0
264,543,1
2335,278,1
2423,1081,0
101,476,0
3880,1879,1
3058,230,0
1616,2096,0
3679,66,0
2564,1431,0
153,1674,1
463,123,1
3849,350,1
396,1601,0
794,1558,1
2547,869,0
3354,478,1
3874,1284,1
2564,1177,1
2499,1618,0
4301,504,0
2004,1078,0
2719,1496,0
2792,1127,0
4302,1243,1
2320,1302,0
2166,43,1
70,1879,0
2283,53,1
466,2035,0
3031,424,1
2558,310,1
1699,1005,1
3633,581,1
1924,1480,1
3452,2091,0
3734,1627,0
4303,997,0
144,1027,1
2343,158,0
4304,170,1
2599,43,1
676,966,0
545,1404,0
209,2072,0
4176,257,1
3657,48,1
3790,1595,0
224,1313,0
3440,123,1
2879,1473,1
3339,1261,1
456,994,0
1292,1499,0
719,1802,0
507,2048,1
4305,1521,0
3981,1885,1
454,374,1
2342,258,1
4306,1163,1
868,43,1
3054,337,1
4307,781,1
1352,123,1
4085,161,0
2012,1952,0
4308,1381,0
2584,1784,0
725,372,1
1682,1182,0
4309,1450,0
919,460,1
3648,1156,0
375,57,0
1759,1749,0
2177,258,1
116,77,1
2908,219,0
1577,1861,1
3609,2032,0
614,1005,1
1279,744,1
3258,960,0
1028,322,1
2256,1395,0
1821,48,1
411,1260,1
2136,2144,1
312,1712,1
724,53,1
1554,123,1
3178,321,0
1094,1563,0
3073,1668,1
4310,886,1
1798,1203,1
1555,1847,0
621,1296,0
1812,1788,0
13,1053,1
3500,1924,0
2452,673,0
15,55,1
2487,2119,1
3182,380,0
2622,188,1
919,62,1
4155,1961,0
1961,768,0
1036,662,1
1086,1096,1
641,660,1
1785,264,1
2558,563,1
14,1178,0
338,43,1
2940,506,0
3115,1669,0
908,1214,1
3627,16,1
2935,2169,0
415,447,1
3688,1302,0
2605,1179,1
4311,538,0
511,1603,0
3449,328,1
3364,1010,0
485,667,0
4312,98,0
3680,2166,0
2980,402,1
1496,432,1
3896,1972,0
140,169,1
4313,2043,0
1799,446,0
1691,154,1
4314,2172,0
330,367,0
863,376,1
4119,1838,0
3884,1364,0
3805,369,1
3786,1080,0
1670,1712,1
3453,1131,0
207,1075,1
18,417,0
2027,51,1
1926,11,1
3587,794,0
574,883,0
3649,501,1
465,388,1
920,77,1
1126,1443,0
3991,786,0
2821,379,1
2103,879,0
3322,662,1
4219,610,0
46,2109,0
1326,1660,1
317,603,1
3348,953,0
2128,1106,0
122,2,1
3643,257,1
475,348,0
768,808,1
102,819,1
203,114,1
3023,1388,0
606,130,1
1289,653,1
1146,308,1
314,1563,0
3728,64,1
3222,32,0
2875,1386,0
3553,2097,0
2299,736,1
1579,1092,1
851,1773,0
3312,123,1
1185,944,1
3788,1418,0
50,933,1
1879,447,1
190,508,1
3136,55,0
1099,286,1
2295,278,1
4315,746,0
562,959,0
4316,426,0
3669,55,1
543,43,1
759,1334,0
3578,662,1
2682,1384,0
825,1253,0
3203,502,0
2253,391,0
2017,540,1
3246,55,1
1685,160,1
408,454,0
132,55,1
1805,1027,1
846,1088,0
2283,608,0
3136,141,1
1863,868,0
2941,358,0
1798,692,1
289,1073,0
275,226,1
1400,501,1
4073,110,1
3458,320,0
2809,896,0
648,1319,0
4103,149,0
2884,235,0
745,228,1
1944,1862,0
3262,886,0
2166,197,1
3193,1521,0
1181,1889,0
13,668,1
2145,1398,1
771,293,1
731,376,1
1293,963,0
1472,1634,1
3350,204,0
1117,1162,1
3388,1477,1
479,1320,1
414,2072,0
1968,1674,0
341,1970,0
1400,202,1
2742,929,0
566,1852,0
1402,938,0
114,129,1
1218,1869,0
3803,175,0
56,1080,1
3605,97,0
1102,218,0
1078,9,1
892,728,1
473,376,1
4044,2079,0
3230,1629,1
3818,2083,0
949,500,0
1847,838,0
529,603,1
3513,831,0
4317,357,1
4088,82,1
165,355,1
3333,729,0
3696,501,1
161,219,1
963,970,1
130,1357,0
119,313,1
2439,931,0
3405,154,1
3484,53,1
2665,603,1
1219,123,1
4318,174,0
104,1541,1
1908,381,1
1913,266,0
3355,1445,0
3566,847,0
466,571,1
1006,961,0
2291,350,0
429,180,0
1403,350,1
4213,1896,0
50,1924,1
4177,822,0
1860,55,1
744,384,0
3737,996,0
423,350,0
1798,439,1
4073,253,0
4201,1794,1
2594,1303,0
2178,1040,1
487,1314,1
3468,1819,0
3025,1574,0
142,275,0
3758,474,0
227,368,1
817,43,1
2671,1886,0
588,1960,0
2441,1906,0
1107,1291,1
4319,505,0
1301,470,0
2753,168,1
1450,509,0
2593,1131,0
704,787,1
489,111,1
1715,2083,0
4068,396,0
3651,1819,0
1671,123,1
997,180,1
3345,61,1
566,1832,1
1111,261,1
2460,3,0
1620,322,1
4274,498,1
2238,2109,0
419,1473,1
3770,732,0
983,391,0
338,1755,0
2201,1960,0
38,133,1
4250,417,1
3408,1590,1
2693,500,1
1191,2093,0
2387,106,1
2546,123,1
307,626,0
3431,469,1
1242,448,1
2476,105,0
50,656,1
1598,315,0
1028,77,1
260,595,1
524,202,1
704,327,1
4320,519,0
150,974,1
1519,388,0
3279,358,1
3256,845,0
931,1880,0
3750,492,1
314,1491,0
3669,1706,0
1289,448,1
2390,406,0
1076,178,1
3106,328,0
986,1879,1
4315,194,1
2709,1962,0
562,729,1
2263,1487,1
4321,417,1
48,781,1
178,376,1
115,43,1
4019,1822,0
2639,1867,0
767,1319,0
172,154,1
150,134,1
3808,867,0
1594,1291,0
2926,716,0
137,362,1
383,77,1
3020,306,0
3841,1995,1
504,207,1
1537,680,1
2556,972,0
3207,181,0
415,427,0
3943,816,0
215,71,1
4257,39,1
2947,453,1
13,1095,1
173,471,1
3275,381,0
4230,1715,0
1955,308,1
1086,1373,1
1295,849,0
1667,1355,0
369,168,1
4270,257,1
717,453,1
4126,547,1
1098,1512,0
3330,649,1
3296,57,0
3394,55,0
3619,239,0
1067,43,1
643,1079,1
2728,80,0
1163,1446,0
2239,1249,1
1589,739,0
2484,372,1
1742,1304,0
3380,1719,0
1844,340,0
98,1391,0
1533,1298,0
667,1273,1
1793,394,0
3917,997,1
1416,447,1
496,1643,0
309,154,1
2825,114,1
990,735,1
1829,355,1
1057,551,1
3511,48,1
348,846,1
2788,1662,0
212,1687,0
166,155,1
1134,127,0
1248,168,1
892,20,1
2773,1184,0
3737,43,0
1892,1769,0
3409,182,1
4239,967,0
2839,1374,1
363,852,1
2639,280,1
4322,926,0
220,123,1
384,179,1
3309,508,1
4323,913,0
1775,306,0
2558,305,1
2236,122,0
1173,272,1
569,1384,0
2712,1573,1
3240,85,0
1298,432,0
4324,1819,1
3907,53,1
2523,1513,0
4206,616,0
304,1075,1
2122,116,0
260,1601,0
3603,28,1
990,2098,1
3660,995,0
2672,1716,0
1815,864,1
2931,1314,1
3989,1188,0
4175,123,1
1812,123,1
1978,1975,0
523,832,1
595,55,1
1819,534,0
2076,11,1
2747,1346,0
2154,27,0
548,272,0
173,508,1
1813,1124,0
454,556,1
235,196,1
597,870,1
1993,954,1
730,850,1
2051,1931,0
1983,48,1
2115,793,0
1281,384,1
1032,55,1
2011,290,0
602,1740,0
2114,713,0
1540,1638,0
1267,141,1
1034,1435,0
4008,706,0
1972,1335,0
934,633,1
4103,875,0
2448,788,0
2302,417,0
50,1497,1
2154,1635,0
2701,1320,1
4058,2035,0
4056,1767,0
967,219,1
1461,462,0
4325,377,1
3041,986,0
1525,416,0
747,600,0
3637,30,0
1193,168,1
4222,1088,0
455,168,1
2621,1173,0
214,1189,0
3460,48,1
1412,1638,0
1160,2157,0
657,171,0
2448,1564,0
4326,981,0
2411,11,1
4221,141,1
2900,2096,0
4327,21,1
3637,249,0
3411,168,0
1884,362,1
2634,1689,0
2637,1674,1
1635,3,0
804,566,0
4328,1249,1
3616,373,0
2631,1527,0
4092,1996,0
4329,482,1
394,516,0
1106,2030,1
109,1214,1
4322,476,0
2381,39,1
1043,386,0
4166,1461,0
3216,501,1
3589,1165,0
2174,462,1
3510,1783,0
3817,1231,0
1401,440,0
273,1636,0
304,453,1
1993,1229,1
2440,21,1
741,647,0
658,600,1
1361,196,1
4067,1574,0
4111,1231,0
3444,1656,0
3860,1397,0
255,1086,1
3465,347,1
3470,123,1
1814,196,1
16,1547,0
1193,11,1
1485,155,1
1844,1616,0
946,471,0
3959,188,0
2905,157,0
2649,38,0
860,369,1
1583,168,1
3057,484,1
323,1736,0
3570,2129,0
3231,150,0
220,447,1
1480,1408,0
1635,468,1
2190,2052,0
4330,578,1
796,633,0
587,154,1
395,824,0
544,881,1
13,1060,1
2968,702,0
745,2048,0
1469,921,0
1210,50,1
755,644,0
1480,640,0
1539,311,0
4331,622,1
1061,396,0
2634,1728,0
3589,596,0
4120,782,0
635,1019,0
4332,1361,0
1380,321,0
100,501,1
1870,231,1
3016,48,1
991,1063,0
3622,652,1
2896,1441,0
2776,114,1
4078,144,0
2386,1263,1
607,41,1
528,2031,1
4048,578,1
2541,43,1
4333,1538,0
450,55,1
2076,168,1
337,1647,0
3669,123,1
2052,1259,1
258,1389,0
4116,141,1
4334,1721,0
4075,830,1
2619,1579,1
1617,719,0
1689,1347,0
91,202,1
993,1654,1
993,2040,1
104,598,1
1502,1680,1
3434,970,0
3382,21,1
851,168,1
3050,505,0
613,1333,1
415,202,1
3854,1005,1
2962,377,1
604,1765,0
1143,1884,0
4232,1248,1
643,968,0
2907,1652,0
3948,369,1
278,484,1
609,2112,0
2950,1453,0
459,263,1
2672,62,1
2364,114,1
1601,1164,0
3981,351,0
3584,1162,1
56,325,1
2985,1372,1
2466,202,1
1932,129,1
1588,377,1
51,1407,0
528,804,1
387,467,0
1973,198,0
454,55,1
849,668,1
4229,1330,0
42,219,1
370,400,1
946,43,1
3025,827,0
801,350,1
2299,428,0
3815,466,0
360,1472,0
1853,963,0
1041,155,1
1038,700,1
1421,315,1
3869,1820,0
734,155,0
2187,907,0
43,1184,0
282,413,1
2033,369,1
919,1604,0
4110,1885,0
396,811,0
2264,8,0
2364,962,0
610,123,1
4335,1302,0
847,43,1
363,43,1
363,942,1
3745,700,1
1067,1621,1
40,168,1
424,293,1
431,384,1
658,71,1
3849,1832,0
924,196,1
1376,154,1
1299,847,1
3997,1946,0
958,620,1
1309,700,1
3982,1677,0
411,1079,1
2595,229,1
2679,248,1
2633,2104,1
4336,1855,0
1008,897,1
3744,1023,1
2176,164,1
788,1213,0
78,123,1
1150,288,1
1765,80,0
1640,239,0
1113,672,1
3009,707,1
3347,943,1
1623,1868,0
1643,2149,0
2820,1720,0
248,836,1
4140,774,0
1780,154,1
2471,533,1
1691,11,1
760,55,1
1326,356,1
3703,1303,0
1632,1259,0
13,1606,1
2388,451,0
689,192,0
485,784,0
4187,1655,0
475,2003,0
513,129,1
2680,587,1
4281,1378,0
3968,626,0
2343,570,1
2527,1466,1
3348,1652,0
433,56,1
1327,1209,0
111,1733,0
322,577,0
1028,447,1
2628,710,0
901,203,1
2343,1805,1
1097,1919,1
1234,1183,1
1016,54,1
2535,1998,0
2661,247,0
223,70,0
1361,327,1
4050,1491,0
546,1856,0
1176,1680,0
290,123,1
1483,168,1
73,480,1
3084,350,1
2357,402,0
184,496,0
1871,18,0
4337,52,0
996,369,1
56,123,1
4271,1500,0
4338,553,1
1181,1075,1
1802,723,0
2871,1090,0
3247,2147,0
664,1015,0
2801,2120,0
327,1303,0
1333,538,1
4107,400,1
744,587,0
313,1430,1
3857,1186,0
3519,234,0
554,141,1
1289,737,1
2531,1703,0
4008,1811,0
331,169,1
1952,564,0
13,1122,1
4339,938,1
1659,400,1
670,484,0
2467,509,0
2906,155,1
1017,48,1
4340,1113,0
4341,1564,0
373,653,1
3521,48,1
4243,84,1
3981,524,0
2118,968,0
1758,1518,1
3473,448,1
4322,377,1
3954,768,1
1850,154,1
1950,2043,1
943,1240,1
1610,580,0
161,641,1
1847,508,1
1758,399,0
3842,1242,0
1844,417,0
3918,39,1
792,53,1
737,1823,1
1868,697,0
1635,2108,1
2112,1032,0
679,1388,1
2157,321,0
4342,510,0
3505,53,1
1717,586,0
498,323,1
1503,155,1
1078,1746,1
790,165,1
891,1148,1
11,850,0
2330,1391,1
3285,553,1
3089,55,1
1097,116,1
3048,1720,0
4095,1698,0
56,1450,0
3380,745,0
3295,486,1
934,706,1
4195,1012,0
2073,2062,0
741,1405,0
990,1478,1
1375,595,1
2776,1698,0
712,949,0
3993,1312,0
1647,1805,0
1208,1170,0
2556,658,0
3413,863,0
2191,483,1
2020,1608,0
2662,47,0
967,176,0
2776,1613,1
539,685,1
4114,228,1
2052,1183,1
3098,2099,0
30,157,0
1615,2134,0
1604,2022,0
2031,340,1
881,653,1
3693,601,0
1444,15,0
1513,1317,1
730,1931,1
2045,610,0
1758,43,1
4070,136,0
3118,188,1
1277,568,0
4230,151,1
2406,1559,0
1091,1261,1
3952,1492,0
1993,1011,0
927,498,1
231,1966,0
736,66,1
246,1112,1
3107,1135,0
2693,778,1
384,2054,1
2277,991,0
3022,1614,0
1263,897,1
3436,1885,0
4343,379,0
1694,1134,0
534,496,0
392,799,0
3278,760,0
2764,1947,0
3546,1552,0
1117,426,0
3084,1925,0
884,346,0
2645,507,0
3023,736,1
1142,330,0
3460,1543,0
1698,2035,0
454,123,1
137,1147,1
723,757,0
144,1970,1
4060,1393,0
4344,1995,1
970,168,1
2117,1837,0
1088,875,0
2326,121,0
669,1123,0
4345,1586,0
35,1928,0
1352,55,1
2667,629,0
3508,1444,0
920,154,1
3696,38,0
1432,778,0
1186,540,0
2022,1096,1
7,362,1
3113,1980,1
1960,97,0
1893,1552,0
678,123,1
2623,2049,1
1575,383,0
1553,169,1
465,55,1
2318,1879,1
1215,1881,0
3294,11,1
3247,483,0
3927,1373,1
3352,1400,0
853,1476,1
465,123,1
4155,1826,0
2753,43,1
673,913,1
1391,465,0
631,1333,0
4131,728,0
4346,2137,0
1116,372,1
394,1505,0
2343,872,1
739,2135,0
4347,34,0
728,1240,1
3935,6,1
3857,1712,0
3263,1378,0
1553,1868,0
2062,170,1
1046,1139,1
3995,1402,1
1460,1315,0
4348,170,1
2624,1005,0
2823,968,1
2576,994,1
506,473,0
4195,333,0
3605,1426,0
1575,1711,0
2233,551,1
1849,524,0
299,524,1
2253,940,0
3908,2116,1
1830,1946,0
2202,381,1
1680,1532,0
3963,2069,0
2309,487,1
728,152,1
2053,492,1
234,1629,1
2512,607,0
2632,1410,0
2732,689,0
1227,1578,0
1814,380,0
3767,72,1
328,447,1
4017,870,0
2188,1712,0
3784,1268,0
901,1066,0
1905,292,1
3298,168,1
392,668,0
2369,2038,0
327,415,0
2174,219,1
2596,1929,0
614,11,1
1173,719,0
2899,1354,0
1530,372,0
2468,1729,0
4085,2164,0
974,1032,0
2570,55,1
450,91,1
317,846,1
2766,784,1
2611,11,0
1537,226,1
29,616,0
4127,954,0
2861,267,1
366,314,0
3607,1347,1
2859,1110,0
597,226,1
1566,963,0
1767,865,0
2393,114,1
215,210,0
3219,919,1
4150,106,1
1361,263,1
33,170,1
1905,1113,0
220,556,1
3910,146,0
2520,53,1
2548,55,1
1989,864,1
2191,1255,1
3845,126,0
31,1727,1
3905,369,1
1092,141,1
448,44,0
1212,1031,0
3853,948,0
3354,219,1
4349,1579,0
3847,1924,0
299,1392,1
178,355,1
219,1076,0
3106,1427,0
1954,6,1
3298,234,1
3137,2036,0
1336,372,1
4102,43,1
1127,21,1
1067,233,1
528,1486,1
2263,791,1
779,863,0
4106,141,1
4350,141,1
595,1824,0
18,48,1
3222,1004,1
667,1340,0
1257,1917,1
624,44,1
1775,1474,0
405,760,0
424,71,1
2057,960,0
292,478,1
2184,1155,0
15,41,0
2888,235,1
1455,349,0
1445,58,0
2640,154,1
2175,680,1
636,1830,0
489,127,1
778,1634,0
2570,400,1
1064,1796,0
1428,344,0
3323,736,0
1382,2008,0
949,407,1
1068,400,0
489,517,0
671,328,1
3979,689,1
2620,926,0
138,64,1
526,1134,0
2667,510,0
1277,1935,0
662,1029,0
3807,486,0
1893,162,0
529,123,1
814,111,0
203,1273,0
3918,197,1
3621,149,0
4084,1134,0
4351,21,1
4299,1877,0
1660,936,1
1114,115,0
568,1224,1
924,1719,1
1760,692,1
3699,1284,1
2563,197,0
2045,223,0
4352,151,1
2589,1953,1
372,1485,0
1537,152,1
978,1397,0
730,1898,0
3286,1520,0
3069,1854,0
1653,55,1
1257,1720,1
3111,1429,0
3877,1124,0
3746,43,1
95,2014,0
123,2052,0
278,787,1
2967,123,1
1451,77,1
1096,997,0
4138,733,1
236,1375,0
883,429,1
2411,55,1
1528,298,0
136,1240,1
1483,154,1
1337,230,0
138,505,1
73,293,1
40,15,1
2853,1224,0
13,595,1
2512,141,1
3292,774,0
909,1976,0
2193,196,1
1218,123,1
287,1497,0
2584,128,0
256,1679,0
1025,1659,1
1608,277,1
717,341,0
280,346,0
2217,168,1
1609,311,1
3420,847,0
1112,478,1
132,1839,1
2393,2152,0
2948,1836,0
1522,133,1
2817,108,1
3196,1394,1
488,581,0
139,123,1
610,1064,0
333,1016,1
1166,326,1
618,1974,1
1984,468,1
4353,413,1
1731,817,0
50,886,1
2054,702,1
3398,102,0
2470,2053,0
2616,2004,0
2480,2157,0
1467,1270,1
3723,1967,1
598,48,1
617,226,1
4354,1429,0
3681,1910,0
2263,2162,1
76,1829,0
108,1644,0
2965,1060,1
2867,373,0
507,343,0
4355,830,1
3129,344,1
1326,1125,1
2432,639,0
1636,43,1
1160,77,1
339,1084,0
2844,421,0
1381,974,0
3468,1183,1
2609,257,1
3964,2043,1
2700,15,1
998,1765,1
998,237,1
3615,2037,0
1536,154,1
1477,1802,0
170,369,1
1559,553,0
1585,110,1
311,2139,1
1893,1025,0
287,69,1
4356,1721,1
4300,730,1
892,443,1
4145,1122,0
2756,417,1
4357,1955,0
1215,333,0
3532,2125,0
1139,313,1
618,795,1
757,1613,1
1745,1844,0
4076,1517,0
238,432,0
13,1755,1
3349,1753,0
878,2060,1
661,970,0
2805,1956,0
3779,1560,0
598,114,1
18,383,1
976,438,0
3252,188,1
3278,195,0
855,2149,0
788,213,0
4159,413,1
478,606,0
1644,1315,0
3138,297,1
2536,1563,0
2510,430,0
1419,1763,1
3943,1944,0
3562,380,0
4320,6,1
1329,726,0
3690,1443,0
2272,544,0
2628,658,0
1147,1403,0
474,579,1
4358,639,1
621,1532,0
1520,739,0
4359,655,0
1105,1079,0
2092,1697,1
3416,1186,0
671,1539,0
4360,921,0
704,1728,1
2622,633,1
2216,752,0
3100,817,0
3979,214,0
1618,1453,0
1163,238,0
2395,1285,1
2852,114,1
2007,1034,0
484,211,0
1723,174,0
137,145,1
2100,336,1
1786,997,0
1467,1773,1
523,853,1
3337,184,0
617,1640,0
613,1904,0
1370,653,0
242,430,1
3127,7,0
2683,1981,0
731,219,1
4155,39,1
701,935,0
617,870,1
2680,1615,1
3104,830,1
1224,807,1
695,308,0
974,800,0
4165,528,0
4016,83,0
1537,160,1
4361,5,0
1023,349,0
1526,641,1
1968,229,1
3632,688,1
41,460,1
1710,108,0
1841,173,0
3117,508,1
3208,1380,0
2106,1408,0
3235,39,1
2491,2106,0
340,680,1
1336,1925,0
411,447,1
2953,417,1
3587,1694,0
1534,1019,0
1309,692,0
3173,1189,0
380,521,1
1008,2024,1
745,805,0
2003,2088,0
998,1819,0
986,1091,1
136,870,1
1984,1226,0
3058,327,0
4217,175,0
2125,1199,0
2660,1318,0
196,1922,0
2802,1715,1
3487,1110,1
3449,666,1
2124,2164,0
1281,124,1
113,1819,0
3145,650,0
278,2159,0
2879,1900,0
3129,1342,0
1414,219,1
948,168,1
2302,1438,1
1108,111,1
2404,123,1
258,123,1
2263,1758,1
3268,1338,0
2237,1278,0
155,1489,0
592,463,1
675,1444,1
122,800,0
4218,1717,0
1287,843,0
1008,1877,1
2694,132,1
2243,91,1
2052,1084,0
547,2132,1
340,160,1
3243,1269,0
148,1660,1
3862,1100,0
439,374,1
460,2078,0
424,556,1
801,1804,0
299,1079,1
3337,46,0
4094,1055,1
3922,80,0
1609,362,1
4362,1615,0
1846,451,1
4363,549,1
311,599,1
2723,43,1
1511,1939,0
1526,134,1
1858,154,1
73,261,1
1380,1705,0
1852,775,0
416,2038,1
4364,772,0
58,1465,0
1789,721,0
3883,1230,0
27,170,1
4162,155,1
3736,1948,1
970,1262,0
3309,925,1
3369,123,1
2849,720,0
1248,123,1
2505,156,0
2647,927,0
3563,296,1
142,608,1
4336,182,1
1644,1703,0
4230,216,0
3244,798,1
215,394,0
1590,209,1
2597,792,0
958,712,1
3363,184,1
1961,1419,1
4365,1023,1
2541,1230,0
2370,415,0
86,798,0
4210,1051,0
635,414,0
2622,1760,0
2759,1131,1
3950,551,1
2241,649,1
3283,480,1
1753,308,1
633,293,1
1152,1493,0
1409,1782,0
4135,984,0
833,1871,0
2897,1879,1
18,182,1
2295,754,0
229,756,1
120,261,0
4366,972,0
997,1239,0
100,155,1
4315,2109,0
801,207,1
549,2108,0
1503,293,1
1097,158,1
139,680,1
827,114,1
2361,795,0
741,1096,0
2257,377,1
633,207,1
3101,1419,0
1256,685,0
1744,1852,0
4367,55,1
2028,1848,1
817,168,1
431,1055,1
2257,53,1
2597,1098,1
445,692,0
3995,1869,0
1078,1641,1
1502,1637,1
3733,668,1
4368,66,1
4051,155,1
4349,1724,0
917,1089,0
2422,436,0
1017,154,1
4369,66,1
958,1942,1
3826,858,0
1787,958,1
3231,663,0
91,168,1
1455,596,0
86,141,1
3353,2027,0
3346,1388,0
2377,1821,0
1445,1398,0
2252,1448,0
867,24,1
1358,658,1
1728,1066,1
1440,55,1
1078,1575,0
107,11,1
2276,1883,1
461,1055,1
1504,1867,1
3858,2004,0
2331,556,1
1851,1682,0
3997,564,1
1350,55,1
2100,888,1
380,965,0
3271,377,1
2434,307,0
340,870,1
4370,43,1
1904,624,0
150,2070,0
1219,1939,0
867,552,0
2490,1058,0
2456,390,0
1577,365,1
3493,1445,0
3296,511,0
3911,1757,0
42,43,1
2795,1274,1
4001,1692,0
2599,670,0
1138,1635,0
592,15,0
579,1527,0
1996,1052,0
3894,196,1
384,1230,1
3456,22,1
3616,2076,0
1347,293,1
4371,1196,1
2517,895,1
3240,2113,0
3294,1934,0
3512,298,1
2477,1256,1
507,1140,0
177,64,1
3797,378,0
4294,188,1
2885,1217,0
4242,463,0
4279,830,1
3763,1295,0
3404,662,0
941,1545,0
110,123,1
1485,231,1
4312,173,0
1850,700,1
2456,123,1
4372,900,0
3728,1132,1
4373,377,1
138,808,1
2763,1397,0
1708,1935,0
1984,1630,0
2126,1283,0
2851,142,0
2245,1569,0
3632,123,1
1480,1615,0
2677,833,1
2888,1904,0
2339,1135,0
39,1556,0
1324,56,1
1213,141,1
3605,498,1
654,1234,1
1659,293,1
3795,604,0
827,123,1
2749,43,1
2505,649,0
161,160,1
455,458,0
1112,160,1
2004,65,0
2673,193,0
4138,979,0
18,168,1
1609,322,1
2281,1581,0
4374,86,1
1862,69,0
3817,1069,0
1168,313,1
2921,1184,0
1763,1248,0
3197,1345,0
221,48,1
600,2085,0
3626,170,1
1085,1332,0
254,181,1
312,133,1
2739,1157,0
291,350,1
951,315,1
1041,952,0
3955,771,1
4241,188,1
1093,43,1
2077,1394,1
323,323,1
4157,1252,1
1411,114,1
1866,1856,0
333,341,1
926,404,0
1933,1574,0
3284,1517,0
2597,2158,0
995,2103,0
3015,601,1
4275,1976,1
197,2116,1
50,2007,1
2916,233,1
2790,1055,1
984,1907,1
633,424,1
7,134,1
817,1441,1
3788,726,1
21,1009,1
69,960,0
2385,1975,0
203,1534,1
4015,2012,0
1664,536,0
4361,377,1
227,1074,1
1752,53,1
1627,958,1
3764,1904,0
4375,1281,0
139,62,1
3199,619,0
485,2077,0
1239,43,1
2158,1841,0
3598,792,0
550,1055,1
3487,1089,0
1074,958,1
3540,1326,1
3638,1266,0
1790,173,0
4355,307,0
629,11,1
2755,1805,0
3322,49,0
1644,953,0
2333,2021,0
42,268,1
1158,1967,1
3084,155,1
1423,11,1
3246,207,1
2472,350,1
1846,1214,1
22,447,1
4102,1752,1
220,846,1
4134,249,1
475,1652,0
1062,329,0
3953,55,1
168,1152,0
1584,1970,0
3032,417,1
3342,880,0
4065,141,1
1777,155,1
920,261,1
2096,1354,0
3346,269,0
2148,776,0
1201,1234,1
1268,1628,1
3158,1485,0
435,501,1
3599,1649,0
4339,280,1
2036,54,0
3470,1560,0
1107,1815,1
4065,84,1
41,2034,1
2161,404,0
4222,6,0
787,665,1
211,345,0
89,120,0
3866,2094,0
4036,1075,0
773,196,1
703,202,1
1813,522,0
3602,717,0
1807,1051,0
507,609,1
1985,2008,0
580,55,1
3720,1926,0
3554,77,1
2498,1895,0
22,1914,0
147,824,0
1858,123,1
340,808,1
2715,154,1
3758,236,0
1008,820,0
2214,72,0
706,742,0
4169,1808,0
461,1390,0
1765,461,0
1478,909,0
729,894,0
2231,1806,0
2342,460,1
2632,594,0
1160,43,1
3142,621,1
1350,10,0
4295,53,1
1482,1967,0
1832,618,0
1772,535,0
958,1913,1
1801,2059,0
1133,818,0
91,323,1
4202,195,0
4376,1760,0
1504,602,0
579,1625,0
1503,91,1
4226,1368,0
3700,1314,1
3038,102,0
1468,1714,0
1850,1611,0
2143,183,0
18,527,1
3673,417,1
4377,887,0
4219,1699,0
1603,1657,1
3711,721,0
561,323,1
4378,1874,0
1111,1482,0
386,734,0
627,141,1
619,1806,0
4379,1957,0
312,64,1
2099,420,1
1616,1789,0
2203,771,0
1193,48,1
747,141,1
625,1210,1
29,533,0
3445,498,1
1481,703,0
4380,764,0
338,2082,1
3051,355,1
4097,1285,0
1814,741,1
1047,447,1
1754,851,0
606,447,1
2984,880,1
645,362,1
3725,551,1
817,1575,1
3345,302,0
1705,1960,1
1533,2022,0
4381,543,0
978,1662,1
2288,974,0
3072,315,1
971,1531,0
1470,657,1
3059,108,1
804,71,1
522,936,1
4001,189,0
3930,1574,0
4122,120,1
333,333,1
1733,43,1
863,268,1
3645,151,1
2730,800,0
1484,1750,1
126,225,0
1845,995,0
2678,308,1
4176,228,1
4382,261,1
236,123,1
1196,1290,1
4383,233,1
2539,949,0
669,2074,0
4384,53,1
2079,1914,1
1600,262,0
436,1366,0
4370,168,1
2237,674,0
3258,910,0
1514,123,1
469,1707,0
4385,1141,1
488,1147,0
2221,919,0
138,362,1
2692,638,0
504,130,1
3360,1756,0
2633,985,0
1114,1730,0
1263,1712,1
4055,377,0
575,451,0
712,333,1
3171,799,1
4060,623,1
1851,328,1
4386,127,1
806,1089,0
4276,22,1
3277,660,0
203,1210,1
3270,1615,0
1429,936,1
4307,1583,0
458,315,1
415,731,0
3568,1144,0
507,62,1
106,1792,0
2852,63,1
658,1075,1
1238,696,0
13,1322,1
2419,243,0
2979,1086,1
528,1061,1
116,48,1
496,2009,0
3358,185,0
911,981,0
2284,913,1
3277,1901,0
1611,1107,1
3437,1438,0
2828,1580,1
334,1262,0
3060,1970,1
2834,758,0
1178,1772,0
3255,843,0
1387,1926,0
411,421,1
3231,123,1
3408,1872,0
32,258,1
4291,257,0
1540,1135,0
714,1734,0
89,525,1
1198,782,0
2598,2159,1
454,447,1
1590,1104,1
123,2017,0
221,123,1
295,721,0
678,611,0
4251,927,1
3382,1367,0
2331,55,1
3206,1473,0
3787,769,1
507,840,1
2243,1590,0
98,147,1
4387,55,1
2870,417,0
21,1178,0
4166,1192,0
3109,1925,1
4388,96,0
629,48,1
1028,168,1
4159,1610,0
1480,1683,1
2157,789,0
2469,156,0
1268,585,0
1802,55,1
3209,1758,0
1171,1416,0
3042,343,0
3845,327,0
1257,1310,1
1928,21,0
3941,364,0
1605,327,1
1268,712,1
2612,55,1
304,169,1
72,678,0
3040,1121,0
3039,104,1
2162,1223,1
998,82,1
528,1347,1
3991,74,0
1423,1411,0
413,1875,0
894,1091,0
549,1570,0
2239,668,1
2528,1064,0
1778,291,0
226,991,0
340,123,1
819,1296,0
3626,215,0
1860,168,1
1868,168,1
3042,1060,1
490,62,1
2378,460,1
2329,942,1
1351,129,1
2453,1950,0
4031,1004,1
3425,1832,0
3012,2173,0
2689,424,1
1868,229,0
998,1144,1
537,896,0
901,1371,0
59,584,1
42,680,1
934,958,1
3092,1599,0
1255,271,0
124,508,1
1876,186,1
2468,2050,0
1223,129,1
1556,640,0
1084,39,1
2928,53,1
3290,857,0
498,313,1
2728,1396,1
2067,36,0
3313,220,0
1008,280,1
2790,300,0
289,741,1
177,390,0
2435,1183,1
1094,712,0
1261,280,1
2818,358,1
1365,621,0
326,169,1
3147,915,0
4302,1088,0
3891,1710,0
528,2057,1
2255,755,1
2884,1038,0
4211,711,0
2252,1850,0
1997,1084,1
4357,789,0
18,1811,1
275,376,1
3804,864,0
2741,55,1
4389,1308,0
2112,1871,1
2852,77,1
260,1842,1
3762,2157,0
1673,1003,0
3004,229,0
2324,533,0
2172,1140,0
158,1044,0
2364,62,1
305,89,1
2007,121,1
2584,1489,0
3312,828,1
1290,1237,0
2163,643,0
2133,114,0
1950,11,1
606,202,1
4390,358,1
3652,233,1
3822,2012,0
1621,1856,0
3130,2066,1
1211,564,1
232,390,1
300,1455,1
323,1859,0
375,1697,0
1705,1365,1
1996,77,1
3391,298,0
532,1448,0
1933,1204,0
1780,55,1
1256,256,0
1927,1684,1
1581,962,0
3302,483,0
1806,168,1
3715,3,0
4273,413,1
3554,1507,0
1481,1836,0
2619,204,1
3702,1339,0
640,229,0
3251,53,1
3772,2046,0
69,396,0
2294,1451,0
472,565,0
2753,123,1
363,48,1
4272,1144,0
499,190,0
103,1087,0
2070,1261,1
3248,540,1
203,129,1
478,129,1
4391,1299,0
1332,1223,0
1151,123,1
1605,1062,1
1118,36,0
2618,228,0
891,846,1
4380,2019,0
3498,616,1
134,1711,0
1946,547,1
1537,239,0
1467,614,1
2016,2134,0
183,1686,0
4392,1586,0
4348,246,0
963,1144,0
3960,84,1
2130,1893,0
4393,2030,1
1859,1978,0
2753,15,1
893,23,0
647,2026,0
1731,251,0
3360,623,0
1354,384,1
803,257,1
2008,1299,0
2362,1817,0
3569,1935,0
964,1326,0
2663,1599,0
3554,886,1
3413,53,1
3134,1326,1
869,195,1
4011,541,0
1246,127,1
3196,1515,0
254,124,0
538,1162,1
3020,84,1
523,2001,1
2675,39,1
137,219,1
3511,2172,0
1027,595,0
1554,1929,0
1881,154,1
617,62,1
2609,228,1
1006,913,1
1654,1491,1
3314,1200,0
4318,663,1
3328,600,1
1759,154,1
666,878,0
64,369,1
2450,654,0
613,731,1
730,2027,1
1986,55,1
3890,440,1
1955,2104,1
118,683,0
2675,1488,0
1518,2113,0
3498,602,0
1428,165,0
2134,844,0
100,600,1
614,55,1
220,293,1
1829,152,1
239,71,1
2875,1040,0
3284,885,0
439,55,1
3366,251,0
3720,1414,1
179,957,0
1721,1211,0
1084,169,1
220,806,1
629,43,1
719,940,0
2641,866,0
1370,555,1
501,1084,0
3274,952,1
2145,357,0
1201,207,1
454,197,1
56,819,1
3029,422,0
1461,497,1
1885,1789,1
3461,994,1
1699,292,1
106,168,1
593,260,1
735,55,1
1566,1115,0
1917,314,1
3875,1088,0
3678,968,0
969,447,1
1403,1370,0
100,846,1
868,11,1
2016,199,0
1161,69,1
876,901,1
813,1856,0
1091,1682,0
3101,1929,0
228,1077,0
2154,440,0
1571,357,1
1537,362,1
4394,737,1
590,219,1
1068,2174,0
576,958,1
3114,613,1
1991,1022,0
1569,53,1
4393,346,0
2967,257,1
3449,445,0
3946,1741,0
2987,2092,0
2189,169,1
1835,123,1
3771,851,0
3121,604,0
2487,1952,1
1642,288,1
2491,2120,0
1152,1027,1
2790,1866,0
958,579,1
2256,1083,0
4034,233,1
3160,1406,0
4357,842,0
2227,783,0
2110,1503,0
201,0,1
363,77,1
1685,41,1
2787,225,1
582,43,1
772,1073,0
2560,2156,0
1128,154,1
1230,168,1
4395,53,1
507,123,1
597,160,1
3501,531,0
171,1290,0
4335,540,1
3745,7,0
3235,198,1
1000,168,1
2138,1630,0
1023,870,0
487,559,1
463,21,1
3074,169,1
1274,1688,0
4050,547,1
1839,1384,0
287,278,1
1630,39,1
2695,34,0
3894,639,1
487,2140,0
4219,811,1
1244,487,1
1071,323,1
3410,154,1
2699,1565,0
2457,306,0
4387,316,0
465,1085,1
758,1005,0
2285,372,1
2737,580,1
3107,141,1
299,533,1
2086,1079,0
1198,1916,0
934,48,1
2680,722,1
1073,739,1
3711,1910,0
1879,534,0
3273,1587,0
92,198,1
4266,257,1
675,1645,1
373,1699,1
615,7,1
2335,282,1
354,154,1
424,123,1
299,355,1
576,1944,0
4396,127,1
61,2175,0
4397,266,1
1777,374,1
2721,168,1
2994,1771,0
3144,527,1
970,123,1
948,1775,1
2151,592,1
2831,421,0
1168,1683,0
1920,123,1
4300,1587,0
4202,22,1
3063,377,1
8,1302,1
2266,21,1
2578,445,0
270,168,1
3453,1473,1
2315,726,0
2519,877,0
1504,1613,0
1225,123,1
3728,123,1
1377,909,0
1451,55,1
150,168,1
2878,1920,1
4201,1730,0
3081,451,1
4381,1202,0
1183,1874,0
4293,1575,0
1666,1134,0
1067,1276,1
4029,369,1
4142,231,0
2364,322,1
391,314,1
2975,736,0
1390,929,1
1476,55,1
3074,233,1
3787,496,0
305,145,1
1107,934,1
1912,1753,0
752,1168,1
71,891,0
1200,1098,0
299,376,1
3181,1692,0
135,1733,0
2217,1722,0
638,468,1
2112,980,1
1327,372,1
1113,1311,0
688,1723,0
2197,53,0
4398,792,0
3199,468,1
1195,39,1
137,974,1
188,1758,0
4235,422,0
3321,233,1
1214,1405,0
2443,123,1
309,133,1
606,323,1
2640,1827,0
2114,576,0
2882,228,1
3570,669,1
504,15,1
1079,1461,1
1656,1547,0
658,43,1
2053,1366,0
1349,922,0
827,328,1
3050,2125,0
4306,365,0
1683,2016,0
1725,1536,0
1357,1486,0
3873,1878,0
3214,1368,0
207,545,0
1971,315,1
3897,513,0
925,958,1
847,168,1
1416,123,1
861,402,1
3569,1601,1
3382,357,1
4200,716,1
1466,717,0
56,154,1
4211,701,1
2845,127,1
582,109,0
1212,1506,0
100,1152,0
609,123,1
223,569,0
2561,649,1
2026,1111,0
2814,518,0
715,1414,0
3104,636,0
2851,1862,0
2533,974,0
319,1164,0
135,55,1
2030,39,1
781,39,1
3217,530,0
2291,730,0
2502,1372,1
2870,924,0
3850,1994,0
4399,141,1
1030,106,1
3321,293,1
249,114,0
1307,595,1
1796,484,0
1041,924,0
2405,167,0
732,372,0
3222,552,1
2155,1023,0
718,1904,1
1428,508,1
2916,55,1
2056,1683,1
448,935,1
3667,170,1
2659,1424,0
3268,1952,0
165,460,1
1545,305,0
3683,1225,0
3786,1344,0
4067,21,1
4156,1051,0
1467,2116,1
1281,419,1
626,1921,0
2548,1578,0
1493,1159,0
3386,1375,0
459,1593,1
1759,1721,1
1850,350,1
3892,182,1
681,270,0
3189,2107,0
1652,1249,0
1071,169,1
323,155,1
3327,713,1
56,173,1
845,348,0
147,123,1
50,2054,0
4400,285,1
258,43,1
2598,24,0
2798,248,1
2461,1818,1
4384,377,1
3460,1868,0
1040,1841,0
3574,21,1
1582,1318,0
3115,1157,0
4054,141,1
381,45,0
21,447,1
3470,1484,0
3910,468,1
102,173,1
1461,11,1
2726,188,1
905,21,1
459,233,1
3615,334,1
542,225,0
3653,1261,1
397,1247,0
3799,1982,0
1256,1434,0
1647,1431,1
1406,1971,0
1020,71,0
1103,954,0
512,961,1
768,145,1
2706,665,1
279,149,0
3602,787,0
1324,48,1
3819,449,1
4235,312,0
4150,1457,0
1852,151,1
2685,1662,1
224,62,1
4251,1615,0
207,272,1
2753,322,1
120,872,0
2733,726,0
1533,879,0
464,1684,0
1485,501,1
138,1945,0
38,1067,0
1604,2172,0
1753,362,1
1481,2160,0
3213,315,1
2796,340,0
3546,720,0
289,1695,0
3342,700,1
401,169,1
2657,181,0
2237,1837,0
1454,43,1
1791,185,0
4401,82,1
1098,850,1
4368,992,0
752,1351,0
3368,1055,1
2596,895,1
254,323,1
4275,2102,0
484,1910,0
1660,123,1
1212,2173,1
348,62,1
361,1909,0
3519,101,0
3847,1201,0
3242,1107,0
1596,1289,0
3371,39,1
1516,1738,0
705,681,0
801,424,1
1148,400,0
3555,820,0
795,697,0
1154,196,0
1449,1223,0
2100,447,1
2012,806,1
4402,416,1
631,583,0
3740,793,0
2638,98,0
2789,381,1
2003,258,1
137,870,1
2118,194,0
2307,50,0
2301,263,0
247,1792,0
625,501,1
91,501,1
3332,2044,0
1173,103,1
457,589,0
429,168,1
411,133,1
2684,541,0
2436,1800,0
2909,1317,0
2820,2055,0
1289,1397,1
3246,155,1
227,1946,1
881,877,1
368,803,0
878,1014,1
2795,708,1
4367,524,0
348,55,1
301,1075,1
1016,1603,1
83,705,0
2636,1314,1
1768,170,1
2436,239,1
1664,21,1
139,219,1
1053,407,0
3364,43,1
625,350,1
3061,1559,1
3441,2122,0
832,448,0
3942,498,1
4052,637,0
3580,338,1
1301,157,1
2112,526,0
2386,1518,1
1427,1025,0
3357,42,0
963,755,0
3409,1067,0
1950,59,1
4028,1162,1
1812,50,1
407,836,0
967,157,1
2604,453,1
3557,749,1
4403,141,1
3461,2175,0
740,188,1
1983,1350,1
2977,1270,0
3213,123,1
2219,55,1
3228,456,1
1107,1030,0
280,160,1
2732,1059,0
623,622,1
879,2147,1
3490,424,1
4108,948,0
516,827,0
4307,588,0
1837,460,1
4404,369,1
1965,447,1
3240,404,0
4145,377,1
2558,501,0
181,123,1
4405,690,0
4406,59,0
2302,1261,0
584,202,1
138,219,1
1916,1801,0
1765,864,1
4407,547,1
2880,2067,0
2120,1818,0
2544,2037,0
3518,281,1
2667,508,1
1309,2175,1
473,152,1
1531,21,1
1156,2091,0
633,350,1
1163,123,1
1341,1183,1
602,1704,1
851,503,1
3541,553,1
2832,2033,1
3206,926,0
3402,1122,0
4360,535,0
271,1547,0
283,180,1
2778,1936,0
248,1378,0
933,736,1
683,950,0
126,184,0
