index,smiles
0,O=C1NC2=CC=CC=C2\C1=C\NC1=CC=C(C=C1)S(=O)(=O)NC1=NC=CS1
1,N1C=CC(=N1)C1=CN=C(S1)C1=CC=CC=C1
2,CC(C)[C@@H](NC(=O)CN1C(=O)C(N)=CN=C1C1=CC=CC=C1)[C@@H](O)C1=NN=C(O1)C(C)(C)C
3,CC1=NC(C)=C(S1)C1=CC=NC(N\C=N/O)=N1
4,[H][C@](CC([O-])=O)(C(O)=O)C1=CC(=C([O-])C(=C1)C1=NC2=C(N1)C=C(C=C2)C(N)=N)C1=CC=CC=C1OC
5,OCC(=O)N1CCC(CC1)C1=NNC(=C1C1=NC=NC=C1)C1=CC=C(Cl)C=C1
6,[H][C@@]1(CCCC[C@@]1([H])NC(=O)C1=NC2=C(CN(C)CC2)S1)NC(=O)C1=CC2=C(N1)C=CC(Cl)=C2
7,CCOC(=O)C1=C2CN(C)C(=O)C3=C(C=CC(F)=C3)N2C=N1
8,[H][C@](N)(C[C@@]1([H])CO1)C(O)=O
9,OC1=CC2=C(OC(=N2)C2=CC=C(O)C(F)=C2)C(C=C)=C1
10,NC1=NC2=C(N=CN2CCCCC(F)(F)P(O)(O)=O)C(=O)N1
11,CN1CCN(CCCCN2C(=O)CN(N=CC3=CC=C(O3)C3=CC=C(Cl)C=C3)C2=O)CC1
12,NC1=NC=NC2=C1N=CN2[C@@H]1O[C@H](COP(O)(O)=O)[C@@H](OP(O)(O)=O)[C@H]1O
13,NC(=O)C1=CN(C=CC1)[C@@H]1O[C@H](CO[P@](O)(=O)O[P@](O)(=O)OC[C@H]2O[C@H]([C@H](O)[C@@H]2O)N2C=NC3=C(N)N=CN=C23)[C@@H](O)[C@H]1O
14,CCC(=O)N(C1=CC=CC=C1)C1(COC)CCN(CCC2=CC=CS2)CC1
15,CO[C@H]1CN(CCCOC2=CC=C(F)C=C2)CC[C@H]1NC(=O)C1=CC(Cl)=C(N)C=C1OC
16,O[C@@H]1CO[C@@H](O[C@@H]2CO[C@@H](O)[C@H](OS(O)(=O)=O)[C@H]2OS(O)(=O)=O)[C@H](OS(O)(=O)=O)[C@H]1OS(O)(=O)=O
17,[H][C@]1(C)CNC(=O)C2=C1C1=CC(=CC=C1N2)C(=O)NC1=NC(=CS1)C(=O)NCCN(C)C
18,CN1C=NC2=C1C(=O)N(C)C(=O)N2C
19,NC(=[NH2+])C1=CC2=C(S1)C=CC=C2
20,O[C@@H](COP(O)(O)=O)[C@@H](O)C(O)=O
21,CC\C(=C(/C1=CC=CC=C1)C1=CC=C(OCCN(C)C)C=C1)C1=CC=CC=C1
22,CCC(=O)O[C@@](CC1=CC=CC=C1)([C@H](C)CN(C)C)C1=CC=CC=C1
23,[H][C@@]1(O)O[C@@]([H])(C(O)=O)[C@@]([H])(O)[C@]([H])(O)[C@@]1([H])OS(O)(=O)=O
24,CN1N=C(C)C2=C1N(O)C1=C(C=C(Cl)C=C1)C2=O
25,OC1=CC(O)=C(Cl)C=C1C1=C(C=NN1)N1CCNCC1
26,NC1=NC(=O)C2=C(N1)N(C=N2)[C@@H]1O[C@H](CO)[C@H]2O[C@@H](O[C@@H]12)P(O)(O)=O
27,[H][C@]1(O)CN(CC2=CC=CS2)S(=O)(=O)C2=C1C=C(S2)S(N)(=O)=O
28,[H][C@]1(COP(O)(=O)OP(O)(=O)OC[C@@]2([H])O[C@@]([H])(C3=CC(=CN=C3)C(O)=N)[C@]([H])(O)[C@]2([H])O)O[C@@]([H])(N2C=NC3=C(N)N=CN=C23)[C@]([H])(O)[C@]1([H])O
29,NC(=N)C1=CC=C(N\N=N\C2=CC=C(C=C2)C(N)=N)C=C1
30,CC1(C)C(C=C(Cl)Cl)C1C(=O)OCC1=CC(OC2=CC=CC=C2)=CC=C1
31,CC1=C(CCNC(=O)C2=CC=CS2)C2=CC=CC=C2N1
32,C[C@@H]1CC[C@H]([C@@H](O)C(F)(F)F)N1C1=CC2=C(NC(=O)C=C2C(F)(F)F)C=C1
33,NS(=O)(=O)C1=CC(=C(Cl)C(Cl)=C1)S(N)(=O)=O
34,CC(C)C[C@H](NC(=O)[C@H](CC1=CC=CC=C1)NC(=O)C1=CN=CC=N1)B(O)O
35,[H]\C(C([O-])=O)=C(/C([O-])=O)[C@@]([H])(O)C([O-])=O
36,OC(=O)C(=O)C(O)=O
37,[H][C@@]12CC=C[C@@]1(C)CC[C@@]1([H])[C@@]2([H])CC[C@@]2([H])C[C@]([H])(O)CC[C@]12C
38,CCN(CC)CCOC(=O)C1=C(Cl)C=C(N)C=C1
39,CCCCOC1=NC2=CC=CC=C2C(=C1)C(=O)NCCN(CC)CC
40,CN1C2=C(C3=CC=CC=C13)C(=O)C(CN1C=CN=C1C)CC2
41,CC(=O)N1CCN(CC1)C1=CC=C(OCC2COC(CN3C=CN=C3)(O2)C2=CC=C(Cl)C=C2Cl)C=C1
42,CCC1(C(=O)NCNC1=O)C1=CC=CC=C1
43,O[C@@H]([C@H](CC(O)=O)C(O)=O)C(O)=O
44,CC[C@H]1OC(=O)[C@H](C)[C@@H](O[C@H]2C[C@@](C)(OC)[C@@H](O)[C@H](C)O2)[C@H](C)[C@@H](O[C@@H]2O[C@H](C)C[C@@H]([C@H]2O)N(C)C)[C@](C)(O)C[C@@H](C)C(=NOCOCCOC)[C@H](C)[C@@H](O)[C@]1(C)O
45,CC(C)CCC[C@@H](C)CCC[C@@H](C)CCC\C(C)=C\CC1=C(C)C(=O)C2=C(C=CC=C2)C1=O
46,[H][C@](O)(CCC(O)=O)NC1=CC=C(C=C1)N1C(=O)CCC1=O
47,ClC1=CC=C(C=C1)C1(CCNCC1)C1=CC=C(C=C1)C1=C2N=CNC2=NC=N1
48,[H][C@@]1(O)C[C@@]([H])(O[C@]2([H])O[C@@]([H])(C)[C@@]([H])(O)[C@@]([H])(O)[C@]2([H])O)[C@]([H])(OCCCCCCCC)O[C@]1([H])CO
49,OCC1=C(O)C=CC(=C1)C(O)CNCCCCCCOCCCCC1=CC=CC=C1
50,NC1=NC=NC2=C1N=CN2[C@@H]1O[C@H](COP(O)(=O)OP(O)(=O)OP(O)(O)=O)[C@@H](O)[C@H]1O
51,CN(C(=O)C(C)(C)C1=CC(=CC(=C1)C(F)(F)F)C(F)(F)F)C1=CN=C(C=C1C1=CC=CC=C1C)N1CCN(C)CC1
52,CC1=CC=C(CNS(=O)(=O)C2=CC=C(S2)S(N)(=O)=O)C=C1
53,CCCCC\C=C/C\C=C/CCCCCCCC(=O)OC[C@]([H])(COP([O-])(=O)OCC[N+](C)(C)C)OC(=O)CCCCCCC\C=C/C\C=C/CCCCC
54,NCCCC1=CC=CC=C1
55,OCC[C@@H](O)[C@H](O)[C@H](O)\C=C\P(O)(O)=O
56,COC1=C(OC)C=C(CCN(C)CCCC(C#N)(C(C)C)C2=CC(OC)=C(OC)C=C2)C=C1
57,[H][C@@]1(CS(=O)(=O)C2=CC=C(OC)C=C2)CCCC[C@@]1([H])C(=O)NCCN
58,CCCCCCCCCC(=O)O[C@H]1CC[C@H]2[C@@H]3CCC4=CC(=O)CC[C@@H]4[C@H]3CC[C@]12C
59,N[C@@H](CSO)C(O)=O
60,[H][C@@](C)(CCC(O)=O)[C@@]1([H])CC[C@@]2([H])[C@]3([H])[C@]([H])(O)C[C@]4([H])C[C@]([H])(O)CC[C@]4(C)[C@@]3([H])C[C@]([H])(O)[C@]12C
61,CC(C)(C1=CC=C(O)C=C1)C1=CC=C(O)C=C1
62,CCC(CC)(CC(=O)NC1=CC(\C=C\C2=NC(=CS2)C2CCC2)=CC=C1)C(O)=O
63,NC1=NC(N)=C(C=C1)\N=N\C1=CC=CC=C1
64,FC1=CC(=CC(=C1)C(=O)NC1=CC=C2NC=C(CCC3=CC=NC=C3)C2=C1)N1CCOCC1
65,NCCCC[C@H](N[C@@H](CCC1=CC=CC=C1)C(O)=O)C(=O)N1CCC[C@H]1C(O)=O
66,BrC1=C(NC2=NCCN2)C=CC2=NC=CN=C12
67,NC1=NNC2=C1C=C(N=N2)C1=C2C=CC=CN2N=C1C1=CC=CC=C1
68,NS(=O)(=O)C1=CC=C(C=C1)C(=O)NCC1=C(F)C(F)=C(F)C=C1
69,CC(C)N1C(\C=C\[C@H](O)C[C@H](O)CC(O)=O)=C(C2=CC=C(F)C=C2)C2=CC=CC=C12
70,CC1=CC=C(C=C1F)C1=NC(=CC=C1)C(=O)N1CCCC(C)(C)C1
71,CCCC(C)C1(CC=C)C(=O)NC(=O)NC1=O
72,[H][C@](CC1=CC=CC=C1)(NC)C(=O)N1CCC[C@@]1([H])C(O)=NC[C@@]1([H])CC[C@]([H])(N)CC1
73,CC(N)CC1=CC=CC=C1
74,CC(CN1C2=CC=CC=C2SC2=C1N=CC=C2)N(C)C
75,CC1(C)CCC(C)(C)C2=C1C=CC(NC(=O)C1=CC=C(C=C1)C(O)=O)=C2
76,NCCN1CCOCC1
77,[H][C@](N)(CC1=CC=C(C=C1)C(=O)C1=CC=CC=C1)C(O)=O
78,COC(=O)N[C@@H](C(C)C)C(=O)N1CCC[C@H]1C1=NC=C(N1)C1=CC=C(C=C1)C1=CC=C(C=C1)C1=CN=C(N1)[C@@H]1CCCN1C(=O)[C@@H](NC(=O)OC)C(C)C
79,[H][C@@]1(C[C@@H](C)[C@]2([H])CC(=O)[C@H](C)\C=C(C)\[C@@H](O)[C@@H](OC)C(=O)[C@H](C)C[C@H](C)\C=C\C=C\C=C(C)\[C@H](C[C@]3([H])CC[C@@H](C)[C@@](O)(O3)C(=O)C(=O)N3CCCC[C@@]3([H])C(=O)O2)OC)CC[C@@H](O)[C@@H](C1)OC
80,CN(C1=CC2=NN(C)C(C)=C2C=C1)C1=CC=NC(NC2=CC=C(C)C(=C2)S(N)(=O)=O)=N1
81,C[C@](O)(COC1=C(F)C(F)=C(F)C(F)=C1F)C(=O)NC1=CC=C(C(=C1)C(F)(F)F)[N+]([O-])=O
82,[H][C@]1(CC2=CC=C(C=C2)C(F)(F)F)SC(S)=NC1=O
83,COC1=C(OC)C(OC)=C(Cl)C(CC2=NC3=C(N)N=C(F)N=C3N2CCCC#C)=C1
84,[H]N([H])CCCCC1N([H])C(=O)C(CC2=CN([H])C3=CC=CC=C23)N([H])C(=O)C(CC2=CC=C(O)C=C2)N([H])C(=O)C(CSSCC(N([H])C(=O)C(N([H])C1=O)C(C)C)C(=O)N([H])C(C(C)O)C(=O)N([H])[H])N([H])C(=O)C(CC1=CC2=CC=CC=C2C=C1)N([H])[H]
85,C[C@H]1O[C@H](O)[C@H](O)[C@@H](O)[C@H]1O
86,CC1=NC(C)=C(S1)C1=CC=NC(NC2=CC=C(C=C2)C(F)(F)F)=N1
87,[H][C@](CC1=CC=CC=C1)(NC(=O)CCCC(O)=O)[P@](O)(=O)OCC(=O)NCCC1=CC=CC=C1
88,OC[C@@H]1O[C@@](O)(CO)[C@H](O)[C@H]1O
89,O=C1C(C(=O)C2=CC=CC=C12)C1=CC=CC=C1
90,NC(=[NH2+])N1C=NC=N1
91,CN(C)CCC=C1C2=CC=CC=C2CCC2=CC=CC=C12
92,[NH3+]CCCCCCCCNC1=C2CCCCC2=[NH+]C2=CC=CC=C12
93,CC(CCC1=CC=CC=C1)NCC(O)C1=CC(C(N)=O)=C(O)C=C1
94,CC1=CN([C@H]2C[C@H](O)[C@@H](COP(O)(=O)OP(O)(=O)OP(O)(O)=O)O2)C(=O)NC1=O
95,[H][C@@]12CC[C@H](O)[C@@]1(C)CC[C@]1([H])C3=CC=C(OC(=O)N(CCCl)CCCl)C=C3CC[C@@]21[H]
96,N[C@@H](CSCC(N)=O)C(O)=O
97,[H][C@@]12CCCCN1C(=O)C(=O)C(C)(C)COC(=O)CCCCCCCCCCCOC2=O
98,[H][C@@]12CC[C@](O)(C(=O)CO)[C@@]1(C)C[C@H](O)[C@@]1([H])[C@@]2([H])CCC2=CC(=O)CC[C@]12C
99,[H][C@@](CC(C)C)(CC(=O)NO)C(=O)N[C@@]([H])(CC1=CC=CC=C1)C(=O)NC
100,COC1=CC2=C(SC3=C(C=CC=C3)N2C[C@H](C)CN(C)C)C=C1
101,NC1=NC(N)=C2N=C(C(N)=NC2=N1)C1=CC=CC=C1
102,[H][C@@]12CC[C@@]3(CCC(=O)O3)[C@@]1(C)CC[C@@]1([H])[C@@]2([H])[C@@]([H])(CC2=CC(=O)CC[C@]12C)SC(C)=O
103,[H][C@]1(CCCN1)C(O)=NS(=O)(=O)OC[C@@]1([H])O[C@@]([H])(N2C=NC3=C(N)N=CN=C23)[C@]([H])(O)[C@]1([H])O
104,N[C@@H](CCC(=O)N[C@@H](CS)C(=O)NCC(O)=O)C(O)=O
105,[H]\C(=C1\CCCN=C1C1=CN=CC=C1)C1=C(OC)C=C(OC)C=C1
106,ClC1=CC(Cl)=C(COC(CN2C=CN=C2)C2=C(Cl)C=C(Cl)C=C2)C=C1
107,OC(=O)CC1=CC=CC=C1NC1=C(Cl)C=CC=C1Cl
108,CCCCCCC#CC1=CC=CC=C1\C=C\C(O)=O
109,COC1=C(OC)C(=O)C(C\C=C(/C)CCC=C(C)C)=C(C)C1=O
110,CN(C\C=C\C#CC(C)(C)C)CC1=CC=CC2=CC=CC=C12
111,[H][C@@]1(C[C@]([H])(N=[N+]=[N-])[C@@]([H])(COP([O-])(=O)OP([O-])(=O)OP(O)(=O)OP([O-])(=O)OP([O-])(=O)OC[C@@]2([H])O[C@@]([H])(N3C=NC4=C(N)N=CN=C34)[C@]([H])(O)[C@]2([H])O)O1)N1C=C(C)C([O-])=NC1=O
112,CCOC(=O)C(C1=C(O)C2=CC=CC=C2OC1=O)C1=C(O)C2=CC=CC=C2OC1=O
113,[H][C@@](COCCCCCCCC)(COP(O)(=O)OCCN)OP(O)(=O)CCCCCCC
114,CN1CCN(CC1)C(C1=CC=CC=C1)C1=CC=C(Cl)C=C1
115,CC[C@H]1OC(=O)[C@H](C)[C@@H](O[C@H]2C[C@@](C)(OC)[C@@H](O)[C@H](C)O2)[C@H](C)[C@@H](O[C@@H]2O[C@H](C)C[C@@H]([C@H]2O)N(C)C)[C@](C)(O)C[C@@H](C)CN(C)[C@H](C)[C@@H](O)[C@]1(C)O
116,COCCOC1=CC2=C(C=C1OCCOC)C(NC1=CC(=CC=C1)C#C)=NC=N2
117,COC1=NC(C)=NC(Cl)=C1NC1=NCCN1
118,CN(C)S(=O)(=O)C1=CC2=C(SC3=CC=CC=C3\C2=C\CCN2CCN(C)CC2)C=C1
119,[H][C@@]12CC3=CC=C(OC4=C5C(CC[N+](C)(C)[C@]5([H])CC5=CC(OC6=C(OC)C=C(CC[N+]1(C)C)C2=C6)=C(OC)C=C5)=CC(OC)=C4OC)C=C3
120,CCCOC1=C2C(NC=C2C2=NC(N)=NC=C2)=NC=C1
121,[H][C@](O)(CC(O)=O)C(=O)N[C@@]([H])(CCC1=CC=CC=C1)C(=O)NCCC(C)C
122,NC1=CC(C=O)=C(CC(=O)OCCBr)C=C1
123,COC1=C(OCC2=NC=CC=C2)C=C(C)C=C1
124,CC(C(O)=O)C1=CC(=CC=C1)C(=O)C1=CC=CC=C1
125,CCCCNC1=CC=C(C=C1)C(=O)OCCOCCOCCOCCOCCOCCOCCOCCOCCOC
126,CC(C)C1=NN=C(C)N1[C@H]1C[C@@H]2CC[C@H](C1)N2CC[C@H](NC(=O)C1CCC(F)(F)CC1)C1=CC=CC=C1
127,COC1=CC=CC2=C1CCC(=O)N2CCCN1CCN(CC1)C1=CC=CC(Cl)=C1
128,[H][C@@]1(C[C@@H](C)[C@]2([H])CC(=O)[C@H](C)\C=C(C)\[C@@H](O)[C@@H](OC)C(=O)[C@H](C)C[C@H](C)\C=C\C=C\C=C(C)\[C@H](C[C@]3([H])CC[C@@H](C)[C@@](O)(O3)C(=O)C(=O)N3CCCC[C@@]3([H])C(=O)O2)OC)CC[C@@H](OCCO)[C@@H](C1)OC
129,COC1=C(C=C2C(OC3=CC(Cl)=C(NC(O)=NC4CC4)C=C3)=CC=NC2=C1)C(O)=N
130,[H][C@]1(CO)O[C@@]([H])(C2=C3N=CN=C(N)C3=NN2)[C@]([H])(O)[C@]1([H])O
131,CSC1=CC(\N=C(/N)N(C)C2=CC(SC)=CC=C2)=C(Cl)C=C1
132,[H][C@@]12C[C@@H](C)[C@](O)(C(=O)CO)[C@@]1(C)C[C@H](O)[C@@]1(F)[C@@]2([H])CCC2=CC(=O)C=C[C@]12C
133,[H][C@](N)(CC1=CC=CC=C1)C(=O)OC
134,CN1CCC(CN2C3=CC=CC=C3SC3=CC=CC=C23)C1
135,[H][C@@]12CC3=CNC4=CC=CC(=C34)[C@@]1([H])C[C@@H](CSC)CN2CCC
136,[O-][N+](=O)C1=CC2=C(NC(=O)CN=C2C2=CC=CC=C2)C=C1
137,CC(=O)NCCCS(O)(=O)=O
138,CCCC(C)C1(CC)C(=O)NC(=O)NC1=O
139,FCOC(C(F)(F)F)C(F)(F)F
140,CCN(CC)CCNC(=O)C1=CC(Cl)=C(N)C=C1OC
141,C[P@](O)(=O)OC1=CC=C(C=C1)[N+]([O-])=O
142,CCCCC(C)(O)C\C=C\[C@H]1[C@H](O)CC(=O)[C@@H]1CCCCCCC(=O)OC
143,CC=C(C(=CC)C1=CC=C(O)C=C1)C1=CC=C(O)C=C1
144,N[C@@H](CCC(N)=O)C(O)=O
145,NC(=N)SCCC1=CC=C(CCSC(N)=N)C=C1
146,NS(=O)(=O)C1=CC=C(NC2=CN3C=C(C=CC3=N2)C(=O)C2=C(Cl)C=CC=C2Cl)C=C1
147,COC(=O)NC1=NC2=C(N1)C=C(C=C2)C(=O)C1=CC=CC=C1
148,CC1=C2N=C(NC3=CC=C(OCCN4CCCC4)C=C3)N=NC2=CC(=C1)C1=CC(OC(=O)C2=CC=CC=C2)=CC=C1Cl
149,CC(C)(COP(O)(=O)OP(O)(=O)OC[C@H]1O[C@H]([C@H](O)[C@@H]1OP(O)(O)=O)N1C=NC2=C1N=CN=C2N)[C@@H](O)C(=O)NCCC(=O)NCCS
150,[H]C(Cl)(Br)C(F)(F)F
151,CN1N=C(C2=C(N)N=CN=C12)C1=CC2=CC=CC=C2C=C1
152,[H][C@]1(CCN(C1)C1=NC=NC2=CC(OC)=C(OC)C=C12)OC1=NC2=CC=CC=C2N=C1
153,OC(=O)CCCCN(CC1=CC=C(C=C1)[N+]([O-])=O)CP(O)(O)=O
154,COC1=CC=CC=C1C1=CC2=C(C3=C(C=CC(O)=C3)N2CCCO)C2=C1C(=O)NC2=O
155,[H][C@](N)(C1CCCC1)C(=O)N1[C@]([H])(CN)CC[C@]1([H])C#C
156,N#CC1=CC=C(C=C1)C(N1C=NC=N1)C1=CC=C(C=C1)C#N
157,[H][C@]12COC(=O)[C@]1([H])[C@]([H])(C1=CC(OC)=C(O)C(OC)=C1)C1=CC3=C(OCO3)C=C1[C@@]2([H])O[C@]1([H])O[C@]2([H])CO[C@]([H])(O[C@@]2([H])[C@]([H])(O)[C@@]1([H])O)C1=CC=CS1
158,CC1=NOC(NS(=O)(=O)C2=C(SC=C2)C(=O)CC2=CC3=C(OCO3)C=C2C)=C1Cl
159,COC1=C(OC)C=C2C(N)=NC(=NC2=C1)N1CCN(CC1)C(=O)C1CCCO1
160,[H][C@](O)(C(O)=NCCC(O)=NCCSCC(=O)C(F)(F)F)C(C)(C)COP(O)(=O)OP(O)(=O)OC[C@@]1([H])O[C@@]([H])(N2C=NC3=C(N)N=CN=C23)[C@]([H])(O)[C@]1([H])OP(O)(O)=O
161,FC(F)OC(F)C(F)(F)F
162,CC(C)[C@H](N1CCCNC1=O)C(=O)N[C@H](C[C@H](O)[C@H](CC1=CC=CC=C1)NC(=O)COC1=C(C)C=CC=C1C)CC1=CC=CC=C1
163,CC[C@@]1(O)C(=O)OCC2=C1C=C1N(CC3=CC4=CC=CC=C4N=C13)C2=O
164,IC1=CNC(=O)NC1=O
165,CCOC(=O)C1=CN=CN1[C@H](C)C1=CC=CC=C1
166,CN(C)CCCN1C2=CC=CC=C2SC2=CC=CC=C12
167,OC1=CC2=C(C=C1)C(=O)C(O)=C(O2)C1=CC=C(O)C(O)=C1
168,NC(=N)NNC(=O)N(C1=CC=CC=C1)C1=CC=CC=C1
169,CCCCCCCC1=C(O)C(=O)C2=C(N=CS2)C1=O
170,[H][C@](O)(CO)COC1=CC(=CC=C1)C(=O)C1=C(N)N(N=C1)C1=CC=C(F)C=C1
171,[H][C@@](O)(COC1=C(C)C=CC(C)=C1)CN1CCOCC1
172,NC(=O)C[S@@](=O)C(C1=CC=CC=C1)C1=CC=CC=C1
173,CC(C)CC1=CC=C(C=C1)C(C)C(O)=O
174,CC(C)(C)CC(=O)O\N=C\C1=CC=C(O)C=C1
175,CSC1=NC2=CC=CC=C2C(=O)N1C1=C(F)C=CC=C1F
176,NC1=CC=C(C=C1)S(=O)(=O)NC1=CC=CC=N1
177,CNCCCN1C2=CC=CC=C2CCC2=CC=CC=C12
178,[H][C@@]12CO[C@@]3(COS(N)(=O)=O)OC(C)(C)O[C@@]3([H])[C@]1([H])OC(C)(C)O2
179,NC(=N)C1=CC2=C(C=C1)N=C(N2)C(=O)C1=NC2=C(N1)C=CC(=C2)C(N)=N
180,CC(=N)N1CCC(CC1)OC1=CC=C2C(=C1)N(CC1=CC=C3C=CC(=CC3=C1)C(N)=N)C1=C2C=CC=C1
181,CCOC(=O)C1=C(C)NC(C)=C(C1C1=CC(=CC=C1)[N+]([O-])=O)C(=O)OC
182,NC(=O)C1=CC=C[N+](=C1)[C@@H]1O[C@@H](COP(O)(O)=O)[C@H](O)[C@H]1O
183,[H][C@@]1(CC2=CC=C(C=C2)C(N)=N)CCCC[C@@]([H])(CC2=CC=C(C=C2)C(N)=N)C1=O
184,[H][C@]1(CC)O[C@]2(C)[C@]([H])(OC(C)=O)[C@@]1(C)O[C@@]([H])(\C=C\C=C\C=C\C1=C(C)C(OC)=CC(=O)O1)[C@]2([H])O
185,ClC1=CC=C2OC(NS(=O)(=O)C3=CC(Cl)=CC=C3Cl)=NC2=C1
186,ClC1=CC=C(S1)\C=C\S(=O)(=O)N1CCN(CC2=CC3=C(N2)C=CN=C3)C(=O)C1
187,NS(=O)(=O)C1=C(Cl)C=C2NCNS(=O)(=O)C2=C1
188,[H][C@@](C)(O)[C@@]([H])(CCOC1=CC2=C(C=CC=C2)C=C1)N1C=NC(=C1)C(N)=O
189,CC1=CC(I)=C(O)C(=C1)C(=O)NC1=CC(Cl)=C(C=C1)C(N)=N
190,NC1=CC=C(C=C1)S(=O)(=O)C1=CC=C(N)C=C1
191,OCCN(CCO)C1=NC2=C(N=C(N=C2N2CCCCC2)N(CCO)CCO)C(=N1)N1CCCCC1
192,CSCCNC1=C2N=CN([C@@H]3O[C@H](COP(O)(=O)OP(O)(=O)C(Cl)(Cl)P(O)(O)=O)[C@@H](O)[C@H]3O)C2=NC(SCCC(F)(F)F)=N1
193,CC(C)N(CCC(C(N)=O)(C1=CC=CC=C1)C1=NC=CC=C1)C(C)C
194,COC(=O)C1=C(C)NC(C)=C(C1C1=CC=CC=C1[N+]([O-])=O)C(=O)OCC(C)C
195,CN1C(=O)CC(C)(C1=O)C1=CC=CC=C1
196,N[C@](CS(=O)(=O)C1=CC=C(OC2=CC=CC=C2)C=C1)(C(=O)NO)C(F)(F)F
197,[H]\C(=N/CCCC[C@]([H])(N)C(O)=O)C1=C(COP(O)(O)=O)C=NC(C)=C1O
198,COC1=C(OCC(O)COC(N)=O)C=CC=C1
199,CC1=CC=C(C=C1C1=CC=C(C=C1)C(=O)NCC1CC1)C(=O)NC1CC1
200,CSC[S@](C)=O
201,CC1CCN(CC1)C1=CC=C(CO)C=C1NC(=O)C1=CC=C(O1)C#N
202,CN(C)CCCC1(OCC2=C1C=CC(=C2)C#N)C1=CC=C(F)C=C1
203,CN(C)CCCN1C2=CC=CC=C2SC2=C1C=C(Cl)C=C2
204,[H][C@@]1(CC2=C(C=CC=C2)N(CC(=O)NCCO)C1=O)NC(=O)C1=CC2=C(N1)SC(Cl)=C2
205,C[C@H](N)[C@H](O)C1=CC(O)=C(O)C=C1
206,CSC1=CC=C(C=C1)C(=O)C1=C(C)NC(=O)N1
207,CN1CCN(CC1)C1=NC2=CC(Cl)=CC=C2NC2=CC=CC=C12
208,CNCC(O)C1=CC(OC(=O)C(C)(C)C)=C(OC(=O)C(C)(C)C)C=C1
209,C[C@@H]1CN(CC[C@]1(C(O)=O)C1=CC=CC=C1)[C@H]1CC[C@](CC1)(C#N)C1=CC=C(F)C=C1
210,NC1=NC2=C(N=CN2[C@@H]2O[C@H](COP(O)(=O)OP(O)(=O)OP(O)(O)=O)[C@@H](O)[C@H]2O)C(=O)N1
211,CCOC(=O)C(CC1=CC2=C(C=C1)C=CC(=C2)C(N)N)C1=CC=C(OC2CCNC2)C=C1
212,CC(C)NCC(O)COC1=C(C)C(C)=C(OC(C)=O)C(C)=C1
213,NC1=NC=CC(=N1)C1=C2C=CN=C(N)N2C2=NC=CC(O)=C12
214,CC[C@H]1[C@@H](CC2=CN=CN2C)COC1=O
215,CCCN(CCC1=CC=CS1)[C@H]1CCC2=C(O)C=CC=C2C1
216,COC1=CC(NC2=NC=C(F)C(NC3=CC=C4OC(C)(C)C(=O)NC4=N3)=N2)=CC(OC)=C1OC
217,NC1=NC=CC=C1NCC1=CC=CC=C1
218,NC1=NC(=O)N(C=C1F)[C@@H]1CS[C@H](CO)O1
219,CN1CCN(CCCN2C3=CC=CC=C3SC3=C2C=C(Cl)C=C3)CC1
220,ClC1=CC=CC(N2CCN(CCCCOC3=CC4=C(CCC(=O)N4)C=C3)CC2)=C1Cl
221,CC1=CC=C(SC2=CC=CC=C2N2CCNCC2)C(C)=C1
222,NC(=[NH2+])C1=C(Cl)C=C2NC(=CC2=C1)C1=CC=CC(OC2CCCC2)=C1[O-]
223,O=C(CC1=CC2=C(C=CC=C2)C=C1)NC1=CC(=NN1)C1CC1
224,COC1=CC2=C(C(OC)=C1OC)C1=CC=C(OC)C(=O)C=C1C(CC2)NC(C)=O
225,O[C@H]1[C@H](O)[C@@H](O)[C@H](O)[C@@H](O)[C@@H]1O
226,NC(=O)C1=CC=C(NC2=NC(OCC3CCCCC3)=C3N=CNC3=N2)C=C1
227,NCCC[C@H](N)C(O)=O
228,NC1=NC(=O)N(C=C1)[C@@H]1O[C@H](CO)[C@@H](O)C1(F)F
229,[H][C@@](COC(=O)CCCCCCCCCCCCCCCCC)(COP(O)(=O)OCC[N+](C)(C)C)OC(=O)CCCCCCCCCCCCCCCCC
230,CCCCCCCCCCC[C@@H](C[C@@H]1OC(=O)[C@H]1CCCCCC)OC(=O)[C@H](CC(C)C)NC=O
231,CCCC1=C2N(CC)C(=CC(=O)C2=CC2=C1OC(=CC2=O)C(O)=O)C(O)=O
232,[H][C@]1(C)CC[C@@]([H])(CC1)N=C(O)NS(=O)(=O)C1=CC=C(CCN=C(O)N2CC(C)=C(CC)C2=O)C=C1
233,COC1=CC2=C(C=C1OC)[C@@H](CC1=CC(OC)=C(OC)C=C1)[N@@+](C)(CCC(=O)OCCCCCOC(=O)CC[N@@+]1(C)CCC3=C(C=C(OC)C(OC)=C3)[C@H]1CC1=CC(OC)=C(OC)C=C1)CC2
234,CC1=CC(NC2=NC(NC3=CC=C(CC(O)=O)C=C3)=NC=C2C(N)=O)=CC=C1
235,CN(C)C\C=C(\C1=CC=C(Br)C=C1)C1=CC=CN=C1
236,CS(O)(=O)=O.NC1=C2N=CN(CCOC[P@@]3(=O)OCC[C@H](O3)C3=CC(Cl)=CC=C3)C2=NC=N1
237,CC1=CC2=C(C=C1C(=C)C1=CC=C(C=C1)C(O)=O)C(C)(C)CCC2(C)C
238,CO[C@H]1\C=C\C=C(C)\C[C@H](C)[C@H](O)[C@H](C)\C=C(/C)\C=C(OC)\C(=O)O[C@@H]1[C@@H](C)[C@@H](O)[C@H](C)[C@@]1(O)C[C@@H](O)[C@H](C)[C@H](O1)C(C)C
239,CCCN[C@H]1CCC2=C(C1)SC(N)=N2
240,CC=CCC=CCCC(=O)[C@H]1O[C@H]1C(N)=O
241,OCCCCC(O)=O
242,OP(O)(=O)OC1=C(C=C2C=CC=CC2=C1)C(=O)NC1=CC=C(Cl)C=C1
243,COC1=CC(=O)C2=C(C(COC3=CC=C(C=C3)[N+]([O-])=O)=C(C)N2C)C1=O
244,CC1=CC(N2CCCS2(=O)=O)=C2OC(=C(O)C(=O)C2=C1)C1=CC=C(O)C(O)=C1
245,[H][C@]1(N(CCSC1(C)C)S(=O)(=O)C1=CC=C(OCC#CCN)C=C1)C(=O)NO
246,CCC1=C2NC3=C(CCOC3(CC)CC(O)=O)C2=CC=C1
247,CCC1(C)OC(=O)N(C)C1=O
248,[H][C@@]12CC[C@](OC(C)=O)(C(C)=O)[C@@]1(C)CC[C@@]1([H])[C@@]2([H])C[C@H](C)C2=CC(=O)CC[C@]12C
249,CCOC1=C(NC(=O)C2=CC(C)=C(OCCN)C(C)=C2)C=C(C=C1Cl)N1CCCCC1
250,CC1=CC(OCC(O)CNC(C)(C)C)=C(Cl)C=C1
251,[H][C@]1(CSCN1)C(O)=O
252,[H][C@](C)(C1=CC=CN1)C1=C2C=C(NC(N)=O)C=CC2=NC1=O
253,[H][C@@]1(CC[C@@]2([H])[C@]3([H])CC=C4C[C@H](CC[C@]4(C)[C@@]3([H])CC[C@]12C)OS(O)(=O)=O)[C@H](C)CCCC(C)C
254,CN1CCN(CC1)C1=NC2=CC=CC=C2NC2=C1C=C(C)S2
255,[H][C@@]1(C)CCC2=C(C1)C(C(=O)N(CC)CC)=C(NC(=O)C1=CC=CS1)S2
256,O=C1CC2(CCCC2)CC(=O)N1CCCCN1CCN(CC1)C1=NC=CC=N1
257,CC1=CC=C(C=C1)S(=O)(=O)NC(=O)NN1CCCCCC1
258,CCOC1=CC=C(NC(C)=O)C=C1
259,[H][C@@]12CCCN1C(=O)[C@H](CC1=CC=CC=C1)N1C(=O)[C@](C)(NC(=O)[C@H]3CN(C)[C@]4([H])CC5=CNC6=CC=CC(=C56)C4=C3)O[C@@]21O
260,C[N+](C)(C)C[C@H](O)CC([O-])=O
261,OCC1=CC=C(Br)C=C1
262,[H][C@]1(O)CC[C@@]2([H])[C@]3([H])CC[C@@]4([H])CC(=O)CC[C@]4(C)[C@@]3([H])CC[C@]12CCOCC1=CC(F)=CC(F)=C1
263,O[C@H]1CC[C@@]2(O)[C@H]3CC4=CC=C(O)C5=C4[C@@]2(CCN3CC2CCC2)[C@H]1O5
264,CN1C(CCl)NC2=CC(Cl)=C(C=C2S1(=O)=O)S(N)(=O)=O
265,[H][C@@]12C[C@]3([H])O[C@]4([H])C\C=C/[C@]([H])(O)[C@@]([H])(CO)O[C@@]4([H])C=C[C@@]3([H])O[C@@]1([H])[C@]([H])(O)[C@@]1([H])OCC=CC[C@]1([H])O2
266,CN1CCC2=C(C1)C(C1=CC=CC=C21)C1=CC=CC=C1
267,C[C@@H](OC[C@]1(CC[C@]2(CCC(=O)N2)CN1)C1=CC=CC=C1)C1=CC(=CC(=C1)C(F)(F)F)C(F)(F)F
268,CCCC[C@@H](NC(=O)[C@@H](CC1=CC=CC=C1)NC(=O)[C@H](N)CC1=CC=CC=C1)C(=O)N[C@H](CCCNC(N)=N)C(=O)NCC1=CC=NC=C1
269,CSCC[C@H](NC(=O)[C@H](CC1=CNC2=C1C=CC=C2)NC(=O)CCNC(=O)OC(C)(C)C)C(=O)N[C@@H](CC(O)=O)C(=O)N[C@@H](CC1=CC=CC=C1)C(N)=O
270,COC1=CC=C(C=C1)N1N=C(C(N)=O)C2=C1C(=O)N(CC2)C1=CC=C(C=C1)N1CCCCC1=O
271,COC1=C(OCCCN2CCCCC2)C=C2N=CN=C(N3CCN(CC3)C(=O)NC3=CC=C(OC(C)C)C=C3)C2=C1
272,[H][C@@]12CC[C@@](O)(C#C)[C@@]1(CC)CC[C@]1([H])[C@@]3([H])CCC(C=C3CC[C@@]21[H])=NO
273,CCOC(=O)C(C)(C)OC1=CC=C(Cl)C=C1
274,O=C1C2=CC=CC3=C2C(=NN3)C2=C1C=CC=C2
275,CCCC(C)(COC(N)=O)COC(N)=O
276,OC(=O)CC1=CC(I)=C(OC2=CC=C(O)C(I)=C2)C(I)=C1
277,[H][C@]1(O)O[C@]([H])(CO)[C@@]([H])(SC)[C@]([H])(O)[C@@]1([H])O
278,CC1=CN(C=N1)C1=CC(NC(=O)C2=CC=C(C)C(NC3=NC=CC(=N3)C3=CN=CC=C3)=C2)=CC(=C1)C(F)(F)F
279,CS(C)=O
280,CN1CCN(CC1)C(=O)O[C@@H]1N(C(=O)C2=NC=CN=C12)C1=NC=C(Cl)C=C1
281,C[C@H](CC1=CC=CC=C1)N(C)CC#C
282,CCNC(=O)C1=NOC(=C1C1=CC=C(OC)C=C1)C1=C(O)C=C(O)C(Cl)=C1
283,COC1=CC=C(O)C(=C1)C1=NC2=C(N1)C=CC(=C2)C(N)=[NH2+]
284,NC1=NC=NC2=C1N=CN2[C@@H]1O[C@@H](CO[P@](O)(=O)OP(O)(O)=O)[C@H]2O[V](=O)(=O)O[C@H]12
285,CN1C(=O)C(=CC2=CN=C(NC3=CC(CO)=CC=C3)N=C12)C1=C(Cl)C=CC=C1Cl
286,COC1=CC=C(CC(C)NCC(O)C2=CC(NC=O)=C(O)C=C2)C=C1
287,[H][C@@]12CCC(=O)[C@@]1(C)CC[C@@]1([H])[C@@]2([H])CC=C2C[C@@]([H])(O)CC[C@]12C
288,[H][C@@]12CC[C@@](O)(CC)[C@@]1(CC)C=CC1=C3CCC(=O)C=C3CC[C@@]21[H]
289,CN1CCC[C@@H]1CC1=CNC2=C1C=C(CCS(=O)(=O)C1=CC=CC=C1)C=C2
290,CCC1=CN=C(CCOC2=CC=C(CC3SC(=O)NC3=O)C=C2)C=C1
291,COC(=O)C(C1CCCCN1)C1=CC=CC=C1
292,N[C@@H](CN1C=CC(=O)NC1=O)C(O)=O
293,[H][C@@]12CC[C@]3(O)C[C@]1(CC3=C)[C@@H](C(O)=O)[C@]1([H])[C@@]3(C)[C@@H](O)C=C[C@@]21OC3=O
294,[H][C@@](N)(C(O)=O)[C@@]([H])(O)OP(O)(O)=O
295,[H][C@]1(C)O[C@]([H])(O)[C@]([H])(O)[C@@]([H])(O)[C@]1([H])N[C@@]1([H])C=C(CO)[C@@]([H])(O)[C@]([H])(O)[C@@]1([H])O
296,CO[C@H]1\C=C\O[C@@]2(C)OC3=C(C)C(O)=C4C(O)=C(NC(=O)\C(C)=C/C=C/[C@H](C)[C@H](O)[C@@H](C)[C@@H](O)[C@@H](C)[C@H](OC(C)=O)[C@@H]1C)C1=C(N=C5C=C(C)C=CN15)C4=C3C2=O
297,[H]N=C(N([H])[H])C1=CC=C(O[C@@H]2CO[C@]3([H])[C@H](CO[C@]23[H])OC2=CC=CC(=C2)C(=N[H])N([H])[H])C=C1
298,CC(C)(N)C(O)=O
299,CCO
300,CC(=O)N[C@@H]1[C@@H](O)[C@H](O)[C@@H](CO)O[C@@H]1OP(O)(=O)OP(O)(=O)OC[C@H]1O[C@H]([C@H](O)[C@@H]1O)N1C=CC(=O)NC1=O
301,NCCC1=CC(O)=C(O)C=C1
302,NC1=NC2=C(N=CN2[C@@H]2O[C@H](COP(O)(O)=O)[C@@H](O)[C@H]2O)C(=O)N1
303,[H][C@@]1(CCCN1C(=O)C1=C(O)C=C(O)C=C1)C1=CC=CC=C1C
304,ClC1=CC2=C(OC3=CC=CC=C3N=C2N2CCNCC2)C=C1
305,COC(F)(F)C(Cl)Cl
306,[H][C@@]12O[C@]1(C)CC[C@]1([H])[C@]2(C)CCC[N@+]1([O-])CC(=O)NC1=CC=C(NC(=O)CCCC(O)=O)C=C1
307,[H][C@@]1(CCCNC1)NC(=O)C1=NNC=C1NC(=O)C1=C(F)C=CC=C1F
308,O[C@@H](CC[C@@H]1[C@H](N(C1=O)C1=CC=C(F)C=C1)C1=CC=C(O)C=C1)C1=CC=C(F)C=C1
309,NC(=O)OCC(COC(N)=O)C1=CC=CC=C1
310,N[C@@H](CCSC[C@H]1O[C@H]([C@H](O)[C@@H]1O)N1C=NC2=C(N)N=CN=C12)C(O)=O
311,CC(=O)OC1=CC=CC=C1C(O)=O
312,CCC1(C(=O)NC(=O)NC1=O)C1=CC=CC=C1
313,CCCC(=O)O[C@H](COC(=O)CC)COP(O)(=O)OC[C@H](N)C(O)=O
314,[H][C@@](N)(COC1=CN=CC(=C1)C1=CC=C2NN=C(C)C2=C1)CC1=CNC2=CC=CC=C12
315,CCCCCCC(O)=O
316,C[N+](C)(C)CCO.CN1C2=C([N-]C=N2)C(=O)N(C)C1=O
317,CNC1(CCCCC1=O)C1=CC=CC=C1Cl
318,CC(C)C1=CC=C(CNNC(=O)C2=CC=C(O)C=C2)C=C1
319,[H][C@@]1(CC[C@@]([H])(CC1)C(=O)NC1=CC(=CC=N1)C1=CC(NC2=CC=C(F)C=C2)=NC=C1)OC
320,CN[C@@H](C)[C@@H](O)C1=CC=CC=C1
321,CN1C2=C(C(Br)=C1C(=O)NCCO)C1=C(C(=O)NC1=O)C(=C2)C1=C(Cl)C=CC=C1
322,CC(C)(C)C(=O)OCOP(=O)(COCCN1C=NC2=C(N)N=CN=C12)OCOC(=O)C(C)(C)C
323,CC(CN(C)C)CN1C2=CC=CC=C2CCC2=CC=CC=C12
324,NC1=NC2=C(N[C@@H]3[C@H](N2)O[C@@H](COP(O)(O)=O)C2=C3S[Mo](S)(=O)(=O)S2)C(=O)N1
325,CC1COC2=C3N1C=C(C(O)=O)C(=O)C3=CC(F)=C2N1CCN(C)CC1
326,CNCCCC12CCC(C3=CC=CC=C13)C1=CC=CC=C21
327,[H][C@]1(CN(C)CCCCON)O[C@@]([H])(N2C(C=C)=NC3=C(N)N=CN=C23)[C@]([H])(O)[C@]1([H])O
328,[H][C@]12[C@H](C[C@@H](C)C=C1C=C[C@H](C)[C@@H]2CC[C@@H]1C[C@@H](O)CC(=O)O1)OC(=O)[C@@H](C)CC
329,CCC(=O)C1(CCN(C)CC1)C1=CC(O)=CC=C1
330,ONC(=O)C1=CC=C(S1)C(=O)N1CCN2C(C1)=NC=C2C1=CC=CC=C1
331,CN(C)CCC=C1C2=CC=CC=C2COC2=CC=CC=C12
332,COC1=CC(N)=C(OC)C(CCOC(=O)C2=C(O)C=C(O)C(Cl)=C2)=C1OC
333,COC1=CC=CC2=C1C(=O)C1=C(O)C3=C(C[C@](O)(C[C@@H]3O[C@H]3C[C@H](N)[C@H](O)[C@H](C)O3)C(=O)CO)C(O)=C1C2=O
334,[H]\C1=C(\[H])/C(/C)=C([H])/[C@@]([H])(O)CC(=O)CC2=NC(=CO2)C(=O)N2CC[C@]([H])([C@]2([H])C(=O)O[C@]([H])(C(C)C)[C@]([H])(C)\C([H])=C([H])\C(O)=NC1)S(=O)(=O)CCN(CC)CC
335,[H][C@@](O)(CC1=CC=C(O)C=C1)C(O)=N[C@@]([H])(C(=O)N1[C@@]([H])(C[C@]2([H])CC[C@]([H])(C[C@]12[H])OS(O)(=O)=O)C(O)=NCCCCNC(N)=N)[C@]([H])(C)CC
336,C1=CC2=CC3=CC=C4C=C5C=CC6=CC7=CC=C8C=C1N2[Fe](N78)(N34)N56
337,CC(C)(C)N1N=C(CC2=CC(O)=CC=C2)C2=C1N=CN=C2N
338,CO[C@H]1\C=C\O[C@@]2(C)OC3=C(C2=O)C2=C(O)C(\C=N\N4CCN(C)CC4)=C(NC(=O)\C(C)=C/C=C/[C@H](C)[C@H](O)[C@@H](C)[C@@H](O)[C@@H](C)[C@H](OC(C)=O)[C@@H]1C)C(O)=C2C(O)=C3C
339,[H][C@](S)(CCS)CCCCC(O)=O
340,CN1C2=C(C=C(Cl)C=C2)N(C2=CC=CC=C2)C(=O)CC1=O
341,CNS(=O)(=O)C1=CC=C(N\C=C2/C(=O)NC3=C2C=CC=C3)C=C1
342,OC1=CC2=C(C=C1)C(=NO2)C1=C(O)C=C(O)C=C1
343,O=NC(=O)CNS(=O)(=O)C1=CC=CC=C1
344,CCOC1=CC([C@@H](NC2=CC=C(C=C2)C(N)=N)C(O)=O)=C(F)C(O[C@@H]2CCOC2)=C1
345,CN(C)C1=CC2=[S+]C3=CC(=CC=C3N=C2C=C1)N(C)C
346,C1CCN(CC1)C1(CCCCC1)C1=CC=CC=C1
347,[H][C@@]1(NC2=CC(C)=C(C=C2S(=O)(=O)N1)S(=O)(=O)N1CCN(C)CC1)C1CCCC1
348,CN(C)CCC(C1=CC=C(Br)C=C1)C1=CC=CC=N1
349,CCCCCCCCOCCOCCOCCOCCO
350,OC(=O)CCCC[C@@H]1CCSS1
351,OC(=O)CNC(=O)C1=CC(O)=CC=C1
352,OB(O)CCC1=CC=CC=C1
353,[H][C@@](CC(O)=O)(C[N+](C)(C)C)OC(=O)CCCCCCC
354,CN\C(NCCSCC1=CC=C(CN(C)C)O1)=C/[N+]([O-])=O
355,[H][C@](CC)(CC1=CC(CNC(=O)C2=C(F)C=C(C=C2)C(F)(F)F)=C(OC)C=C1)C(O)=O
356,CC1=CN=C(NCC(F)(F)C2=CC=CC=N2)C(=O)N1CC(=O)NCC1=C(F)C=CC=N1
357,[H][C@](C)(CC)[C@]([H])(NC(=O)[C@@]([H])(NC(=O)[C@@]1([H])O[C@]1([H])C(=O)OCC)[C@@]([H])(C)CC)C(O)=O
358,OC(CCN1CCCC1)(C1CCCCC1)C1=CC=CC=C1
359,CCN(CC)CCCN(C1CC2=CC=CC=C2C1)C1=CC=CC=C1
360,FC(F)OC1=C(OCC2CC2)C=C(C=C1)C(=O)NC1=C(Cl)C=NC=C1Cl
361,CCCCC1C(=O)N(N(C1=O)C1=CC=CC=C1)C1=CC=CC=C1
362,[H][C@]12[C@]3([H])C=C(CO)C[C@]4(O)C(=O)C(C)=C[C@@]4([H])[C@@]3(O)[C@]([H])(C)[C@@]([H])(O)[C@@]1(OC(C)=O)C2(C)C
363,COC(=O)C1=C(C)NC(C)=C(C1C1=CC=CC=C1[N+]([O-])=O)C(=O)OC
364,CCC(=O)CCC(C)(C)O
365,[O-][N+](=O)C1=CC=C(C=C1)C1=NNC=C1
366,CC1=CC=C(C=C1)S(=O)(=O)NC(=O)NN1CC2CCCC2C1
367,CN1C=NN=C1SC1=NC(C(=O)NC2=NC(C)=CS2)=C(SC2=CC=C(F)C=C2)C=C1
368,CN1CCN(CC2=CC=C(C=C2)C(=O)NC2=CC=CC(NC3=NC=CC(=N3)C3=CN=CC=C3)=C2)CC1
369,O=C1NC(=O)C(N1)(C1=CC=CC=C1)C1=CC=CC=C1
370,[H]C(CCN(C)C)=C1C2=CC(Cl)=CC=C2SC2=C1C=CC=C2
371,O[C@@H]([C@@H](O)C(O)=O)C(O)=O
372,CC1=C(O)C=CC=C1C(=O)NC1=C2C=C(C=CC2=CC=C1)C(N)=N
373,N[C@H]1C(O)O[C@H](CO)[C@@H](O)[C@@H]1O
374,CCN(CC)CCOC1=CC=C(C=C1)C(=C(Cl)C1=CC=CC=C1)C1=CC=CC=C1
375,OS(=O)(=O)CCCSC1=NC2=C(S1)C=CC=C2
376,N[C@@H](CCCNC(=N)N[N+]([O-])=O)C(O)=O
377,[H][C@](N)(CSC(=O)CCCCCCCCCCCCCCC)C(O)=O
378,CN(C)C=O
379,CS\C(N)=N\CCCCCCCCCCCCCC\N=C(/N)SC
380,[H][C@@]12CC[C@H](O)[C@@]1(C)CC[C@@]1([H])[C@@]2([H])CC[C@@]2([H])CC(=O)CC[C@]12C
381,NCC1(CC2=CC=C(Cl)C=C2)CCN(CC1)C1=C2C=CNC2=NC=N1
382,[H][C@]1(O)[C@@]([H])(O)[C@]([H])(O)[C@](F)(CO)OC1([H])F
383,[H][C@@]12CC[C@H](O)[C@@]1(C)CC[C@]1([H])C3=C(CC[C@@]21[H])C=C(O)C=C3
384,NS(=O)(=O)CC1=NOC2=CC=CC=C12
385,ONC(=O)CC1(CCOCC1)S(=O)(=O)C1=CC=C(OC2=CC=CC=C2)C=C1
386,COC1=CC(CC2=C[NH+]=C(N)N=C2N)=CC(OC)=C1OC
387,[H][C@@](O)(CNC(=O)C1=CC2=CC(Cl)=CC=C2N1)N(CCO)C1CCCC1
388,[H][C@@]1(C)O[C@@]([H])(O[C@@]2([H])[C@]([H])(O[C@@]3([H])[C@]([H])(O)[C@@]([H])(CO)O[C@@]([H])(O)[C@]3([H])N=C(C)O)O[C@]([H])(CO)[C@]([H])(O)[C@]2([H])O)[C@@]([H])(O)[C@]([H])(O)[C@]1([H])O
389,[H][C@]1(C[C@@]1([H])C1=CC2=CC=C(C=C2C=C1)C(N)=N)C1=CC=CC=C1
390,NC1=NC(CC(=O)NC2=CC=C(CCNC[C@H](O)C3=CC=CC=C3)C=C2)=CS1
391,OCC(CO)(CO)NCCCNC(CO)(CO)CO
392,COC1=CC(=CC(OC)=C1OC)C(=O)C(=O)N1CCCC[C@H]1C(=O)OC(CCCC1=CN=CC=C1)CCCC1=CN=CC=C1
393,[H][C@]12CC[C@]([H])(O1)N1C3=C(C=CC=C3)C3=C4C(=O)NC(=O)C4=C4C5=C(C=CC=C5)N2C4=C13
394,NC(N)=NC1=NC(=CS1)C1=CC=C(CNC2=NC3=C(N2)C=CC=C3)S1
395,CC1=CC(=CC=C1O)C1=NC(=O)N=C(C1)C1=CC=CC=C1
396,C(OC1=C2NC=NC2=NC(NC2=CC=CC=C2)=N1)C1CCCCC1
397,COC1=CC(CC(C)N)=CC2=C1OCO2
398,ClC1=CC=C(C=C1)C1=CN=CN1
399,COC1=CC=C(C=C1)S(=O)(=O)N1C=C(CCC(O)=O)C2=CC(OC)=CC=C12
400,[NH3+]CCCCC(O)=O
401,[Br-].CCCC(CCC)C(=O)O[C@H]1CC2CCC(C1)[N+]2(C)C
402,[H][C@](O)(CCCCCCCC(O)=O)\C=C\C=C/CCCCC
403,OC(=O)CCCOC1=CC=C(NC(=O)NC(=O)C2=CC=C(Cl)C=C2Cl)C(Cl)=C1
404,CCOP(=O)(OCC)SCC[N+](C)(C)C
405,[H][C@@]12C[C@@H](O)[C@@H](O)[C@@]1(C)CC[C@]1([H])C3=C(CC[C@@]21[H])C=C(O)C=C3
406,IC1=CC=C(NC(=O)NC2CCCCC2)C=C1
407,OC1=C(O)C2=C(C=C1)C(=O)C1=C(O)C=CC(O)=C1C2=O
408,[H][C@@]12C[C@H](N(C(=O)[C@H](C)N[C@@H](CCC3=CC=CC=C3)C(=O)OCC)[C@@]1([H])CCCC2)C(O)=O
409,CCOC1=CC=CC=C1OCCN[C@H](C)CC1=CC(=C(OC)C=C1)S(N)(=O)=O
410,OC1=CC=C(\C=N\OC(=O)C2CCCCC2)C=C1F
411,[H][C@]12CC3=C(C=C(OC)C=C3)[C@@]3(CCCC[C@]13[H])CCN2C
412,NCCC1=CC=NN1
413,[H][C@]1(O)CC[C@@]2([H])[C@]3([H])CC[C@@]4([H])C[C@@]([H])(O)CC[C@]4(C)[C@@]3([H])CC[C@]12C
414,CC(C)C[C@H](NS(=O)(=O)CC1=CC=CC=C1)C(=O)N1CCC[C@H]1C(=O)NCCCCN=C(N)N
415,CC1=C(CCN2CCC(CC2)C2=NOC3=C2C=CC(F)=C3)C(=O)N2CCCCC2=N1
416,[H]\C(=C(\[H])C1=CC=C(CNCCC2=C(C)NC3=CC=CC=C23)C=C1)C(O)=NO
417,[H][C@@](CC1=CC=CC=C1)(NC(=O)NC1=NN=C(S)S1)C(=O)NC
418,[H][C@@]1(CNC2=C(N1)C(=O)NC(N)=N2)[C@@H](O)[C@H](C)O
419,OCC1=CC=CC=C1
420,[H][C@@](CC1=CC=CC=C1)(NS(N)(=O)=O)C(O)=O
421,OC(=O)C1N=C(C2=CC=CC=C2)C2=C(NC1=O)C=CC(Cl)=C2
422,NC1=C(C=NN1C1=CC=C(F)C=C1)C(=O)C1=CC(OC2CCNCC2)=CC=C1
423,[H][C@](NC(=O)OCC1=CC=CC=C1)(C(C)C)[P@@](O)(=O)O[C@]([H])(C(O)=O)C1=CC(CN)=CC=C1
424,[H][C@@]12CC3=CNC4=CC=CC(=C34)[C@@]1([H])C[C@H](CN2CC=C)C(=O)N(CCCN(C)C)C(=O)NCC
425,[H][C@@]12CC3=C(C=C(O)C=C3)[C@]3(CCCC[C@@]13O)CCN2CC1CCC1
426,[H][C@@]1(C[C@]([H])(N=[N+]=[N-])[C@@]([H])(COP(O)(O)=O)O1)N1C=C(C)C(O)=NC1=O
427,[H][C@@]12CC3=CNC4=CC=CC(=C34)C1=C[C@@H](CN2C)NC(=O)N(CC)CC
428,FC1=CC=C(NC(=O)C2=NNC=C2NC(=O)C2=C(F)C=CC=C2F)C=C1
429,COC(=O)C1=C(NC(C)=C(C1C1=CC(=CC=C1)[N+]([O-])=O)C(=O)OC(C)C)C#N
430,NC1=NNC2=CC=C(C=C12)C1=CC=CC=C1
431,COC1=CC2=C(C=C1)N(C(=O)C1=CC=C(Cl)C=C1)C(C)=C2CC(O)=O
432,I[Hg]I
433,NCCCCNC(N)=N
434,CC(CN(C)C)CN1C2=CC=CC=C2SC2=CC=CC=C12
435,OCCN1CCN(CC\C=C2\C3=CC=CC=C3SC3=C2C=C(Cl)C=C3)CC1
436,CN\C(NCC1=CC=CC=C1)=N/C
437,CN(C)C1=C(C)N(C)N(C1=O)C1=CC=CC=C1
438,NC1=CC2=NC3=C(C=CC(N)=C3)C=C2C=C1
439,CCCCCNC(=N)N\N=C\C1=CNC2=C1C=C(OC)C=C2
440,N1N=C(C2=NC3=CC=CC=C3N2)C2=C1C=CC=C2
441,N[C@@H](CN1C=C(I)C(=O)NC1=O)C(O)=O
442,O[C@@H]1[C@H](O)[C@@H](OP(O)(O)=O)[C@H](OP(O)(O)=O)[C@@H](O)[C@@H]1OP(O)(O)=O
443,[H][C@@]1(CC[C@@]2([H])[C@]3([H])CC[C@@]4([H])NC(=O)C=C[C@]4(C)[C@@]3([H])CC[C@]12C)C(=O)NC1=CC(=CC=C1C(F)(F)F)C(F)(F)F
444,FC1=CC=C(C=C1)C(=O)CCCN1CCC(=CC1)N1C(=O)NC2=CC=CC=C12
445,[H][C@]1(COP(O)(O)=O)O[C@@]([H])(N2C=NC3=C(N)N=CN=C23)[C@]([H])(OP(O)(O)=O)[C@]1([H])O
446,OC1=CC=C(C=C1)C1=CC2=C(C=CC3=C2C=NC=C3)N=C1
447,CCCNC(=O)NS(=O)(=O)C1=CC=C(Cl)C=C1
448,[H][C@]1(O)[C@@]([H])(O)[C@@]([H])(CO)O[C@@]([H])(OCCCCCC)[C@]1([H])O
449,C[C@@H](O)[C@H](C)O
450,ClC1=CC=CC(Cl)=C1NC1=NCCN1
451,CN(C)\N=N\C1=C(N=CN1)C(N)=O
452,CC1=C(C=CC=C1)C1=CC2=C(N1)C=CC(=C2)C(N)=N
453,CC(O)CO
454,ClC1=C(CCN2CCN(CC2)C2=NSC3=CC=CC=C23)C=C2CC(=O)NC2=C1
455,CC(C)(C)NC(=O)[C@@H]1CN(CC2=CN=CC=C2)CCN1C[C@@H](O)C[C@@H](CC1=CC=CC=C1)C(=O)N[C@@H]1[C@H](O)CC2=CC=CC=C12
456,OC(=O)C1=C(CCC1)C(=O)NC1=C(F)C=C(C=C1F)C1=CC=CC(OC(F)(F)F)=C1
457,CC1=NC=C(CO)C(C=O)=C1O
458,C[C@@H](C1=NC=NC=C1F)[C@](O)(CN1C=NC=N1)C1=C(F)C=C(F)C=C1
459,[H][C@@]12CC[C@H](O)[C@H](C(=O)OC)[C@@]1([H])C[C@]1([H])N(CCC3=C1NC1=CC=CC=C31)C2
460,FC1=CC=C(CC(=O)NC(=O)NC2=CC(F)=C(OC3=CC=NC4=C3C=CN4)C=C2)C=C1
461,CC(C)(OC1=CC=C(CCNC(=O)C2=CC=C(Cl)C=C2)C=C1)C(O)=O
462,OC(=O)C1=CC=CC=C1OC(=O)C1=CC=CC=C1O
463,[H][C@@]12CCC(=O)[C@@]1(C)CC[C@]1([H])C3=C(CC[C@@]21[H])C=C(O)C=C3
464,COC(=O)[C@H](CC1=CC=CC=C1)NC(=O)[C@@H](N)CC(O)=O
465,CC(C)C1=C(C(=O)NC2=CC=CC=C2)C(=C(N1CC[C@@H](O)C[C@@H](O)CC(O)=O)C1=CC=C(F)C=C1)C1=CC=CC=C1
466,CC(C)OC(=O)CCC\C=C/C[C@H]1[C@@H](O)C[C@@H](O)[C@@H]1\C=C\[C@@H](O)COC1=CC=CC(=C1)C(F)(F)F
467,NC(=N)C1=CC2=C(C=C1)N=C(N2)C1=CC(CC[NH3+])=CC(=C1O)C1=CC=CC=C1
468,OC(=O)CCCNC=C1N=C(OC1=O)C1=CC=CC=C1
469,[H][C@]1(CN(CC2=CC=C(F)C=C2)CCN1)C(=O)NCCS
470,N[C@@H](C[S@@](O)=O)C(O)=O
471,OC(=O)CCCC(=O)NC1=CC=C(CC[N+]2([O-])CCCCC2)C=C1
472,CN1CCCC(CC1)N1N=C(CC2=CC=C(Cl)C=C2)C2=CC=CC=C2C1=O
473,CCN(CC)CCN1C2=C(C=C(Cl)C=C2)C(=NCC1=O)C1=CC=CC=C1F
474,[H][C@]1(COP(O)(=O)OP(O)(=O)OP(O)(O)=S)O[C@@]([H])(N2C=NC3=C2NC(=N)N=C3O)[C@]([H])(O)[C@]1([H])O
475,CC1=NC(N)=NC2=C1CSCC2
476,NCC1CCN(CC(=O)NC2=CC=CC3=C2C(=O)C2=C(NN=C32)C2CCCCC2)CC1
477,OC(=O)CC1(CC1)CS[C@H](CCC1=CC=CC=C1C(O)(C)C)C1=CC=CC(\C=C\C2=NC3=C(C=CC(Cl)=C3)C=C2)=C1
478,CCN(CC)CCOC1=CC=C(CC2=CC=CC=C2)C=C1
479,ON(CCP(O)(O)=O)C=O
480,[H][C@](CC1=CC(Br)=C(C=C1)C(F)(F)P(O)(O)=O)(C(=O)C1=CC=CC=C1)C1=CC=CC=C1
481,[H][C@@](C)(NC1=CC2=C(C=N1)C(C)=NN2C1=CC=CC(CCC(N)=O)=C1)C1=CC=CC=C1
482,C[C@@H](NCCCC1=CC(=CC=C1)C(F)(F)F)C1=CC=CC2=CC=CC=C12
483,[H][C@]1(C)CCCC[C@]1([H])OC1=CC=CC(C2=NC3=C(N2)C=C(F)C(=C3)C(N)=N)=C1O
484,C[C@H]1[C@H]2CC3=CC=C(O)C=C3[C@]1(C)CCN2CC=C(C)C
485,COCCC1=CC=C(OCC(O)CNC(C)C)C=C1
486,NCCCNCCSP(O)(O)=O
487,N[C@@H](CSSCCO)C(O)=O
488,C#CCN[C@@H]1CCC2=CC=CC=C12
489,N[C@@H](CCCNC(N)=O)C(O)=O
490,ClC1=CC2=C(C=C1)N(C1CCN(CCCN3C(=O)NC4=CC=CC=C34)CC1)C(=O)N2
491,[H][C@]1(CO)O[C@@]([H])(SC2=CC=C(C=C2)[N+]([O-])=O)[C@]([H])(O)[C@@]([H])(O)[C@]1([H])O
492,OC(=O)C1=CC(=CC=C1O)\N=N\C1=CC=C(C=C1)S(=O)(=O)NC1=NC=CC=C1
493,OC(=O)COC1=CC(F)=CC=C1C(=S)NCC1=CC=C(Br)C=C1F
494,CC1C(C=C)C2=CC3=C(C)C(CCC(O)=O)=C4C=C5N6C(=CC7=C(C)C(C=C)=C8N7[Fe++]6(N34)N2C1=C8C1=CC=CC=C1)C(C)=C5CCC(O)=O
495,CCCCN(CCCC)CCCOC1=CC=C(C=C1)C(=O)C1=C(CCCC)OC2=C1C=C(NS(C)(=O)=O)C=C2
496,NC1=NC=NC2=C1N=CN2[C@H]1CC[C@@H](CO[P@@](O)(=O)O[P@](O)(=O)OP(O)(O)=O)O1
497,COC1=CC=C2C=CC(=CC2=C1C1=CN(N=C1)S(C)(=O)=O)C(N)=N
498,CN1CCCC(CC2C3=CC=CC=C3SC3=CC=CC=C23)C1
499,CCCCN1CCCCC1C(=O)NC1=C(C)C=CC=C1C
500,N1C=CC(=N1)C1=NC2=CC=CC=C2N1
501,NCCS
502,CC(C)C1=CC=CC(C(C)C)=C1OCOP(O)(O)=O
503,[H][C@@](N1CCC2=C(C1)C=CS2)(C(=O)OC)C1=CC=CC=C1Cl
504,CN1CCN2C(C1)C1=CC=CC=C1CC1=C2N=CC=C1
505,[H][C@](O)(C(O)=NCCC(O)=NCCSS)C(C)(C)COP(O)(=O)OP(O)(=O)OC[C@@]1([H])O[C@@]([H])(N2C=NC3=C(N)N=CN=C23)[C@]([H])(O)[C@]1([H])OP(O)(O)=O
506,[H][C@]1(CO)O[C@@]([H])(N2C=NC3=C(N)C=CN=C23)[C@]([H])(O)[C@]1([H])O
507,CCCC(CCC)C(O)=O
508,BrC1=CC=C(\C=C\CNCCNS(=O)(=O)C2=CC=CC3=C2C=CN=C3)C=C1
509,[H][C@@]1(CC[C@@]2([H])\C(CCC[C@]12C)=C\C=C1C[C@@H](O)C[C@H](O)C1)[C@H](C)\C=C\[C@H](C)C(C)(C)O
510,CC1=CC2=C(C=C1C)N(C[C@H](O)[C@H](O)[C@H](O)COP(O)(O)=O)C1=NC(=O)NC(=O)C1=N2
511,[O-][N+](=O)C1=CC2=C(NC(=O)CN=C2C2=CC=CC=C2Cl)C=C1
512,NCCCC(O)(P(O)(O)=O)P(O)(O)=O
513,CC(CN1C2=CC=CC=C2SC2=CC=CC=C12)N(C)C
514,CC1=CC=C(C=C1)S(=O)(=O)NC(=O)NC1=CC=C(C=C1)S(N)(=O)=O
515,NCC1=CC=C(C=C1)C(=O)N1CCC2(CC1)NC1=CC=CC(F)=C1C(N)=N2
516,[H][C@@](CC1=CC=CC=C1)(NC(C)=O)C(O)(O)C(F)(F)F
517,[H][C@]1(O)[C@]([H])(O)[C@@]([H])(O)[C@@](O)(O[C@]1([H])CO)C(O)=N
518,[H][C@@]12CC3=CC=C(O)C=C3[C@@](C)(CCCCC1)[C@H]2N
519,CCC1=C(C(N)=NC(N)=N1)C1=CC=C(NCC2=CC(F)=CC(F)=C2)C=C1
520,CC1=CC=C(C=C1)C1=CC(=NN1C1=CC=C(C=C1)S(N)(=O)=O)C(F)(F)F
521,[H][C@@](C)(CC1=CC=CC=C1O)C(O)=O
522,COC(=O)C1=C(C)NC(C)=C(C1C1=CC=CC2=NON=C12)C(=O)OC(C)C
523,OC(=O)CCC(O)=O
524,O=C1NC2=C(O1)C(=CC=C2)N1CCN(CC2=CC(=CC=C2)C2=CC=CC=C2)CC1
525,CCOC1=CC=C(OCC)C(NC(=O)C2=CC(C)=C(OCCN)C(C)=C2)=C1
526,OC1=CC2=C(C=C1)C(=NO2)C1=CC2=C(C=C1)C=C(O)C=C2
527,CCOP(=O)(OCC)C(=CC1=CC(=C(O)C(=C1)C(C)(C)C)C(C)(C)C)P(=O)(OCC)OCC
528,N[C@@H](CCC(O)=O)C(O)=O
529,OC1=CC=C2C[C@H]3N(CC=C)CC[C@@]45[C@@H](OC1=C24)C(=O)CC[C@@]35O
530,[H][C@@]12CCCN1C(=O)[C@@H](CC)NC(=O)[C@@H](NC(=O)C1=NC=CC=C1O)[C@@H](C)OC(=O)[C@@H](NC(=O)[C@]1([H])CC(=O)[C@]([H])(CS[C@@H]3CN4CCC3CC4)CN1C(=O)[C@H](CC1=CC=C(C=C1)N(C)C)N(C)C2=O)C1=CC=CC=C1
531,[H][C@@](CC(=O)OC)(NC(=O)OC(C)(C)C)C(C)=O
532,OC(=O)C(=O)CC([O-])=O
533,[H][C@@]12CCC(=O)[C@@]1(C)CC[C@@]1([H])[C@@]2([H])CC(=C)C2=CC(=O)C=C[C@]12C
534,CCC[C@H](NC(=O)[C@@H](NC(=O)[C@H](NC(=O)[C@@H](NC(=O)CNC(=O)CN(C)C(C)=O)C(C)C)[C@@H](C)CC)[C@@H](C)O)C(=O)N[C@@H]([C@@H](C)CC)C(=O)N[C@@H](CCCN=C(N)N)C(=O)N1CCC[C@H]1C(=O)NCC
535,[H][C@@]12CN(C[C@]1([H])[C@H]2N)C1=NC2=C(C=C1F)C(=O)C(=CN2C1=C(F)C=C(F)C=C1)C(O)=O
536,OC(=O)CC1=CC=C(C=C1)C1=CNC2=NC=C(C=C12)C1=CC=C2C=CC=CC2=C1
537,NC1=NC2=C(N=C(CN3C4=CC=CC=C4C=CC4=CC=CC=C34)C=N2)C(N)=N1
538,NC1=C2N=CN([C@@H]3O[C@H](CO)[C@@H](O)[C@H]3O)C2=NC=N1
539,N[C@@H](CCC(=O)N[C@@H](C[S@](O)=O)C(=O)NCC(O)=O)C(O)=O
540,[H][C@@]1(CC[C@]2([H])\C(CCC[C@]12C)=C\C=C1C[C@@H](O)C[C@H](O)C1)[C@H](C)CC#CC(C)(C)O
541,COC1=CC(CC2=C(C)C3=C(N=C2)N=C(N)N=C3N)=C(OC)C=C1
542,COC1=C(OC)C=C(C=C1)C1=NN(C2CCC2)C2=NC=NC(N)=C12
543,ClC1=C(COC(CN2C=CN=C2)C2=C(Cl)C=C(Cl)C=C2)C=CS1
544,CCN(CC)CCOC(=O)C1=CC=C(N)C=C1
545,FC1=CC=C(C(F)=C1)C1=C2CNC(=O)N(C2=CC(=C1)N1CCNCC1)C1=C(Cl)C=CC=C1Cl
546,COC1=CC=C(C=C1)C1C(=O)C2=CC=CC=C2C1=O
547,NCCCC[C@H](N)C(O)=O
548,NCCCCCCNS(=O)(=O)C1=CC=CC2=C1C=CC=C2Cl
549,IC1=CC=CC(CNC2=C3CCCCC3=NC3=C2C=CC=C3)=C1
550,CSC1=CC=C(C=C1)C(=O)\C=C\C1=CC(C)=C(OC(C)(C)C(O)=O)C(C)=C1
551,OP(O)(=O)OC1=CC=C(C=C1)[N+]([O-])=O
552,CN(C)C1=NC=NC2=C1N=CN2[C@@H]1O[C@H](COP(O)(O)=O)[C@@H](N)[C@H]1O
553,[H][C@]([NH3+])(CC1=C(SN=C1[O-])C(C)(C)C)C(O)=O
554,[H][C@@](CO)(NC1=NC2=C(N=CN2C(C)C)C(NC2=CC=C(C(O)=O)C(Cl)=C2)=N1)C(C)C
555,[H][C@@](CO)(C(C)C)N1C=C(C(O)=O)C(=O)C2=C1C=C(OC)C(CC1=C(F)C(Cl)=CC=C1)=C2
556,OC(=O)C(=O)N(C1=CC=CC=C1C(O)=O)C1=CC=CC2=C1C=CC=C2
557,CC\C(=C(/C1=CC=C(O)C=C1)C1=CC=C(OCCN(C)C)C=C1)C1=CC=CC=C1
558,OCCOCN1C=C(CC2=CC=CC=C2)C(=O)NC1=O
559,OC(=O)C1=C(NC(=O)C2=CC=CC(=C2)S(=O)(=O)N2CCC3=CC=CC=C3C2)C=CC=C1
560,Cl.CCOC(=O)N1CCN(CC1)C(=O)[C@H](CC1=CC=CC(=C1)C(N)=N)NS(=O)(=O)C1=C(C=C(C=C1C(C)C)C(C)C)C(C)C
561,[H][C@]12O[C@@]1([H])[C@]1([H])C[C@@]([H])(C[C@@]2([H])[N+]1(C)C)OC(=O)C(O)(C1=CC=CS1)C1=CC=CS1
562,CC(C)(C)NCC(O)C1=CC(Cl)=C(N)C(Cl)=C1
563,[H][C@]1(CCCN1C(=O)CNC1CCCCCC1)C(=O)NCC1=CC=C(C=C1)C(N)=N
564,CC(=O)[C@@H](N)COCC1=CC=CC=C1
565,NNC(N)=N
566,CNC1=NC(NC2=CC=C(CC#N)C=C2)=NC(NC2=NNC(=C2)C2CC2)=C1
567,CCC1=CC=C(NS(O)(=O)=O)C=C1
568,CCOC1=NC(NC(=O)CC2=CC(OC)=C(Br)C=C2OC)=CC(N)=C1C#N
569,[H][C@]1(COP(O)(=O)OP(O)(=O)OP(O)(=O)OP(O)(=O)OP(O)(=O)OC[C@@]2([H])O[C@@]([H])(N3C=NC4=C(N)N=CN=C34)[C@]([H])(O)[C@]2([H])O)O[C@@]([H])(N2C=NC3=C(N)N=CN=C23)[C@]([H])(O)[C@]1([H])O
570,[H][C@@](CC(C)C)(N[C@@]([H])(C1=CC=C(C=C1)C1=CC=C(C=C1)S(N)(=O)=O)C(F)(F)F)C(=O)NCCN
571,CC1=NC(=NN1C1=CC(Cl)=CC(Cl)=C1)C(O)=O
572,CSC[C@H](NC(=O)CC[C@H](N)C(O)=O)C(=O)NCC(O)=O
573,CCOC(=O)C1=CN=C(C=C1)C#CC1=CC2=C(SCCC2(C)C)C=C1
574,OC(=O)CCCCCC(=O)CCC(O)=O
575,[H][C@](CC(C)C)(N(CC1=CC=CC=C1)[P@](C)(=O)C1=CC=CC=C1)C(=O)NO
576,[H][C@]1(O[C@](O)(C[C@H](O)[C@H]1NC(C)=O)C(O)=O)[C@H](O)[C@H](O)CO
577,CCCC1=CC(=O)NC(=S)N1
578,CCOC(=O)C(=O)N1CCCCC1
579,CCC1=CC=C(NS(=O)(=O)C2=CC=C(F)C=C2)C(C(O)=O)=C1C
580,[H][C@](CC1=CC=CC=C1)(N=C(O)[C@@]1([H])CC[C@@]([H])(CC1)C(C)C)C(O)=O
581,CC1=CC=C(C=C1C1=CC2=C(C=C1)N=C(NCCN1CCOCC1)N=C2)C(=O)NC1CC1
582,COC1=CC2=C(C=C1)N=C(N2)S(=O)CC1=NC=C(C)C(OC)=C1C
583,NS(=O)(=O)C1=CC=C(C=C1)N1CCCCS1(=O)=O
584,CN(C)S(=O)(=O)C1=CC2=C(SC3=CC=CC=C3N2CCCN2CCN(C)CC2)C=C1
585,CC1=CC=C(NC(=O)C2(CC2)C2=CC=C3OC(F)(F)OC3=C2)N=C1C1=CC(=CC=C1)C(O)=O
586,COC1=CC(OC)=C(Cl)C2=C1C(=O)[C@]1(O2)[C@H](C)CC(=O)C=C1OC
587,OP(O)(=O)OCN1C(=O)NC(C1=O)(C1=CC=CC=C1)C1=CC=CC=C1
588,[H][C@]1(CCCN1C(=O)C(=O)C(C)(C)CC)C(=O)OCCCC1=CN=CC=C1
589,ClC1=CC=CC=C1C(N1C=CN=C1)(C1=CC=CC=C1)C1=CC=CC=C1
590,OC1N=C(C2=CC=CC=C2Cl)C2=C(NC1=O)C=CC(Cl)=C2
591,[H][C@@](CC)(C1=CC(NS(=O)(=O)C2=NC=C(C=C2)C(F)(F)F)=CC=C1)C1=C(O)C[C@@](CCC)(CCC2=CC=CC=C2)OC1=O
592,CC1=NC(C)=C2CCC(=O)N(CC3=CC=C(C=C3)C3=CC=CC=C3C3=NNN=N3)C2=N1
593,CCOC1=CC(N)=C(C=C1C(=O)NC1CCN(CC2CCC=CC2)CC1)[N+]([O-])=O
594,[H][C@]1(CO)O[C@](N=C(O)OC)(C(O)=N)[C@]([H])(O)[C@@]([H])(O)[C@]1([H])O
595,COC1=CC=C(C=C1)C(CN(C)C)C1(O)CCCCC1
596,O=C(O[C@H]1CN2CCC1CC2)N1CCC2=CC=CC=C2[C@@H]1C1=CC=CC=C1
597,CCC1(CC)C(=O)NC(=O)N(C)C1=O
598,COC1=CC(=CC=C1CC1=CN(C)C2=C1C=C(NC(=O)OC1CCCC1)C=C2)C(=O)NS(=O)(=O)C1=CC=CC=C1C
599,[H][C@]12CC[C@]([H])(C3=C(C=CC=C13)C(F)(F)F)[C@@]2([H])N
600,OC(=O)C1=CC=CC=C1O
601,CC(C)N=C1C=C2N(C3=CC=C(Cl)C=C3)C3=C(C=CC=C3)N=C2C=C1NC1=CC=C(Cl)C=C1
602,Cl[C@H]1[C@H](Cl)[C@@H](Cl)[C@@H](Cl)[C@H](Cl)[C@H]1Cl
603,OS(=O)(=O)CC1=CC=CC=C1
604,OC(=O)C1=CCCNC1
605,FC1=CC=C(C=C1)N1C=C(C2CCN(CCN3CCNC3=O)CC2)C2=C1C=CC(Cl)=C2
606,OCCOCCN1CCN(CC1)C1=NC2=CC=CC=C2SC2=CC=CC=C12
607,CCCC(C)C1(CC)C(=O)NC(=S)NC1=O
608,CC1=CC=C2N=C3N(CC[C@@]3(O)C(=O)C2=C1)C1=CC=CC=C1
609,C[C@H](CCCC(C)(C)O)[C@@]1([H])CC[C@@]2([H])\C(CCC[C@]12C)=C\C=C1\C[C@@H](O)C[C@H](O)C1=C
610,[H][C@@]12CC[C@@](O)(C#CC)[C@@]1(C)C[C@H](C1=CC=C(C=C1)N(C)C)C1=C3CCC(=O)C=C3CC[C@@]21[H]
611,CC1=C(C)C=C2N(C[C@H](O)[C@H](O)[C@H](O)CO)C3=NC(=O)NC(=O)C3=NC2=C1
612,NC(=N)NS(=O)(=O)C1=CC=C(N\C=C2/C(=O)NC3=C2C=CC=C3)C=C1
613,[H][C@@]1(OC(=O)C(O)=C1O)[C@@H](O)CO
614,CC(C)C1=CC=CC(C(C)C)=C1O
615,[H]C(Cl)=CC(O)(CC)C#C
616,[H][C@@]1(CC[C@]2(O)[C@]3([H])CC[C@]4([H])C[C@H](CC[C@]4(C)[C@@]3([H])CC[C@]12C)O[C@H]1C[C@H](O)[C@H](O[C@H]2C[C@H](O)[C@H](O[C@H]3C[C@H](O)[C@H](O)[C@@H](C)O3)[C@@H](C)O2)[C@@H](C)O1)C1=CC(=O)OC1
617,CN1C2=C(C=C(Cl)C=C2)C(=NC(O)C1=O)C1=CC=CC=C1
618,CO\C=C(\C(=O)OC)C1=CC=CC=C1OC1=NC=NC(OC2=CC=CC=C2C#N)=C1
619,N[C@@H](CSS)C(O)=O
620,CCCCN(CCCC)CCC(O)C1=C2C=CC(=CC2=C2C=C(Cl)C=C(Cl)C2=C1)C(F)(F)F
621,[H][C@]1(CCCCN1C(C)=O)C(O)=O
622,NC1=NC(=O)N(C=C1)[C@@H]1O[C@H](CO)[C@@H](O)[C@@H]1O
623,CCCOC1=CC=C(C=C1)C1=CSC(=C1CC(=O)NC(N)=N)C1=CC=CC=C1Cl
624,CC1=CC(=O)C2=CC=CC=C2C1=O
625,CN(C)CCCN1C2=CC=CC=C2CCC2=CC=CC=C12
626,CCOC(=O)C1=C(C)NN=C1C
627,[H][C@@](CC)(CO)NC1=NC2=C(N=CN2C(C)C)C(NCC2=CC=C(C=C2)C2=CC=CC=N2)=N1
628,C[As](C)(O)=O
629,CN1C2=C(NC=N2)C(=O)N(C)C1=O
630,CC(=O)N[C@@H]1[C@@H](O)[C@H](O)[C@@H](CO)OC1=O
631,[H][C@]1(N)C[C@@]([H])(O[C@]1([H])COP(O)(O)=O)N1C=C(C)C(O)=NC1=O
632,CN(C)CCCOC1=CC(=O)SC2=CC=CC=C12
633,CN[C@@H](C)CC1=CC=CC=C1
634,NS(=O)(=O)C1=CC=C(NC2=CC(OCC3CCCCC3)=NC3=NC=NN23)C=C1
635,OC1N=C(C2=CC=CC=C2F)C2=C(C=CC(Cl)=C2)N(CCC#N)C1=O
636,COC1=C(OCCCN2CCOCC2)C=C2C(NC3=CC(Cl)=C(F)C=C3)=NC=NC2=C1
637,OC1=C(Cl)C=C(C=C1Cl)C1=CC(Cl)=C(O)C(Cl)=C1
638,[H][C@](C)(C#CC1=C(C)N=C(N)N=C1N)C1=CC(OC)=CC(=C1)C1=CC=C(C)C=C1
639,[H][C@@](OC(C)=O)(C(=O)NC1=CC=CC2=C1C(=O)C(=O)NC2=O)C1=CC=CC(Cl)=C1
640,NS(=O)(=O)C1=CC(F)=CC(F)=C1
641,COC1=C(C\C=C(/C)CCC(O)=O)C(O)=C2C(=O)OCC2=C1C
642,NCCCNCCCCNCCCN
643,[H][C@@]12C[C@@H]([C@H](OC(C)=O)[C@@]1(C)CC[C@@]1([H])[C@@]2([H])CC[C@@]2([H])C[C@H](OC(C)=O)[C@H](C[C@]12C)N1CC[N+](C)(C)CC1)N1CC[N+](C)(C)CC1
644,[H]N([H])C(=O)C1=C(OCC2CCCCC2)C=CC(=C1)[C@H](C)N([H])C(=O)[C@H](CC1=CC(=C(OCC(O)=O)C=C1)P(O)(O)=O)N([H])C(C)=O
645,CCC1(CC)C(=O)NCC(C)C1=O
646,OC1=C(C=C(CC(=O)NCCCCCC([O-])=O)C=C1I)[N+]([O-])=O
647,CC1=CN([C@H]2CC[C@@H](COP(O)(O)=O)O2)C(=O)NC1=O
648,[H][C@]12SC(C)(C)[C@@H](N1C(=O)[C@H]2NC(=O)C1=C(C)ON=C1C1=C(F)C=CC=C1Cl)C(O)=O
649,CC(C)C1(CC=C)C(=O)NC(=O)NC1=O
650,CCN1CCN(CC1)C1=NC2=C(C=NN2C(NC2=CC=CC=C2)=N1)C#N
651,C[N@+]1(CC2CC2)CC[C@]23[C@H]4OC5=C(O)C=CC(C[C@@H]1[C@]2(O)CCC4=O)=C35
652,C[N+](C)(C)[C@@H](CCC1=NC(C[C@H](N)C(O)=O)=CN1)C(N)=O
653,[H][C@@]1(C[C@@]2([H])C[C@]3([H])C[C@@]([H])(C1)N2CC3=O)OC(=O)C1=CNC2=C1C=CC=C2
654,CN[C@@H](C)[C@H](O)C1=CC=CC=C1
655,CCC1NC(=O)C2=CC(=C(Cl)C=C2N1)S(N)(=O)=O
656,ClC1=CC=C(NC(=O)C2=C(NCC3=CC=NC=C3)C=CC=C2)C=C1
657,NCC1=CC=C(C=C1)C1=CC=CS1
658,[H][C@@]12CCCN1C(=O)[C@H](CC(C)C)N1C(=O)[C@](NC(=O)[C@H]3CN(C)[C@]4([H])CC5=C(Br)NC6=CC=CC(=C56)C4=C3)(O[C@@]21O)C(C)C
659,[H][C@]1(CO)OC[C@]([H])(O1)N1C=CC(=N)N=C1O
660,CC1=CC(=NO1)C(=O)NNCC1=CC=CC=C1
661,NCCNS(=O)(=O)C1=CC=C(Cl)C2=C1C=NC=C2
662,CC1=NC2=C(C=CC=C2O)C(=O)N1
663,CN1C(=O)CC(C1=O)C1=CC=CC=C1
664,[H][C@@]12C[C@H](C)[C@](O)(C(=O)CO)[C@@]1(C)C[C@H](O)[C@@]1(F)[C@@]2([H])CCC2=CC(=O)C=C[C@]12C
665,NC(=[NH2+])C1=CC2=C(C=C1)N=C(N2)C1=CC=CC=C1O
666,CCC1=NC(N)=NC(N)=C1C1=CC=C2SC(C)(C)C(=O)N(CCNC(C)=O)C2=C1
667,[H]\C(=C(\C)[C@]1([H])C\C([H])=C(C)/CCC[C@]([H])(C)[C@]([H])(O)[C@@]([H])(C)C(=O)C(C)(C)[C@@]([H])(O)CC(=O)O1)C1=CSC(C)=N1
668,CCCCC1(CC)C(=O)NC(=O)NC1=O
669,CNC1=NC2=C(C=C(Cl)C=C2)C(C2=CC=CC=C2)=[N+]([O-])C1
670,[H][C@@]12C[C@@]3([H])C(C(=O)C4=C(O)C=CC=C4[C@@]3(C)O)=C(O)[C@]1(O)C(=O)C(C(=O)NCN1CCCC1)=C(O)[C@H]2N(C)C
671,COC1=C(OC)C=C2C(N)=NC(=NC2=C1)N1CCN(CC1)C(=O)C1=CC=CO1
672,OC(=O)COC1=CC(Cl)=CC=C1C(=O)NCC1=CC(=CC=C1)[N+]([O-])=O
673,[H]\C(=C(\C)[C@@]1([H])OC(=O)[C@]2([H])CCCCN2C(=O)C(=O)[C@]2(O)O[C@@]([H])([C@]([H])(C[C@@]2([H])C)OC)[C@]([H])(C[C@@]([H])(C)[C@]([H])(O)\C(C)=C([H])\[C@@]([H])(CC)C(=O)C[C@]([H])(O)[C@@]1([H])C)OC)[C@]1([H])CC[C@@]([H])(OC2=CC=C3N(C)C=CC3=C2)[C@@]([H])(C1)OC
674,[H]C1(CC#N)C=CC(C=C1)=NC1=NC2=CC=CC=C2C(N=C2NNC(=C2)C2CC2)=N1
675,[H][C@]1(O)CN[C@]([H])(CC2=CC=C(OC)C=C2)[C@]1([H])OC(C)=O
676,NS(=O)(=O)OC1=CC=C(CN(N2C=NN=C2)C2=CC=C(C=C2)C#N)C=C1Br
677,CC1(C)CCC(C)(C)C2=CC(=CC=C12)C(=O)\C=C\C1=CC=C(C=C1)C(O)=O
678,[H][C@@]12CC[C@@H](C)[C@]3([H])CC[C@@]4(C)OO[C@@]13[C@]([H])(O[C@H](OC)[C@@H]2C)O4
679,OC1=CC(\C=C\C2=CC=C(O)C(O)=C2)=CC(O)=C1
680,NC(=[NH2+])C1=CC=C2NC(=NC2=C1)C1=CC(=CC(=C1[O-])C1=C(F)C=CC=C1)[C@@H](CC([O-])=O)C([O-])=O
681,OC(=O)CCCC[P@]([O-])(=O)OC1=CC=C(C=C1)[N+]([O-])=O
682,[O-][N+](=O)C1=C(C=CC(=C1)C(F)(F)F)C(=O)C1C(=O)CCCC1=O
683,COC[C@H](N(C)C)C(=O)O[C@@H]1C\C=C\C=C\C(=O)O[C@@H](C\C=C\[C@H](OC)C[C@H](C)C\C=C(C)\[C@@H](OC)CC[C@@H](C)[C@@H](O)[C@@H]1C)[C@@H](C)[C@@H](O)[C@@H](C)CC[C@@H](OC(=O)[C@H](C)N(C)C)[C@H](C)[C@H](OC(C)=O)[C@H](C)\C=C\N(C)C=O
684,O=C1NNC(=O)C2=CC(=CC=C12)[N+]1=NC(\C=C\C2=CC=CC=C2)=NN1C1=NC2=C(S1)C=CC=C2
685,CC(N(O)C(N)=O)C1=CC2=CC=CC=C2S1
686,OC(=O)CCC1=C(NC2=C1C(Cl)=CC(Cl)=C2)C(O)=O
687,O\N=C1\C(\NC2=C\1C=CC=C2)=C1\C(=O)NC2=C1C=CC(Br)=C2
688,CCCCSC1=CC=C(C=C1)C(SCCN(C)C)C1=CC=CC=C1
689,ClC1=CC=C(CSC(CN2C=CN=C2)C2=C(Cl)C=C(Cl)C=C2)C=C1
690,CCC1(CCC(=O)NC1=O)C1=CC=CC=C1
691,[H][C@](CCC(O)=O)(CC1=CC=C(OCC2=CC=CC=C2)C=C1)N=C(O)CCCCCCC1=CC=CC=C1
692,OC1=CC=C(C=C1)[N+]([O-])=O
693,[H][C@@]12OC3=C(O)C=CC4=C3[C@@]11CCN(C)[C@]([H])(C4)[C@]1(O)CCC2=O
694,[H][C@]12[C@H](OC(=O)C3=CC=CC=C3)[C@]3(O)C[C@H](OC(=O)[C@H](O)[C@@H](NC(=O)OC(C)(C)C)C4=CC=CC=C4)C(C)=C([C@@H](OC)C(=O)[C@]1(C)[C@H](C[C@H]1OC[C@@]21OC(C)=O)OC)C3(C)C
695,OC(=O)C(=C)OP(O)(O)=O
696,COC1=C(NC2=C3C=CC=CC3=NC3=CC=CC=C23)C=CC(NS(C)(=O)=O)=C1
697,NC(=N)NC1=CC=C(CC(=O)C2=CC=CC=C2)C=C1
698,CCN(CC)CCNC(=O)C1=C(C)NC(\C=C2/C(=O)NC3=C2C=C(Cl)C=C3)=C1C
699,CC[C@H]1OC(=O)[C@H](C)[C@@H](O[C@H]2C[C@@](C)(OC)[C@@H](O)[C@H](C)O2)[C@H](C)[C@@H](O[C@@H]2O[C@H](C)C[C@@H]([C@H]2O)N(C)C)[C@](C)(O)C[C@@H](C)C(=O)[C@H](C)[C@@H](O)[C@]1(C)O
700,CC(O)CC(=O)SCCNC(=O)CCNC(=O)[C@H](O)C(C)(C)COP(O)(=O)OP(O)(=O)OC[C@H]1O[C@H]([C@H](O)[C@@H]1OP(O)(O)=O)N1C=NC2=C1N=CN=C2N
701,CC(=O)NC1=CC=C(O)C=C1
702,NC(=N)NC1=CC=C(C=C1)C(O)=O
703,[H][C@]12CC3=C(C(O)=C(O)C=C3)C3=CC=CC(CCN1C)=C23
704,CC1=NC(NC2=NC=C(S2)C(=O)NC2=C(C)C=CC=C2Cl)=CC(=N1)N1CCN(CCO)CC1
705,FC1=CC=CC=C1C(=O)NC1=C(C#N)C2=C(CCCC2)S1
706,NC1=NC(=O)N(C=N1)[C@H]1C[C@H](O)[C@@H](CO)O1
707,COC1=C(OC)C=C2C3=C([NH+]=CC2=C1)C1=C(C3)C=C2OCOC2=C1
708,CCOC(=O)NC1=C(N)N=C(NCC2=CC=C(F)C=C2)C=C1
709,[H][C@]1(SCC(=O)N1C1=CC(Cl)=CC=C1O)C1=CC=CC(Br)=C1
710,[H][C@@](C)(NC(=O)OCC1=CC=CC=C1)C(=O)N[C@@]([H])(C)[P@](O)(=O)O[C@@]([H])(CC1=CC=CC=C1)C(O)=O
711,OS(=O)(=O)C1=CC=C([Hg])C=C1
712,CCSC(N)=N
713,C1CN2C[C@@H](N=C2S1)C1=CC=CC=C1
714,[H][C@@](C)(N1CC[C@]([H])(NS(=O)(=O)C2=CC3=C(S2)C=C(Cl)C=C3)C1=O)C(=O)N1CCOCC1
715,CC(=C)C(=O)SCCNC(=O)CCNC(=O)[C@H](O)C(C)(C)COP(O)(=O)OP(O)(=O)OC[C@H]1O[C@H]([C@H](O)[C@@H]1OP(O)(O)=O)N1C=NC2=C1N=CN=C2N
716,O[C@H](COP(O)(O)=O)[C@@H](O)C=O
717,[H][C@@]12CC3=CN(C)C4=C3C(=CC=C4)C1=C[C@H](CN2C)C(=O)NC(CC)CO
718,NC(=N)NCC(O)=O
719,OC[C@H]1O[C@H]([C@H](O)[C@@H]1O)N1C=NC2=C1NC=NC2=O
720,[H][C@@]1(O)CN(C)C2=CC(=O)C(=O)C=C12
721,CN1CCC(CC1)=C1C2=NC=C(C=O)N2CCC2=CC=CC=C12
722,[H][C@](N)(CCC(O)=N[C@@]([H])(CS(O)(=O)=O)C(O)=NCC(O)=O)C(O)=O
723,[H]N1CCN=C1COC1=CC=CC=C1C1CC1
724,COC(=O)C1CCN(CC1)C(=O)[C@H](CC1=CC=CC(=C1)C(N)=N)NS(=O)(=O)C1=CC=C2C=CC=CC2=C1
725,CO[C@]12CC[C@@]3(C[C@@H]1[C@](C)(O)C(C)(C)C)[C@H]1CC4=C5C(O[C@@H]2[C@@]35CCN1CC1CC1)=C(O)C=C4
726,CNCCC(OC1=CC=C(C=C1)C(F)(F)F)C1=CC=CC=C1
727,OC1CCN(CC1)S(=O)(=O)C1=CC2=C(C=C1)NC(=O)\C2=C1/NC2=C(C=CC=C2)[C@]1(C)O
728,CN1C2=C(C=C(Cl)C=C2)C(=NCC1=O)C1=CC=CC=C1F
729,[H][C@@]1(CC[C@@]2([H])[C@]3([H])CCC4=CC(=O)CC[C@]4(C)[C@@]3([H])[C@@H](O)C[C@]12C=O)C(=O)CO
730,[H][C@]1(COP([O-])(=O)OP(O)(=O)OC[C@@]2([H])O[C@@]([H])([N+]3=CC=CC(=C3)C(O)=N)[C@]([H])(O)[C@]2([H])O)O[C@@]([H])(N2C=NC3=C(N)N=CN=C23)[C@]([H])(OP(O)(O)=O)[C@]1([H])O
731,CN1C2=C(C=C(Cl)C=C2)C(=NCC1=O)C1=CC=CC=C1
732,CC1=C(C=CC=C1)C1=NC2=C(Br)C=NN2C(NCC2=C[N+]([O-])=CC=C2)=C1
733,OC[C@H]1O[C@H](C[C@@H]1O)N1C=NC2=C1N=CNC[C@H]2O
734,COC(=O)C1=C(O)C=CC=C1OC\C=C\C1=CC(=CC=C1)C1=C(CO)C(=NO1)C(O)=O
735,C[C@H](C1=CNC=N1)C1=C(C)C(C)=CC=C1
736,CC(C)OP(O)(O)=O
737,[H][C@]1(O)O[C@]([H])(COP(O)(O)=O)[C@@]([H])(O)[C@]([H])(O)[C@]1([H])O
738,[H][C@@]1(C)O[C@@]([H])(OC)[C@@]([H])(O)[C@]([H])(O)[C@]1([H])O
739,[H][C@@]1(CNS(=O)(=O)C2=CC=CC3=CN=CC=C23)C[C@]([H])(CN1)OCC1=CC=C(Cl)C=C1
740,CN1CC[C@@H]([C@H](O)C1)C1=C(O)C=C(O)C2=C1OC(=CC2=O)C1=CC=CC=C1Cl
741,[H][C@]12[C@H](C[C@H](O)C=C1C=C[C@H](C)[C@@H]2CC[C@@H](O)C[C@@H](O)CC(O)=O)OC(=O)[C@@H](C)CC
742,[H][C@]12C(=O)N(C(=O)[C@@]1([H])[C@@]1(CC[C@@]2([H])CC1)NC(=O)OCC(O)=O)C1=CC=C(NC(C)=O)C=C1
743,[H][C@]1(CCC[C@]1([H])NC(=O)C1=CC=C(C=C1)N1C=CC=CC1=O)NC(=O)C1=CC=C(Cl)S1
744,[H][C@]1(N)CN(C[C@]1([H])C1=CC(F)=C(F)C=C1F)C1=CC(=NC=N1)C1=CC(=CC=C1)S(C)(=O)=O
745,CC(C)(C)NCC(O)C1=CC(CO)=C(O)C=C1
746,OC(=O)CN1C(=O)N(CC2=C(F)C=C(Br)C=C2)C(=O)C2=C1C=C(Cl)C=C2
747,FC1=CC=C(NC(=O)C2=NNC=C2NC(=O)C2=CC=CC=C2)C=C1
748,CCCNS(=O)(=O)NC1=C(C(OCCOC2=NC=C(Br)C=N2)=NC=N1)C1=CC=C(Br)C=C1
749,CC1CN(CCN1)C1=C(F)C=C2C(=O)C(=CN(C2=C1)C1=C(F)C=C(F)C=C1)C(O)=O
750,[H][C@]12SC(C)(C)[C@@H](N1C(=O)[C@H]2NC(=O)CC1=CC=CC=C1)C(O)=O
751,COCCNC1=CC(=CC=C1C(N)=O)N1C2=C(C3=CC=CC=C13)C(=O)CCC2
752,NCCCCN
753,[H][C@@]12[C@H]3CC[C@H](C3)[C@]1([H])C(=O)N(C[C@@H]1CCCC[C@H]1CN1CCN(CC1)C1=NSC3=CC=CC=C13)C2=O
754,NC(N)=NC1=NC(CSCCC(N)=NS(N)(=O)=O)=CS1
755,[H][C@]12CC[C@]3([H])[C@]([H])(C[C@@H](O)[C@]4(C)[C@H](CC[C@]34O)C3=CC(=O)OC3)[C@@]1(C)CC[C@@H](C2)O[C@H]1C[C@H](O)[C@H](O[C@H]2C[C@H](O)[C@H](O[C@H]3C[C@H](O)[C@H](O)[C@@H](C)O3)[C@@H](C)O2)[C@@H](C)O1
756,CCCCCC\C=C/CCCCCCCCCC(O)=O
757,CC1=C(C=C(C#N)C(=O)N1)C1=CC=NC=C1
758,COC1=CC(=CC=C1)C1=CC(CC[C@]2(C)CC(=O)N(C)C(N)=N2)=CC=C1
759,CCCCC#CC1=CC=C(O1)C(=O)NNC(=S)NC
760,CCN(CC)CCNC(=O)C1=CC=C(N)C=C1
761,OC[C@H]1O[C@]2(NC(=O)NC2=O)[C@H](O)[C@@H](O)[C@@H]1O
762,[H][C@]1(CO)O[C@@]([H])(N2C=CC(O)=NC2=O)[C@]([H])(F)[C@]1([H])OP(O)(O)=O
763,CCC\C(=C\C1=CC=C(O1)C1=CC(=CC=C1)C(O)=O)[N+]([O-])=O
764,CC1=CC2=C(N1)C=CC=C2OCC(CNC(C)(C)C)OC(=O)C1=CC=CC=C1
765,CC(C)N1N=C(C2=C(N)N=CN=C12)C1=CC2=CC=CN=C2C=C1
766,CC(C)NC1=NC2=C(S1)C=C(C=C2)C1=C(N=CO1)C1=CC=CC=C1F
767,[H][C@]1(C)CN(CCCCCCCCNC=O)C[C@@]([H])(C)O1
768,ClC1=CC2=C(C=C1)N(CC1CC1)C(=O)CN=C2C1=CC=CC=C1
769,CC1=CC2=C(C=C1C1(CC1)C1=CC=C(C=N1)C(O)=O)C(C)(C)CCC2(C)C
770,[H][C@@](C(=O)OC)(C1=CC=CC=C1)[C@@]1([H])CCCCN1
771,CC1=CC(=CC(C)=C1CC1=NCCN1)C(C)(C)C
772,[H][C@]1(CC2=CC=C(OC[C@@]3(C)CCC4=C(C)C(O)=C(C)C(C)=C4O3)C=C2)SC(=O)NC1=O
773,NC1CC1C1=CC=CC=C1
774,CC[C@@H]1SC2(CCN(C)CC2)NC1=O
775,[H][C@]12C[C@@H](O)[C@H](\C=C\[C@@H](O)C(C)CC#CC)[C@@]1([H])C\C(C2)=C\CCCC(O)=O
776,CNC(=O)C1=C(SC2=CC=C3C(NN=C3\C=C\C3=CC=CC=N3)=C2)C=CC=C1
777,NC(=[NH2+])C1=CC2=C(NC(=C2)C2=CC=CC(=C2O)C2=CC=CC=C2)C=C1Cl
778,[H][C@](CO)(COC1=CC=C(C=C1)N(=O)=O)SC[C@]([H])(N=C(O)CC[C@]([H])(N)C(O)=O)C(O)=NCC(O)=O
779,OC(=O)C(=O)NC1=CC2=C(C=CN2)C=C1C(O)=O
780,NC1=NC2=C(N=CN2[C@@H]2O[C@@H]3COP(O)(=O)O[C@H]3[C@H]2O)C(=O)N1
781,C[N+](C)(CCCCCC[N+](C)(C)C1C2=C(C=CC=C2)C2=C1C=CC=C2)C1C2=C(C=CC=C2)C2=C1C=CC=C2
782,[H][C@]1(CCCN1C(=O)CCC1CCCCC1)C(=O)NCC1=CC=C(C=C1)C(N)=N
783,CCCCCCCCCCCCCC(=O)SCCNC(=O)CCNC(=O)[C@H](O)C(C)(C)COP(O)(=O)OP(O)(=O)OC[C@H]1O[C@H]([C@H](O)[C@@H]1OP(O)(O)=O)N1C=NC2=C1N=CN=C2N
784,[H][C@@](C)(CC1=CC=CC=C1)N(C)CC=C
785,[H][C@](O)(CN=[N+]=[N-])C1=CC=C(C=C1)[N+]([O-])=O
786,NC1=CC(C(O)=O)=C(O)C=C1
787,OC(=O)CCCCCCCCC(O)=O
788,CN1N=C(C(O)=O)C2=C1C1=NC(NC3=CC=CC=C3)=NC=C1CC2
789,[H]\C(CC\C(C)=C(/[H])CSP(O)(=O)OP(O)(O)=O)=C(\C)CCC=C(C)C
790,NC1=NC(N)=C(N=N1)C1=C(Cl)C(Cl)=CC=C1
791,ClCCN(N=O)C(=O)NC1CCCCC1
792,CCCCCN
793,CN(NC(=O)OC(C)(C)C)C#N
794,CCCC1=NC(C)=C2N1NC(=NC2=O)C1=C(OCC)C=CC(=C1)S(=O)(=O)N1CCN(CC)CC1
795,OC1=CC(=CC=C1)C1=CC(=O)NS1(=O)=O
796,CC(C)(C)OC(=O)[C@@H](N)CCC(N)=O
797,CC(C)OC(=O)CCC\C=C/C[C@H]1[C@@H](O)C[C@@H](O)[C@@H]1\C=C\C(F)(F)COC1=CC=CC=C1
798,CC[N+](C)(CC)CCOC(=O)C1C2=CC=CC=C2OC2=CC=CC=C12
799,[H][C@](N)(CCC(O)=N[C@@]([H])(CS[C@@]1([H])C[C@]([H])(O)O[C@]1([H])CCCCC)C(O)=NCC(O)=O)C(O)=O
800,NC(=O)C1=CN=C2C=CN(C2=C1)S(=O)(=O)C1=CC=CC=C1[N+]([O-])=O
801,CC(C)(N)CC1=CC=CC=C1
802,COC1=CC(=CC=C1O)C1=CC2=C(C=C1)C(=NN2)C1=NC2=CC=CC=C2N1
803,CNC(C)(C)CC1=CC=CC=C1
804,NC[C@H](O)C1=CC(O)=C(O)C=C1
805,NC(=N)C1=CC2=C(NC(=N2)C2=CC=CC(C3=CC=CC=C3)=C2O)C=C1
806,ClC1=CC2=C(OCCCCCOC3=CN=CC(NC(=O)N2)=N3)C=C1
807,[H][C@@](O)(N[C@@]([H])(CC1=CC=CC=C1)[C@]([H])(O)N[C@@]([H])(CC1=CC(C(O)=O)=C(OCC(O)=O)C=C1)[C@@]([H])(O)NCCCCC)OC(C)(C)C
808,C[C@@H]1CCN([C@H](C1)C(O)=O)C(=O)[C@H](CCCNC(N)=N)NS(=O)(=O)C1=CC=CC2=C1NCC(C)C2
809,CCCCN1C(CC2=CC=C(OC)C=C2)=NC2=C(N)N=CN=C12
810,CN1CCN(CC1)C1=CC=C(C=C1)C1=CC2=C(NC=C2NC(=O)C2=CN=CC=C2)N=C1
811,[H][C@@]1(O)C[C@@]([H])(O)[C@]([H])(OCCCCCC)O[C@]1([H])CO
812,[H][C@]1(CO)O[C@@]([H])(C2=CNC3=C2N=CN=C3O)[C@]([H])(O)[C@]1([H])O
813,CC1=CC=CN=C1
814,C[C@@H]1O[C@@H](O)[C@@H](O)[C@H](O)[C@@H]1O
815,[H][C@@]1(CCCCC=O)SC[C@]2([H])NC(=O)N[C@]12[H]
816,[Ga+3].CC1=C([O-])C(=O)C=CO1.CC1=C([O-])C(=O)C=CO1.CC1=C([O-])C(=O)C=CO1
817,O=C1N(C2CCC(=O)NC2=O)C(=O)C2=CC=CC=C12
818,CCC1=NC(N)=NC(N)=C1C#CCC1=CC(OC)=CC=C1OC
819,[H][C@]1(O)[C@]([H])(O)[C@]([H])(COP(O)(O)=O)O[C@]1([H])COP(O)(O)=O
820,[H][C@@](N)(CC1=CC=CC=C1)C(O)=N[C@@]1([H])CSSC[C@]([H])(N=C(O)[C@@]([H])(N=C(O)[C@]([H])(CCCCN)N=C(O)[C@@]([H])(CC2=CNC3=CC=CC=C23)N=C(O)[C@]([H])(CC2=CC=C(O)C=C2)N=C1O)C(C)C)C(O)=N[C@@]([H])(CC1=CNC2=CC=CC=C12)C(O)=N
821,OC(=O)CN1C=CC(=O)N(CC2=NC3=CC(Cl)=CC=C3S2)C1=O
822,[H][C@@]1(CCNC1=O)NC(=O)CC(=O)CCCCCCCCC
823,CCCCC1=NC2(CCCC2)C(=O)N1CC1=CC=C(C=C1)C1=CC=CC=C1C1=NNN=N1
824,CC(C)C1=C2N=C(N[C@H]3CC[C@H](N)CC3)C=C(NC3=CC=C(C=C3)S(=O)(=O)N(C)C)N2N=C1
825,CCC(=O)O[C@@H](O[P@](=O)(CCCCC1=CC=CC=C1)CC(=O)N1C[C@@H](C[C@H]1C(O)=O)C1CCCCC1)C(C)C
826,[H][C@@](CC1=CC=CC=C1)(OC1=CC=C(CC)C=C1)C(O)=O
827,COC1=CC=CC=C1OCCNCC(O)COC1=CC=CC2=C1C1=CC=CC=C1N2
828,OC(=O)C(=O)NC1=C(C(O)=O)C2=C(CNCC2)S1
829,[I-].[I-].[H][C@@]12CC3=CC=C(OC4=C5C(CC[N+](C)(C)[C@]5([H])CC5=CC(OC6=C(OC)C=C(CC[N+]1(C)C)C2=C6)=C(OC)C=C5)=CC(OC)=C4OC)C=C3
830,FC1=C(Cl)C=C(NC2=NC=NC3=CC(OCCCN4CCOCC4)=C(NC(=O)C=C)C=C23)C=C1
831,[H][C@]12C[C@](O)(C(=O)OC)[C@](C)(O1)N1C3=C(C=CC=C3)C3=C4CNC(=O)C4=C4C5=CC=CC=C5N2C4=C13
832,NCCCSC[C@H](N)CO
833,COC1=CC(NC2=NC=NC(NC3=CC(Cl)=C(OC)C=C3)=N2)=CC(OC)=C1OC
834,[H][C@@]1(CC[N@@+](C)([O-])CC1)[Si](C)(C)C1=CC=CC=C1
835,OP(O)(=O)C(F)(F)C1=CC=C(CC(CC2=CC=C(C=C2)C(F)(F)P(O)(O)=O)(N2N=NC3=C2C=CC=C3)C2=CC=C(F)C(F)=C2)C=C1
836,OCC1=C2N=C(C=C(NCC3=CN=CC=C3)N2N=C1)C1=CC=CC=C1
837,[H][C@@]12[C@@H](C)C(=O)[C@H](C)C[C@@](C)(OC)[C@H](O[C@@H]3O[C@H](C)C[C@@H]([C@H]3O)N(C)C)[C@@H](C)C(=O)[C@@H](C)C(=O)O[C@H](CC)[C@@]1(C)OC(=O)N2CCCCN1C=NC(=C1)C1=CC=CN=C1
838,[H][C@@]1(O)O[C@]([H])(CO)[C@@]([H])(O)[C@]([H])(O)[C@@]1([H])OCCCCCCCC
839,CC1=NN(C(=O)\C1=N/NC1=C(O)C(=CC=C1)C1=CC=CC(=C1)C(O)=O)C1=CC=C(C)C(C)=C1
840,O=C(NCC1=CC=CN=C1)C1=CC(=NC=N1)C(=O)NCC1=CN=CC=C1
841,[H][C@@]1(CC[C@@]2([H])[C@]3([H])CC=C4C[C@@H](O)CC[C@]4(C)[C@@]3([H])CC[C@]12C)[C@H](C)CCCC(C)C
842,[H][C@@]1(O[C@@H]2[C@@H](O)[C@H](N)C[C@H](N)[C@H]2O[C@H]2O[C@H](CN)[C@@H](O)[C@H](O)[C@H]2N)O[C@H](CO)[C@@H](O)[C@H]1O
843,OC[C@H]1O[C@@H](O[C@H]2[C@H](O)[C@@H](O)C(O)O[C@@H]2CO)[C@H](O)[C@@H](O)[C@H]1O
844,CN(CCN(C)C1=CC=C(C2=NON=C12)[N+]([O-])=O)C(C)=O
845,[H]\C(=C(\[H])[C@@]1([H])CC[C@@]2(CC[C@@]3([H])O[C@@]([H])(C(=C)[C@@]([H])(O)[C@]3([H])O2)[C@@]([H])(O)C[C@]([H])(C)[C@@]2([H])O[C@@]3(CCCCO3)CC[C@@]2([H])C)O1)[C@@]([H])(C)[C@]1([H])CC(C)=C[C@@]2(O[C@]([H])(C[C@@](C)(O)C(O)=O)CC[C@@]2([H])O)O1
846,CCN(CC)CCCC(C)NC1=C2C=CC(Cl)=CC2=NC=C1
847,NC(=O)N1C2=CC=CC=C2C=CC2=CC=CC=C12
848,CSC1=NC(O)=C(CC2=CC=CS2)N1
849,[H][C@@](CCC(O)=O)(NC(=O)C1=CC=C(C=C1)N(CC#C)CC1=CC=C2NC(N)=NC(=O)C2=C1)C(O)=O
850,[H][C@@](O)(CO)CONC(=O)C1=CC=C(F)C(F)=C1NC1=CC=C(I)C=C1Cl
851,[H][C@]12CC[C@]([H])([C@H]([C@H](C1)OC(=O)C1=CC=CC=C1)C(=O)OC)N2C
852,CCCS(=O)(=O)N[C@H]([C@H](C)O)C(=O)N[C@@H](CCSC)C(=O)NCC1=CC=C(C=C1)C(N)=N
853,OC[C@H]1O[C@@](CO)(O[C@H]2O[C@H](CO)[C@@H](O)[C@H](O)[C@H]2O)[C@@H](O)[C@@H]1O
854,CC1O[C@@]2(CS1)CN1CCC2CC1
855,CN(C)C(=O)C1=CC(=CN1)C1=NNC=C1C1=CC=CC=C1
856,COC1=C(OC)C(OC)=C(Cl)C(CC2=NC3=C(N)N=CN=C3N2CCCC#C)=C1
857,CCCCCCCCCCCCCCCCCCOC[C@@H](O)CO[P@@](O)(=O)OCC[N+](C)(C)C
858,CC1=C(CCCCCC(O)=O)C(=O)C2=CC=CC=C2C1=O
859,C[C@H](OP(O)(O)=O)[C@@H](N)C(O)=O
860,CCN1C(NC2=CC=CC=C2Cl)=NC2=C1N=C(NC1=C(F)C=CC=C1F)N=C2
861,[H][C@]1(O)[C@]([H])(O)[C@@]([H])(CO)O[C@@]([H])(OCCCCCCC)[C@]1([H])O
862,CCCCCCCCCCCCCCCC(O)=O
863,FC(F)OC(Cl)C(F)(F)F
864,[H][C@]12C[C@]([H])(CNC1)C1=CC3=NC=CN=C3C=C21
865,CC1=CNC(\C=C2/C(=O)NC3=CC=CC=C23)=C1CCC(O)=O
866,[H][C@](C)(CC1=CSC(N)=N1)C=O
867,ONC(=O)CCOC1=CC=C(C=C1)C1=CC=C(C=C1)C#N
868,COC1=CC(NC(C)CCCN)=C2N=CC=CC2=C1
869,OC1=C(O)C2=C3C(=C1)C(=O)OC1=C3C(=CC(O)=C1O)C(=O)O2
870,C1CCC2=C(P(C(=C2C1)C1=NC=CC=C1)C1=CC=CC=C1)C1=NC=CC=C1
871,NC1=C(OCC2=CC=CC3=CC=CC=C23)C=CC=N1
872,[H][C@](CCNC1=CC=[NH+]C=C1)(NC(=O)CNS(=O)(=O)C1CCCCC1)C(=O)N1CCCCC1
873,CCCCN1CCC(CNC(=O)C2=C3OCCCN3C3=CC=CC=C23)CC1
874,[H][C@](CO)(NC(=O)C1=CC(=CN1)C1=NNC=C1C1=CC=CC(Cl)=C1)C1=CC(Cl)=C(F)C=C1
875,[H][C@@]12CC3=C(C(O)=CC=C3N(C)C)C(=O)C1=C(O)[C@]1(O)C(=O)C(C(N)=O)=C(O)[C@@H](N(C)C)[C@]1([H])C2
876,CC[C@@H](C)C1=NC=CS1
877,C(OC1=CC=C(C=C1)C1=NNC=C1CC1=CC=NC=C1)C1=NC2=CC=CC=C2C=C1
878,N[C@@H](CCCNC(N)=N)C(O)=O
879,[O-]S(=O)(=O)CC[NH+]1CCOCC1
880,[H][C@@](O)(C(=O)NO)[C@@]([H])(CC(C)C)C=O
881,[H][C@]1(C)CN(C(=O)C2=C(Cl)C=C3N(C)C=C(C(=O)C(=O)N(C)C)C3=C2)[C@]([H])(C)CN1CC1=CC=C(F)C=C1
882,[H][C@@]12C=C[C@H](OC(C)=O)[C@@H]3OC4=C(OC(C)=O)C=CC5=C4[C@]13CCN(C)[C@@H]2C5
883,[H][C@](N)(CC(C)C)CN1CCC[N@@]2CCC[C@@]12[H]
884,[H][C@@]12C=C(Br)N=C1C(=O)NCC[C@]2([H])C1=NC(N)=NC1=O
885,[H][C@@]12OC3=C(O)C=CC4=C3[C@@]11CCN(C)[C@]([H])(C4)[C@]1([H])CCC2=O
886,O[Hg]C1=CC=C(C=C1)C(O)=O
887,C1C2=C(C=CC=C2)C2=NNC(=C12)C1=CC=NC=C1
888,[H][C@@](C)(NC(=O)[C@]([H])(CC1=CC=CC=C1)NC(=O)[C@@]([H])(S)CCCCC)C(O)=O
889,CC1=NC(C)=C(S1)C1=NC(NC2=CC=CC(O)=C2)=NC=C1
890,OC1=CC=CC2=C1C(=O)C1=C(O)C=CC(=C1C2=O)[N+]([O-])=O
891,CNCCC=C1C2=CC=CC=C2CCC2=CC=CC=C12
892,CCCCCCCCCCCC1=C(O)C(=O)C2=C(N=CS2)C1=O
893,S=C1N=CNC2=C1NC=N2
894,FC(F)(F)C1=CC(=CC=C1)N1CCN(CCOC(=O)C2=CC=CC=C2NC2=C3C=CC(=CC3=NC=C2)C(F)(F)F)CC1
895,CC(C)(C)CC(C)(C)C1=CC=C(OCCOCCOCCOCCOCCOCCOCCOCCOCCOCCOCCOCCOCCOCCOCCOCCOCCOCCOCCOCCOCCOCCOCCOCCOCCOCCOCCOCCOCCOCCO)C=C1
896,IC1=CC2=C(CCNC2)C=C1
897,[H][C@@]12CC[C@H](O)[C@@]1(C)CC[C@@]1([H])[C@@]2([H])CCC2=CC(=O)C=C[C@]12C
898,O=C1C=C(OC2=C1C1=CC=CC=C1C=C2)C1=CC=CC=C1
899,CC(=O)C1=CC=C(C=C1)S(=O)(=O)NC(=O)NC1CCCCC1
900,CN1CCCN=C1COC(=O)C(O)(C1CCCCC1)C1=CC=CC=C1
901,C[C@](N)(CC1=CC=C(O)C(O)=C1)C(O)=O
902,O=C1N=C2C=CC3=C(SC=N3)C2=C1CNC1=CC=C(C=C1)S(=O)(=O)NC1=CC=CC=N1
903,NC(=O)N[C@@H](CCC(O)=O)C(O)=O
904,[H]N(CC)C(=O)N1CCN(CCCC(C2=CC=C(F)C=C2)C2=CC=C(F)C=C2)CC1
905,[H][C@]1(C)C=C(C)[C@]2([H])[C@]([H])(C)[C@@]1(CO)CO[C@]2([H])C1=CC=C(O)C=C1
906,CC1=C(CC(N)=O)C2=C(C=CC(OCCCP(O)(O)=O)=C2)N1CC1=CC=CC=C1
907,[H][C@@](CCC(O)=O)(NC(=O)C1=CC=C(NC(O)=NC2=C(N)C(O)=NC(=N)N2)C=C1)C(O)=O
908,CCCCCCCCCC1=[N+]([O-])C2=CC=CC=C2C(O)=C1
909,OB1OCC2=C1C=CC(OC1=CC=C(C=C1)C#N)=C2
910,CO[C@H](C\C=C\N(C)C=O)[C@@H](C)C(=O)CC[C@H](C)[C@H](OC)[C@H](C)[C@H]1OC(=O)\C=C\C=C(C)\C[C@H](CC2=CC(=O)O[C@H](C2)[C@H](C)[C@H](C[C@H](OC)\C=C\[C@H](C)[C@H](C[C@@H](OC)\C=C\[C@@H]1C)OC)OC)OC
911,[H][C@@]1(O)O[C@]([H])(CO)[C@]([H])(O)[C@]([H])(OS(O)(=O)=O)[C@@]1([H])O
912,C[C@H](NC(=O)C(=O)NC1=CC=CC=C1C(C)(C)C)C(=O)N[C@@H](CC(O)=O)C(=O)COC1=C(F)C(F)=CC(F)=C1F
913,[H][C@](S)(CC1=CC=C(I)C=C1)C(O)=O
914,NC1=CC=C(C=C1)S(=O)(=O)NC1=NC=CS1
915,OC1=NC(=N)NC2=C1NC=C2
916,[H][C@](N)(COP(O)(=O)OC(C)C)C(O)=O
917,NC(=N)C1=CC=C2C=C(C=CC2=C1)C(=O)NC1=CC=CC=C1
918,[H]N([C@@H](CC(C)C)C(=O)N([H])[C@@H]1CN(CC1=O)C(=O)[C@H](CC(C)C)N([H])C(=O)OCC1=CC=CC=C1)C(=O)OCC1=CC=CC=C1
919,[H][C@@]12CC[C@H](O)[C@@]1(C)CC[C@@]1([H])[C@@]2([H])CCC2=CC(=O)CC[C@]12C
920,NC(=O)CS(=O)C(C1=CC=CC=C1)C1=CC=CC=C1
921,[H][C@@](N)(CC)CCC(O)=O
922,[H][C@]1(COP(O)(=O)CP(O)(=O)O[P@](O)(=S)OC[C@@]2([H])O[C@@]([H])(N3C=NC4=C(N)N=CN=C34)[C@]([H])(O)[C@]2([H])O)O[C@@]([H])(N2C=NC3=C(N)N=CN=C23)[C@]([H])(O)[C@]1([H])O
923,CC1=C(C)C(OCCCC(O)=O)=CC=C1NC(=O)NC(=O)C1=CC=C(Cl)C=C1Cl
924,NNCCC1=CC=CC=C1
925,CCOC(=O)C1=C[C@@H](OC(CC)CC)[C@H](NC(C)=O)[C@@H](N)C1
926,CC[N+](C)(C)C1=CC(O)=CC=C1
927,CC1=CN=C2C(=C1)C(C)=C(C)C1=C2[N+](C)=CC(C)=C1
928,NC1=C(N2C=C(C=CC2=N1)C(=O)C1=C(F)C=CC=C1F)C(=O)C1=CC=CC=C1
929,CC1=CC=C(C)C(CC2=NN(C3=C2C(N)=NC=N3)C(C)(C)C)=C1
930,COC1=C(C=C(Cl)C=C1)C(=O)NCCC1=CC=C(C=C1)S(=O)(=O)NC(=O)NC1CCCCC1
931,[H][C@@](O)(CCCCCCC)C[C@@]1([H])O[C@@](CO)(O[C@@]2([H])O[C@]([H])(CO)[C@@]([H])(O)[C@]([H])(O)[C@@]2([H])O)[C@@]([H])(O)[C@]1([H])O
932,[H][C@@](CC(C)C)(NC(=O)OCC1=CC=CC=C1)C(=O)N[C@]1([H])CCN(C1)C#N
933,CCC1C2=CC(OC)=C(OC)C=C2C(=NN=C1C)C1=CC(OC)=C(OC)C=C1
934,COC1=C(C\C=C(/C)CCC(=O)OCCN2CCOCC2)C(O)=C2C(=O)OCC2=C1C
935,O=C(NC1=CNN=C1C1=NC2=C(N1)C=CC=C2)C1=CC=CC=C1
936,O=N(=O)C1=CC2=NNC=C2C=C1
937,CC(C)CN1C=NC2=C1C1=CC=CC=C1N=C2N
938,CC(C)C[C@H](N)C(O)=O
939,CS(=O)(=O)C1=CC(NC2=NC(NC3=C(Cl)C=CC4=C3OCO4)=CC=N2)=CC=C1
940,CC1=NN=C(N1)C1=CC=CC=C1NC1=NC=NC2=C1C=CN2
941,ClC1=CC=C(S1)C(=O)NC[C@H]1CN(C(=O)O1)C1=CC=C(C=C1)N1CCOCC1=O
942,[H][C@]1(COP(O)(=O)OP(O)(=O)OP(O)(O)=S)O[C@@]([H])(N2C=NC3=C(N)N=CN=C23)[C@]([H])(O)[C@]1([H])O
943,CC1=NN=C2CN=C(C3=CC=CC=C3Cl)C3=C(C=CC(Cl)=C3)N12
944,COCCOCCOCCOCCOCCOCCOCCO[C@H]1CC[C@@]2(O)[C@H]3CC4=CC=C(O)C5=C4[C@@]2(CCN3CC=C)[C@H]1O5
945,OC(=O)C1=CN(C2CC2)C2=CC(N3CCNCC3)=C(F)C=C2C1=O
946,CCCNCC(O)COC1=C(C=CC=C1)C(=O)CCC1=CC=CC=C1
947,IC1=CNN=C1
948,CC(NC(C)(C)C)C(=O)C1=CC(Cl)=CC=C1
949,CCOC(=O)C1=C(C)NC(C)=C(C1C1=C(Cl)C(Cl)=CC=C1)C(=O)OC
950,C[C@H]1COC2=C3N1C=C(C(O)=O)C(=O)C3=CC(F)=C2N1CCN(C)CC1
951,[Mg++].OC1=CC=CC=C1C([O-])=O.OC1=CC=CC=C1C([O-])=O
952,CCCCCCCN(CC)CCCC(O)C1=CC=C(NS(C)(=O)=O)C=C1
953,C(N1C=CN=C1)C1=CC=C(C=C1)C1=CC=CC=C1
954,CC1=CC(O)=C2C(=O)C3=C(C=C(O)C=C3O)C(=O)C2=C1
955,CC(C)(C)C1=NN(C(NC(=O)NC2=C3C=CC=CC3=CC=C2)=C1)C1=CC=CC(N)=C1
956,[H][C@@]12CC[C@](C)(O)[C@@]1(C)C[C@H](O)[C@@]1(F)[C@@]2([H])CCC2=CC(=O)CC[C@]12C
957,NS(=O)(=O)C1=CC=C(C=C1)C(=O)NCC1=CC=CC(F)=C1F
958,NC1=NC2=C(N=CN2[C@@H]2O[C@H](COP(O)(=O)OP(O)(O)=O)[C@@H](O)[C@H]2O)C(=O)N1
959,[H][C@]1(CO)O[C@@]([H])(O[C@]2([H])[C@@]([H])(CO)O[C@@]([H])(OC3=CC4=C(C=C3)C(C)=CC(=O)O4)[C@]([H])(N=C(C)O)[C@@]2([H])O)[C@]([H])(N=C(C)O)[C@@]([H])(O)[C@]1([H])O
960,CN1[C@H]2C[C@@H](C[C@@H]1[C@H]1O[C@@H]21)OC(=O)[C@H](CO)C1=CC=CC=C1
961,[H][C@@]12C[C@@H](C)[C@](O)(C(=O)CO)[C@@]1(C)C[C@H](O)[C@@]1([H])[C@@]2([H])C[C@H](F)C2=CC(=O)C=C[C@]12C
962,ClC1=C(NC2=NC(NC3=CC(=CC=C3)N3CCOCC3)=NC=C2)C2=C(OCO2)C=C1
963,NC1=NC(=O)C2=C(N1)C(CC1=CN=CC=C1)=CN2
964,[H]C(=O)[C@H](NC(C)=O)[C@@H](O)[C@H](O)[C@H](O)CO
965,CNC(=S)NCCSCC1=C(C)NC=N1
966,[H][C@]12[C@@H](C)C(S[C@]3([H])CN[C@H](CNS(N)(=O)=O)C3)=C(N1C(=O)[C@]2([H])[C@@H](C)O)C(O)=O
967,CCC(C)C1(CC)C(=O)NC(=O)NC1=O
968,OC1=NC(=N)N\C1=C1\CCN=C(O)C2=C1C=CN2
969,CO[C@@H]1C[C@@H](CC[C@H]1O)\C=C(/C)[C@H]1OC(=O)[C@@H]2CCCCN2C(=O)C(=O)[C@]2(O)O[C@@H]([C@H](C[C@H]2C)OC)[C@H](C[C@@H](C)C\C(C)=C\[C@@H](CC=C)C(=O)C[C@H](O)[C@H]1C)OC
970,COC1=CC(CC2=CN=C(N)N=C2N)=CC(OC)=C1OC
971,[H][C@](N)(CSCC[B-](O)(O)O)C(O)=O
972,COC1=CC(NC2=C(C=NC3=CC(OCCCN4CCN(C)CC4)=C(OC)C=C23)C#N)=C(Cl)C=C1Cl
973,CC(=O)N1C2=CC=CC=C2C2=C1C(=O)CCC2
974,NC(=O)NO
975,O[C@H]1[C@@H](O)[C@@H](O[C@@H]1COP(O)(=O)OP(O)(O)=O)N1C=CC(=O)NC1=O
976,N[C@@H](COS(=O)(=O)CC1=CC=CC=C1)C(O)=O
977,COC1=C(OC)C=C2[C@@H](CN(C)CCCN3CCC4=CC(OC)=C(OC)C=C4CC3=O)CC2=C1
978,CCC1=NC(C2CC2)=C(N1CC1=CC2=C(OC(=C2Br)C2=CC=CC=C2NS(=O)(=O)C(F)(F)F)C=C1)C(N)=O
979,O=C1NC=CC(=O)N1
980,[Na+].[H][C@]12C[C@@H](O)[C@H](\C=C\[C@@H](O)C(C)CC#CC)[C@@]1([H])C1=CC=CC(CCCC([O-])=O)=C1O2
981,OC(=O)C\N=C(\NC(C1=CC=CC=C1)C1=CC=CC=C1)NC1=CC=C(C=C1)C#N
982,CCCCOC1=CC=C(C=C1)S(=O)(=O)N1C[C@H](C[C@@H]1C(=O)NO)NS(C)(=O)=O
983,CC(C)CN1C2=C(N=CN2)C(=O)N(C)C1=O
984,NC(CCO)(CCO)CCO
985,[H][C@]1(CC2=C(O1)C=C1OC(=O)C(=CC1=C2)C(C)(C)C=C)C(C)(C)O
986,CC(C)CCC[C@@H](C)CCC[C@@H](C)CCC[C@]1(C)CCC2=C(O1)C(C)=C(C)C(O)=C2C
987,C(CN1CCC(CC1)OC(C1=CC=CC=C1)C1=CC=CC=C1)CC1=NN=NN1
988,CC1=CC=C(C=C1)N(CC1=NCCN1)C1=CC(O)=CC=C1
989,CCOCCO
990,[H][C@](O)(CC1=CC=CC=C1)C(O)=O
991,CC[C@@]1(O)C(=O)OCC2=C1C=C1N(CC3=CC4=C(C=CC(O)=C4CN(C)C)N=C13)C2=O
992,CN1CCC[C@H]1C1=CN=CC=C1
993,CN1CCN(CC2=CC=C(C=C2)C(=O)NC2=CC(NC3=NC=CC(=N3)C3=CN=CC=C3)=C(C)C=C2)CC1
994,[H][C@@](CC1=CC(C(=O)OC)=C(C=C1)C(F)(C(O)=O)C(O)=O)(N=C(C)O)C(O)=N[C@@]1([H])CCCCN(CC2=CC=C(C=C2)C2=CC=CC=C2)C1=O
995,[H][C@@]12CC3=CNC4=CC=CC(=C34)C1=C[C@H](CN2C)C(=O)N(CC)CC
996,[H][C@@](C)(CC)NC1=NC=C(S1)C(=O)NC1=C(C)C=CC(=C1)C(=O)NC
997,NC(=[NH2+])C1=CC2=C(S1)C=CC=C2I
998,CN1CCN(CC2=CC=C(NC(=O)C3=CC(C#CC4=CN=C5C=CC=NN45)=C(C)C=C3)C=C2C(F)(F)F)CC1
999,[H][C@@](C)(N)[C@]([H])(O)C1=CC=CC=C1
1000,CN1C(C(=O)NC2=NC=CC=C2)=C(O)C2=C(C=CC=C2)S1(=O)=O
1001,CN(C)C(=O)C1=CC(=CC(NC(=O)C2=CC=C(C)C=C2)=C1)C1=CC=C(C=C1)C(=O)NO
1002,OC(=O)\C=C/C(O)=O
1003,CC(C)C1=CC=C(N)C=C1
1004,NS(=O)(=O)C1=CC=C2NC(=NC2=C1)C1=CSC=N1
1005,C1CCC(CC1)NC1=C2N=CNC2=NC(NC2=CC=C(C=C2)N2CCOCC2)=N1
1006,[H][C@@](CC(C)C)(NC(=O)[C@]1([H])CSCCN1S(=O)(=O)C1=CC=C(C)C=C1)C(O)=O
1007,OC(=O)CCCCCCCCCCCBr
1008,NC1=NC=NC2=C1N=CN2[C@@H]1O[C@@H](CO[P@](O)(=O)O[P@@](O)(=O)NP(O)(O)=O)[C@H](O)[C@H]1O
1009,CC1=CC(=CC(C)=C1OC1=C(Br)C(N)=NC(NC2=CC=C(C=C2)C#N)=N1)C#N
1010,CNC(=O)[C@@H](N)C(C)(C)C
1011,CCCNCCCNCCCNCC
1012,C(N(CC1=CC=CC=C1)C1=CC=CC=C1)C1=NCCN1
1013,[H][C@@](CC1=CC=CC=C1)(NC(=O)C(=O)CC(=O)NCCC1=NC=CC=C1)C(=O)N(C)C
1014,[H][C@@]1(O)C[C@]([H])(O[C@@]1([H])CN1CCCC1)N1C=C(C)C(=O)NC1=O
1015,OC(C1CCCCN1)C1=CC(=NC2=C1C=CC=C2C(F)(F)F)C(F)(F)F
1016,CNC(=O)C1=NC=CC(OC2=CC=C(NC(=O)NC3=CC(=C(Cl)C=C3)C(F)(F)F)C=C2)=C1
1017,COC1=CC=C(C=C1)[C@@H]1SC2=C(C=CC=C2)N(CCN(C)C)C(=O)[C@@H]1OC(C)=O
1018,NC(=N)C1=CC=C(NC(=O)NC2=CC=C(Cl)C=C2)C=C1
1019,CN(C1CCCCC1)C(=O)CCN1CC2=CC(=CC=C2N=C1N)C(=O)C1=CC=CC=C1
1020,OCCCO
1021,[H][C@]12CS[C@@H](CCCCC(O)=O)[C@@]1([H])NC(=O)N2
1022,[H][C@](N)(O)CC[C@@]([H])(N)CC1=CC=C(O)C=C1
1023,[H][C@@]1(COC2=CC=C(F)C=C2)CC[C@]([H])(O1)C#CCCN(O)C(O)=N
1024,[H][C@](CC)(C(O)=O)[C@]([H])(NS(=O)(=O)C1=CC=C(C)C=C1)C(O)=O
1025,CC\C=C/C\C=C/C\C=C/C\C=C/C\C=C/CCCC(O)=O
1026,NC1=CC=C(C=C1)S(=O)(=O)NC1=NC=CC=N1
1027,[O-][N+](=O)C1=CC(=CC=C1)C1=CC2=C(S1)C=C1N2C(=S)N(CCCN2CCOCC2)C1=O
1028,ClCCNP1(=O)OCCCN1CCCl
1029,[H][C@]1(C)C[C@]([H])(NC)C2=C(SC(=C2)S(N)(=O)=O)S1(=O)=O
1030,[H][C@]1(C)O[C@]([H])(O[C@]2([H])[C@@]([H])(CO)O[C@]([H])(OC[C@@]3([H])O[C@@]([H])(O)[C@]([H])(O)[C@@]([H])(O)[C@]3([H])O)[C@]([H])(O)[C@@]2([H])O)[C@]([H])(O)[C@@]([H])(O)[C@]1([H])N[C@@]1([H])C=C(CO)[C@@]([H])(O[C@@]2([H])O[C@]([H])(CO)[C@@]([H])(O[C@@]3([H])O[C@]([H])(CO)[C@@]([H])(O)[C@]([H])(O)[C@@]3([H])O)[C@]([H])(O)[C@@]2([H])O)[C@]([H])(O)[C@@]1([H])O
1031,COC1=CC=C(NC2=C(C(=O)N(CC3=CC=CC=C3)C2=O)C2=CC=CC=C2)C=C1
1032,CC1=C2NC(=O)C3=C(N=CC=C3)N(C3CC3)C2=NC=C1
1033,[H][C@@]1(O)CC[C@@]2([H])[C@]3([H])CCC4=CC(=O)CC[C@]4(C)[C@@]3([H])CC[C@]12C
1034,FC(F)(F)C1=CC=CC(=C1)C1=NN=C2C=CC(NC3CCCCC3)=NN12
1035,CNCC[C@H](OC1=CC=CC2=CC=CC=C12)C1=CC=CS1
1036,[H][C@@]12C[C@@H](C)[C@H](C(=O)CO)[C@@]1(C)C[C@H](O)[C@@]1(Cl)[C@@]2([H])C[C@H](F)C2=CC(=O)C=C[C@]12C
1037,C1=CN(C=N1)C(C1=CC=CC=C1)C1=CC=C(C=C1)C1=CC=CC=C1
1038,[H][C@](N)(CCC(O)=N[C@@]([H])(CSCCCCCC)C(O)=NCC(O)=O)C(O)=O
1039,OC(CN1C=NC=N1)(CN1C=NC=N1)C1=C(F)C=C(F)C=C1
1040,C\C(O)=C(/C#N)C(=O)NC1=CC=C(C=C1)C1=CC=CC=C1
1041,C(C1=NCCN1)C1=CC=CC2=CC=CC=C12
1042,[H][C@@]1(CCCN1C1=NC(=NC(C)=C1)N1C=CN=C1)C(=O)NCCC1=CC2=C(OCO2)C=C1
1043,CC1=NC2=C(CSCC2)C(=O)N1
1044,CC(C)C[C@H](NC(=O)C1=CC=C(C=C1)[N+]([O-])=O)C(=O)N1CCC[C@H]1C(=O)NCCCCN=C(N)N
1045,CNC1=C(C=C(SC2=NN=CN2C)C=C1)C(=O)NC1=NC(C)=CS1
1046,[H][C@@]12C[C@@H](C)[C@]34C=C(C)[C@H](OC(=O)C(\C)=C/C)[C@@]3(O)[C@H](O)C(CO)=C[C@@]([H])(C4=O)[C@]1([H])C2(C)C
1047,[H][C@]12CN3C=C(C(=O)NCC4=CC=C(F)C=C4F)C(=O)C(O)=C3C(=O)N1[C@H](C)CCO2
1048,CCS(=O)(=O)NC1=CC=C(F)C(C(=O)C2=CNC3=NC=C(C=C23)C2=CN=CC=C2)=C1F
1049,[H][C@@]12CC[C@@](O)(C#C)[C@@]1(CC)CC(=C)[C@]1([H])[C@@]3([H])CCC(=O)C=C3CC[C@@]21[H]
1050,CCCC1=CC=C(NC(=O)C2=CC=CC=C2NCC2=CNC(=O)C=C2)C=C1C(F)(F)F
1051,[H][C@@](CN)(CC(O)=O)C1=CC=C(Cl)C=C1
1052,CCN[C@H]1C[C@H](C)S(=O)(=O)C2=C1C=C(S2)S(N)(=O)=O
1053,NC(=O)C(O)=O
1054,[H][C@](O)(CNC(C)(C)C)COC1=NSN=C1N1CCOCC1
1055,[H][C@@]12CC[C@H](C(C)=O)[C@@]1(C)CC[C@@]1([H])[C@@]2([H])CC[C@@]2([H])C[C@](C)(O)CC[C@]12C
1056,NC1=NC=CC=C1OCC1=CC=CC=C1
1057,OCCC1CCN(CC1)[C@@]1(C(=O)NC(O)=NC1=O)C1=CC=CC=C1
1058,N1C=CC(=N1)C1=CC(=NO1)C1=CC=CC=C1
1059,CCCCC1=NN(CC2=CN=C(C=C2)C2=CC=CC=C2C2=NNN=N2)C(CCCC)=N1
1060,CC1=C(SC=C1)C(=CCCN1CCC[C@H](C1)C(O)=O)C1=C(C)C=CS1
1061,OP(O)(=O)C(F)(F)C1=CC=C(CCCCC2=CC=C(C=C2)C(F)(F)P(O)(O)=O)C=C1
1062,N[C@@H](COP(O)(O)=O)C(O)=O
1063,[H][C@]1(COP(O)(O)=O)O[C@@]([H])(N2C=[NH+]C3=C2N=C(O)N=C3O)[C@]([H])(O)[C@]1([H])O
1064,[H][C@@]12C[C@H]3OC(CCC)O[C@@]3(C(=O)CO)[C@@]1(C)C[C@H](O)[C@@]1([H])[C@@]2([H])CCC2=CC(=O)C=C[C@]12C
1065,CCN(CC)CCCC(C)NC1=C2C=C(OC)C=CC2=NC2=C1C=CC(Cl)=C2
1066,[H][C@](N)(CC(=O)N1CCCNC(=O)[C@@]1([H])C)CC1=C(F)C=C(F)C(F)=C1
1067,CN1CCN(CCCN2C3=CC=CC=C3SC3=C2C=C(C=C3)C(F)(F)F)CC1
1068,[H][C@@]12CC=C(C3=CC=CN=C3)[C@@]1(C)CC[C@@]1([H])[C@@]2([H])CC=C2C[C@@H](O)CC[C@]12C
1069,[H][C@]1(C)O[C@]([H])(O)[C@]([H])(O)[C@@]([H])(O)[C@]1([H])O
1070,CN1C=C(C2=CC3=CC=CN=C3N2)C2=CC(=CC=C12)C(=O)NC(C)(C)CO
1071,CC(C)N(CC[C@H](C1=CC=CC=C1)C1=C(O)C=CC(C)=C1)C(C)C
1072,CNCC\C=C\C1=CN=CC=C1
1073,OC(=O)CCCCCCCC(O)=O
1074,CCC1=C2CN3C(=CC4=C(COC(=O)[C@]4(O)CC)C3=O)C2=NC2=CC=C(OC(=O)N3CCC(CC3)N3CCCCC3)C=C12
1075,[H][C@@](C)(NC1=NC(=O)[C@@](C)(S1)C(C)(C)O)C1=CC=C(F)C=C1
1076,CSC1=C2C=CC=CC2=C(S1)C(=O)N1CCC2(COC3=C2C=C(CN)C=C3)CC1
1077,OC(=O)N1CCC(CC2=CC(OC3=NC=C(C=C3)C(F)(F)F)=CC=C2)CC1
1078,OC(=O)[C@@H]1CCCN1
1079,NCCCC[C@@H]1NC(=O)[C@@H](CC2=CNC3=C2C=CC=C3)NC(=O)[C@@H](NC(=O)[C@@H]2C[C@H](CN2C(=O)[C@H](CC2=CC=CC=C2)NC(=O)[C@H](CC2=CC=C(OCC3=CC=CC=C3)C=C2)NC1=O)OC(=O)NCCN)C1=CC=CC=C1
1080,[H][C@@]12[C@@H]3SC[C@]4(NCCC5=C4C=C(OC)C(O)=C5)C(=O)OC[C@H](N1[C@@H](O)[C@@H]1CC4=CC(C)=C(OC)C(O)=C4[C@H]2N1C)C1=C2OCOC2=C(C)C(OC(C)=O)=C31
1081,COCCOCCOCCOC
1082,NC1=C(Br)C=C(Br)C=C1CN[C@H]1CC[C@H](O)CC1
1083,ClC1=CC=CC(=C1Cl)C1=NC2=CC=NN2C(NCC2=CC=NC=C2)=C1
1084,CN(C)CCOC(=O)C(C1=CC=CC=C1)C1(O)CCCC1
1085,[H][C@]1(O)O[C@]([H])(CO)[C@@]([H])(O)[C@]([H])(O[C@@]2([H])O[C@]([H])(CO)[C@@]([H])(O)[C@]([H])(O[C@@]3([H])O[C@]([H])(COP(O)(O)=O)[C@@]([H])(O)[C@]([H])(O)[C@]3([H])O)[C@]2([H])O)[C@]1([H])O
1086,[H][C@@]12CCN(C1=O)C1=C3C=C(OC4=C(C=CC(CN5C=NC=C5CN2)=C4)C#N)C=CC3=CC=C1
1087,[H][C@](C)(N)[C@@]1([H])CC[C@@]([H])(CC1)C(=O)NC1=CC=NC=C1
1088,CO[C@H]1\C=C\O[C@@]2(C)OC3=C(C2=O)C2=C(C(O)=C3C)C(=O)C(NC(=O)\C(C)=C/C=C/[C@H](C)[C@H](O)[C@@H](C)[C@@H](O)[C@@H](C)[C@H](OC(C)=O)[C@@H]1C)=C1NC3(CCN(CC3)CC(C)C)N=C21
1089,[H][C@@](N)(COC1=CN=CC(=C1)C1=CC2=CNN=C2C=C1)CC1=C2C=CC=CC2([H])N=C1
1090,[Gd+3].CC([O-])=O.CC([O-])=O.CCC1=C(CC)/C2=C/C3=N/C(=C\N=C4/C=C(OCCOCCOCCOC)C(OCCOCCOCCOC)=C/C/4=N\C=C4/N=C(/C=C\1\[N-]\2)C(CCCO)=C4C)/C(C)=C3CCCO
1091,[H]C(=C([H])C([H])(C)C([H])(OC(C)=O)[C@]([H])(C)C(=O)CC[C@]([H])(C)[C@]([H])(C[C@]1([H])OC(=O)C[C@@]([H])(O)CCCC(=O)C[C@]([H])(C)C2=COC(=N2)C2=COC(=N2)C2=COC(=N2)\C([H])=C([H])\C[C@]([H])(OC)[C@@]1([H])C)OC)N(C)CO
1092,CCC1=C2N=C(C=C(NCC3=CN=C(N)N=C3)N2N=C1)C1=C(F)C=CC=C1F
1093,COC1=CC2=C(C=CC=C2CCNC(C)=O)C=C1
1094,OP(O)(=O)OC1=C2NCCCC2=CC=C1
1095,[H][C@@]1(CO)COB(O1)C1=CC=C(CCNC(N)=N)C=C1
1096,CC[C@H](N1CCCC1=O)C(N)=O
1097,CNC(=O)[C@@H](NC(=O)[C@H](CC(C)C)[C@H](O)C(=O)NO)C(C)(C)C
1098,C[C@](O)(C1=CC=C(C=C1)C(=O)N(C1CC1)C1CCN(CC2(CC2)C(N)=O)CC1)C(F)(F)F
1099,[H][C@@]1(C[C@]([H])(N=[N+]=[N-])[C@@]([H])(COP(O)(=O)OP(O)(O)=O)O1)N1C=C(C)C(O)=NC1=O
1100,CN(C)CCOC1=CC=C(C=C1)C(=C(\CCCl)C1=CC=CC=C1)\C1=CC=CC=C1
1101,CCCCCCCCCCCCCCCCOC[C@H](CO[P@@]([O-])(=O)OCC[N+](C)(C)C)OC(C)=O
1102,COC1=CC2=C(OC(NS(=O)(=O)C3=CC(Cl)=CC=C3Cl)=N2)C(=C1)C1=CN=C(OC)C=C1
1103,CN1C2=CC=CC=C2C(C#N)(C(=O)NCCC(O)=O)C2=C1C=CC=C2
1104,O\N=C(/N)N1CCC(CC1)CNC(=O)[C@@H]1CC[C@H]2CN(CC(=O)N12)S(=O)(=O)CC1=CC=CC=C1
1105,CN1C(C(=O)NC2=CC=CC=N2)=C(O)C2=C(C=C(Cl)S2)S1(=O)=O
1106,CCN(CC)CC1=C(O)C=CC(NC2=C3C=CC(Cl)=CC3=NC=C2)=C1
1107,NC1=CC=NC=C1
1108,CN[C@H]1[C@H](O)[C@@H](O)[C@H](CO)O[C@H]1O[C@H]1[C@H](O[C@H]2[C@H](O)[C@@H](O)[C@H](NC(N)=N)[C@@H](O)[C@@H]2NC(N)=N)O[C@@H](C)[C@]1(O)C=O
1109,CN(C)S(=O)(=O)C1=CC=C2NC(=O)\C(=C/C3=CC4=C(CCCC4)N3)C2=C1
1110,[H][C@@]1(CCC2=C(C(OC)=C(OC)C(OC)=C2)C2=CC=C(OC)C(=O)C=C12)NC(=O)CS
1111,COC1=CC=C(CC(C)N)C=C1
1112,CC(C)CC1(CC=C)C(=O)NC(=O)NC1=O
1113,CCCCCC(=O)CP(O)(O)=O
1114,[H]\C1=C([H])/[C@@]([H])(OC)[C@]([H])(CCCC[C@]([H])(OC(=O)[C@@]([H])(C)[C@@]2(O)O[C@]([H])([C@@]([H])(C)[C@]([H])(O)[C@@]2([H])OC)[C@@]1([H])C)C1=CC=CC=C1)OC
1115,[H][C@](N)(CC1=CC=CC=C1)C(=O)NCCOCCOCCNC(=O)C1=CC=C(C=C1)S(N)(=O)=O
1116,CCC(=O)N(C1=CC=CC=C1)C1(CCN(CCC2=CC=CC=C2)CC1)C(=O)OC
1117,[H][C@@](C)(O)[C@]([H])(CCC1=CC=CC2=C1OC(=N2)C1=CC=C(Cl)C=C1)N1C=NC(=C1)C(N)=O
1118,CC1=NC=C(C[N+]2=CC=CC(CCO[P@](O)(=O)OP(O)(O)=O)=C2C)C(N)=N1
1119,CC1=CC(Br)=C([O-])C(=C1)C1=NC2=CC(=CC=C2N1)C(N)=[NH2+]
1120,[H][C@](N)(CS=O)C(O)=O
1121,[H][C@](C)(O)[C@@]([H])(O)[C@@]1([H])CNC2=C(N1)C(O)=NC(=N)N2
1122,N1N=C(C2=C1C=CC=C2)C1=CC=NC=C1
1123,CC(C)(C)N1N=C(C2=C(N)N=CN=C12)C1=CC=CC(O)=C1
1124,CC(C=C(C1=CC=CS1)C1=CC=CS1)N(C)C
1125,CCC1=CC2=C(C=C1N1CCC(CC1)N1CCOCC1)C(C)(C)C1=C(C3=C(N1)C=C(C=C3)C#N)C2=O
1126,OCC1=C(O)C=CC(=C1)[C@@H](O)CNCCCCCCOCCOCC1=C(Cl)C=CC=C1Cl
1127,[H][C@@]12CC[C@@](O)(C#C)[C@@]1(C)CC[C@]1([H])C3=C(CC[C@@]21[H])C=C(OC)C=C3
1128,COCC1=C(C2=CC=C(F)C=C2)C(\C=C\[C@@H](O)C[C@@H](O)CC(O)=O)=C(C(C)C)N=C1C(C)C
1129,[H][C@@]1(CC[C@@]2(C)C3=C(CC[C@]12C)[C@@]1(C)CC[C@H](O)C(C)(C)[C@]1([H])CC3)[C@H](C)CCC=C(C)C
1130,NC1=NC(=O)N(C=C1)[C@@H]1O[C@H](COP(O)(O)=O)[C@@H](O)[C@H]1O
1131,CCCCCOC1=CC=C(C=C1)C1=CC(=NO1)C1=CC=C(C=C1)C(=O)N[C@H]1C[C@@H](O)[C@@H](O)NC(=O)[C@@H]2[C@@H](O)[C@@H](C)CN2C(=O)[C@@H](NC(=O)[C@@H](NC(=O)[C@@H]2C[C@@H](O)CN2C(=O)[C@@H](NC1=O)[C@@H](C)O)[C@H](O)[C@@H](O)C1=CC(OS(O)(=O)=O)=C(O)C=C1)[C@H](O)CC(N)=O
1132,[H][C@@]12CCCC[C@]1([H])CN(C[C@@H](O)[C@H](CC1=CC=CC=C1)NC(=O)[C@H](CC(N)=O)NC(=O)C1=NC3=C(C=CC=C3)C=C1)[C@@H](C2)C(=O)NC(C)(C)C
1133,[H][C@@](CC(C)C)(N=C(O)OCC1=CC=CC=C1)C(O)=N[C@@]([H])(CC(C)C)C(O)=N[C@@]([H])(CC1=CC=C(O)C=C1)C(=O)CF
1134,OC1=CC2=C(C=C1)C(=NO2)C1=CC(Br)=C(O)C=C1O
1135,CN(CC(O)=O)C(N)N
1136,[H][C@@](CC1=CC=CC=C1)(NC(=O)[C@]([H])(CC(C)C)[C@]([H])(CSC1=CC=CS1)C(=O)NO)C(=O)NC
1137,[H][C@]1(CCCN1C(=O)COC1CCCCC1)C(=O)NCC1=CC=C(C=C1)C(N)=N
1138,CC[N+]#C
1139,FC1=CC=C(C=C1)[C@@H]1CCNC[C@H]1COC1=CC2=C(OCO2)C=C1
1140,COC1=CC(=CC(OC)=C1OC)[C@@H](O)CC1=CC(O)=C(OC)C=C1
1141,[H][C@]1(CC(=O)OC)CC(=NO1)C1=CC=C(O)C=C1
1142,OCCN1C[C@H](O)[C@@H](O)[C@H](O)[C@H]1CO
1143,NC1=NC(NC2=CC=C(C=C2)S(N)(=O)=O)=NN1C(=S)NC1=C(F)C=CC=C1F
1144,OC1(CN(C1)C(=O)C1=C(NC2=C(F)C=C(I)C=C2)C(F)=C(F)C=C1)[C@@H]1CCCCN1
1145,CNC(NCCSCC1=CSC(CN(C)C)=N1)=C[N+]([O-])=O
1146,CN1C2=C(C=C(Cl)C=C2)C2(OC(C)=CC(=O)N2CC1=O)C1=CC=CC=C1
1147,COC1=C(C(=O)C2=CN=C(NC3CCN(CC3)S(C)(=O)=O)N=C2N)C(F)=C(F)C=C1
1148,CN(C)C1=C2C=CC=C(C2=CC=C1)S(N)(=O)=O
1149,COC1=CC=C(CC(C)(C)NC[C@H](O)C2=C3OCC(=O)NC3=CC(O)=C2)C=C1
1150,[H][C@@]1(C[C@@](O)(CC2=C(O)C3=C(C(O)=C12)C(=O)C1=C(OC)C=CC=C1C3=O)C(=O)COC(=O)CCCC)O[C@H]1C[C@H](NC(=O)C(F)(F)F)[C@H](O)[C@H](C)O1
1151,CC(N)COC1=C(C)C=CC=C1C
1152,N[C@@H](CC(N)=O)C(O)=O
1153,CCC1(C(=O)NC(=O)N(C)C1=O)C1=CC=CC=C1
1154,ClC1=CC=C(S1)C(=O)NCCNC(=O)C1=CC=C(C=C1)N1C=CC=CC1=O
1155,CCCCC[C@H](O)\C=C\[C@H]1[C@H](O)CC(=O)[C@@H]1C\C=C/CCCC(O)=O
1156,COC1=C(OC)C(=O)C(CC=C(C)C)=C(C)C1=O
1157,CN1C2=C(N(CC(O)CO)C=N2)C(=O)N(C)C1=O
1158,CCCCCCCCC(=O)OC
1159,CCN(C(C)=O)C1=CC=CC(=C1)C1=CC=NC2=C(C=NN12)C#N
1160,CCCCC1=C(C(=O)C2=CC(I)=C(OCCN(CC)CC)C(I)=C2)C2=C(O1)C=CC=C2
1161,CCN(CC)C(=O)C1(CC1CN)C1=CC=CC=C1
1162,OC1=CC(O)=C(C=C1)C1=NN(CC=C)C2=C1C=CC=C2C(F)(F)F
1163,CN1N=NC2=C(N=CN2C1=O)C(N)=O
1164,CC(C)CN(C[C@@H](O)[C@H](CC1=CC=CC=C1)NC(=O)O[C@H]1CCOC1)S(=O)(=O)C1=CC=C(N)C=C1
1165,CCOC1=CC(=CC=C1)C1=CC=C(NC(=O)C(\C#N)=C(\C)O)C=C1
1166,C\C(\C=C\C1=C(C)CCCC1(C)C)=C/C=C/C(/C)=C/C(O)=O
1167,COC1=CC=C(CNS(=O)(=O)C2=CC=C(S2)S(N)(=O)=O)C=C1
1168,CCN(CC)C(C)CN1C2=CC=CC=C2SC2=CC=CC=C12
1169,COC1=C(C)C(C)=C(\C=C\C(\C)=C\C=C\C(\C)=C\C(O)=O)C(C)=C1
1170,[H][C@@](CC1=CC=CC=C1)(CC(O)(O)C[N+]([O-])=O)C(O)=O
1171,CCOC(=O)C1=C(C)N(N=C1C)C1=CC(=CC=C1)[N+]([O-])=O
1172,FC1=CC=CC(F)=C1S(=O)(=O)N1CCN(CC1)S(=O)(=O)C1=CC=C2OCCOC2=C1
1173,CCOC(=O)NC1=C(N)C=C(NCC2=CC=C(F)C=C2)C=C1
1174,[H][C@@]12CC[C@H](C(C)=O)[C@@]1(C)CC[C@@]1([H])[C@@]2([H])CC=C2C[C@@H](O)CC[C@]12C
1175,[Br-].C[N+]1(C)C2CCC1CC(C2)OC(=O)C(O)C1=CC=CC=C1
1176,CC(C)=CCCC(C)=CCCC(C)=CCCC(C)=CCOP(O)(=O)OP(O)(O)=O
1177,CC1=C(C(=NO1)C1=CC=CC=C1)C1=CC=C(C=C1)S(N)(=O)=O
1178,[H][C@](C)(CC)[C@]([H])(NC(=O)[C@@]1([H])O[C@]1([H])C(=O)NCCC)C(=O)N1CCC[C@@]1([H])C(=O)OCC1=CC=CC=C1
1179,[H][C@@]1(O)O[C@]([H])(CO)[C@]([H])(OS(O)(=O)=O)[C@]([H])(O)[C@@]1([H])O
1180,C(CN1CCNCC1)NC1=CC=NC2=C1C(=C(O2)C1=CC=CC=C1)C1=CC=CC=C1
1181,CC1=CC(=NN=C1NCCN1CCOCC1)C1=CC=CC=C1
1182,[H][C@]1(N)CC[C@@]([H])(CC1)NC1=NC2=C(C=NN2C(NC(C)C)=C1)C#N
1183,[H][C@@](CCCN)(NC(=O)[C@]1([H])CCCN1C(=O)[C@@]([H])(CC1=CC=CC=C1)NC(C)=O)B(O)O
1184,CC1=CC(N)=NC(CCNC(=O)C2=CC=C(C=C2)C#N)=C1
1185,CC1=NC2=C(CCN(C(=O)C3=CC=C(NC(=O)C4=CC=CC=C4C4=CC=CC=C4)C=C3)C3=CC=CC=C23)N1
1186,CN1C(=O)C=C(N2CCC[C@@H](N)C2)N(CC2=C(C=CC=C2)C#N)C1=O
1187,[H][C@@]12C[C@@H]([C@H](OC(C)=O)[C@@]1(C)CC[C@@]1([H])[C@@]2([H])CC[C@@]2([H])C[C@H](OC(C)=O)[C@H](C[C@]12C)[N+]1(C)CCCCC1)[N+]1(C)CCCCC1
1188,C[C@@H](O)[C@H](NC(=O)[C@@H](C)[C@H](O)[C@@H](C)NC(=O)[C@@H](NC(=O)C1=C(C)C(N)=NC(=N1)[C@H](CC(N)=O)NC[C@H](N)C(N)=O)[C@@H](OC1OC(CO)C(O)C(O)C1OC1OC(CO)C(O)C(OC(N)=O)C1O)C1=CN=CN1)C(=O)NCCC1=NC(=CS1)C1=NC(=CS1)C(=O)NCCC[S+](C)C
1189,NCC1=CC=C(NC(=O)C2=CC=C3C=C(C=CC3=C2)C(N)=N)C=C1
1190,CC1(C)CN2C(CC(O)=O)=C(C(=C2C1)C1=CC=CC=C1)C1=CC=C(Cl)C=C1
1191,OC1=C(O)C=C2C=CNC2=C1
1192,OP(O)(=O)OC1=CC=CC2=CC=C(N=C12)C#N
1193,ClC1=CC=CC=C1CN1CCC2=C(C1)C=CS2
1194,O[C@H]1[C@@H](O)[C@@H](OP(O)(=O)OP(O)(O)=O)O[C@@H]1COP(O)(O)=O
1195,CCCC(=O)OCOC(=O)C1=C(C)NC(C)=C(C1C1=CC=CC(Cl)=C1Cl)C(=O)OC
1196,[C@H]1([C@@H]2[C@H]([C@@H](N3C4=CC(=C(C)C=C4[N+]([Co-3]456(N7C8=C(C9=[N+]4C(C([C@@H]9CCC(N)=O)(C)C)=CC4=[N+]5C(=C(C5=[N+]6[C@@]([C@]7([C@@H]([C@@]8(C)CCC(=O)NC[C@@]([H])(C)OP([O-])(=O)O2)CC(N)=O)[H])([C@@]([C@@H]5CCC(N)=O)(C)CC(N)=O)C)C)[C@@]([C@@H]4CCC(N)=O)(C)CC(N)=O)C)C#N)=C3)C)O1)O)CO
1197,N[C@@H](CC1=CNC2=CC=CC=C12)C(=O)OP(O)(=O)OC[C@H]1O[C@H]([C@H](O)[C@@H]1O)N1C=NC2=C(N)N=CN=C12
1198,NC(=O)C1=NN(C2=C1C=CC1=C2C=NN1)C1=CC=C(C=C1)S(N)(=O)=O
1199,[H][C@]1(CCCC)CC[S@](=O)C1
1200,[H][C@@]1(C[C@@]2([H])C(=O)OC3=C(C=CC=C3)C2=O)C(=O)OC2=CC=CC=C2C1=O
1201,CNC(C)CC1=CC2=C(OCO2)C=C1
1202,NS(=O)(=O)C1=CC2=C(CCNC2)C=C1
1203,[H][C@@](CC1=CC=CC=C1)(NC(=O)[C@]([H])(CC(C)C)NC(C)=O)C=O
1204,[H][C@]1(CO)O[C@@]2(N=C(O)N(C)C2=O)[C@]([H])(O)[C@@]([H])(O)[C@]1([H])O
1205,N[C@@H](CCCN\C(N)=[NH+]\CC=C)C(O)=O
1206,CCC1=C(C(=O)C2=CC(Br)=C(O)C(Br)=C2)C2=C(O1)C=C(C=C2)S(=O)(=O)N(C)C
1207,COC1=CC(NCC2=C(C)C3=C(C=C2)N=C(N)N=C3N)=CC(OC)=C1OC
1208,NCCCC[C@H](NC(=O)[C@@H]1CCCN1C(=O)[C@@H]1CSSC[C@H](NC(=O)CNC(=O)CNC(=O)CN)C(=O)N[C@@H](CC2=CC=C(O)C=C2)C(=O)N[C@@H](CC2=CC=CC=C2)C(=O)N[C@@H](CCC(N)=O)C(=O)N[C@@H](CC(N)=O)C(=O)N1)C(=O)NCC(N)=O
1209,C[C@H]1CNCCC2=CC=C(Cl)C=C12
1210,CO[C@H]1\C=C\O[C@@]2(C)OC3=C(C2=O)C2=C(C(O)=C3C)C(O)=C(NC(=O)\C(C)=C/C=C/[C@H](C)[C@H](O)[C@@H](C)[C@@H](O)[C@@H](C)[C@H](OC(C)=O)[C@@H]1C)C(\C=N\N1CCN(CC1)C1CCCC1)=C2O
1211,OC(=O)CNC(=O)CCC[P@@](O)(=O)OCC1=CC=C(C=C1)[N+]([O-])=O
1212,[H][C@]12[C@H](C[C@@H](C)C=C1C=C[C@H](C)[C@@H]2CC[C@@H]1C[C@@H](O)CC(=O)O1)OC(=O)C(C)(C)CC
1213,O=C1NC2=CC=C(C=C2\C1=C\NC1=CC2=C(CS(=O)(=O)C2)C=C1)C1=CN=CO1
1214,[H]\C(CCCCCC)=C(/[H])CCCCCCCCCC(O)=N[C@@]1([H])[C@]([H])(OC[C@@]2([H])O[C@]([H])(OP(O)(O)=O)[C@]([H])(N=C(O)CC(=O)CCCCCCCCCCC)[C@@]([H])(OCCCCCCCCCC)[C@]2([H])O)O[C@]([H])(COC)[C@@]([H])(OP(O)(O)=O)[C@]1([H])OCC[C@@]([H])(CCCCCCC)OC
1215,COC1=CC=C(C=C1OC1CCCC1)C(=O)NC1=C(Cl)C=NC=C1Cl
1216,[H][C@@](CCCCC)(OO)\C=C\[C@@]1([H])[C@@]2([H])C[C@]([H])(OO2)[C@]1([H])C\C=C/CCCC(O)=O
1217,CC(C)(C(=O)C1=CN=CC=C1)C1=CC=CN=C1
1218,[H][C@]12OC[C@@H](O[N+]([O-])=O)[C@@]1([H])OC[C@@H]2O
1219,[H][C@@]1(CC[C@@]2([H])[C@]3([H])[C@H](O)C[C@]4([H])C[C@H](O)CC[C@]4(C)[C@@]3([H])CC[C@]12C)[C@H](C)CCC(O)=O
1220,[H][C@@]12CO[C@@]3(COS(N)(=O)=O)OC(C)(C)O[C@@]3([H])[C@]1([H])OS(=O)(=O)O2
1221,CN1SC(=O)C2=CC(=CC=C12)S(N)(=O)=O
1222,[H][C@@]1(CN=C2NC(N)=NC(=O)C2=N1)[C@@H](O)[C@H](C)O
1223,COC1=C(OCCCN2CCC(CC2)C2=NOC3=C2C=CC(F)=C3)C=CC(=C1)C(C)=O
1224,[H][C@@](O)(COC)[C@]([H])(CC(C)C)NC(=O)[C@]([H])(CC(C)C)NC(=O)OCC1=CC=CC=C1
1225,CN1C(=O)C(C)=C2N(C(=O)N(C3CC3)C(=O)C2=C1NC1=CC=C(I)C=C1F)C1=CC(NC(C)=O)=CC=C1
1226,[H][C@@]1(O)C(CO)=C[C@@]([H])(NCCCCCCCC)[C@]([H])(O)[C@@]1([H])O
1227,NC(=O)C1=CC=CN=C1
1228,[Mg++].[O-]S([O-])(=O)=O
1229,CC(C)NCC(O)COC1=CC=CC=C1CC=C
1230,ClCCN(CCCl)P1(=O)NCCCO1
1231,CCCCCCOC(=O)\N=C(\N)C1=CC=C(NCC2=NC3=C(C=CC(=C3)C(=O)N(CCC(=O)OCC)C3=NC=CC=C3)N2C)C=C1
1232,[H][C@](N)(CC1=CC(I)=C(O)C(I)=C1)C(O)=O
1233,COCCOC[C@H](CC1(CCCC1)C(=O)N[C@H]1CC[C@H](CC1)C(O)=O)C(=O)OC1=CC2=C(CCC2)C=C1
1234,OC1=CC=C(C=C1)C1=COC2=C(C(O)=CC(O)=C2)C1=O
1235,COC1=CC2=C(NC=C2CCNC(C)=O)C=C1
1236,CC1=NC=C2CN=C(C3=CC=CC=C3F)C3=C(C=CC(Cl)=C3)N12
1237,C[C@H](CC1=CC2=C(N(CCCO)CC2)C(=C1)C(N)=O)NCCOC1=CC=CC=C1OCC(F)(F)F
1238,OC1=CC=C(C=C1)C1CNCCC2=C(Cl)C(O)=C(O)C=C12
1239,CCN(CC)CC(=O)NC1=C(C)C=CC=C1C
1240,[H][C@]1(COP(O)(O)=O)O[C@@]([H])(N2C=NC3=C(Cl)[NH+]=CN=C23)[C@]([H])(O)[C@]1([H])O
1241,CC(C(O)=O)C1=CC2=C(C=C1)C1=C(N2)C=CC(Cl)=C1
1242,CC1=C(NC(=O)C2=CC(NC(=O)NC3=CC=CC(=C3)C(=O)NC3=C(C)C=CC(=C3)C(=O)NC3=C4C(C=C(C=C4S(O)(=O)=O)S(O)(=O)=O)=C(C=C3)S(O)(=O)=O)=CC=C2)C=C(C=C1)C(=O)NC1=C2C(C=C(C=C2S(O)(=O)=O)S(O)(=O)=O)=C(C=C1)S(O)(=O)=O
1243,[H][C@@](CC1=CC=CC=C1)(C[P@](O)(=O)[C@]([H])(N)CCC1=CC=CC=C1)C(O)=O
1244,CC1=CC=CC=C1CC(=O)NC1=CC(C)=C(C(C)=C1)S(=O)(=O)NCC(O)=O
1245,C[C@H](NC(C)=O)C(O)=O
1246,CCN1C2=C(F)C=CC(F)=C2C(N)=NC11CCN(CC1)C(=O)C1=CN=C(CC1)C#N
1247,N[C@@H](CC\C=C\[B-](O)(O)O)C(O)=O
1248,[H][C@@]12C=C(C)CC[C@@]1([H])C(C)(C)OC1=C2C(O)=CC(CCCCC)=C1
1249,[H][C@@]1(C)CN(C(=O)[C@@](C)(O)C(F)(F)F)[C@@]([H])(C)CN1C(=O)C1=CC=C(C=C1)C#N
1250,OC(=O)COCCN1CCN(CC1)C(C1=CC=CC=C1)C1=CC=C(Cl)C=C1
1251,OC(CCN1CCCCC1)(C1CCCCC1)C1=CC=CC=C1
1252,C[C@H](CS)C(=O)N1CCC[C@H]1C(O)=O
1253,[H][C@]1(O)C[C@@]([H])(O[C@]1([H])CN1CCCCC1)N1C=C(C)C(=O)NC1=O
1254,[H][C@]12SC(C)(C)[C@@H](N1C(=O)[C@H]2NC(=O)[C@H](N)C1=CC=C(O)C=C1)C(O)=O
1255,[H][C@@]12C[C@@](CO)(CO[C@]1([H])C1=CC=C(O)C=C1)CC=C2C
1256,OC(=O)CC1=CC(=O)NC(=O)N1
1257,NC1=C2N=CN([C@H]3C[C@H](O)[C@@H](CO)O3)C2=NC(Cl)=N1
1258,[H][C@]1(O)C[C@@]([H])(CO)O[C@]([H])(O)[C@]1([H])O
1259,C[N+](C)(C)CCOC(N)=O
1260,COC1=CC2=C(C=C1)C=C(CCC(C)=O)C=C2
1261,[O-][N+](=O)C1=CC2=C(NC3=C2CC(=O)NC2=C3C=CC=C2)C=C1
1262,COC1=CC(NC2=NC=C3CN=C(C4=C(C=CC(Cl)=C4)C3=N2)C2=C(F)C=CC=C2OC)=CC=C1C(O)=O
1263,NCC(O)=O
1264,ClC1=CC=C(C(Cl)=C1)S(=O)(=O)NC1=CC(Cl)=C(OC2=CN=C3C=CC=CC3=C2)C(Cl)=C1
1265,OC[C@H]1O[C@H](O[C@H]2[C@H](O)[C@@H](O)[C@H](OCCCCCC3CCCCC3)O[C@@H]2CO)[C@H](O)[C@@H](O)[C@@H]1O
1266,OC[C@@H](O)CC1=CC=CC=C1
1267,[H]N(C1=CC=C(OC[C@@H](O)CN(C)C)C=C1)C1=NC=CC(=N1)N([H])C1=C(Cl)C=CC(Cl)=C1
1268,NC1=NC(=O)N(C=C1)[C@@H]1CS[C@H](CO)O1
1269,CC#CCNC1=CC=C(C=C1)S(=O)(=O)CC1(CCN(CC1)C(=O)OC(C)(C)C)C(=O)NO
1270,[H][C@@]12CC[C@](C)(O)[C@@]1(C)CC[C@@]1([H])[C@@]2([H])CC[C@@]2([H])CC(=O)\C(C[C@]12C)=C/O
1271,FC1=CC2=C(NC(=C2)C(=O)NCCS)C=C1
1272,[H][C@]1(C[C@]2([H])O[C@@](OC[C@]2([H])O1)(C1=CC=CC=C1)P(O)(O)=O)N1C=C(C)C(=O)NC1=O
1273,C[C@](O)(CS(=O)(=O)C1=CC=C(F)C=C1)C(=O)NC1=CC(=C(C=C1)C#N)C(F)(F)F
1274,NS(=O)(=O)C1=CC2=C(NC(CC3=CC=CC=C3)NS2(=O)=O)C=C1C(F)(F)F
1275,[H][C@@]12CC[C@@]([H])(N1)[C@]([H])(C2)C1=CC=C(Cl)N=C1
1276,CC1=CC=CC=C1N1C(C)=NC2=CC=CC=C2C1=O
1277,C1CC1NC1=NC(=CC=N1)C1=C2C=CC=NN2N=C1
1278,C[C@@H](CC1=CC(O)=C(O)C=C1)[C@H](C)CC1=CC(O)=C(O)C=C1
1279,CN(CC(O)=O)C(N)=N
1280,[H][C@@](CC1=CC=C(NC(N)=N)C=C1)(NC(=O)CSC1=CC=C(Cl)C=C1)C(N)=O
1281,CNC(=O)C1=CC(OC2=CC(F)=C(NC(=O)NC3=CC=C(Cl)C(=C3)C(F)(F)F)C=C2)=CC=N1
1282,CCOC1=CC=C(CC2=C(Cl)C=CC(=C2)[C@@H]2O[C@H](CO)[C@@H](O)[C@H](O)[C@H]2O)C=C1
1283,N[C@@H](CC1=CC=C(OP(O)(O)=O)C=C1)C(O)=O
1284,COC1=C(OC)C(CS(=O)C2=NC3=C(N2)C=C(OC(F)F)C=C3)=NC=C1
1285,CC1=NOC(NS(=O)(=O)C2=CC=C(N)C=C2)=C1C
1286,CNCC[C@@H](OC1=CC=CC=C1C)C1=CC=CC=C1
1287,[H][C@]1(N)CCC2=CC=CC=C2[C@@]1([H])O
1288,COC1=CC2=C(C=C1OC)C(OC1=CC=C(NC(=O)C3(CC3)C(=O)NC3=CC=C(F)C=C3)C=C1)=CC=N2
1289,CC(C)O
1290,NC1=NC(=O)N(C=C1)[C@H]1CC[C@@H](CO)O1
1291,[H][C@@]1([C@H](OC)[C@@H](CC[C@]11CO1)OC(=O)N[C@H](C(C)C)C(N)=O)[C@@]1(C)O[C@@H]1CC=C(C)C
1292,CC(C)CCO
1293,[H][C@@]12C[C@@H](O)[C@](O)(C(=O)CO)[C@@]1(C)C[C@H](O)[C@@]1(F)[C@@]2([H])CCC2=CC(=O)C=C[C@]12C
1294,NC(=O)N1C2=CC=CC=C2CC(=O)C2=C1C=CC=C2
1295,[H][C@]12CCN(CCCC(=O)C3=CC=C(F)C=C3)C[C@@]1([H])C1=CC=CC3=C1N2CCN3C
1296,NC1=NC(=O)N(C=N1)[C@@H]1O[C@H](CO)[C@@H](O)[C@H]1O
1297,O=CN1CCCCC1
1298,CC1=NN=C(O1)C1=CC=C(C(C)=C1)C1=CC(=CC=C1C)C(=O)NC1CC1
1299,NC(CO)(CO)CO
1300,CC1=CC(=C(O)C(C)=C1CC1=NCCN1)C(C)(C)C
1301,CN(C)C(=O)CC1=C(N=C2C=CC(C)=CN12)C1=CC=C(C)C=C1
1302,COC(=O)NC1=NC2=CC=C(C=C2N1)C(=O)C1=CC=CS1
1303,[H]N1C=C(C2=CC=CC=C12)C1=C(C(=O)N([H])C1=O)C1=CN(CC[C@H]2CCCN2C)C2=CC=CC=C12
1304,[H][C@@](CC)(CO)NC1=NC2=C(N=CN2C(C)C)C(NCC2=CC=CC=C2O)=N1
1305,OC1=CC(O)=C2C(OC(=C(O)C2=O)C2=CC(O)=C(O)C(O)=C2)=C1
1306,[H][C@](C)(OC1=CC=C(OC2=NC=C(C=C2Cl)C(F)(F)F)C=C1)C(O)=O
1307,O=C1N=CN=C2NNC=C12
1308,OC1=CC=C(C(=O)C2=CC=CC=C2)C(=C1O)[N+]([O-])=O
1309,[H][C@]12COC(=O)[C@]1([H])[C@H](C1=CC(OC)=C(O)C(OC)=C1)C1=CC3=C(OCO3)C=C1[C@H]2O[C@@H]1O[C@]2([H])CO[C@@H](C)O[C@@]2([H])[C@H](O)[C@H]1O
1310,OC[C@H]1O[C@H](OP(O)(O)=O)[C@H](O)[C@@H](O)[C@@H]1O
1311,CNC(=O)[C@@H]1CC2=CC=C(NS(O)(=O)=O)C=C2CN1C(=O)OC(C)(C)C
1312,[H][C@@](O)(CN1C[C@@]([H])(O)[C@]([H])(O)[C@@]1([H])CO)C([H])(CO)OS([O-])([O-])[O-]
1313,COC1=CC(OC)=C(NC(=O)NC2=NC=C(N=C2)C#N)C=C1Cl
1314,[H][C@](C)(CS)C(=O)N1CCC[C@@]1([H])C(O)=O
1315,O=C1NC(=O)\C(S1)=C\C1=CC2=C(C=C1)N=CC=N2
1316,O=C1C=C(OC2=C1C=CC=C2C1=CC=CC=C1)N1CCOCC1
1317,[H][C@]12C[C@H](N(C(=O)[C@H](C)N[C@@H](CCC)C(=O)OCC)[C@@]1([H])CCCC2)C(O)=O
1318,[H][C@@]12CC[C@@]3(CCC(=O)O3)[C@@]1(C)C[C@H]1O[C@@]11[C@@]2([H])[C@@H](CC2=CC(=O)CC[C@]12C)C(=O)OC
1319,O=C1NC2=CC=CC=C2C1=O
1320,CCOC(=O)C1=C(C)N(N=C1C)C1=C(Cl)C=CC=C1
1321,[H]\C(=C(\[H])C1=CC(OC)=C(O)C(OC)=C1)C(=O)SCCN=C(O)CCN=C(O)C1(O)[C@]([H])(OP(O)(=O)OP(O)(=O)OC[C@@]2([H])O[C@@]([H])(N3C=NC4=C(N)N=CN=C34)[C@@]([H])(O)[C@]2([H])OP(O)(O)=O)C1(C)C
1322,CCN(CC)C(=O)[C@]1(C[C@H]1CN)C1=CC=CC=C1
1323,OC1=CC=C(C2=C1C(=O)C1=C(O)C=CC=C1O2)[N+]([O-])=O
1324,CCOC(=O)C1=C(COCCN)NC(C)=C(C1C1=CC=CC=C1Cl)C(=O)OC
1325,CN(C)CCCN1C2=CC=CC=C2SC2=C1C=C(C=C2)C(F)(F)F
1326,[H][C@]1(C[C@@]2([H])O[C@](C)(N3C4=CC=CC=C4C4=C5CNC(=O)C5=C5C6=CC=CC=C6N2C5=C34)[C@]1([H])OC)NC
1327,[H][C@@]12OC3=C(OC)C=CC4=C3[C@@]11CCN(C)[C@]([H])(C4)[C@]1(O)CCC2=O
1328,CCN(CCO)CCCC(C)NC1=C2C=CC(Cl)=CC2=NC=C1
1329,C1CC1C1=NNC(NC2=CC=NC(NC3=CC4=C(NC=N4)C=C3)=N2)=C1
1330,OC1=CC=C(C=C1)\N=C1/C(=O)NC2=CC=CC=C12
1331,OC(C1=CC=C(NCC(F)(F)F)C=C1)(C(F)(F)F)C(F)(F)F
1332,CN(C1CCCCC1)C1=NC(=CC=N1)C1=CN=C2C=CC=CN12
1333,CCCCCN(C)CCC(O)(P(O)(O)=O)P(O)(O)=O
1334,CC1=CC(=C(NCCCN)C=C1)[N+]([O-])=O
1335,COC1=CC=C(C=C1)N1C=NC2=C1C=C(C=C2)C1=NNC(=S)O1
1336,CC(C)[C@@H]1CC[C@@H](C)C[C@H]1O
1337,[H]N(C1=CC=C(OC[C@H](O)CN(C)C)C=C1)C1=NC=C(Br)C(=N1)N([H])C1=CC=CC=C1
1338,CO[C@H]1\C=C\O[C@@]2(C)OC3=C(C)C(O)=C4C(=O)C(NC(=O)\C(C)=C/C=C/[C@H](C)[C@H](O)[C@@H](C)[C@@H](O)[C@@H](C)[C@H](OC(C)=O)[C@@H]1C)=C1OC5=C(N=C1C4=C3C2=O)C(O)=CC(=C5)N1CCN(CC(C)C)CC1
1339,CO[C@@H]1O[C@H](CO)[C@@H](O[C@@H]2O[C@H](CO)[C@H](O)[C@H](O)[C@H]2O)[C@H](O)[C@H]1O
1340,[H][C@@]1(CC[C@]([H])(CC1)C(O)=NCCSSCCN=C(C)O)N=C(O)C1=C(N=CC=N1)C(O)=O
1341,OC1=CC=C2C=C(C=C(C#N)C2=C1)C1=CC=C(O)C(F)=C1
1342,[H][C@@]12C[C@@H](C)[C@](O)(C(=O)CO)[C@@]1(C)C[C@H](O)[C@@]1([H])[C@@]2([H])[C@H](Cl)CC2=CC(=O)C=C[C@]12C
1343,[H]N(C1=CC=C(OC[C@@H](O)CN(C)C)C=C1)C1=NC=CC(=N1)C1=C(C)N=C2C=CC=CN12
1344,O[C@H](\C=C\[C@@H](C)[C@@]1([H])CC[C@@]2([H])\C(CCC[C@]12C)=C\C=C1\C[C@@H](O)C[C@H](O)C1=C)C1CC1
1345,CCCCCCCCCCCC[N+](C)(C)[O-]
1346,CCOC1=C(OCC)C=C(C=C1)C1=NC(=CS1)C1=NC(=CC=C1)C(O)=O
1347,O.Cl.CCC(=O)NC1=C(C)C=C(C=C1C)C(=O)N1CCC(CC1)N(C)CCC1=CC=CC=C1
1348,[H][C@@]12C[C@@]3([H])C[C@@](C1)(C[C@@]([H])(C2)[C@@]3([H])NC(=O)C(C)(C)OC1=C(Cl)C=C(F)C=C1)S(C)(=O)=O
1349,OC(=O)CCNC(=O)C1=CC=C(C=C1)\N=N\C1=CC=C(O)C(=C1)C(O)=O
1350,CC1=CC=C(C=C1)C(=C/CN1CCCC1)\C1=CC=CC=N1
1351,C(C=CC1=CC=CC=C1)N1CCN(CC1)C(C1=CC=CC=C1)C1=CC=CC=C1
1352,[H][C@@]12OC3=C(OCC)C=CC4=C3[C@@]11CCN(C)[C@]([H])(C4)[C@]1([H])C=C[C@@H]2O
1353,O=C1NC=C(C#C)C(=O)N1
1354,COC([C@H](OC1=NC(C)=CC(C)=N1)C(O)=O)(C1=CC=CC=C1)C1=CC=CC=C1
1355,COC1=CC=C(C[C@@H](C)NC[C@H](O)C2=CC(NC=O)=C(O)C=C2)C=C1
1356,CC[C@H](C)[C@@H]1NC(=O)[C@H](CCCNC(N)=N)NC(=O)[C@H](CC(O)=O)NC(=O)[C@H](CCSC)NC(=O)[C@H](CCCNC(N)=N)NC(=O)CNC(=O)CNC(=O)[C@H](CC2=CC=CC=C2)NC(=O)[C@H](CSSC[C@H](NC(=O)CNC(=O)[C@H](CC(C)C)NC(=O)CNC(=O)[C@H](CO)NC(=O)[C@H](CCC(N)=O)NC(=O)[C@H](C)NC(=O)CNC1=O)C(=O)N[C@@H](CC(N)=O)C(=O)N[C@@H](CO)C(=O)N[C@@H](CC1=CC=CC=C1)C(=O)N[C@@H](CCCNC(N)=N)C(=O)N[C@@H](CC1=CC=C(O)C=C1)C(O)=O)NC(=O)[C@H](CO)NC(=O)[C@H](CO)NC(=O)[C@H](CCCNC(N)=N)NC(=O)[C@H](CCCNC(N)=N)NC(=O)[C@H](CC(C)C)NC(=O)[C@H](CO)NC(=O)[C@H](CCCNC(N)=N)NC(=O)[C@@H]1CCCN1C(=O)[C@H](C)NC(=O)[C@@H](N)[C@@H](C)O
1357,OC(=O)\C=C\C(O)=O
1358,[H][C@@]12CC[C@H](C(=O)NC(C)(C)C)[C@@]1(C)CC[C@@]1([H])[C@@]2([H])CC[C@@]2([H])NC(=O)C=C[C@]12C
1359,[H][C@@](N)(C(=O)N1CC[C@]([H])(F)C1)[C@@]([H])(C(=O)N(C)C)[C@@]1([H])CC[C@@]([H])(CC1)C1=CC=CC2=NC=NN12
1360,NCCO.CCCCCCCC\C=C/CCCCCCCC(O)=O
1361,CN(C)CCC1=CNC2=C1C=C(CS(=O)(=O)N1CCCC1)C=C2
1362,[H][C@](N)(CSCCCCCCCCC)C(O)=O
1363,[Br-].[H][C@]12C[C@@H](C[C@@]([H])(C3OC13)[N+]2(C)C)OC(=O)[C@H](CO)C1=CC=CC=C1
1364,C[C@@H]1O[C@@H](OC[C@H]2O[C@@H](OC3=C(OC4=CC(O)=CC(O)=C4C3=O)C3=CC(O)=C(O)C=C3)[C@H](O)[C@@H](O)[C@@H]2O)[C@H](O)[C@H](O)[C@H]1O
1365,[H][C@]1(CO)O[C@@]([H])(C2=NN=C(C)O2)[C@]([H])(O)[C@@]([H])(O)[C@]1([H])O
1366,CCS\C(N)=N\C1=CC=CC=C1
1367,[H][C@@]12CC[C@](O)(C(=O)COC(C)=O)[C@@]1(C)CC(=O)[C@@]1([H])[C@@]2([H])CCC2=CC(=O)CC[C@]12C
1368,[H][C@@](C)(NC(=O)[C@]([H])(CC1=CC=CC=C1)NC(=O)[C@]([H])(S)CC1=CC=CC=C1)C(O)=O
1369,[H][C@](OCC[As+](C)(C)C)(C1=CC=CC=C1[N+](O)=O)C(F)(F)F
1370,CCCCCCCCC1=CC=C(CCC(N)(CO)CO)C=C1
1371,CC(C)[C@H](N)C(O)=O
1372,C[N+]1=CN([C@@H]2O[C@H](COP(O)(O)=O)[C@@H](O)[C@H]2O)C2=C1C(O)=NC(=N)N2
1373,NC1=NC(=O)N(C=C1)[C@H]1C[C@H](O)[C@@H](CO)O1
1374,[H][C@](N)(CCC(O)=N[C@@]([H])(CS[C@]([H])(O)N(O)C1=CC=C(Br)C=C1)C(O)=NCC(O)=O)C(O)=O
1375,COC1=CC=CC2=C1C(=O)C1=C(O)C3=C(C[C@](O)(C[C@@H]3O[C@H]3C[C@H](N)[C@H](O)[C@H](C)O3)C(C)=O)C(O)=C1C2=O
1376,CN(C)CCOC(C1=CC=CC=C1)C1=CC=CC=C1
1377,[H][C@](CN1C=CN=C1)(OCC1=CC=C(Cl)C=C1)C1=C(Cl)C=C(Cl)C=C1
1378,COC1=CC(NC2=NC=C3C=CN(C3=N2)C2=CC=CC=N2)=CC(OC)=C1OC
1379,[H][C@]1(CO)O[C@@]([H])(N2C(NCC3=CC=C(Cl)C(Cl)=C3)=NC3=C(N)N=CN=C23)[C@]([H])(O)[C@]1([H])O
1380,COC1=CC=CC(=C1)C1=NC2=C(N1)C=CC=C2C(N)=O
1381,OC(=O)C1=C(NC2=CC=C(Cl)C=C2)N=CC=C1
1382,[H][C@@](O)(CO)CCONC1=C(NC2=CC=CC=C12)C1=C2C=CC=CC2=NC1=O
1383,ClC1=C(SC=C1N1CC(=O)NS1(=O)=O)C1=CC=CC=C1
1384,OC(=O)C(=O)N(C1=CC=CC=C1C(O)=O)C1=CC=CC2=CC=C(O)C=C12
1385,OP(O)(=O)C(Cl)(Cl)P(O)(O)=O
1386,[H][C@](N)(CC1=CN(C=N1)C1=NNN=N1)C=O
1387,CC(C)C[C@@H](C)N
1388,[H]C(=O)N1C(CNC2=CC=C(C=C2)C(=O)N[C@@H](CCC(O)=O)C(O)=O)CNC2=C1C(=O)NC(N)=N2
1389,[H][C@@]12C[C@H](C)[C@](O)(C(=O)CO)[C@@]1(C)C[C@H](O)[C@@]1(F)[C@@]2([H])C[C@H](F)C2=CC(=O)C=C[C@]12C
1390,NCCCC[C@H](NC(=O)[C@@H]1CCCN1C(=O)[C@@H]1CSSC[C@H](N)C(=O)N[C@@H](CC2=CC=CC=C2)C(=O)N[C@@H](CC2=CC=CC=C2)C(=O)N[C@@H](CCC(N)=O)C(=O)N[C@@H](CC(N)=O)C(=O)N1)C(=O)NCC(N)=O
1391,CC(C)(C)C1=CC=C(C=C1)C(O)CCCN1CCC(CC1)C(O)(C1=CC=CC=C1)C1=CC=CC=C1
1392,[H][C@@](O)(CCCC(O)=O)\C=C\C=C/C\C=C/C\C=C/C\C=C/CC
1393,C[C@]1(OC(=O)N(NC2=CC=CC=C2)C1=O)C1=CC=C(F)C=C1F
1394,CCCCCN(CCCOC)C(=O)[C@@H](CCC(O)=O)NC(=O)C1=CC(Cl)=C(Cl)C=C1
1395,[K+]
1396,[O-][N+](=O)OCC(CO[N+]([O-])=O)O[N+]([O-])=O
1397,[H][C@]1(COP(O)(=O)OP(O)(=O)OP(O)(O)=O)O[C@@]([H])(N2C=[N+](C)C3=C2NC(=N)N=C3O)[C@]([H])(O)[C@]1([H])O
1398,CCN1C(=O)CCC1=O
1399,CS(=O)(=O)C1=CC(Cl)=C(C=C1Cl)C1=C(Cl)C=C(C(Cl)=C1)S(C)(=O)=O
1400,CN1CCN(CC1)C1=NC2=CC=CC=C2OC2=C1C=C(Cl)C=C2
1401,[H]\C(CC[C@]([H])(C)[C@@]([H])(O)C[C@]1([H])O[C@@]2(N=C(O)[C@@]([H])(CC)C[C@]2([H])C)[C@@]([H])(C)[C@@]([H])(O)[C@@]1([H])C)=C(\[H])/C(/[H])=C(\C)[C@]1([H])C\C([H])=C(/[H])\C(\[H])=C([H])\[C@]([H])(O)[C@]([H])(C)[C@@]([H])(O)[C@@]([H])(CCC(C)=O)C(O)=N[C@@]([H])(C(C)C)C(O)=N[C@@]([H])(CC2=CC(O)=CC=C2)C(=O)N2CCC[C@]([H])(N2)C(=O)O1
1402,[H][C@@]12CCCN1C(=O)[C@H](NC(=O)[C@@H](NC(=O)C1=C3N=C4C(OC3=C(C)C=C1)=C(C)C(=O)C(N)=C4C(=O)N[C@H]1[C@@H](C)OC(=O)[C@H](C(C)C)N(C)C(=O)CN(C)C(=O)[C@]3([H])CCCN3C(=O)[C@H](NC1=O)C(C)C)[C@@H](C)OC(=O)[C@H](C(C)C)N(C)C(=O)CN(C)C2=O)C(C)C
1403,CN(C)CCOC(C1=CC=CC=C1)C1=CC=CC=C1C
1404,COCCOCCOCCOCCOCCOC
1405,NC1=NC(=O)N(C[C@@H](CO)OCP(O)(O)=O)C=C1
1406,NNC1=NN=CC2=CC=CC=C12
1407,NCC1=CC=C(C=C1)S(N)(=O)=O
1408,OC1=CC=C(OCC2=CC=CC=C2)C=C1
1409,[H][C@@](CCCC)(NC(=O)[C@]([H])(CC(C)C)NC(=O)OCC1=CC=C(Br)C=C1)C=O
1410,NC1=CC=CC=C1C(O)=O
1411,BrC1=CC2=C(NC(=O)CN=C2C2=CC=CC=N2)C=C1
1412,CN(C)C(=O)N[C@H]1CC[C@H](CCN2CCN(CC2)C2=C(Cl)C(Cl)=CC=C2)CC1
1413,CC(C)(C)COC1=C(C=C(C=C1)N1C=C(C=N1)C(O)=O)C#N
1414,CN1C2=C(C=C(C=C2)[N+]([O-])=O)C(=NCC1=O)C1=CC=CC=C1F
1415,COC(=O)C1=C(C)NC(C)=C(C1C1=CC(=CC=C1)[N+]([O-])=O)C(=O)OC(C)(C)CN(C)CCC(C1=CC=CC=C1)C1=CC=CC=C1
1416,[H][C@@]12CC[C@H](C(C)=O)[C@@]1(C)CC[C@@]1([H])[C@@]2([H])CCC2=CC(=O)CC[C@]12C
1417,C[N+]1(C)CCCC(C1)OC(=O)C(O)(C1=CC=CC=C1)C1=CC=CC=C1
1418,C1CN(CCO1)C1=C2N=CNC2=NC=N1
1419,O[Al](O)OS(=O)(=O)OC[C@H]1O[C@@H](O[C@]2(COS(=O)(=O)O[Al](O)O)O[C@H](OS(=O)(=O)O[Al](O)O)[C@@H](OS(=O)(=O)O[Al](O)O)[C@@H]2OS(=O)(=O)O[Al](O)O)[C@H](OS(=O)(=O)O[Al](O)O)[C@@H](OS(=O)(=O)O[Al](O)O)[C@@H]1OS(=O)(=O)O[Al](O)O
1420,CCN1C=C(C(O)=O)C(=O)C2=CC(F)=C(N=C12)N1CCNCC1
1421,CC1=C(CCC(O)=O)C2=CC3=C(CCC(O)=O)C(C)=C4C=C5N6C(=CC7=C(C=C)C(C)=C8C=C1N2[Co]6(N34)N78)C(C)=C5C=C
1422,COC1=CC(=CC=C1)C1=CC(=CC=C1)[C@]1(C)CC(=O)N(C)C(N)=N1
1423,CCCC1=NN(C)C2=C1NC(=NC2=O)C1=C(OCC)C=CC(=C1)S(=O)(=O)N1CCN(C)CC1
1424,OCCOCCN1CCN(CC1)C(C1=CC=CC=C1)C1=CC=C(Cl)C=C1
1425,CC1=C(CC(O)=O)C2=CC(F)=CC=C2\C1=C/C1=CC=C(C=C1)S(C)=O
1426,COC1=CC(=CC=C1OC(F)F)C1=NNC(=O)C=C1
1427,[H][C@]1(COP([O-])(=O)OP(O)(=O)OC[C@@]2([H])O[C@@]([H])([N+]3=CC=CC(=C3)C(O)=N)[C@]([H])(O)[C@]2([H])O)O[C@@]([H])(N2C=NC3=C2N=CN2C=CN=C32)[C@]([H])(O)[C@]1([H])O
1428,CC(C(O)=O)C1=CC=C(S1)C(=O)C1=CC=CC=C1
1429,COCC(=O)O[C@]1(CCN(C)CCCC2=NC3=CC=CC=C3N2)CCC2=C(C=CC(F)=C2)[C@@H]1C(C)C
1430,COC1=C(Cl)C=C(CNC2=C(C=NC(=N2)N2CCC[C@H]2CO)C(=O)NCC2=NC=CC=N2)C=C1
1431,OC(=O)C1=C(O)C=CC(=C1)C1=C(F)C=C(F)C=C1
1432,NNC(=O)C1=C(C2=C(N1)C=CC(=C2)S(N)(=O)=O)C1=CC=CC=C1
1433,[H][C@](C)(CC)C(=O)O[C@@]1([H])C[C@@]([H])(C)C=C2C=C[C@]([H])(C)[C@]([H])(CC[C@@]3([H])C[C@@]([H])(O)CC(=O)N3CC3=CC4=C(C=C3)C(CO)=C(OC)C=C4)[C@@]12[H]
1434,OC[C@@H](O)CS
1435,[H][C@](O)(C([O-])=NCCC([O-])=NCCSC(=O)C[C@@](C)(O)CC([O-])=O)C(C)(C)COP(O)(=O)OP(O)(=O)OC[C@@]1([H])O[C@@]([H])(N2C=NC3=C(N)N=CN=C23)[C@]([H])(O)[C@]1([H])OP([O-])([O-])=O
1436,OC(=O)C1CCN2C1=CC=C2C(=O)C1=CC=CC=C1
1437,OC1=CC=C(C=C1)C1=C(O)C(=O)C2=C(O1)C=C(O)C=C2O
1438,CC1=CC=CC=C1C(=O)NC1=CC(C)=C(C=C1)C(=O)N1CCC[C@@H](O)C2=C1C=CC(Cl)=C2
1439,OC(=O)C1=CC=C([Hg])C=C1
1440,CN1C=CNC1=S
1441,OC1=CC=C(C=C1)C1=CC2=C(O1)C=CC(O)=C2
1442,ClC1=CC=C2CCCNCC2=C1Cl
1443,[Ga+3].[O-][N+]([O-])=O.[O-][N+]([O-])=O.[O-][N+]([O-])=O
1444,CC1=CC(C)=[N+](CCC2=CC=C(C=C2)S(N)(=O)=O)C(C)=C1
1445,N[C@@H](CCCC[NH3+])C(N)=O
1446,C1CCN(CC1)C1CCNCC1
1447,O=C1NCCC2=C1C=C(N2)C1=CC(=NC=C1)C1=CC2=C(C=CC=C2)N=C1
1448,[H][C@@](C)(N1CC[C@]([H])(NS(=O)(=O)C2=CC3=C(S2)C=CC(Cl)=C3)C1=O)C(=O)N1CCOCC1
1449,NC1=C(Br)C(C(O)=O)=C(Br)C(C(O)=O)=C1Br
1450,[H][C@@](C)(NC(=O)CCC[P@](O)(=O)OC1=CC=C(C=C1)[N+]([O-])=O)C(O)=O
1451,CC(C)NCC(O)COC1=CC=CC2=C1C=CC=C2
1452,[H][C@]1(O)O[C@]([H])(COP(O)(=O)OP(O)(=O)OC[C@@]2([H])O[C@@]([H])(N3C=NC4=C(N)N=CN=C34)[C@]([H])(O)[C@]2([H])O)[C@@]([H])(O)[C@@]1([H])OC(C)=O
1453,[H][C@@]12CC[C@H](O)[C@@]1(C)CC[C@]1([H])C3=C(CC[C@@]21[H])C=C(O)C(OC)=C3
1454,CC(C)NC(=N)NC(=N)NC1=CC=C(Cl)C=C1
1455,CC1=CC(=NC(N)=N1)C#CC1=C(CNN2C=COC2=O)C=CC=C1
1456,CC(C)=CCC\C(C)=C\CC\C(C)=C\CONC(=O)CP(O)(O)=O
1457,[H][C@]1(CO)O[C@@]2(N=C(O)N(O)C2=O)[C@]([H])(O)[C@@]([H])(O)[C@]1([H])O
1458,[H][C@]12OC[C@H](O[N+]([O-])=O)[C@@]1([H])OC[C@H]2O[N+]([O-])=O
1459,C[C@@H]1O[C@H](O)[C@@H](O)[C@H](O)[C@@H]1O
1460,[H][C@@]12C[C@H](C)[C@](O)(C(=O)CCl)[C@@]1(C)C[C@H](O)[C@@]1(F)[C@@]2([H])C[C@H](F)C2=CC(=O)C=C[C@]12C
1461,CCC(C)N1N=CN(C1=O)C1=CC=C(C=C1)N1CCN(CC1)C1=CC=C(OC[C@H]2CO[C@@](CN3C=NC=N3)(O2)C2=CC=C(Cl)C=C2Cl)C=C1
1462,[H][C@](O)(CNC1CCCCC1)CN1C2=C(CCCC2)C2=C1C=CC(C)=C2
1463,OCCN1CCN(CCCN2C3=CC=CC=C3SC3=C2C=C(Cl)C=C3)CC1
1464,OC1CCN(CCCN2C3=CC=CC=C3SC3=C2C=C(C=C3)C#N)CC1
1465,[H][C@](N)(CCC(=O)N[C@@]([H])(CSC1=C(C=C(C=C1)N(=O)=O)N(=O)=O)C(=O)NCC(O)=O)C(O)=O
1466,CCC(=O)C1=CC2=C(SC3=CC=CC=C3N2CC(C)N(C)C)C=C1
1467,CC1=NC=C(COP(O)(O)=O)C(C=O)=C1O
1468,CN[C@@H]1CN(C2=CC(OC)=CC=C2)S(=O)(=O)C2=C1C=C(S2)S(N)(=O)=O
1469,COC1=C(OC)C=C2C3CC(=O)C(CC(C)C)CN3CCC2=C1
1470,OC(=O)[C@@H]1CCC(=O)N1
1471,O[C@H]1[C@@H](O)[C@@H](O[C@@H]1COP(O)(O)=O)N1C=CC(=O)NC1=O
1472,O[C@H]1[C@@H](OP(O)(O)=O)[C@H](O)[C@@H](OP(O)(O)=O)[C@H](OP(O)(O)=O)[C@H]1OP(O)(O)=O
1473,O[C@H]1[C@H](O)[C@@H](OP(O)(O)=O)[C@H](OP(O)(O)=O)[C@@H](O)[C@H]1OP(O)(O)=O
1474,FC1=CC=C(C=C1)C1=C(N(CC2CC2)C=N1)C1=CC=NC=C1
1475,[H][C@@](CCCCC)(CC(=O)NO)C(=O)N[C@@]([H])(C(C)C)C(=O)N1CCC[C@@]1([H])CO
1476,[H][C@@]12CCCC[C@]1([H])CN(C[C@@H](O)[C@H](CSC1=CC=CC=C1)NC(=O)C1=C(C)C(O)=CC=C1)[C@@H](C2)C(=O)NC(C)(C)C
1477,COC1=CC=C(C=C1)C(Cl)=C(C1=CC=C(OC)C=C1)C1=CC=C(OC)C=C1
1478,[H][C@]1(NC(=O)[C@H](CCCCN)NC(=O)[C@@H](CC2=CNC3=C2C=CC=C3)NC(=O)[C@H](CC2=CC=CC=C2)NC(=O)[C@H](CSSC[C@H](NC1=O)C(=O)N[C@H](CO)[C@@H](C)O)NC(=O)[C@H](N)CC1=CC=CC=C1)[C@@H](C)O
1479,[H][C@@]1(C)CC(O)=NN=C1C1=CC=C(NC2=C(CC3=CC(I)=CC=C3)C(=O)CCC2)C=C1
1480,[H][C@]12C[C@@H](O)[C@H](\C=C\[C@@H](O)CCCCC)[C@@]1([H])C\C(O2)=C\CCCC(O)=O
1481,[H][C@@]12CC[C@](OC(=O)C(Cl)Cl)(C(=O)OCC)[C@@]1(C)C[C@H](O)[C@@]1([H])[C@@]2([H])CCC2=CC(=O)C=C[C@]12C
1482,ONC(=O)CCCCCCC(=O)NC1=CC=CC=C1
1483,CC1=NC=C(C=C1)C1=C(C=C(Cl)C=N1)C1=CC=C(C=C1)S(C)(=O)=O
1484,[H][C@]1(N=C(N(C(=O)N2CCN(CCO)CC2)[C@]1([H])C1=CC=C(Br)C=C1)C1=C(OCC)C=C(OC)C=C1)C1=CC=C(Br)C=C1
1485,CC1=C(CCN2CCC(CC2)C2=NOC3=C2C=CC(F)=C3)C(=O)N2CCCC(O)C2=N1
1486,CN1CCN(CC1)C1=C(F)C=C2C(=O)C(=CN(CCF)C2=C1F)C(O)=O
1487,CCCCNC(=O)C1=CC=CC(NC(=O)CCCCCNC2=C3N=CNC3=NC=N2)=C1
1488,[H][C@@](CCCCCN)(NC(=O)[C@]1([H])CCCN1C(=O)[C@@]([H])(CC1=CC=CC=C1)NC(C)=O)B(O)O
1489,N1C=NC=N1
1490,[H][C@@](CCN)(C(=O)NC1=CC=C2NN=C(NC(=O)C3=CC=CC=C3)C2=C1)C1=CC(Cl)=CC=C1
1491,CCCC1=C(OCCCOC2=CC=C(OCC(O)=O)C=C2)C=CC(C(C)=O)=C1O
1492,[H][C@]1(F)CN(CC(=O)NC2=CC=C(C=C2F)N2C=CC=CC2=O)C[C@]1([H])NC(=O)C1=CC=C(Cl)S1
1493,[H][C@@](CCC(O)=O)(NC(=O)C1=CC=C(CC[C@]2([H])CNC3=C(C2)C(O)=NC(=N)N3)C=C1)C(O)=O
1494,CNNCC1=CC=C(C=C1)C(=O)NC(C)C
1495,ClC1=CC=C(\C=C\S(=O)(=O)N2CCN(CC3CCN(CC3)C3=CC=NC=C3)C(=O)C2)C=C1
1496,[H]\C(CCCCCCCCCCCCC)=C(\[H])[C@@]([H])(O)[C@@]([H])(N)CO
1497,OC(=O)C(O)=O
1498,[H][C@@]12CC[C@H](O)[C@@]1(C)CC[C@@]1([H])[C@@]2([H])CC[C@@]23O[C@@H]2C(O)=C(C[C@]13C)C#N
1499,[H][C@@]12C[C@@H](C)[C@](OC(=O)CC)(C(=O)SCF)[C@@]1(C)C[C@H](O)[C@@]1(F)[C@@]2([H])C[C@H](F)C2=CC(=O)C=C[C@]12C
1500,[H][C@@]12[C@@H](C)C3=C(C(O)=CC=C3)C(=O)C1=C(O)[C@]1(O)C(=O)C(C(N)=O)=C(O)[C@@H](N(C)C)[C@]1([H])[C@H]2O
1501,CCCCCC[C@@H](CCC)C(O)=O
1502,OC[C@H]1O[C@@H](O)[C@H](O)[C@@H](O)[C@@H]1O
1503,N[C@@H]([C@H](O)C1=CC(O)=C(O)C=C1)C(O)=O
1504,COC1=CC(=CC=C1)C(\O)=C1/C=NC2=NC=CC(=C12)C1=CC(F)=CC(F)=C1
1505,COC1=C(OC)C=C2C(OC3=CC4=CC=CC(C(=O)NC5CC5)=C4C=C3)=CC=NC2=C1
1506,FC(F)(F)CN1C2=C(C=C(Cl)C=C2)C(=NCC1=O)C1=CC=CC=C1
1507,CCC1(C(=O)NC(=O)NC1=O)C1=CC=CC=C1.COC1=CC2=C(C=CN=C2C=C1)C(O)C1CC2CCN1CC2C=C
1508,CC[C@H](C)[C@H](N)C(O)=O
1509,[H][C@@]12CC[C@@](O)(CC=C)[C@@]1(C)CC[C@]1([H])[C@@]3([H])CCCC=C3CC[C@@]21[H]
1510,CS(=O)(=O)C1=CC=C(C=C1)C1=C(C(=O)OC1)C1=CC=CC=C1
1511,[H][C@]1(CCCN1C(=O)CCN1C(=O)C(=NC2=CC=CC=C12)C1=CC=CC=C1)C(=O)N1CCCC1
1512,ClC1=C(Cl)C2=CC=CC=C2C(=O)O1
1513,CC(=O)N[C@H]1[C@H](O)O[C@H](CO)[C@@H](O)C1O[C@@H]1O[C@@H]([C@@H](O[C@@H]2O[C@H](CO)[C@@H](O)C(O[C@@H]3O[C@@H]([C@@H](O)[C@H](O)[C@H]3O)C(O)=O)[C@H]2NC(C)=O)[C@H](O)[C@H]1O)C(O)=O
1514,CN1C(=O)OC(C)(C)C1=O
1515,[H]N(CCO)S(=O)(=O)C1=C(Cl)C=CC(=C1)C1=C(C)N=C(S1)N([H])C(C)=O
1516,[H]N(O)C(=O)N([H])[C@@H](CC1=CC=CC=C1)C(O)=O
1517,[H][C@@](CO)(NC(=O)C1=C(O)C(O)=CC=C1)C(O)=O
1518,CCN(CC1=CC=NC=C1)C(=O)C(CO)C1=CC=CC=C1
1519,OCC([NH3+])(CO)CO.CCCCC[C@@](O)(C)\C=C\[C@H]1[C@@H](O)C[C@H](O)[C@@H]1C\C=C/CCCC(=O)[O-]
1520,CCCN1CCCC[C@H]1C(=O)NC1=C(C)C=CC=C1C
1521,[H][C@@](CC1=CC=C(F)C=C1)(NC(=O)C1=CC2=C(N1)C=CC(Cl)=C2)C(=O)N1CCC(O)CC1
1522,CC12CC3CC(C)(C1)CC(N)(C3)C2
1523,CC(C)C[C@@H](N=C(N)N)C(=O)NCC(=O)N1CCC(CC1)C1=CC(=NN1C)C1=C(Cl)C(Cl)=C(OCC2=CC=C(NC(C)=O)C=C2)C=C1
1524,OC[C@H]1O[C@H](C[C@@H]1O)N1C=C(C(=O)NC1=O)C(F)(F)F
1525,[H]N([H])S(=O)(=O)C1=CC=C(C=C1)C(=O)N([H])C[C@@H](C)CN1C=CC2=CC=CC=C12
1526,FC(F)OC(F)(F)C(F)Cl
1527,OC1=CC(O)=C2C(CC(=O)CCCCC\C=C\CCOC2=O)=C1Cl
1528,CC1=CC=C(SC2=CC=CC3=C2C(N)=NC(N)=N3)C=C1
1529,OC(=O)C1=CC=C(C=C1)N1N=C(N=C1C1=CC=CC=C1O)C1=CC=CC=C1O
1530,[H][C@@]12CC(F)(F)C[C@]1([H])[C@@]([H])(OC1=C2C=C(O)C=C1)C1=CC=C(O)C=C1
1531,[H][C@@]12CC[C@@](OC(C)=O)(C#C)[C@@]1(CC)CC[C@]1([H])[C@@]3([H])CC\C(C=C3CC[C@@]21[H])=N/O
1532,N[C@@H](CCC\N=C(/N)N(C)C)C(O)=O
1533,COC1=C2OC(=O)C=CC2=CC2=C1OC=C2
1534,OC1=C2N=CC=CC2=C(C=C1)[N+]([O-])=O
1535,CCCOC1=CC(=CC=C1OC)[C@]1(C)CNC(=O)O1
1536,FC1=CC=C(C=C1)C(CCCN1CCC(CC1)N1C(=O)NC2=CC=CC=C12)C1=CC=C(F)C=C1
1537,ClC1=CC2=C(C=C1)N1C=NN=C1CN=C2C1=CC=CC=C1
1538,CN(CCCOC1=CC=C(Cl)C=C1Cl)CC#C
1539,[H][C@@]12CC[C@](O)(C(=O)COC(=O)CN(CC)CC)[C@@]1(C)C[C@H](O)[C@@]1([H])[C@@]2([H])CCC2=CC(=O)CC[C@]12C
1540,CCN1N=NN(CCN2CCC(COC)(CC2)N(C(=O)CC)C2=CC=CC=C2)C1=O
1541,[H]/C1=C([H])/[C@]([H])(OC)[C@@]([H])(OC(O)=N)C(C)=C([H])[C@]([H])(C)[C@@]([H])(O)[C@]([H])(C[C@]([H])(C)CC2=C(NCC=C)C(=O)C=C(N=C(O)\C(C)=C\1/[H])C2=O)OC
1542,CCCCCCCCCCCCOS(O)(=O)=O
1543,CC[C@H]1[C@@H]2C[C@H]3[C@@H]4N(C)C5=CC=CC=C5[C@]44C[C@@H](C2[C@H]4O)N3[C@@H]1O
1544,FC(F)(F)C1=CC(NC2=NOC3=C(C(=O)NC4=CN=CN=C4)C(Cl)=CC=C23)=CC=C1
1545,NCCC1=CC=C(O)C(=C1)C1CCCCC1
1546,[H][C@@]1(CC[C@]2(O)[C@]3([H])CC[C@]4([H])C[C@H](CC[C@]4(C)[C@@]3([H])CC[C@]12C)O[C@H]1C[C@H](O)[C@H](O[C@H]2C[C@H](O)[C@H](O[C@H]3C[C@H](OC(C)=O)[C@H](O)[C@@H](C)O3)[C@@H](C)O2)[C@@H](C)O1)C1=CC(=O)OC1
1547,[H][C@]1(CCCN1C(=O)CCC(C)C)C(=O)NCC1=CC=C(C=C1)C(N)=N
1548,COC(=O)CCC1=C(C)C2=CC3=C(C=C)C(C)=C4C=C5N6C(=CC7=C(C)C(CCC(=O)OC)=C8C=C1N2[Fe@@]6(N78)N34)C(C)=C5C=C
1549,OC1=NN=C(CC2=CC(C(=O)N3CCN(CC3)C(=O)C3CC3)=C(F)C=C2)C2=CC=CC=C12
1550,[H][C@@](CCCNC(N)N)(NC(=O)[C@@]([H])(NC(=O)CCC(C)C)C(C)C)C(=O)C1=NC=CS1
1551,ClC1=CC=C2CCNCC2=C1Cl
1552,[H][C@]1(C\C=C\CCCC(O)=O)C=CC(=O)\C1=C/C=C/CCCCC
1553,CCOC(=O)C1(CCN(C)CC1)C1=CC=CC=C1
1554,CCN(C)C(=O)OC1=CC=CC(=C1)[C@H](C)N(C)C
1555,[H][C@](N)(CC1=CC=CC=C1)C(=O)CCl
1556,[H][C@](C)(\C=C(/C)\C=C\[C@]([H])(N)[C@]([H])(C)C(O)=O)[C@]([H])(CC1=CC=CC=C1)OC
1557,[H][C@@]1(NC(=S)N(C)C(C)=C1C(=O)C1=CC=CC=C1)C1=CC(O)=CC=C1
1558,[H][C@]12CC[C@]([H])([C@H]([C@H](C1)C1=CC=C(F)C=C1)C(=O)OC)N2C\C=C\I
1559,CNC(=O)[C@H]1O[C@H]([C@H](O)[C@@H]1O)N1C=NC2=C(NCC3=CC(I)=CC=C3)N=CN=C12
1560,[H][C@]1(COC2=CC=C(C=C2)C(=O)C2=CC=C(C=C2)C2=CSC=C2)CCCN1
1561,CC(O)(CS(=O)(=O)C1=CC=C(F)C=C1)C(=O)NC1=CC(=C(C=C1)C#N)C(F)(F)F
1562,[H][C@@](C)(C(O)=O)C1=CC=C(C=C1)C1=CC=CC=C1
1563,CCC1(C(=O)NC(=O)NC1=O)C1=CCCCCC1
1564,NC1=NC2=CC=CC(OCC3CCN(CC4=CC=CC=C4F)CC3)=C2C(N)=N1
1565,[H]\C(CP(O)(O)=O)=C(\[H])/C(=N\CC1=C(COP(O)(O)=O)C=NC(C)=C1O)/C(O)=O
1566,[H][C@]1(O)C[C@@]([H])(O[C@]1([H])COP(O)(=O)OP(O)(=O)OP(O)(=O)OP(O)(=O)OP(O)(=O)OC[C@@]1([H])O[C@@]([H])(N2C=NC3=C(N)N=CN=C23)[C@]([H])(O)[C@]1([H])O)N1C=C(C)C(O)=NC1=O
1567,[H][C@@](C)(NC(=O)[C@@]([H])(CC(=O)NO)CC1=CC=CC=C1)C(O)=O
1568,N[C@@H](CCCC[B-](O)(O)O)C(O)=O
1569,CC1=CC=CC(=C1)C1=CC2=C(N1)C=CC(=C2)C(N)=N
1570,CCCCNC1=C(OC2=CC=CC=C2)C(=CC(=C1)C(O)=O)S(N)(=O)=O
1571,[H][C@@]12CCC[C@]1([H])[C@@]([H])(OC1=C2C=C(O)C=C1)C1=CC=C(O)C=C1
1572,[H][C@](N)(CC(=O)N1CCC[C@@]1([H])CNC(=O)C1=CC=CC(=C1)S(C)(=O)=O)CC1=CC(Cl)=CC=C1
1573,[H][C@@]1(CC[C@@]2([H])[C@]3([H])[C@@H](O)C[C@]4([H])C[C@H](O)CC[C@]4(C)[C@@]3([H])CC[C@]12C)[C@H](C)CCC(O)=O
1574,OC(=O)C(=O)NC1=CC2=C(C=CC=C2)C=C1C(O)=O
1575,COC(=O)C1=C(C)NC(C)=C(C1C1=CC(=CC=C1)[N+]([O-])=O)C(=O)OCCN(C)CC1=CC=CC=C1
1576,[H][C@@](O)(CO)[C@@]([H])(O)[C@]1([H])OC(=C[C@]([H])(O)[C@@]1([H])N=C(C)O)C(O)=O
1577,[H][C@@](CCSC)(NC=O)C(O)=O
1578,[I-].[I-].[I-].CC[N+](CC)(CC)CCOC1=CC=CC(OCC[N+](CC)(CC)CC)=C1OCC[N+](CC)(CC)CC
1579,CC(C)(C)C(=O)NC1=C(N=CC=C1)C(=O)NC1=NC=CS1
1580,N[C@@H](CC1=CC(I)=C(OC2=CC(I)=C(O)C(I)=C2)C(I)=C1)C(O)=O
1581,CC(C)[C@H](NC(=O)N(C)CC1=CSC(=N1)C(C)C)C(=O)N[C@H](C[C@H](O)[C@H](CC1=CC=CC=C1)NC(=O)OCC1=CN=CS1)CC1=CC=CC=C1
1582,[H][C@@](C)(O)[C@@]([H])(CCC1=CC=CC(Cl)=C1Cl)N1C=NC(=C1)C(N)=O
1583,NC1=CC=C(C=C1)S(=O)(=O)NC1=CC=NN1C1=CC=CC=C1
1584,CS(=O)(=O)NC1=CC(NC2=NC(NC3=C(Cl)C=CC4=C3OCO4)=CC=N2)=CC=C1
1585,OC=O
1586,OC(=O)C1=C(NC(=O)C2=C(Cl)C=C(Cl)C=C2)C=CC(OC2=NC=CC=N2)=C1
1587,NC1=NC(NCCC2=CC=C(O)C=C2)=NC2=NC(=NN12)C1=CC=CO1
1588,NC(=N)NOCCCOC1=CC(Cl)=CC(=C1)C(=O)N(CC=C)C1CCCC1
1589,[H]\C1=C(\[H])/C(/[H])=C([H])\[C@@]([H])(C)CC[C@]2([H])C[C@]([H])(C[C@@](O)(O2)[C@]2([H])CSC(O)=N2)OC(=O)\C([H])=C(C)/CC1
1590,OC(=O)CC(O)(CC(O)=O)C(O)=O
1591,COC1=CC(O)=C(C=C1CC=C(C)C)C(=O)\C=C\C1=CC=C(O)C=C1
1592,OC(=O)COCCN1CCN(CC1)[C@H](C1=CC=CC=C1)C1=CC=C(Cl)C=C1
1593,C[C@@H](CN1CC(=O)NC(=O)C1)N1CC(=O)NC(=O)C1
1594,CC(C)NNC(=O)C1=CC=NC=C1
1595,[H][C@](O)(C1=CC=NC=C1)C1=CC=C(OCCN2CCCC2)C=C1
1596,[H][C@@]12CCC(=O)[C@@]1(C)CC[C@@]1([H])[C@@]2([H])CC[C@]2([H])CC(=O)CC[C@]12C
1597,[H]C12CC3([H])CC([H])(C1)CC(C2)(C3)NC(=O)NCC1=CC=C(NC(N)=N)C=C1
1598,[H][C@@]1(O)CN[C@]([H])(CO)[C@@]([H])(O)[C@]1([H])O
1599,[H][C@@](CCC(O)=O)(NC(=O)C1=CC=C(C=C1)[C@@]([H])(CCCC1([H])C(O)=N[C@]([H])(N)N[C@]1([H])N)C(O)(O)C(F)(F)F)C(O)=O
1600,[H][C@]1(CCCN1C(=O)CCC)C(=O)NCC1=CC=C(C=C1)C(N)=N
1601,[H][C@]1(C)N=C(O)C[C@]([H])(N=C(O)C[C@]([H])(N=C(O)[C@]([H])(CC2=CC=CC=C2)N(C)C(=O)[C@]([H])(CCCNC(=N)NC(O)=NC)N=C1O)C(O)=O)C(O)=O
1602,CCCCP(O)(=O)CCCN
1603,[H][C@](N)(CSC(C)=O)C(O)=O
1604,CC(C)(C)C1=CC=C(CN2CCN(CC2)C(C2=CC=CC=C2)C2=CC=C(Cl)C=C2)C=C1
1605,COC1=C(OCC2CCN(C)CC2)C=C2N=CN=C(NC3=C(F)C=C(Br)C=C3)C2=C1
1606,[H][C@]1(C)O[C@]([H])(O[C@]2([H])[C@@]([H])(CO)O[C@]([H])(O)[C@]([H])(O)[C@@]2([H])O)[C@]([H])(O)[C@@]([H])(O)[C@]1([H])N[C@@]1([H])C=C(CO)[C@@]([H])(O)[C@]([H])(O)[C@@]1([H])O
1607,[H][C@@]12CC[C@](O)(C(=O)CO)[C@@]1(C)C[C@H](O)[C@@]1(F)[C@@]2([H])CCC2=CC(=O)CC[C@]12C
1608,NC1=C2N=CN([C@@H]3O[C@H](COP(O)(O)=O)[C@@H](O)[C@H]3O)C2=NC=N1
1609,CCC1=CC2=C(S1)N(C)C(=O)CN=C2C1=CC=CC=C1Cl
1610,OC(=O)C1=CC2=CC=C(C=C2C=C1)C(O)=O
1611,[H][C@@](CCCC)(CN(O)C=O)C(=O)N[C@]([H])(C(=O)N(C)C)C(C)(C)C
1612,ONC(=N)NC1=CC=C(Cl)C=C1
1613,[H][C@@]12N(C)C3=CC(OC)=C(C=C3[C@@]11CCN3CC=C[C@](CC)([C@@]13[H])[C@@]([H])(OC(C)=O)[C@]2(O)C(=O)OC)[C@]1(C[C@@]2([H])CN(C[C@](O)(CC)C2)CCC2=C1NC1=CC=CC=C21)C(=O)OC
1614,C(N1CCCNCCNCCCNCC1)C1=CC=C(CN2CCCNCCNCCCNCC2)C=C1
1615,CCCCCCCCCCC1=C(O)C(=O)NC1=O
1616,[H][C@]1(CSC(=O)N1)[C@@]1(O)C[C@@]2([H])C[C@@]([H])(CC[C@]([H])(C)\C=C/CC\C(C)=C/C(=O)O2)O1
1617,[H][C@@]1(CC2=CC(OCCCC)=C(OC)C=C2)CNC(=O)N1
1618,[H][C@@](CC1=CC2=C(C=C1)N(CC1=C(C)OC(=N1)C1=C(Cl)C=CC=C1)C=C2)(OCC)C(O)=O
1619,[H][C@](O)(CN(C)C)CN1C2=CC=C(Br)C=C2C2=C1C=CC(Br)=C2
1620,CC1=C(OCC(F)(F)F)C=CN=C1CS(=O)C1=NC2=CC=CC=C2N1
1621,ONC(=O)CC1(CCOCC1)S(=O)(=O)C1=CC=C(OC2=CC=C(Cl)C=C2)C=C1
1622,[H][C@](O)(C(=O)O[C@@]1([H])C[C@]2([H])CC[C@]([H])(C1)N2C)C1=CC=CC=C1
1623,CN(CC1=CC=C(C=C1)C(C)(C)C)CC1=CC=CC2=CC=CC=C12
1624,[H][C@@]12CC[C@@](O)(C#C)[C@@]1(C)CC[C@]1([H])[C@@]3([H])CCC(=O)C=C3CC[C@@]21[H]
1625,CN[C@H](CC(C)C)C(=O)N[C@@H]1[C@H](O)C2=CC=C(OC3=C(O[C@@H]4O[C@H](CO)[C@@H](O)[C@H](O)[C@H]4O[C@H]4C[C@](C)(N)[C@H](O)[C@H](C)O4)C4=CC(=C3)[C@@H](NC(=O)[C@H](CC(N)=O)NC1=O)C(=O)N[C@@H]1C3=CC(=C(O)C=C3)C3=C(O)C=C(O)C=C3[C@H](NC(=O)[C@@H](NC1=O)[C@H](O)C1=CC(Cl)=C(O4)C=C1)C(O)=O)C(Cl)=C2
1626,NCCOCCOCCNC(=O)C1=CC=C(C=C1)S(N)(=O)=O
1627,FC(F)(F)C(=O)CC(=O)C1=CC=CS1
1628,[H][C@@](O)(CO)[C@]([H])(O)CCCC
1629,OC(=O)C1=CC=CC=C1NC1CCCCC1
1630,CN(CCCCCCCCCCN(C)C(=O)OC1=CC=CC(=C1)[N+](C)(C)C)C(=O)OC1=CC=CC(=C1)[N+](C)(C)C
1631,[H][C@]1(CSSC[C@]2([H])NC(=O)[C@H](CC3=CC=C(O)C=C3)NC(=O)[C@H](CCC(O)=O)NC(=O)[C@@H]3CSSC[C@H](NC(=O)[C@H](C)NC(=O)[C@@H]4CCCN4C(=O)[C@H](CC(N)=O)NC(=O)[C@H](CSSC[C@H](N)C(=O)N3)NC2=O)C(=O)N[C@@]([H])([C@@H](C)O)C(=O)NCC(=O)N1)C(=O)N[C@@H](CC1=CC=C(O)C=C1)C(O)=O
1632,CC(C)C[C@H](NC(=O)[C@@H](CCCNC(N)=O)NC(=O)[C@H](CC1=CC=C(O)C=C1)NC(=O)[C@H](CO)NC(=O)[C@@H](CC1=CN=CC=C1)NC(=O)[C@@H](CC1=CC=C(Cl)C=C1)NC(=O)[C@@H](CC1=CC2=CC=CC=C2C=C1)NC(C)=O)C(=O)N[C@@H](CCCNC(N)=N)C(=O)N1CCC[C@H]1C(=O)N[C@H](C)C(N)=O
1633,OC(CCCN1CCCCC1)(C1=CC=CC=C1)C1=CC=CC=C1
1634,[H][C@@](CCC(O)=O)(NC(=O)C1=CC2=C(C=C1)C=C(C=C2)C(F)(F)P(O)(O)=O)C(N)=O
1635,CN(CC1=CN=C2N=C(N)N=C(N)C2=N1)C1=CC=C(C=C1)C(=O)N[C@@H](CCC(O)=O)C(O)=O
1636,[H][C@@](CC(C)C)(N=C(O)CN=C(O)C1=C(Cl)C=CC(Cl)=C1)B(O)O
1637,[H][C@@](CCCNC(N)=N)(N=C(O)[C@]1([H])C[C@@]([H])(O)CN1C(C)=O)C(=O)C1=NC2=CC=CC=C2S1
1638,N[C@@H](CSCC(O)=O)C(O)=O
1639,CCCC(C)(COC(N)=O)COC(=O)NC(C)C
1640,CC(C)=CCC\C(C)=C\CO[P@@](=O)(O)OP(=O)(O)O
1641,[H][C@](N)(CC(=O)N1CC2=CC=CC=C2C[C@@]1([H])C(N)=O)CC1=CC=CC=C1F
1642,CO[C@@H]1[C@@H](N)[C@@H](O[C@H]2[C@H](OC3=CC=CC4=C3C3=C5C(C(=O)OC6=C5C(=C(C)C=C6)C(=O)O3)=C4O)O[C@H](C)[C@H](O)[C@]2(C)O)O[C@H](C)[C@@H]1O
1643,COC1=C(OCCCN2CCCCC2)C=C2N=CN=C(NC3=C(Cl)C=CC4=C3OCO4)C2=C1
1644,CN1C=C[NH+]=C1
1645,OC(=O)COC1=CC(Cl)=CC=C1C(=O)NCC1=C(F)C=C(Br)C=C1
1646,CNCC1=CC=CC=C1C1=CC=CS1
1647,OC(=O)CCCCCCNC(=O)NC1CCCCC1
1648,COC(=O)\C=C\C1=CC(=CC=C1)N(CC1=CC=C(C=C1)C1=CC=C(C=C1)N(C)C)C(=O)C1CCCCC1
1649,OC(=O)C1=NC2=CC(Cl)=CC(Cl)=C2C(O)=C1
1650,COC1=CC2=NC=NC(NC3=CC(O)=CC=C3)=C2C=C1OC
1651,CC(C)(C)NS(=O)(=O)C1=CC=C(C=C1)C1=CC2=C(NN=C2N)C=C1
1652,CCC(=O)NS(=O)(=O)C1=CC=C(C=C1)C1=C(C)ON=C1C1=CC=CC=C1
1653,[H][C@@]12C[C@@]3([H])[C@]4([H])CCC5=CC(=O)C=C[C@]5(C)[C@@]4([H])[C@@H](O)C[C@]3(C)[C@@]1(O[C@@H](O2)C1CCCCC1)C(=O)COC(=O)C(C)C
1654,[H][C@]1(O)CCCN[C@]1([H])CC(=O)CN1C=NC2=C(C=C(Cl)C(Br)=C2)C1=O
1655,C\C(=C/C1=CC=C(C=C1)C(O)=O)C1=CC=C2C(=C1)C(C)(C)CCC2(C)C
1656,[H][C@@]12C[C@@]3([H])C[C@@](C1)(C[C@@]([H])(C2)[C@@]3([H])NC(=O)C(C)(C)OC1=CC=C(OC)C=C1)C(N)=O
1657,CCN1C2=CC=C(CNC)C=C2C2=C1C=CC=C2
1658,[Gd+3].OC(=O)CN(CCN(CCN(CC(O)=O)CC([O-])=O)CC([O-])=O)CC([O-])=O
1659,OC(=O)\C=C/C(O)=O.CN1CC2C(C1)C1=C(OC3=CC=CC=C23)C=CC(Cl)=C1
1660,COCCOC(=O)C1=C(C)NC(C)=C(C1C1=CC(=CC=C1)[N+]([O-])=O)C(=O)OC(C)C
1661,CC1(C)NC(=O)N(C1=O)C1=CC(=C(C=C1)[N+]([O-])=O)C(F)(F)F
1662,OC(=O)C(=O)NC1=C(C(O)=O)C2=C(COCC2)S1
1663,CC1=C(CCO)C(=O)OC2=CC(O)=CC=C12
1664,[H][C@@]12CC[C@@](O)(C#C)[C@@]1(C)CC[C@]1([H])C3=C(CC[C@@]21[H])C=C(O)C=C3
1665,NS(=O)(=O)C1=CC(=CC=C1Cl)[C@@]1(O)NC(=O)C2=CC=CC=C12
1666,CN1N=C(C=C1NS(O)(=O)=O)C1=CC=CC=C1
1667,[H][C@]1(CO)O[C@]([H])(OC)[C@@]([H])(S[C@@]2([H])O[C@]([H])(CO)[C@@]([H])(O)[C@]([H])(O)[C@]2([H])O)[C@@]([H])(O)[C@]1([H])O
1668,CNCC1=CC=C(O1)C1=CC=CN=C1
1669,CN1CCC[C@@H]1CCO[C@](C)(C1=CC=CC=C1)C1=CC=C(Cl)C=C1
1670,OC(=O)C1=C(\C=C\C(=O)NC2=CC=CC=C2)C2=C(Cl)C=C(Cl)C=C2N1
1671,CCN(CC)CCNC(=O)C1=C(C)NC(\C=C2/C(=O)NC3=C2C=C(F)C=C3)=C1C
1672,CN(C1=CC=C(C=C1)C(=O)NO)S(=O)(=O)C1=CC=C(S1)C1=NC=CC=C1
1673,[H][C@@](OC(C)=O)(C(=O)NC1=CC=CC2=C1C(=O)C(=O)NC2=O)C1=CC=CC=C1
1674,CC(C)[N+](C)(CCOC(=O)C1C2=CC=CC=C2OC2=CC=CC=C12)C(C)C
1675,[H][C@@]12C[C@@H](Br)C(=O)[C@@]1(C)CC[C@@]1([H])[C@@]2([H])CC[C@@]2([H])C[C@@H](O)CC[C@]12C
1676,[H][C@@](N)(CC1=CC=CC=C1)C(=O)N1CCC[C@@]1([H])C(=O)NCC1=CC(C)=CC=C1
1677,CN[C@@H](C)C(=O)N[C@H](C(=O)N1C[C@H](C[C@H]1C(=O)N[C@@H]1CCCC2=CC=CC=C12)OC1=CC=CC=C1)C(C)(C)C
1678,CN(C)CCC1=CNC2=CC=CC=C12
1679,[H][C@@]1(CC[C@@]2([H])[C@]3([H])CCC4=CC(=O)CC[C@]4(C)[C@@]3([H])[C@@]([H])(O)C[C@]12C)C(=O)CO
1680,[H][C@@]12CCC[N@@]1[C@@]([H])(C1=CC=C(C=C1)C(N)N)[C@@]1([H])C(=O)N(CC3=CC=C(F)C=C3)[C@]([H])(C(F)F)[C@@]21[H]
1681,CCCOC1=CC2=C(C=C1)N=C(NC(=O)OC)N2
1682,CC(C1=C(CCN(C)C)CC2=CC=CC=C12)C1=CC=CC=N1
1683,COC1=CC(=O)C2=C(C(COC3=CC=CC=C3)=C(C)N2C)C1=O
1684,O.O.O.O.O.O.O.O.O.[Na+].[Na+].[Na+].[H][C@@]1(O[Sb]2(O)(O[Sb]34([O-])O[C@@H](C([O-])=O)[C@@]([H])(O3)[C@]([H])(O4)[C@H](O)CO)O[C@@H](C([O-])=O)[C@@]1([H])O2)[C@H](O)CO
1685,CCC(C)C1(CC=C)C(=O)NC(=O)NC1=O
1686,[H][C@](C)(CN(C)C)OC1=CN=CC(NC(=O)NC2=C(OC)C=CC(Cl)=C2)=N1
1687,NC1=CC=CC(=C1)C(O)=O
1688,CC1(C)OC(=O)C(OCC2CC2)=C1C1=CC=C(C=C1)S(C)(=O)=O
1689,[H][C@]1(CSC)N[C@@]([H])(C2=C[NH2+]C3=C2N=CN=C3O)[C@]([H])(O)[C@]1([H])O
1690,[H][C@]12CC[C@]([H])(C1)[C@](N)(C(=O)C1=CC=CC=C1)[C@]2([H])C1=CC=CC=C1
1691,CC(C)C(=O)NC1=CC(=C(C=C1)[N+]([O-])=O)C(F)(F)F
1692,[H][C@](O)(CNC(C)C)COC1=CC=CC2=C1C1=C(N2)C=CC=C1
1693,[H][C@]1(C)CNCCCN1S(=O)(=O)C1=C2C(C)=CN=CC2=CC=C1
1694,CN1CCN(CC1)C1=CC=C(CC2=CC3=CN=C(CN)N=C3N2C2CCCCC2)C=C1
1695,CN1C2=C(C3=CC=CC=C13)C(=O)N(CC1=C(C)NC=N1)CC2
1696,COC1=C2N(C)C(=O)C=C(C)C2=C(OC)C=C1
1697,O=C(OCC1=CC=CC=C1)C1=CN2C(S1)=CC(=O)N(CC1=CC=CC=C1)C2=O
1698,CN(C)CC1=NN=C2CN=C(C3=CC=CC=C3)C3=C(C=CC(Cl)=C3)N12
1699,[H][C@@]12OC3=C(O)C=CC4=C3[C@@]11CCN(C)[C@]([H])(C4)[C@]1([H])C=C[C@@H]2O
1700,[H][C@@]1(F)CN(C(=O)CNC23CCC(CC2)(CC3)C(=O)OCC)[C@@]([H])(C1)C#N
1701,[Ca]
1702,ClC1=C(NC2=NCCN2)C2=NSN=C2C=C1
1703,OC(=O)\C=C\C1=CC=C(O)C=C1
1704,[H][C@@](N)(C(=O)N1CCCC1)[C@]([H])(C)C1=NC(=NO1)C1=CC=C(C=C1)S(C)(=O)=O
1705,[H][C@]12C[C@@H](O)C=C[C@]11CCN(C)CC3=C1C(O2)=C(OC)C=C3
1706,CCN1C=C(C(O)=O)C(=O)C2=CC(F)=C(C=C12)N1CCNCC1
1707,NC(=N)SCCC1=CC(CCSC(N)=N)=CC=C1
1708,CCC(OC(C)=O)C(CC(C)N(C)C)(C1=CC=CC=C1)C1=CC=CC=C1
1709,CCCCCCC(O)(P(O)(O)=O)P(O)(O)=O
1710,CCC1=CC=CC2=C1OC(=C2)C(O)CNC(C)(C)C
1711,OC(C1=CC=C(C=C1)N(CC(F)(F)F)S(=O)(=O)C1=CC=CC=C1)(C(F)(F)F)C(F)(F)F
1712,OC(CC1=CN=CC=C1)(P(O)(O)=O)P(O)(O)=O
1713,FC(F)(F)C1=CC=CC(NC(=O)NC2=NC=C(CCNC3=NC=NC4=C3SC=C4)S2)=C1
1714,CCCCN1C(CC2=CC(OC)=C(OC)C(OC)=C2)=NC2=C(N)N=CN=C12
1715,[H][C@@](CC1=CC(=CC=C1)C(N)=N)(NS(=O)(=O)C1=C(C=C(C=C1C(C)C)C(C)C)C(C)C)C(=O)N1CCN(CC1)C(=O)CCN
1716,[H][C@@]1(CO)CC[C@@]([H])(O1)N1C=NC2=C1N=C(Cl)N=C2N
1717,NOCC[C@H](N)C(O)=O
1718,COC1=C(C=CC(N)=C1Cl)C(=O)NC1CCN2CCCC1C2
1719,ClC1=CC=C(CNC2=NC3=C(C=NN3C(NC3=CC=CC=C3)=N2)C#N)C=C1
1720,[H][C@]1(F)C[C@@]([H])(O[C@]1([H])COP(O)(O)=O)N1C=C(C)C(=O)NC1=O
1721,[H][C@]1(O)[C@]([H])(O)[C@]([H])(O)[C@]([H])(OP([O-])([O-])=O)[C@@]([H])(O)[C@]1([H])O
1722,[H][C@]1(COP(O)(=O)OP(N)(O)=O)O[C@@]([H])(N2C=NC3=C2NC(=N)N=C3O)[C@]([H])(O)[C@]1([H])O
1723,CN(C)CCC1=CNC2=CC=C(C[C@H]3COC(=O)N3)C=C12
1724,CN[C@H]1CC[C@@H](C2=CC(Cl)=C(Cl)C=C2)C2=CC=CC=C12
1725,[H][C@]1(CC2=C(NC1=O)C=CC=C2)NC(=O)C1=CC2=C(N1)SC(Cl)=C2
1726,[O-]S(=O)(=O)C1=CC2=C(C=C1)C(=CC(=C2)S([O-])(=O)=O)S([O-])(=O)=O
1727,NC(=[NH2+])C1=CC=C2NC(=NC2=C1)C1=CC(OC(F)(F)F)=CC=C1[O-]
1728,CC(=O)N[C@@H](CS)C(O)=O
1729,N[C@@H](CCC(=O)N[C@@H](CSCO)C(=O)NCC(O)=O)C(O)=O
1730,[H]\C(CCCCCC)=C(/[H])CCCCCCCC(=O)O[C@@]([H])(COC(=O)CCCCCCC\C([H])=C(\[H])CCCCCCCC)COP(O)(=O)OCCO
1731,OCCNC1=NC=NC2=C1C(=C(N2)C1=CC=CC=C1)C1=CC=CC=C1
1732,CC(C)(C)O
1733,FC1=CC=C(C=C1)C(N1CCN(C\C=C\C2=CC=CC=C2)CC1)C1=CC=C(F)C=C1
1734,OC(=O)CN(CCN(CC(O)=O)CC(O)=O)CC(O)=O
1735,[H][C@@]1(O)O[C@]([H])(COP(O)(O)=O)[C@@]([H])(O)[C@@]1([H])O
1736,CN1C=NN=C1SC1=CC=C(N)C(=C1)C(=O)NC1=NC(C)=CS1
1737,CO[C@H]1[C@@H](CC(=O)O[C@H](C)C\C=C\C=C\[C@H](O)[C@H](C)C[C@H](CC=O)[C@@H]1O[C@@H]1O[C@H](C)[C@@H](O[C@H]2C[C@@](C)(O)[C@@H](OC(=O)CC(C)C)[C@H](C)O2)[C@@H]([C@H]1O)N(C)C)OC(C)=O
1738,[H][C@@](O)(CO)COP(O)(=O)OC[C@]([H])(N)C(O)=O
1739,OCCN1CCN(CCCN2C3=CC=CC=C3SC3=C2C=C(C=C3)C(F)(F)F)CC1
1740,[H][C@]1(F)C[C@@]([H])(O[C@]1([H])COC(C1=CC=CC=C1)(C1=CC=CC=C1)C1=CC=CC=C1)N1C=CC(=O)NC1=O
1741,COC1=CC=CC=C1OC1=C(NS(=O)(=O)C2=CC=C(C=C2)C(C)(C)C)N=C(N=C1OCCO)C1=NC=CC=N1
1742,[H][C@]1(C=CC2=C(Cl)N=C(OCC3=CC=C(F)C=C3)C(=O)N12)C(=O)N1CCCC1
1743,NC1=CC=C(C=C1)[As](O)(O)=O
1744,[H][C@]12SC(C)(C)[C@@H](N1C(=O)[C@H]2NC(=O)C1=C(OCC)C=CC2=CC=CC=C12)C(O)=O
1745,CN(C1=CC=NN1C1=CC=CC=C1)S(=O)(=O)C1=CC=C(C)C=C1
1746,[H][C@](C)(C[C@]([H])(C[C@@]([H])(CCC(O)=O)C(O)=O)C(O)=O)C(O)=O
1747,[H][C@@]12C[C@@]3([H])[C@]4([H])C[C@]([H])(F)C5=CC(=O)C=C[C@]5(C)[C@@]4(F)[C@@H](O)C[C@]3(C)[C@@]1(OC(C)(C)O2)C(=O)COC(C)=O
1748,CC1=CC=C(C=C1)C(=O)OC1=C(OC(=O)C2=CC=C(C)C=C2)C=C(C=C1)C(O)CNC(C)(C)C
1749,CN(C)CC[C@@H](C1=CC=C(Br)C=C1)C1=CC=CC=N1
1750,CCCCN1C[C@H](O)[C@@H](O)[C@H](O)[C@H]1CO
1751,CCC1=C(C(N)=NC(N)=N1)C1=CC=C(Cl)C=C1
1752,NC(=[NH2+])C1=CC=C2NC(=NC2=C1)C1=CC(F)=CC=C1[O-]
1753,OC1N=C(C2=CC=CC=C2)C2=C(NC1=O)C=CC(Cl)=C2
1754,[H][C@@](N)(CC)C(=O)N1CCC[C@@]1([H])C(=O)NCC1=CC=C(C=C1)C(N)=N
1755,[H][C@]12N=C(O)O[C@]1(C)[C@@]([H])(CC)OC(=O)[C@]([H])(C)C(=O)[C@]([H])(C)[C@@]([H])(O[C@]1([H])O[C@]([H])(C)C[C@]([H])(N(C)C)[C@@]1([H])O)[C@@](C)(C[C@@]([H])(C)C(=O)[C@]2([H])C)OCC=CC1=CC2=CC=CC=C2N=C1
1756,NC1=NC(N)=C(N=O)C(OCC2CCCCC2)=N1
1757,CN1C(CSCC(F)(F)F)NC2=CC(Cl)=C(C=C2S1(=O)=O)S(N)(=O)=O
1758,C\C(\C=C\C1=C(C)CCCC1(C)C)=C\C=C\C(\C)=C\C(O)=O
1759,C[C@@H](O[C@H]1OCCN(CC2=NNC(=O)N2)[C@H]1C1=CC=C(F)C=C1)C1=CC(=CC(=C1)C(F)(F)F)C(F)(F)F
1760,CC(C)CCC[C@@H](C)[C@@]1([H])CC[C@@]2([H])\C(CCC[C@]12C)=C\C=C1\C[C@@H](O)CCC1=C
1761,OC(=O)CN1C=C(CC2=NC3=C(S2)C(F)=CC(F)=C3F)C2=CC=CN=C12
1762,OP(O)(=O)C(C1=CC=CC=C1)P(O)(O)=O
1763,OCCCCC(CCO)CCCCO
1764,N[C@@H](CN1OC(=O)NC1=O)C(O)=O
1765,COC(=O)C1=CC=C2C(NC(=O)\C2=C(/NC2=CC=C(C=C2)N(C)C(=O)CN2CCN(C)CC2)C2=CC=CC=C2)=C1
1766,[H][C@]1(CCCN1C(=O)[C@]1([H])CCCN1)B(O)O
1767,OC1=CC(O)=C2C(CC(=O)CCC\C=C/CCOC2=O)=C1Cl
1768,NS(=O)(=O)C1=C(Cl)C=C2NC(NS(=O)(=O)C2=C1)C1CC2CC1C=C2
1769,C[C@H]1CN(C[C@@H](C)N1)C1=C(F)C(N)=C2C(=O)C(=CN(C3CC3)C2=C1F)C(O)=O
1770,[H][C@@](COCC1=CC=CC=C1)(NC(=O)[C@]([H])(CC(C)C)NC(=O)N1CCOCC1)C#N
1771,NC1=C2NC=NC2=NC=N1
1772,[H][C@@](CC1CCCCC1)(NC(=O)N1CCOCC1)C(=O)N[C@@](C)(COCC1=CC=CC=C1)C#N
1773,OC1=CC=C(\C=C\C2=CC(O)=CC(O)=C2)C=C1
1774,BrC1=NNC2=C1C=CC=C2N(=O)=O
1775,COC1=CC=C(CNC(=O)NC2=NC=C(S2)[N+]([O-])=O)C=C1
1776,[H][C@@](CC1CCCCC1)(NC(=O)N1CCOCC1)C(=O)NC1(CCN(C)CC1)C#N
1777,ClC1=CC=CC(=C1)N1CCN(CCCN2N=C3C=CC=CN3C2=O)CC1
1778,FC1=CC=CC=C1C1=CN2C=CN=C2C(NCC2=CC=CN=C2)=N1
1779,CCN(CC)C(=O)CC1=CC=CC(NS(=O)(=O)C2=C(C)C(Cl)=CC=C2)=N1
1780,NNC(=O)C1=CC=NC=C1
1781,OC(=O)CNC(=O)NC1CCCCC1
1782,CC(C)OC(=O)CCC\C=C/C[C@H]1[C@@H](O)C[C@@H](O)[C@@H]1CC[C@@H](O)CCC1=CC=CC=C1
1783,OCC(=O)COP(O)(=O)OC1[C@H](O)[C@H](O)[C@@H](OP(O)(O)=O)[C@H](OP(O)(O)=O)[C@H]1O
1784,[H][C@]1(CO)O[C@@]([H])(SCCCCCCCC)[C@]([H])(O)[C@@]([H])(O)[C@]1([H])O
1785,[H][C@@]1(O)[C@@]([H])(O)[C@]([H])(S)[C@@]([H])(CO)O[C@]1([H])S
1786,[H][C@@](CC(=O)N1C[C@@]2([H])CCCC[C@@]2([H])C1)(CC1=CC=CC=C1)C(O)=O
1787,NC(=O)C1=CN(CC2=C(F)C=CC=C2F)N=N1
1788,NC1N=C2C=CC=CC2=N1
1789,NC(=[NH2+])C1=CC=CC=C1
1790,NCCNC1=CC(C2=CC=CN2)=C2C(=O)NC3=CC=C(F)C1=C23
1791,OC(=O)CNC(=O)CCC[P@](O)(=O)OC1=CC=C(C=C1)[N+]([O-])=O
1792,CC(C)OC(=O)C(C)(C)OC1=CC=C(C=C1)C(=O)C1=CC=C(Cl)C=C1
1793,OC1=CC=C2C(NN=C2C2=CC=C(O)C=C2O)=C1
1794,CCCOC1=C(N)C=C(C=C1)C(=O)OCCN(CC)CC
1795,NC1=NC2=C(N=CN2[C@H]2C[C@H](O)[C@@H](COP(O)(=O)OP(O)(=O)OP(O)(O)=O)O2)C(=O)N1
1796,COC1=CC=CC(=C1)C(N)=O
1797,[H][C@](O)(C(O)=NCCC(O)=NCCSC(=O)CCCN(=O)=O)C(C)(C)COP(O)(=O)OP(O)(=O)OC[C@@]1([H])O[C@@]([H])(N2C=NC3=C(N)N=CN=C23)[C@]([H])(O)[C@]1([H])OP(O)(O)=O
1798,CC(C)[C@@H](C)\C=C\[C@@H](C)[C@@]1([H])CC[C@@]2([H])\C(CCC[C@]12C)=C\C=C1\C[C@@H](O)CCC1=C
1799,CC(N)C(=O)NC1=C(C)C=CC=C1C
1800,[H][C@]1(COP(O)(O)=O)O[C@@]([H])(N2C=NC3=C2N=CN=C3NCCC(C)C)[C@]([H])(O)[C@]1([H])O
1801,[H][C@@]1(CO)COB(O1)C1=CC=C(NC(N)=N)C=C1
1802,COCCCC\C(=N/OCCN)C1=CC=C(C=C1)C(F)(F)F
1803,CSC[C@H]1O[C@H]([C@H](O)[C@@H]1O)N1C=NC2=C1N=CN=C2N
1804,CC(C)SC(N)=N
1805,N[C@@H](CC(O)=O)C(O)=O
1806,CN1CCN(CC1)C(C1=CC=CC=C1)C1=CC=CC=C1
1807,[H][C@](N)(CCC(O)=N[C@@]([H])(CS[C@@]([H])(O)N(O)C1=CC=C(I)C=C1)C(O)=NCC(O)=O)C(O)=O
1808,CC1=C2C(=CC=C1)N=C1N(CC[C@@]1(O)C2=O)C1=CC=CC=C1
1809,CCCCCCCCCCCCCCCCCC(=O)OC[C@@H](CO[P@](O)(=O)OCC[NH3+])OC(=O)CCCCCCCCCCCCCCCCC
1810,N[C@@H](C=C)C(O)=O
1811,OCCCCO
1812,CCC1(C)CC(=O)NC1=O
1813,OCCSSCCO
1814,CNS(=O)(=O)CC1=CC2=C(NC=C2CCN(C)C)C=C1
1815,CN(C)C\C=C\C(=O)NC1=CC=C2N=CN=C(NC3=CC(Br)=CC=C3)C2=C1
1816,NC1=NC=NC2=C1C(=NN2[C@@H]1CCCN(C1)C(=O)C=C)C1=CC=C(OC2=CC=CC=C2)C=C1
1817,[H][C@](CCCCC(N)=N)(C(O)=O)[C@@]1([H])C2=C(C[C@]1([H])O)C=CC(=C2)C1=CC=C(O)C=C1
1818,C(CN1CCCCC1)OC1=CC=C(C=C1)C1=CN2N=CC(=C2N=C1)C1=CC=NC=C1
1819,[H][C@@](CC(O)=O)(NS(=O)(=O)C1=C(C)C=C(OC)C(C)=C1C)C(O)=N[C@]([H])(CC1=CC=C(C=C1)C(N)=N)C(=O)N1CCCCC1
1820,[H][C@](CC(C)C)(NS(=O)(=O)C1=CC=C(C=C1)C1=CC=CC=C1)C(O)=O
1821,CC(=O)CC(C1=CC=CC=C1)C1=C(O)C2=C(OC1=O)C=CC=C2
1822,OC(=O)C1=CC=C(\C=N\OCCO\N=C\C2=CC(=O)NC(=O)N2)C=C1
1823,NC1=NC=NC2=C1N=CN2[C@@H]1O[C@H](COP(O)(=O)OS(O)(=O)=O)[C@@H](O)[C@H]1O
1824,CN(C)C(=O)OC1=CC(=CC(OC(=O)N(C)C)=C1)C(O)CNC(C)(C)C
1825,CC1CNCCN1S(=O)(=O)C1=C2C=CN=CC2=CC=C1
1826,CNS(=O)(=O)CCC1=CC2=C(NC=C2C2CCN(C)CC2)C=C1
1827,CCCCCCCCCCCCCCCCCC(O)=O
1828,OC(=O)CCCC(=O)NC1=CC=C(\C=C\C2=CC=CC=C2)C=C1
1829,FC1=CC=CC=C1C1=NCC(=S)N(CC(F)(F)F)C2=C1C=C(Cl)C=C2
1830,[H][C@]1(C[C@]2(N=C(O)N=C2O)C2=C(O1)C=CC(F)=C2)C(O)=N
1831,C[N+]1=C(\C=N\O)C=CC=C1
1832,COC1=C(OC)C=C(CC2=NC=CC3=CC(OC)=C(OC)C=C23)C=C1
1833,COC1=NC=CN=C1C(C)C
1834,NCC1(CCCC1)C1=CC=CC=C1
1835,CC(C)NCC(O)COC1=CC=C(COCCOC(C)C)C=C1
1836,CC[C@@H](N)C(O)=O
1837,[H][C@@]12CC[C@@](O)(C#C)[C@@]1(CC)CC[C@]1([H])[C@@]3([H])CCC(=O)C=C3CC[C@@]21[H]
1838,NCCO
1839,CNS(=O)(=O)CC1=CC=C(N\N=C2/C(=O)NC3=C2C2=C(C=C3)N=CS2)C=C1
1840,CCN(CC)CC#CCOC(=O)C(O)(C1CCCCC1)C1=CC=CC=C1
1841,[H][C@](N)(CCC(O)=N[C@@]([H])(CS[C@@]1([H])C2=CC=CC=C2C2=CC=CC=C2[C@]1([H])O)C(O)=NCC(O)=O)C(O)=O
1842,OC(=O)CCCCO\N=C(\C1=CN=CC=C1)C1=CC(=CC=C1)C(F)(F)F
1843,CCCO
1844,[H][C@]1(N)CCC([H])(CNCCN2C(Cl)=CN=C(NCC(F)(F)C3=CC=CC=N3)C2([H])O)C([H])(C)N1
1845,[H][C@]12CC[C@]([H])(C[C@@H](C1)OC(=O)C(CO)C1=CC=CC=C1)[N+]2(C)C(C)C
1846,CO\C=C(\C(=O)OC)C1=C(\C=C\C2=CC=CC=C2)C=CC=C1
1847,NC(=O)CC[C@@H]1NC(=O)[C@H](CC2=CC=CC=C2)NC(=O)[C@H](CC2=CC=C(O)C=C2)NC(=O)CCSSC[C@H](NC(=O)[C@H](CC(N)=O)NC1=O)C(=O)N1CCC[C@H]1C(=O)N[C@@H](CCCNC(N)=N)C(=O)NCC(N)=O
1848,CC1CC2=CC=CC=C2N1NC(=O)C1=CC(=C(Cl)C=C1)S(N)(=O)=O
1849,[H]\C(OC)=C(/[H])[C@]([H])(N)C(O)=O
1850,CN(C)CCCN1C2=CC=CC=C2CCC2=C1C=C(Cl)C=C2
1851,CSC1=CC2=C(SC3=CC=CC=C3N2CCC2CCCCN2C)C=C1
1852,[H][C@]1(N)CN2C(C[C@]1([H])C1=CC(F)=C(F)C=C1F)=NC1=C2C=CN=C1
1853,NS(=O)(=O)C1=CC=C(C=C1)C(=O)NCCCCNCS
1854,NC(=O)C([C@@H]1CCN(CCC2=CC3=C(OCC3)C=C2)C1)(C1=CC=CC=C1)C1=CC=CC=C1
1855,[H][C@]([NH3+])(CCCNC(=N)CCC)C(O)=O
1856,OC1=CC=C(C=C1)C1=CC2=C(O1)C(=CC(O)=C2)C#N
1857,CCCCC=O
1858,O=C(C1CCCCC1)N1CC2N(CCC3=CC=CC=C23)C(=O)C1
1859,NC1=NCC2N1C1=CC=CC=C1CC1=CC=CC=C21
1860,ClC1=CC2=C(C=C1)C(=C1CCNCC1)C1=C(CC2)C=CC=N1
1861,[H][C@@](COCCCCCCCCCCCCCCCCCC)(COP(O)(=O)OCCSC)N=C(C)O
1862,[H][C@@](C[P@](O)(=O)[C@@]([H])(NC(=O)OCC1=CC=CC=C1)C(C)C)(C(O)=O)C1=CC(CN)=CC=C1
1863,OCC(CO)NN1C(=O)C2=C3C(NC4=C3C=CC(O)=C4)=C3N([C@@H]4O[C@H](CO)[C@@H](O)[C@H](O)[C@H]4O)C4=C(C=CC(O)=C4)C3=C2C1=O
1864,CCCCC[C@H](C)NC=O
1865,[H][C@]1(CCCN1C(=O)[C@]1([H])CCCN1C(=O)OCC1=CC=CC=C1)C=O
1866,[H][C@@]1(C)O[C@]([H])(OC)[C@@]([H])(O)[C@]([H])(O)[C@]1([H])O
1867,CCOC(=O)C(CCNC(=O)OC(C)(C)C)(CC1=CC=C(NS(O)(=O)=O)C=C1)C(=O)OCC
1868,CN(CCOC1=CC=C(CC2SC(=O)NC2=O)C=C1)C1=CC=CC=N1
1869,CS(=O)(=O)NC1=C(OC2=CC=CC=C2)C=C(C=C1)[N+]([O-])=O
1870,CN1CCN2C(C1)C1=CC=CC=C1CC1=CC=CC=C21
1871,NS(=O)(=O)C1=NC2=C(S1)C=C(O)C=C2
1872,O[C@H]1[C@@H](O)[C@@H](OP(O)(O)=O)[C@H](O)[C@@H](O)[C@@H]1OP(O)(O)=O
1873,COC1=CC(C[C@@H]2C3=CC(OC)=C(OC)C=C3CC[N+]2(C)CCCOC(=O)CC\C=C\CCC(=O)OCCC[N+]2(C)CCC3=CC(OC)=C(OC)C=C3[C@H]2CC2=CC(OC)=C(OC)C(OC)=C2)=CC(OC)=C1OC
1874,CCCOC1=CC2=C(NC=C2C[C@@H](NS(=O)(=O)CC)C(=O)N[C@@H](CCC(N)=O)C(=O)NCC2=CC=C(C=C2)C(N)=N)C=C1
1875,CC(C)[C@@H](NC(=O)C1=CC=C(C=C1)C(=O)N1CCOCC1)C(=O)N1CCC[C@@H]1C(=O)N[C@H](C(C)C)C(=O)C(F)(F)C(F)(F)F
1876,CC[C@@H]1NC(=O)[C@H]([C@H](O)[C@H](C)C\C=C\C)N(C)C(=O)[C@H](C(C)C)N(C)C(=O)[C@H](CC(C)C)N(C)C(=O)[C@H](CC(C)C)N(C)C(=O)[C@@H](C)NC(=O)[C@H](C)NC(=O)[C@H](CC(C)C)N(C)C(=O)[C@@H](NC(=O)[C@H](CC(C)C)N(C)C(=O)CN(C)C1=O)C(C)C
1877,CC(C)[N+](C)(CCC(C(N)=O)(C1=CC=CC=C1)C1=CC=CC=C1)C(C)C
1878,[H][C@@](CC1=C(F)C(F)=C(F)C(F)=C1F)(NC(=O)NC1=NN=C(S)S1)C(=O)NC
1879,CN(C)CCC(C1=CC=C(Cl)C=C1)C1=CC=CC=N1
1880,OCC1=C(F)C(F)=C(F)C(F)=C1F
1881,CN(C)S(=O)(=O)C1=CC2=C(SC3=CC=CC=C3N2CCCN2CCC(CCO)CC2)C=C1
1882,[H][C@@]12CC[C@](O)(C(C)=O)[C@@]1(C)C[C@H](O)[C@@]1(F)[C@@]2([H])C[C@H](C)C2=CC(=O)C=C[C@]12C
1883,CCOC(=O)[C@H](CCC1=CC=CC=C1)N[C@@H](C)C(=O)N1CC2=CC=CC=C2C[C@H]1C(O)=O
1884,CN1C(=O)NC(=O)C(C)(C1=O)C1=CCCCC1
1885,[H][C@]1(O)[C@@]([H])(O)[C@@]([H])(O[C@]1([H])COP(O)(=O)OP(O)(O)=O)N1CN(C)C2=C1NC(=N)N=C2O
1886,[H][C@@](CS(=O)(=O)CC1=CC=CC=C1)(N[C@@]([H])(C1=CC=C(O)C=C1)C(F)(F)F)C(=O)NC1(CN)CC1
1887,OC[C@H]1NC[C@H](O)[C@@H](O)[C@H]1O
1888,[H][C@@]12CC[N@@](CC1)C[C@@]2([H])NC1=C(C2=NC3=CC=CC=C3N2)C(=O)NC2=C1C=C(Cl)C=C2
1889,CC(=O)NC1=CC=CC(NC2=NC3=C(C=NN3C(NC3=CC=CC=C3)=N2)C#N)=C1
1890,N[C@@H](CCCNC(=N)NO)C(O)=O
1891,[H][C@@](CCC(O)=O)(NC(=O)C1=CC=C(NC[C@@]2([H])C=NC3=C(N2CO)C(O)=NC(=N)N3)C=C1)C(O)=O
1892,[Li+]
1893,[H][C@@](CSCC1=CC=C(OC)C=C1)(N=C(O)CCCN)C(O)=NCC(O)=O
1894,[H][C@@](C)(OC1=C2C(N)=NC(N)=NC2=CC=C1)C1=CC(Cl)=CC=C1
1895,OCC(=O)COP(O)(O)=O
1896,ClC1=CC=C(COCCNCCNS(=O)(=O)C2=CC=CC3=CN=CC=C23)C=C1
1897,OS(=O)(=O)CCNC1CCCCC1
1898,CC1=CC(CC2=NN(C3=C2C(N)=NC=N3)C(C)(C)C)=CC=C1
1899,C\C(C1=CC=C(O1)C1=CC=C(C=C1)S(N)(=O)=O)=C1\SC(=N)NC1=O
1900,[Cl-].[K+]
1901,[H][C@]1(C)CCCC[C@]1([H])OC1=C(O)C(=CC=C1)C1=CC2=CC(C(N)=N)=C(F)C=C2N1
1902,COC1=CC=C(CN([C@@H](C)C2=NC(=CN2)C2=CC=CC=C2)C(=O)[C@@H](N)CC2=C(C)C=C(C=C2C)C(N)=O)C=C1C(O)=O
1903,FC1=CC=C(C=C1)C(=O)C1=CC=NC=C1
1904,OC(=O)CO\N=C1/C2=CC=CCC2=N/C/1=C1\C(=O)N=C2CC=CC=C12
1905,CCC(=O)N(C1CCN(CCC2=CC=CC=C2)CC1C)C1=CC=CC=C1
1906,C[C@@]12OO[C@@](CCC(O)=O)(C3=C1C=CC=C3)C1=C2C=CC=C1
1907,[H][C@]1(N)CC[C@@]([H])(CC1)NC1=NC2=NC=NN2C(NC2=CC=C(C=C2)S(N)(=O)=O)=C1
1908,[H][C@]1(C)CC[C@]([H])(CC1)NCC1=CC2=C(C=C1)C1=C(C2)C(=NN1)C1=CC=C(C=C1)C(O)=O
1909,CS(=O)(=O)CCNCC1=CC=C(O1)C1=CC2=C(C=C1)N=CN=C2NC1=CC(Cl)=C(OCC2=CC(F)=CC=C2)C=C1
1910,N[C@@H](CN1C=CC(=O)C(O)=C1)C(O)=O
1911,NC1=NC2=NC=C(CC(CC#C)C3=CC=C(C=C3)C(=O)N[C@@H](CCC(O)=O)C(O)=O)N=C2C(N)=N1
1912,CC(C)COC1=C(C=C(C=C1)C1=NC(C)=C(S1)C(O)=O)C#N
1913,[H][C@@]12CC[C@](C)(O)[C@@]1(C)C=CC1=C3CCC(=O)C=C3CC[C@@]21[H]
1914,CCCCCCC1=CC=C(C=C1)C(=O)C=C
1915,[H][C@@](CCC(O)=O)(N=C(O)C1=CC=CC=C1)C(O)=N[C@@]([H])(CC1=CC=C(C=C1)C(F)(F)P(O)(O)=O)C(O)=N[C@@]([H])(CC1=CC=C(C=C1)C(F)(F)P(O)(O)=O)C(O)=N
1916,[H][C@]1(OC(=C[C@H](N=C(N)N)[C@H]1NC(C)=O)C(O)=O)[C@H](O)[C@H](O)CO
1917,[H][C@@]1(CC[C@](CC1)(C#N)C1=CC(OC2CCCC2)=C(OC)C=C1)C(O)=O
1918,NC(=N)NOCCNC(=O)CC1=C(C=CC(NCC(F)(F)C2=NC=CC=C2)=C1F)C#N
1919,CN(C)CCC(C1=CC=CC=C1)C1=CC=CC=N1
1920,[H][C@@]12CC[C@](C)(O)[C@@]1(C)CC[C@@]1([H])[C@@]2([H])CCC2=CC(=O)CC[C@]12C
1921,O[C@H]1[C@H](O)[C@@H](OP(O)(O)=O)[C@@H](O)[C@@H](OP(O)(O)=O)[C@@H]1O
1922,[H][C@]1(COP(O)(=O)OP(O)(O)=O)O[C@@]([H])(N2C=NC3=C(NCC4=CC=CC=C4)N=CN=C23)[C@]([H])(O)[C@]1([H])O
1923,CC1=NC(OC2=CC=C(C=C2)N2C=CN=C2)=NC(OC2=CC3=C(OCO3)C=C2)=C1
1924,N[C@@H](CO)C(O)=O
1925,COC1=CC=C(OC2=CC=CC3=NC(N)=NC(N)=C23)C=C1
1926,CN(N=O)C(=O)N[C@H]1[C@@H](O)O[C@H](CO)[C@@H](O)[C@@H]1O
1927,OC(COC1=CC=CC2=C1C(=O)C=C(O2)C(O)=O)COC1=CC=CC2=C1C(=O)C=C(O2)C(O)=O
1928,[H][C@@](O)(CO[C@@]([H])(O)CCCCCCCCCCCCCC)COP(O)(=O)OC[C@]([H])(N)C(O)=O
1929,[H][C@@](N)(COC1=CN=CC(=C1)C1=NCC2=NN=CC2=C1)CC1=C2C=CCC=C2N=C1
1930,COC(=O)CCC1=CC=C(OCC(O)CNC(C)C)C=C1
1931,O=NC(=O)CNS(=O)(=O)C1=CC=C(C=C1)C1=CC=CC=C1
1932,CC(C)(C(O)=O)C1=CC=C(C=C1)C(O)CCCN1CCC(CC1)C(O)(C1=CC=CC=C1)C1=CC=CC=C1
1933,OC(=O)C1=CC=C(NC(=O)[C@H](CC2=CC=C(O)C=C2)NC(=O)C2=CC=CC=C2)C=C1
1934,[H][C@@]12CCCN1C(=O)[C@H](CC1=CC=CC=C1)N1C(=O)[C@](C)(NC(=O)[C@H]3CN(C)[C@]4([H])CC5=CNC6=CC=CC(=C56)[C@@]4([H])C3)O[C@@]21O
1935,CCOC1=NC2=C(N1CC1=CC=C(C=C1)C1=CC=CC=C1C1=NOC(=O)N1)C(=CC=C2)C(=O)OCC1=C(C)OC(=O)O1
1936,CN1CCC(CC1)=C1C2=C(SC=C2)C(=O)CC2=CC=CC=C12
1937,[N+]1=2[Co-3]345([N+]6=C7[C@H]([C@@](CC(=O)N)(C)[C@@]6([C@@]6(N3C(=C(C)C3=[N+]4C(C(C)(C)[C@@H]3CCC(=O)N)=CC3=[N+]5C(=C7C)[C@@](CC(=O)N)([C@@H]3CCC(=O)N)C)[C@@](C)([C@H]6CC(=O)N)CCC(NC[C@@H](C)OP(=O)(O[C@@H]3[C@H](O[C@H](N(C4=CC(=C(C=C14)C)C)C=2)[C@@H]3O)CO)[O-])=O)[H])C)CCC(=O)N)O[H]
1938,[H]N([H])S(=O)(=O)C1=CC=C(C=C1)C(=O)N([H])C[C@H](C)CN1C=CC2=CC=CC=C12
1939,OC1=CC2=C(C=C1)N=C(S2)C1=NC(=O)CS1
1940,[H][C@]12CC[C@]([H])(C[C@@H](C1)OC(=O)C(O)(C1=CC=CC=C1)C1=CC=CC=C1)[N+]21CCCC1
1941,CN1C=[N+]([C@@H]2O[C@H](CO[P@](O)(=O)O[P@](O)(=O)O[P@](O)(=O)OC[C@H]3O[C@H]([C@H](O)[C@@H]3O)N3C=NC4=C(N)N=CN=C34)[C@@H](O)[C@H]2O)C2=C1C(=O)N=C(N)N2
1942,[H][C@](N)(CCC(O)=N[C@@]([H])(CSCC1=CC=CC=C1I)C(O)=NCC(O)=O)C(O)=O
1943,[H][C@](N)(CC1=CNC2=C1C=CC=C2)C(N)=O
1944,[H][C@@](C)(N=C(O)[C@]([H])(C)N=C(O)OC(C)(C)C)C(O)=N
1945,CC(=O)OCC[N+](C)(C)C
1946,[H][C@@](N)(CC1=CC=CC=C1)[C@]([H])(O)C(O)=N[C@@]([H])(CC(C)C)C(O)=O
1947,[H][C@@](N)(C(=O)N1CC[C@]([H])(F)C1)[C@@]([H])(C)[C@@]1([H])CC[C@@]([H])(CC1)N(C)C(C)=O
1948,[H][C@]1(O)[C@]([H])(O)[C@@]([H])(CO)O[C@@]([H])(NP(=O)(OC)OC)[C@]1([H])O
1949,[H][C@](C)(CO)NC(=O)C1=C(C)N=C(S1)C1=NC(NC2=CC(C)=CC(C)=C2)=NC=C1
1950,CC1=C(C)C2=C(CCC(C)(COC3=CC=C(CC4SC(=O)NC4=O)C=C3)O2)C(C)=C1O
1951,COC1=CC(CN(C)C2=CC=C3N=C(N)N=C(N)C3=C2)=C(OC)C=C1
1952,CN1C(=O)CCC1(C)C
1953,FC1=CC=C(C=C1)C(OCCN1CCN(CCCC2=CC=CC=C2)CC1)C1=CC=C(F)C=C1
1954,CN(C)C(=O)[C@H]1CC[C@H](NC(=O)C(=O)NC2=NC=C(Cl)C=C2)[C@@H](C1)NC(=O)C1=NC2=C(CN(C)CC2)S1
1955,CCCC(C)C1(CC=C)C(=O)NC(=S)NC1=O
1956,CC[N+](CC)(CCNC(=O)C(=O)NCC[N+](CC)(CC)CC1=CC=CC=C1Cl)CC1=CC=CC=C1Cl
1957,NC(N)=NC(=O)C1=C(N)N=C(N)C(Cl)=N1
1958,NCC[C@H](OC1=CC=C(C=C1)C(F)(F)F)C1=CC=CC=C1
1959,CCN(CC)CCNC1=C2C(=O)C3=CC=CC=C3SC2=C(C)C=C1
1960,CC(C)(C)NC1=NC(=NC2=C1C=C(C=C2)C1=CC=CC(N)=C1)C(F)(F)F
1961,COC1=CC2=C(C=C1)C(C)(C)C(=O)N(CCC1=CC=C(C=C1)S(=O)(=O)NC(=O)NC1CCCCC1)C2=O
1962,NCC1CCN(CC2=CC3=C(NC(=C3)C3=NNC4=C3C=CC(=C4)C#N)C=C2)CC1
1963,[Mg++]
1964,CCP(CC)(CC)=[Au]S[C@@H]1O[C@H](COC(C)=O)[C@@H](OC(C)=O)[C@H](OC(C)=O)[C@H]1OC(C)=O
1965,CC[C@H](OC(C)=O)C(C[C@H](C)N(C)C)(C1=CC=CC=C1)C1=CC=CC=C1
1966,CCC(CC)N1C=CC2=C1C=CC1=C2C(N)=NC(N)=N1
1967,[H][C@@]12CC[C@](OC(=O)OCC)(C(=O)COC(=O)CC)[C@@]1(C)C[C@H](O)[C@@]1([H])[C@@]2([H])CCC2=CC(=O)C=C[C@]12C
1968,[H][C@]1(O)O[C@@]([H])(C(O)=O)[C@]([H])(O)[C@]([H])(O)[C@@]1([H])OS(O)(=O)=O
1969,[H][C@](O)(CS)[C@]([H])(O)CS
1970,NC1=NC(OCC2CCCCC2)=C2N=CNC2=N1
1971,CCN(CC)C(=O)N1CCN(C)CC1
1972,CCCCN1C(CC2=CC(OC)=CC=C2OC)=NC2=C(N)N=CN=C12
1973,CCCCCC(CCCCC)SC1=C(N=NN1)C(O)=O
1974,CN1C(CCCO)=C(CO)C2=C1C(=O)C=C(N1CC1)C2=O
1975,CCCCCCCCCCCC[N+](C)(C)[O-].CCCCCCCCCCCC[N+](C)(C)CC([O-])=O
1976,[H][C@@]12CC[C@](OC(=O)CCC)(C(=O)COC(C)=O)[C@@]1(C)C[C@H](O)[C@@]1(F)[C@@]2([H])C[C@H](F)C2=CC(=O)C=C[C@]12C
1977,NS(=O)(=O)C1=CC=C(C=C1)C(=O)NCC1=CC(F)=C(F)C(F)=C1
1978,CN(C)CCCN1C2=CC=CC=C2C(C)(C)C2=CC=CC=C12
1979,CCCCCCCCCCCC(O)(P(O)(O)=O)P(O)(O)=O
1980,OC1=CC2=C(NC(=N)N2)C=C1
1981,NS(=O)(=O)C1=CC=C(C=C1)N1N=C(C=C1C1=CC=C(Br)C=C1)C(F)(F)F
1982,CN1C(CC(O)=O)=CC(C)=C1C(=O)C1=CC=C(Cl)C=C1
1983,OC[C@@H](NC(=O)C(Cl)Cl)[C@H](O)C1=CC=C(C=C1)[N+]([O-])=O
1984,CNC(C)C1CCC(N)C(OC2C(N)CC(N)C(OC3OCC(C)(O)C(NC)C3O)C2O)O1
1985,NC(=O)C1=NC=CN=C1
1986,CN(C)C(=O)C(CCN1CCC(O)(CC1)C1=CC=C(Cl)C=C1)(C1=CC=CC=C1)C1=CC=CC=C1
1987,[H][C@@](C)(CCCCCC)N=CO
1988,CN1CCN(CC1)C(=O)OC1N(C(=O)C2=NC=CN=C12)C1=NC=C(Cl)C=C1
1989,[H][C@]1(CC2=C(CN1)C=CC=C2)C1=NC(C(O)=O)=C(S1)C(C)C
1990,NS(=O)(=O)C1=CC(NC2=NC(NC3=C(Cl)C=CC4=C3OCO4)=CC=N2)=CC=C1
1991,[H][C@]1(CF)CC2=CC=C(C=C2CN1)S(=O)(=O)NCCC(F)(F)F
1992,OC[C@H]1O[C@H](OP(O)(O)=O)[C@H](O)[C@@H]1O
1993,O=C(NC1=C2OC(=CC(=O)C2=CC=C1)C1=NNN=N1)C1=CC=C(OCCCCC2=CC=CC=C2)C=C1
1994,[H][C@@](C)(NP(O)(=O)[C@]([H])(CC1=CC=CC=C1)N=C(O)[C@]([H])(CCCC[NH3+])N=C(O)[C@]1([H])CCCN1C(=O)OCC1=CC=CC=C1)C(=O)N1CCC[C@@]1([H])C(=O)OC
1995,CCCCCCCCCCCC[N+](C)(C)CCCS(O)(=O)=O
1996,CNC(=O)C1=C(F)C=C(C=C1)N1C(=S)N(C(=O)C1(C)C)C1=CC=C(C#N)C(=C1)C(F)(F)F
1997,N[C@@H](CC1=CC=CC=C1)C(O)=O
1998,CN(C)CC1=CNC2=C1C=CC=C2CCCO
1999,OC(=O)C1=CC=C(C=C1)C1=CC=C(F)C=C1
2000,CC1=CC(NC2=C3C=CC=CC3=NC(=N2)C2=CC=CC=C2)=NN1
2001,CCC1=C2C=C(O)C=CC2=NN1C1=CC=C(O)C=C1
2002,ClC1=CC(Cl)=C(C=C1)C(CN1C=CN=C1)OCC1=CSC2=C1C=CC=C2Cl
2003,[H][C@@]12CC[C@@](O)(C#C)[C@@]1(C)CC[C@@]1([H])[C@@]2([H])CCC2=CC3=C(C[C@]12C)C=NO3
2004,[O-]C(=O)C\C(=C\C([O-])=O)C([O-])=O
2005,CCCC(=O)NC1=CC(C(C)=O)=C(OCC(O)CNC(C)C)C=C1
2006,OC(=O)CCCN1C2=C(C(=O)C3=CC=CC=C23)C2=CC=CC=C2C1=O
2007,NC1=CC=C2NC(=CC2=N1)C1=CC(CC(O)=O)=CC(=C1O)C1=CC=CC(=C1)[N+]([O-])=O
2008,C[C@]1(OP(O)(O)=O)O[C@H](CO)[C@@H](O)[C@H](O)[C@H]1O
2009,[H][C@]1(O)[C@]([H])(O)[C@@]([H])(CO)O[C@]([H])(C(O)=N)[C@]1([H])O
2010,COC(=O)CCC(=O)CN
2011,[H][C@]1(N)CC(=CC[C@]1([H])C1=CC(F)=C(F)C=C1F)C(=O)N1CCN2C(C1)=NN=C2C(F)(F)F
2012,CCSC1=CC2=C(SC3=CC=CC=C3N2CCCN2CCN(C)CC2)C=C1
2013,OC(=O)CCCC1=CNC2=C1C=CC=C2
2014,CC1=NN=C(NS(=O)(=O)C2=CC=C(N)C=C2)S1
2015,CN(C1CCN(CC1)C(=O)C1=CC2=CC=CC=C2C=C1)C(=O)C1=CC2=CC=CC=C2C=C1C(=O)[C@@H](C1=CC=CC2=CC=CC=C12)P(O)(O)=O
2016,[H][C@]1(O)CC(=O)O[C@@]([H])(CC[C@@]2([H])[C@@]([H])(C)C=CC3=CCC[C@]([H])(O)[C@]23[H])C1
2017,CSC1=NC2=C(N1)C(Br)=C(Br)C(Br)=C2Br
2018,[H][C@@](N)(CC(C)C)C(=O)N1CCC[C@@]1([H])C(=O)NCC1=CC=C(C=C1)C(N)=N
2019,[H][C@]1(CCCN1C(=O)CNC1CCCC1)C(=O)NCC1=CC=C(C=C1)C(N)=N
2020,CCN1C=C(C(O)=O)C(=O)C2=CC(F)=C(N3CCNC(C)C3)C(F)=C12
2021,CCN1C(=O)NC(C1=O)C1=CC=CC=C1
2022,CC(C)=CCC\C(C)=C\CC\C(C)=C\COP(O)(=O)OP(O)(O)=O
2023,CNCCC1=CC=CC=N1
2024,[H][C@]1(O)CC[C@@]2([H])[C@]3([H])CC[C@]4([H])CC(=O)CC[C@]4(C)[C@@]3([H])CC[C@]12C
2025,OC(=O)CNC(=O)C1=C(O)C2=CC=CC=C2C(Cl)=N1
2026,N[C@H](CC1=CC(I)=C(OC2=CC(I)=C(O)C(I)=C2)C(I)=C1)C(O)=O
2027,[H][C@]1(O)O[C@]([H])(CO)[C@@]([H])(O[C@]2([H])OC(=C[C@]([H])(O)[C@@]2([H])OS([O-])(=O)=O)C([O-])=O)[C@]([H])(O)[C@@]1([H])NS([O-])(=O)=O
2028,N[C@@H](CSCC1=CC=CC=C1)C(O)=O
2029,OC(=O)C1=C(O)C=CC(=C1)S(=O)(=O)NCCS
2030,C[N+](C)(C)CCO
2031,[H][C@](CCCCC(O)=O)(CCSCN)SSCCO
2032,[H][C@]1(N)[C@@]([H])(O)[C@@]([H])(CO)O[C@@]([H])(OCCCCCC)[C@]1([H])O
2033,CC(C)(C)C1=C\C(=N/C(=O)NC2=CC=C(Cl)C=C2)N(N1)C1=CC=CC=C1
2034,C1CCN(CC1)C1(CCCCC1)C1=CC=CS1
2035,OC(=O)CCCCCNC(=O)CCC[P@](O)(=O)OC1=CC=C(C=C1)[N+]([O-])=O
2036,[H][C@@](C(=O)NC1=CC=C2C=CC=CC2=C1)(C1=CSC2=C1C=C(Cl)C=C2)P(O)(O)=O
2037,ClC1=CC=C(NC2=NN=C(CC3=CC=NC=C3)C3=CC=CC=C23)C=C1
2038,NC(=N)C1=CC2=C(C=C1)N=C(N2)C(O)(O)C1=NC2=C(N1)C=C(C=C2)C([NH3+])=[NH2+]
2039,CP([O-])=O
2040,[H][C@](C#N)(C1=NC2=C(S1)C=CC=C2)C1=NC(NCCC2=CC=CN=C2)=NC=C1
2041,[H][C@]1(N)CN2C(C[C@]1([H])C1=C(F)C=C(F)C(F)=C1)=NC1=CC(=CC=C21)S(C)(=O)=O
2042,C[C@H](NC1=NC=CC(=N1)C1=C(N=C(C2CCNCC2)N1C)C1=CC(=CC=C1)C(F)(F)F)C1=CC=CC=C1
2043,OCC1=CC=C(F)C=C1F
2044,[H][C@](C)(O)[C@]([H])(N=C(O)[C@@]1([H])O[C@]1([H])C(=O)OCC)C(O)=N[C@]([H])(C(O)=O)[C@@]([H])(C)CC
2045,[H][C@@]12CC[C@@](O)(C#C)[C@@]1(CC)CC(=C)[C@]1([H])[C@@]3([H])CCCC=C3CC[C@@]21[H]
2046,[H][C@]1(CO)O[C@@]([H])(N2C=CC(O)=NC2=O)[C@]([H])(OP(O)(=O)OC[C@@]2([H])O[C@@]([H])(N3C=NC4=C(N)N=CN=C34)[C@]([H])(O)[C@]2([H])O)[C@]1([H])O
2047,O\N=C\C1=C2C=CC=CC2=C(C=C1)C1=CC=C(O)C=C1
2048,CCC1=C(CC)C=C2CC(CC2=C1)NC[C@H](O)C1=C2C=CC(=O)NC2=C(O)C=C1
2049,[H][C@]1(CC(=NN1C(C)=O)C1=C(Cl)C=CC=C1)C1=CC=CC(O)=C1
2050,[H]\C(CC)=C(/[H])C1=C(O)C=C2CC[C@@]3([H])[C@]4([H])CC[C@]([H])(O)[C@@]4(C)CC[C@]3([H])C2=C1
2051,OC[C@H]1O[C@H]([C@H](O)[C@@H]1O)N1C=NC2=C(N[C@@H]3CCOC3)N=CN=C12
2052,[H][C@@]1(CC[C@@]2([H])[C@]3([H])CC[C@]4([H])CC(=O)CC[C@]4(C)[C@@]3([H])CC[C@]12C)C(C)=O
2053,[H][C@@](CCCC)(NC(=O)OC1(CC2=CC=CC=C2)CCCC1)C=O
2054,COC1=CC=CC2=C1C(=O)C1=C(O)C3=C(C[C@](O)(C[C@@H]3O[C@H]3C[C@H](N)[C@@H](O)[C@H](C)O3)C(=O)CO)C(O)=C1C2=O
2055,[H][C@](N)(C(C)C)C(=O)N1CCCC1
2056,[H]\C(CCCC(O)=O)=C(/[H])C[C@@]1([H])[C@]2([H])C[C@@]([H])(N=N2)[C@]1([H])C(\[H])=C(/[H])CCCCCC
2057,NS(=O)(=O)C1=CC=C(CCC(O)=O)C=C1
2058,[H][C@]1(C)O[C@]([H])(O[C@]2([H])[C@@]([H])(CO)O[C@]([H])(O)[C@]([H])(O)[C@@]2([H])O)[C@]([H])(O)[C@@]([H])(O)[C@]1([H])N[C@@]1([H])C=C(CO)[C@@]([H])(O[C@@]2([H])O[C@]([H])(CO)[C@@]([H])(O[C@@]3([H])O[C@]([H])(CO)[C@@]([H])(O)[C@]([H])(O)[C@@]3([H])O)[C@]([H])(O)[C@@]2([H])O)[C@]([H])(O)[C@@]1([H])O
2059,[H][C@]1(CO)N[C@@]([H])(C2=CNC3=C2NC(=N)N=C3O)[C@]([H])(O)[C@]1([H])O
2060,CCC1=C(C(=O)C2=CC(Br)=C(O)C(Br)=C2)C2=C(O1)C=C(C=C2)S(=O)(=O)NC1=CC=C(C=C1)S(=O)(=O)NC1=NC=CS1
2061,[H][C@]12N(C)CC[C@@]1(C)C1=C(C=CC(OC(=O)NC)=C1)N2C
2062,NS(=O)(=O)OC1=CC=C2C=C(CC3CCCCCC3)S(=O)(=O)C2=C1
2063,COC[C@@H](NC(C)=O)C(=O)NCC1=CC=CC=C1
2064,C=CC(=O)NC1=CC=C2N=CN=C(NC3=CC=CC=C3)C2=C1
2065,CC[Se]C(N)=N
2066,CCCCCCCCCCCC[N+](C)(C)C
2067,[H][C@](CCC1=CC=C(C=C1)C(N)=N)(CC(=O)OC)C1=CC=CC(=C1)C(N)=N
2068,CCOC1=NC(=CC=C1C#N)C(=O)NCC1=CC(OC)=CC=C1OC
2069,[H][C@@]1(CC[C@@]2(C)[C@@]([H])(CC[C@]3(C)[C@]2([H])C(=O)C=C2[C@]4([H])C[C@](C)(CC[C@]4(C)CC[C@@]32C)C(O)=O)C1(C)C)OC(=O)CCC(O)=O
2070,[H]/C1=C([H])\C(=O)O[C@]([H])([C@@]([H])(C)[C@@]([H])(OC)[C@@]([H])(C)CCC(=O)[C@]([H])(C)[C@@]([H])(CCC(O)=O)OC)[C@@]([H])(C)\C([H])=C([H])\[C@@]([H])(C[C@]([H])(OC)[C@@]([H])(C)\C([H])=C([H])\[C@]([H])(C[C@]([H])(OC)[C@@]([H])(C)[C@@]2([H])CC(C[C@@]([H])(C\C(C)=C\1/[H])OC)=CC(=O)O2)OC)OC
2071,OC(=O)C1=NON=C1O
2072,CC(C)[C@H](OC(=O)NC[C@H](CC(O)=O)C1=CC=C(Cl)C=C1)OC(=O)C(C)C
2073,CCO[P@](O)(=O)N(CC)CC
2074,CCCCS(=O)(=O)N[C@@H](CC1=CC=C(OCCCCC2CCNCC2)C=C1)C(O)=O
2075,CN1N=C(C2=C1SC(=C2)C(=O)NCCS)C(F)(F)F
2076,COCCCOC1=C(C)C(CS(=O)C2=NC3=CC=CC=C3N2)=NC=C1
2077,COC(=O)C(CC1=CC=CC=C1)(CC1=CC=C(NS(O)(=O)=O)C=C1)C(=O)OC
2078,CC1=C(CC(N)=O)C2=C(C=CC(OCCCC(O)=O)=C2)N1CC1=CC=CC=C1
2079,O\N=C1\C(\NC2=C\1C=CC=C2)=C1\C(=O)NC2=C1C=CC=C2
2080,CCN=O
2081,CCN1N=CC2=C1N=CC(C(=O)NCC1=CC=CC=C1)=C2NC1CCOCC1
2082,CC(C)CC(NC(=O)CNC(=O)C(CC1=CC=C(O)C=C1)NC(=O)C(CO)NC(=O)C(CC1=CNC2=CC=CC=C12)NC(=O)C(CC1=CN=CN1)NC(=O)C1CCC(=O)N1)C(=O)NC(CCCN=C(N)N)C(=O)N1CCCC1C(=O)NCC(N)=O
2083,CC(S)C(O)=NCC(O)=O
2084,CC1=CC(OCCNC2=CC=[NH+]C=C2)=CC(NS(=O)(=O)C2=CC=CC=C2)=C1
2085,OC(=O)CSCC(=O)NC1CCSC1=O
2086,CN(CC1=CC2=C(NC(C)=NC2=O)C=C1)C1=CC=C(S1)C(=O)N[C@@H](CCC(O)=O)C(O)=O
2087,CCOP(=O)(OCC)[C@@H](C)NC(=O)N(CCCl)N=O
2088,OC(=O)C1=CC=C(OCCN2C=CN=C2)C=C1
2089,[H][C@@]1(OC(=O)[C@@](O)(CCCC(C)(C)O)CC(=O)OC)C(OC)=C[C@]23CCCN2CCC2=CC4=C(OCO4)C=C2[C@]13[H]
2090,COC1=CC(=CC=C1)N1CCC2=C(SC(=C2)S(N)(=O)=O)S1(=O)=O
2091,N1C=CC=N1
2092,C[N+](C)(C)CCOP(O)(O)=O
2093,FC(F)(F)CNC(=O)C1(CCCCN2CCC(CC2)NC(=O)C2=C(C=CC=C2)C2=CC=C(C=C2)C(F)(F)F)C2=CC=CC=C2C2=CC=CC=C12
2094,[H][C@]12CN(C[C@@]1([H])NCCC2)C1=C(F)C=C2C(=O)C(=CN(C3CC3)C2=C1OC)C(O)=O
2095,CCC1=CC(CCN)=CC=C1O
2096,COC1=CC=CC2=C1NC1=C(C=CC=C1C(=O)NC1=CC=C(CCN3CCC4=CC(OC)=C(OC)C=C4C3)C=C1)C2=O
2097,NCCCCN(CC1=NC2=CC=CC=C2N1)[C@H]1CCCC2=C1N=CC=C2
2098,[H][C@](CCC)(C=CS(=O)(=O)C1=CC=CC=C1)N=C(O)[C@]([H])(CC1=CC=CC=C1)N=C(O)N1CCC(CC1)N1CCOCC1
2099,[H][C@]12SCC(COC(C)=O)=C(N1C(=O)[C@H]2NC(=O)C(=N/OC)\C1=CSC(N)=N1)C(O)=O
2100,[H][C@@]12C[C@H](O)[C@@]3(C)C(=O)[C@H](O)C4=C(C)[C@H](C[C@@](O)([C@@H](OC(=O)C5=CC=CC=C5)[C@]3([H])[C@@]1(CO2)OC(C)=O)C4(C)C)OC(=O)[C@H](O)[C@@H](NC(=O)OC(C)(C)C)C1=CC=CC=C1
2101,[H][C@]1(CO)O[C@@]2(N=C(O)N(N)C2=O)[C@]([H])(O)[C@@]([H])(O)[C@]1([H])O
2102,[H][C@@]12CCC[C@]1([H])[C@@]([H])(OC1=C2C=C(O)C=C1COC)C1=CC=C(O)C=C1
2103,CC(C)NC1=CC(Cl)=NC2=C(C=NN12)C#N
2104,ONC(=O)C1(CCOCC1)S(=O)(=O)C1=CC=C(OC2=CC=C(C=C2)C(F)(F)F)C=C1
2105,C\C(\C=C\C1=C(C)CCCC1(C)C)=C/C=C/C(/C)=C\C(O)=O
2106,CCC1=C(O)C=C(O)C(=C1)C1=NNC=C1C1=CNC=N1
2107,FCCOC1=CC=CC(NC(=O)CCC(=O)NC2=CC=C3C(=O)NC(=O)C(=O)C3=C2)=C1
2108,CC(C)(C)NC1=NC(N)=C(S1)C(=O)C1=CC=CC=C1
2109,N[C@H](CS)C(O)=O
2110,CC(O)(P(O)(O)=O)P(O)(O)=O
2111,[H][C@@](N)(CC)C(=O)N1CCC[C@@]1([H])C(=O)NCC1=CC=CC(Cl)=C1
2112,CC(C)C1=CC2=C(OC3=NC(N)=C(C=C3C2=O)C(O)=O)C=C1
2113,[H][C@](CN)(CCC(O)=O)[C@]([H])(CCN)CC(O)=O
2114,CC(C)(C)C1=NC2=C3C=CC(F)=CC3=C3C(=O)NC=CC3=C2N1
2115,NC1=CC=C(C=C1)S(N)(=O)=O
2116,[H][C@](CC1=CNC2=C1C=C(C)C=C2)(NS(=O)(=O)C1=CC=C(OCC#CC)C=C1)C(O)=O
2117,OC(=O)COC1=CC(F)=CC=C1C(=O)NCC1=NC2=C(S1)C(F)=CC(F)=C2F
2118,[H][C@@](CC)(C=O)[C@@]([H])(CNS(=O)(=O)C1=CC=C(C)C=C1)C(O)=O
2119,[H][C@]1(C[C@@H]2CC[N@]1C[C@@H]2C=C)[C@H](O)C1=CC=NC2=CC=C(OC)C=C12
2120,NS(=O)(=O)C1=CC=C(C=C1)\N=N\C1=C2C=C(Br)C=CC2=NC1=O
2121,C[C@H](CCCC(C)(C)O)[C@@]1([H])CC[C@@]2([H])\C(CCC[C@]12C)=C\C=C1\C[C@@H](O)CCC1=C
2122,NCCCCCCCNC(N)N
2123,[H]N(C)C(=O)[C@H]1CC2=C(CN1C(=O)OC(C)(C)C)C=C(C=C2)N([H])S(O)(=O)=O
2124,OC(O)CC1=CC(Br)=C(OC2=CC(C(O)NCCC3=CC=CC=C3)=C(O)C=C2)C(Br)=C1
2125,[H][C@]1(N)[C@@]([H])(O)[C@@]([H])(CO)O[C@@]([H])(OCCCCCCCC)[C@]1([H])O
2126,OC1=C(C=C(CC(=O)NCCCCCC([O-])=O)C=C1)[N+]([O-])=O
2127,CCOC(=O)C1(CCN(CCC(C#N)(C2=CC=CC=C2)C2=CC=CC=C2)CC1)C1=CC=CC=C1
2128,OC1=CC(=CC(=C1O)[N+]([O-])=O)[N+]([O-])=O
2129,CN1CCC(CC1)=C1C2=CC=CC=C2C=CC2=CC=CC=C12
2130,NC1=CC=CC2=C1C(=O)N(C1CCC(=O)NC1=O)C2=O
2131,[H][C@@]12CCC[N@@]1[C@@]([H])(C1=CC=C(C=C1)C(N)=[NH2+])[C@@]1([H])C(=O)N(CC3=CC=C(F)C=C3)C(=O)[C@@]21[H]
2132,[H][C@]12CC[C@]([H])(C[C@@]([H])(C1)OC(=O)C1=CNC3=C1C=CC=N3)N2C
2133,[H][C@@]12N(C)C3=CC(OC)=C(C=C3[C@@]11CCN3CC=C[C@](CC)([C@@]13[H])[C@@]([H])(OC(C)=O)[C@]2(O)C(=O)OC)[C@]1(C[C@@]2([H])CN(CC(CC)=C2)CC2=C1NC1=CC=CC=C21)C(=O)OC
2134,CC(CC1=CC=CC=C1)NCCC(C1=CC=CC=C1)C1=CC=CC=C1
2135,CCCN1C(=NC(=C1C1=CC=NC(NC2CCCCC2)=N1)C1=CC=C(Cl)C(Cl)=C1)C1CCNCC1
2136,[H][C@@](CCC(O)=O)(NC(=O)C1=CC=C(CCC2=CNC3=C2C(O)=NC(=N)N3)C=C1)C(O)=O
2137,CCOC(=O)C(C)(C)NP(=O)(NC(C)(C)C(=O)OCC)C1=CC=C(O1)C1=C(SC(N)=N1)C(=O)C(C)(C)C
2138,CN(C)C1=CC=C(C=C1)C1=C(N=CN=C1N)C#CC1=CC=C(N=C1)N1CCOCC1
2139,OCC(O)COC1=CC=C(Cl)C=C1
2140,CCCCCCCCCCCCCCCCCC(=O)O[Al](O)O
2141,N[C@H](CCCNC(N)=N)C(O)=O
2142,[H][C@]1(C)SC(=O)NN=C1C1=CC2=C(C=C1)N(CCC2)C(=O)C1=CC(OC)=C(OC)C=C1
2143,[H][C@](CC(=O)NO)(CC1=CC(O)=CC=C1)C(=O)N[C@@]1([H])C2=C(C[C@@]1([H])O)C=CC=C2
2144,[H][C@@]12CCC[C@]1([H])N([C@@H](C2)C(O)=O)C(=O)[C@H](C)N[C@@H](CCC1=CC=CC=C1)C(=O)OCC
2145,OC1=CC=C(C=C1)C1=CC2=C(OC1)C=C(O)C=C2
2146,NCCCC(=O)NC1=CC=C(OCC2=CC=CC=C2)C=C1
2147,OC[C@H](O)[C@@H](O)[C@H](O)[C@H](O)COP(O)(O)=O
2148,NS(=O)(=O)C1=C(F)C=CC=C1F
2149,[H][C@]1(F)C[C@@]([H])(O[C@]1([H])COP(O)(=O)OP(O)(O)=O)N1C=CC(O)=NC1=O
2150,CCNC(=O)N1N=C(C[C@@]1(CCCN)C1=CC=CC=C1)C1=C(F)C=CC(F)=C1
2151,NC1=NC(=O)C2=C(NCC(CNC3=CC=C(C=C3)C(=O)N[C@@H](CCC(O)=O)C(O)=O)N2)N1
2152,[H][C@](COCCCCCCCCCC)(COCC(F)(F)F)O[P@](O)(=O)OC
2153,CN1C=NC2=C1C(=O)NC(=O)N2C
2154,[H][C@]12COC(=O)[C@]1([H])[C@H](C1=CC(OC)=C(OC)C(OC)=C1)C1=CC3=C(OCO3)C=C1[C@@H]2O
2155,[H][C@@](C)(CN1C=NC2=C(N)N=CN=C12)OCP(=O)(OCOC(=O)OC(C)C)OCOC(=O)OC(C)C
2156,O[C@@H](CNCCCCC1=CC=C(O)C=C1)C1=CC(O)=C(O)C=C1
2157,CC(=O)C(O)=O
2158,[H][C@@]1(O)CC2=C(C=CC3=C2C2=C(C=CC=C2)C=C3)[C@@]([H])(O)[C@]1([H])O
2159,COC1=C(OC)C=C2C(=O)C(CC3CCN(CC4=CC=CC=C4)CC3)CC2=C1
2160,[H][C@@]12CC[C@H](C(C)=O)[C@@]1(C)CC[C@]1([H])[C@@]2([H])C=CC2=CC(=O)CC[C@@]12C
2161,CC1=C(C2=CC3=C(C=C2)N=C(N)N=C3)C(=O)N(C=C1)C1=CC(=CC=C1)C(F)(F)F
2162,[H][C@]1(CO)O[C@@]([H])(N=C(C)O)[C@]([H])(O)[C@@]([H])(O)[C@]1([H])O
2163,CC1=CC(=CC(C)=C1)C(=O)N(NC(=O)C1=C(C)C2=C(OCCO2)C=C1)C(C)(C)C
2164,NC(=O)C1=CC(=CC(=C1)C1=CC=C(C=C1)C1=CC=CC=C1)C(O)=O
2165,[H][C@@]1(F)C(F)=CC=C(C(=O)NOCCO)\C1=N\C1=C(F)C=C(I)C=C1
2166,CN1[C@H]2CC[C@@H]1C[C@@H](C2)OC(=O)C(CO)C1=CC=CC=C1
2167,[H][C@@]12C[C@H](C)[C@](OC(=O)CC)(C(=O)COC(=O)CC)[C@@]1(C)C[C@H](O)[C@@]1(Cl)[C@@]2([H])CCC2=CC(=O)C=C[C@]12C
2168,[H][C@](N)(CSCCS(N)(=O)=O)C(O)=O
2169,[H][C@@](CCC(O)=O)(C[P@](O)(=O)CC1=CC=C(I)C=C1)C(O)=O
2170,CC1=C2C=CC=CC2=C(CCC(O)=O)C2=C1C=CC=C2
2171,[H][C@]1(O)N=C(O)C2=C3C4=CC=CC=C4N4C3=C3N(C5=CC=CC=C5C3=C12)[C@@]1(C)O[C@]4([H])C[C@@]([H])(NC)[C@@]1([H])OC
2172,O=C1NC=NC2=C1C1=C(CCCC1)S2
2173,[H][C@@](CCCCN)(NC(=O)[C@]1([H])CCCN1C(=O)[C@@]([H])(CC1=CC=CC=C1)NC(C)=O)B(O)O
2174,FC(F)(F)C1=CC=CC=C1C1=CC=C(CC2C(=O)NC(=S)NC2=O)O1
2175,CC1=NN=C2CN=C(C3=CC=CC=C3)C3=C(C=CC(Cl)=C3)N12
2176,[H][C@](N)(CC1=CC=C(OC)C=C1)C(=O)N[C@]1([H])[C@@]([H])(CO)O[C@@]([H])(N2C=NC3=C(N=CN=C23)N(C)C)[C@]1([H])O
2177,CC(=O)NC1=CC=C(OC[C@](C)(O)C(=O)NC2=CC(=C(C=C2)[N+]([O-])=O)C(F)(F)F)C=C1
2178,CC1=CC(=O)N(O)C(=C1)C1CCCCC1
2179,ClC1=CC=C(C=C1)C(=O)NCCN1CCOCC1
2180,CC(=O)ONC(=O)C1=C(O)C=CC=C1
2181,COC1=CC=NC(NC2CCN(CC2)C(=O)C2=CC=C(C=C2)C#N)=C1
2182,[H]C(=O)[C@H](CCCC)NC(=O)[C@H](CC(C)C)NC(=O)[C@H](CC(C)C)NC(C)=O
2183,[H][C@@](CC)(CO)NC1=NC2=C(N=CN2C(C)C)C(=N1)N(C)CC1=CC=CC=C1
2184,[H][C@]12O[C@]([H])(C(=C1C1=CC=C(O)C=C1)C1=CC=C(O)C=C1)[C@]([H])(C(=O)OCC)[C@]2([H])C(=O)OCC
2185,[H][C@]1(O)O[C@]([H])(COS([O-])(=O)=O)[C@@]([H])(O[C@]2([H])OC(=C[C@]([H])(O)[C@@]2([H])OS([O-])(=O)=O)C([O-])=O)[C@]([H])(O)[C@@]1([H])NS([O-])(=O)=O
2186,N=C1NC(=O)\C(S1)=C/C1=CC=CC=N1
2187,[H][C@]1(C\C(=N/O)C2=C(C1)N=C(N)N=C2C)C1=CC=C(F)C=C1C1=CC=CN=C1
2188,O[C@H](COP(O)(O)=O)[C@H](O)[C@H](O)C(=O)COP(O)(O)=O
2189,C[N@@+]12CC[C@@H](CC1)C(C2)OC(=O)C(O)(C1=CC=CC=C1)C1=CC=CC=C1
2190,NC(=N)C1=CC2=C(NC(=O)C3=CC=CC(=C3)S(=O)(=O)OCCCO)C=CC=C2C=C1
2191,[H][C@]1(CO)O[C@@]([H])(S[C@]2([H])O[C@]([H])(CO)[C@]([H])(O)[C@]([H])(O)[C@@]2([H])O)[C@]([H])(O)[C@@]([H])(O)[C@@]1([H])O
2192,C([C@H]1CN(CCN1)C1=NN=C(C2=CC3=CC=CC=C3C=C2)C(=C1)C1=CC=NC=C1)C1=CC=CC=C1
2193,CN(CC#C)CC1=CC=CC=C1
2194,[H][C@@]12CCC3=CC(C(C)C)=C(C=C3[C@@]1(C)CCC[C@@]2(C)C(O)=O)S(O)(=O)=O
2195,CCOC(=O)[C@H](CCC1=CC=CC=C1)N[C@H]1CS[C@@H](CN(CC(O)=O)C1=O)C1=CC=CS1
2196,CCOC(=O)N1C=CN(C)C1=S
2197,C\C(=C/S(=O)(=O)N[C@@]1([H])CCN([C@](C)([H])C(=O)N2CCOCC2)C1=O)C1=CC=C(Cl)S1
2198,CC(=N)NCC[C@@H](F)C[C@H](N)C(O)=O
2199,OC1=CC2=C(C(O)=C1)C(=O)C=C(O2)C1=CC(O)=C(O)C(O)=C1
2200,N[C@@H](CC(C(O)=O)C(O)=O)C(O)=O
2201,OC(=O)C1=CC=CC=C1NC1=CC(=CC=C1)C(F)(F)F
2202,CN(CCO)C1=NC=NC2=C1C(=C(O2)C1=CC=CC=C1)C1=CC=CC=C1
2203,[H][C@@](C)(N(C)C)C1=CC(O)=CC=C1
2204,CCCCCCCCCCCCC\C=C\[C@@H](O)[C@H](CO[C@@H]1O[C@H](CO)[C@H](O)[C@H](OS(O)(=O)=O)[C@H]1O)NC(=O)CCCCCCCCCCCCC\C=C/CCCCCCCC
2205,[H][C@@](N1C=NC2=NN(C=C2C1=S)[C@@]1([H])C=CN(C=C1C([O-])=N)[C@]1([H])O[C@]([H])(COP([O-])(=O)OP(O)(=O)OC[C@@]2([H])O[C@@]([H])(N3C=NC4=C(N)N=CN=C34)[C@]([H])([O-])[C@]2([H])[O-])[C@@]([H])(O)[C@@]1([H])O)(C(=O)N1CCCCCC1)C1=CC=CC=C1
2206,CC(C)C[C@H](CN)CC(O)=O
2207,CN1C(CC2=CC=C(C=C2)C(N)=N)=NC2=C1C=CC(NS(=O)(=O)C1=CC=CC=C1)=C2
2208,[H][C@@]1(O)CC2=C3C=CC4=CC=CC5=CC=C(C=C2[C@@]([H])(O)[C@]1([H])O)C3=C45
2209,[H][C@@](O)(COP(O)(=O)OP(O)(=O)OC[C@@]1([H])O[C@@]([H])([N+]2=CN=C3C2=NC=NC3=N)[C@]([H])(O)[C@]1([H])O)[C@@]([H])(O)[C@@]([H])(O)CN1C2=C(C=C(C)C(C)=C2)N(C(=O)C(C)C)C2=C1N=C(O)N=C2[O-]
2210,NC1=C2N=CN([C@@H]3O[C@@H]4COP(O)(=O)O[C@H]4[C@H]3O)C2=NC=N1
2211,CC1=C(SC(N)=N1)C1=NC(NC2=CC=CC(=C2)[N+]([O-])=O)=NC=C1
2212,OC(=O)CCCCCCNC1C2=CC=CC=C2CCC2=CC=CC=C12
2213,[H][C@]1(OC2=C(C=C(C=C2)C2=C(N)N=C(N)N=C2CC)N(CCCOC)C1=O)C1=CC(F)=CC(F)=C1
2214,[H][C@@]12CC[C@](C)(O)[C@@]1(C)CC[C@@]1([H])[C@@]2([H])[C@@H](C)CC2=CC(=O)CC[C@]12C
2215,NC(=O)OC1(CCCCC1)C#C
2216,CC(C)NC[C@@H](O)COC1=CC=C(CC(N)=O)C=C1
2217,CN1N=C(SC1=NC(C)=O)S(N)(=O)=O
2218,FC1(F)OC2=C(O1)C=C(\C=C1/SC(=O)NC1=O)C=C2
2219,COC1=CC=C(CCN2CCC(CC2)NC2=NC3=CC=CC=C3N2CC2=CC=C(F)C=C2)C=C1
2220,[H][C@@]12CO[P@@](O)(=S)O[C@@]1([H])[C@@]([H])(O)[C@@]([H])(O2)N1C=NC2=C(N)N=CN=C12
2221,CCCCCCCCCCCC[P+](C)(C)CC(P(O)(O)=O)P(O)(O)=O
2222,BrC1=C2N=C(C=C(NCC3=CC=NC=C3)N2N=C1)C1=CC=CC=C1
2223,N[C@@H](CC1=CC=CS1)C(O)=O
2224,COC(=O)[C@@H](C)C1=CC=C(C(F)=C1)C1=CC=CC=C1
2225,C[C@@H](O)[C@H](N)C(O)=O
2226,O=N[Fe--](C#N)(C#N)(C#N)(C#N)C#N
2227,COC1=CC(=O)N(C)C2=C1C=CC1=C2OCO1
2228,[H][C@@](CC(C)C)(CC(=O)NO)C(=O)N[C@@]([H])(CC1=CC=C(OC)C=C1)C(=O)NC
2229,[H][C@@](CO)(NC1=NC(NC2=CC=CC(Cl)=C2)=C2N=CN(C(C)C)C2=N1)C(C)C
2230,[H][C@@](CCC(O)=O)(NC(=O)C1=CC=C(NC[C@]2([H])CNC3=C(N2C=O)C(O)=NC(=N)N3)C=C1)C(O)=O
2231,NC1=NC2=C(N3[C@@H](COC3=O)CN2)C(=O)N1
2232,CCCC1=NN(C)C2=C1N=C(NC2=O)C1=C(OCC)SC(=C1)S(N)(=O)=O
2233,COC1=CC=C(C=C1)C1=CC=C(C=C1)S(=O)(=O)N[C@@H](C(C)C)P(O)(O)=O
2234,[H][C@]1(CN[C@@]([H])(C1)C(=O)N1CCC(F)(F)C1)N1CCN(CC1)C1=NC=CC=N1
2235,[H][C@](N)(CC1=CC=C(O)C=C1)C=O
2236,CC[N+](C)(CC)CCC[N+]1=C(C2=CC=CC=C2)C2=C(C=CC(N)=C2)C2=C1C=C(N)C=C2
2237,O=C(NC1=CC=C(OC2=CC=CC=C2)C=C1)C1=C(NCC2=CC=NC=C2)N=CC=C1
2238,[H][C@@]1(CO)COB(O1)C1=CC=C(CNC(N)=N)C=C1
2239,CC1=CC2=C(C=C1C)N(C[C@H](O)[C@H](O)[C@H](O)CO[P@](O)(=O)O[P@@](O)(=O)OC[C@H]1O[C@H]([C@H](O)[C@@H]1O)N1C=NC3=C1N=CN=C3N)C1=NC(=O)NC(=O)C1=N2
2240,N#CC1=NC=CC(=C1)C1=NNC(=N1)C1=CC=NC=C1
2241,ONC(=O)C1(CS(=O)(=O)C2=CC=C(OC3=CC=C(Cl)C=C3)C=C2)CCOCC1
2242,OC1=CC=C(C=C1)C1=C(Br)C2=C(C=C(O)C=C2)C1=O
2243,CC1=CC=CC=C1N1CCN(CCC2=NN=C3CCCCN23)CC1
2244,[H][C@](O)(NC1=CC(=C(C=C1)C#N)C(F)(F)F)[C@@](C)(O)COC1=CC=C(C=C1)[N+]([O-])=O
2245,CC(C)(SC1=CC(=C(O)C(=C1)C(C)(C)C)C(C)(C)C)SC1=CC(=C(O)C(=C1)C(C)(C)C)C(C)(C)C
2246,[H][C@@](O)(CCCCCCCCCCC)CC(O)=O
2247,CC1=C(CCC(O)=O)/C2=C/C3=N/C(=C\C4=C(C)C(CCC(O)=O)=C(N4)/C=C4\N=C(\C=C\1/N\2)C(CCC(O)=O)=C4C)/C(CCC(O)=O)=C3C
2248,[H][C@](CCC(O)=O)(CCC1=CC=CC=C1)N=C(O)CCCCCCC1=CC=CC=C1
2249,[H]N[C@@H](CCCCN)C(=O)N[C@H]1CSSC[C@H](NC(=O)[C@@]([H])(NC(=O)[C@H](C)NC(=O)[C@@]([H])(NC(=O)[C@H](CC(N)=O)NC1=O)[C@@H](C)O)[C@@H](C)O)C(=O)N[C@@H](C)C(=O)N[C@@]([H])([C@@H](C)O)C(=O)N[C@@H](CCC(N)=O)C(=O)N[C@@H](CCCNC(N)=N)C(=O)N[C@@H](CC(C)C)C(=O)N[C@@H](C)C(=O)N[C@@H](CC(N)=O)C(=O)N[C@@H](CC1=CC=CC=C1)C(=O)N[C@@H](CC(C)C)C(=O)N[C@@H](C(C)C)C(=O)N[C@@H](CC1=CN=CN1)C(=O)N[C@@H](CO)C(=O)N[C@@H](CO)C(=O)N[C@@H](CC(N)=O)C(=O)N[C@@H](CC(N)=O)C(=O)N[C@@H](CC1=CC=CC=C1)C(=O)NCC(=O)N1CCC[C@H]1C(=O)N[C@@]([H])([C@@H](C)CC)C(=O)N[C@@H](CC(C)C)C(=O)N1CCC[C@H]1C(=O)N1CCC[C@H]1C(=O)N[C@@]([H])([C@@H](C)O)C(=O)N[C@@H](CC(N)=O)C(=O)N[C@@H](C(C)C)C(=O)NCC(=O)N[C@@H](CO)C(=O)N[C@@H](CC(N)=O)C(=O)N[C@@]([H])([C@@H](C)O)C(=O)N[C@@H](CC1=CC=C(O)C=C1)C(N)=O
2250,COC1=CC2=C(C=C1)C=C(C=C2)[C@H](C)C(O)=O
2251,NS(=O)(=O)C1=C(Cl)C=C2NC(NS(=O)(=O)C2=C1)C(Cl)Cl
2252,[H][C@]1(CCC2=CC=C(O)C=C12)NCC#C
2253,CCC(=O)N(C1CCN(CCC2=CC=CC=C2)CC1)C1=CC=CC=C1
2254,C(CN1CCNCC1)NC1=C2C(OC(=C2C2=CC=CC=C2)C2=CC=CC=C2)=NC=N1
2255,BrC1=CC=CC(NC2=C3C=C(NC(=O)C=C)C=CC3=NC=N2)=C1
2256,NC1=NC(=O)C2=C(N1)N=CN2
2257,[H][C@]1(CCCN1C(=O)CNC1CCCCCCC1)C(=O)NCC1=CC=C(C=C1)C(N)=N
2258,[H][C@](O)(CC1=CNC2=C1C=CC=C2)C(O)=O
2259,ClC1=C(N2CCN(CC#C)CC2)C(NC(=O)C2=CC=C(Br)O2)=CC=C1
2260,OC1=C([C@H]2CC[C@@H](CC2)C2=CC=C(Cl)C=C2)C(=O)C2=CC=CC=C2C1=O
2261,COC(=O)C1=C(C)C=C(OC2=C(O)C(O)=CC(C)=C2)C=C1O
2262,CN1C(=O)C(C)=CC(C(=O)NOCCO)=C1NC1=CC=C(I)C=C1F
2263,C[C@H](N)C(O)=O
2264,CC(S)C1=C2C=C3C(C)=C(C(C)S)C4=[N+]3[Fe--]35N6C(=C4)C(C)=C(CCC(O)=O)C6=CC4=[N+]3C(=CC(N25)=C1C)C(C)=C4CCC(O)=O
2265,CC(C)C(=O)[C@@]12C(O)=C(CC=C(C)C)C(=O)[C@@](CC=C(C)C)(C[C@H](CC=C(C)C)[C@@]1(C)CCC=C(C)C)C2=O
2266,[H][C@]1(OC2=C(S[C@]1([H])C1=CC=C(O)C=C1)C=C(O)C=C2)C1=CC=C(OCCN2CCCCC2)C=C1
2267,[H][C@@]12CCC(=O)[C@@]1(C)CC[C@@]1([H])[C@@]2([H])CCC2=CC(=O)CC[C@]12C
2268,CC(C)(C)NCC(O)C1=CC(O)=CC(O)=C1
2269,[H][C@@]1(C)C[N@@]1C1=CC(=O)C2=C(C(CO)=C(N2C)C2=CC=CC=C2)C1=O
2270,[Na+].CCCCC(CC)CCC(CC(C)C)OS([O-])(=O)=O
2271,[H][C@]12SCC(CSC3=NN=C(C)S3)=C(N1C(=O)[C@H]2NC(=O)CN1C=NN=N1)C(O)=O
2272,[H][C@@]1(CC2=C(CN1S(=O)(=O)C1=CC=C(C=C1)C1=CC=CC=C1)C=CC=C2)C(O)=O
2273,[H][C@](C)(COC1=CC=C(C=C1)[C@]1([H])OC2=C(S[C@]1([H])C1=CC=C(O)C=C1)C=C(O)C=C2)N1CCCC1
2274,S(SC1=CC=NC=C1)C1=CC=NC=C1
2275,CC(C)C1=CC(OC2=C(Br)C=C(NC(=O)CC(O)=O)C=C2Br)=CC=C1O
2276,CCOC(=O)C=C(C)C=CC=C(C)C=CC1=C(C)C(C)=C(OC)C=C1C
2277,CN1C2=C(N(CC3=CC=CC=C3)C(=N2)N2CC[NH2+]CC2)C(=O)N(C)C1=O
2278,CS(=O)(=O)OCCCCOS(C)(=O)=O
2279,CCCCCCCCCCCCCCCC=O
2280,CC(C)(C)C1=CC=C(SC2=CC=CC3=C2C(N)=NC(N)=N3)C=C1
2281,OC(=O)C1CCN(CC1)C1=C(NC(=O)NC(=O)C2=CC(F)=C(F)C=C2Cl)C=C(F)C=C1
2282,[H][C@@]1(C[C@@]11C[C@]([H])(NC1=O)C1=CC=C(OCC2=CC(=NC3=C2C=CC=C3)C2=CC=CC=C2)C=C1)C(O)=O
2283,[NH3+]CC1=CC=C(F)C=C1
2284,CCCCCCCCCCCCCC(O)=O
2285,[H][C@@]12OC3=C(O)C=CC4=C3[C@@]11CCN(CC3CC3)[C@]([H])(C4)[C@]1(O)CCC2=O
2286,N[C@@H](CC1=CC(O)=C(O)C=C1)C(O)=O
2287,[H]\C(CN=C(O)C1=C(O)C(O)=CC(=C1)N(=O)=O)=C(\[H])[C@@]1([H])O[C@@]([H])(N2C=NC3=C(N)N=CN=C23)[C@]([H])(O)[C@]1([H])O
2288,C(OC1=CC=C(C=C1)C1=NNC=C1C1=CC=NC=C1)C1=CC=C2C=CC=CC2=N1
2289,O=C(CC1=CC=C(C=C1)N1CCCCC1)NC1=NNC2=C1C=C(C=C2)N1CCCS1(=O)=O
2290,COCCOCCOC
2291,C[N+]1(C)CCC(C1)OC(=O)C(O)(C1CCCC1)C1=CC=CC=C1
2292,CCN[C@H]1CN(CCCOC)S(=O)(=O)C2=C1C=C(S2)S(N)(=O)=O
2293,CC(C)(C)N1[NH+]=C(C2=C1N=CN=C2N)C1=CC=C(Cl)C=C1
2294,[H]N([H])C(=O)[C@H](CC1=CN([H])C2=CC=CC=C12)N([H])C(=O)[C@H](CCCC1=CC=CC=C1)CP(O)(=O)[C@@H](CC1=CC=CC=C1)N([H])C(=O)OCC1=CC=CC=C1
2295,CC(C(O)C1=CC=C(O)C=C1)N1CCC(CC2=CC=CC=C2)CC1
2296,[H][C@@]1(COC2=CC=C3CCNCC3=C2)COC2=C(SC=C2)C(N)=N1
2297,OCCCCCCCCCCCC(O)=O
2298,[H][C@]1(C)CNC2=C(C1)C=CC=C2S(=O)=O
2299,CC(C)C(=O)C1=C2C=CC=CN2N=C1C(C)C
2300,COC1=C2C(NC=C2C2=NC(N)=NC=C2)=NC=C1
2301,C(NC1=CC=CC=C1)C1=CC=CN=C1
2302,[H][C@](O)(CCCCC)\C=C\[C@@]1([H])C(=O)C[C@]([H])(O)[C@]1([H])C\C=C/CCCC(O)=O
2303,COC1=CC2=C(C=C1)N(CC1=CC=CC=C1)C(C)=C2CC(O)=O
2304,OC1=CC=C(NC2=NC(OCC3CCCCC3)=C3N=CNC3=N2)C=C1
2305,CC1=CC=CC=C1C1=NN=CC2=C1C=CC(=C2)C1=C(C)C=CC(=C1)C(=O)NC1CC1
2306,[H][C@@]12CCC(=O)[C@@]1(C)CC[C@@]1([H])[C@@]2([H])CC[C@@]2([H])CC(=O)CC[C@]12C
2307,NC1=CC=C2C(=O)NC(=O)C3=CC=CC1=C23
2308,[H][C@]12CN([C@H](C(=O)NC(CC3CCC3)C(=O)C(N)=O)[C@@]1([H])C2(C)C)C(=O)[C@@H](NC(=O)NC(C)(C)C)C(C)(C)C
2309,O[C@H]1O[C@H](COP(O)(O)=O)[C@@H](O)[C@H](O)[C@H]1O
2310,[H][C@@](CC1=CC(=C(OCC(O)=O)C=C1)P(O)(O)=O)(N=C(C)O)C(O)=N[C@@]1([H])CCCCN(CC2=CC=C(C=C2)C2=CC=CC=C2)C1=O
2311,O=C(CCNNC(=O)C1=CC=NC=C1)NCC1=CC=CC=C1
2312,CC(C)N1N=C(C2=C1N=CN=C2N)C1=CC=CC(O)=C1
2313,[H][C@@]12CC[C@@](OC(C)=O)(C#C)[C@@]1(C)CC[C@]1([H])[C@@]3([H])CC[C@H](OC(C)=O)C=C3CC[C@@]21[H]
2314,[H][C@]1(N(CCC2=CC(O)=C(OC)C=C12)S(=O)(=O)C1=CC=C(OC)C=C1)C(=O)NO
2315,CO[C@@H]1[C@@H](CC[C@]2(CO2)[C@H]1[C@@]1(C)O[C@@H]1CC=C(C)C)OC(=O)\C=C\C=C\C=C\C=C\C(O)=O
2316,CC1=CN([C@H]2C[C@H](O)[C@@H](CO)O2)C(=O)NC1=O
2317,[H][C@@]1(CN)CNC2=C(SC3=C2C=C(OC)C=C3)C(=O)N1
2318,CC1=C(C=C)C2=CC3=[N+]4C(=CC5=C(C)C(CCC(O)=O)=C6N5[Fe]44N2C1=CC1=[N+]4C(C(CCC(O)=O)=C1C)=C6C1=CC=CC=C1)C(C=C)=C3C
2319,CCC[C@]1(C)SC(NC2CCCCCCC2)=NC1=O
2320,[H][C@]1(COP(O)(=O)OP(O)(O)=O)O[C@@]([H])(N2C=NC3=C2NC(=N)N=C3O)[C@]([H])(O)[C@]1([H])OP(O)(O)=O
2321,C[C@](N)(CC1=CC=C(O)C=C1)C(O)=O
2322,SCCCC(=O)NC1CCN(CC2=CC=CC=C2)CC1
2323,O\N=C1\C(=O)N(CC2=C3OCOCC3=CC(F)=C2)C2=CC=C(F)C=C12
2324,[H][C@@]12OC3=C(OC)C=CC4=C3[C@@]11CCN(C)[C@]([H])(C4)[C@]1([H])CC[C@@H]2O
2325,CCCNC(=[NH2+])NCCC[C@H](N)C(O)=O
2326,NC(=O)C1=CC=CC2=NC=C(N=C12)C1=CC=C(Cl)C=C1
2327,C(CCCCNC1=C2CCCCC2=NC2=CC=CC=C12)CCCNC1=CC=NC2=CC=CC=C12
2328,[H][C@](C)(NC(=O)CC1=[N+]([O-])C(NCC(F)(F)C2=[N+]([O-])C=CC=C2)=CC=C1Cl)C1=CC=CC(Cl)=C1
2329,CC(C)COCC(CN(CC1=CC=CC=C1)C1=CC=CC=C1)N1CCCC1
2330,O=C(N1CCOCC1)C1=CC2=NON=C2C=C1
2331,COC1=C(OC)C=C2C(N)=NC(=NC2=C1)N1CCN(CC1)C(=O)C1COC2=CC=CC=C2O1
2332,C[C@@H](NC(=O)[C@H](CCC[C@@H](N)C(O)=O)NC(=O)CC[C@@H](NC(=O)[C@H](C)NC(=O)[C@@H](C)O[C@@H]1[C@@H](NC(C)=O)[C@@H]2OC[C@@H](O2)[C@H]1O[C@@H]1O[C@H](CO)[C@@H](O)[C@H](O)[C@H]1NC(C)=O)C(O)=O)C(O)=O
2333,[H][C@](C)(CC)[C@]([H])(NC(=O)[C@@]1([H])O[C@]1([H])C(=O)NCC1=CC=CC=C1)C(=O)N1CCC[C@@]1([H])C(O)=O
2334,NCCCCNCCCN
2335,NCC1(CC(O)=O)CCCCC1
2336,CC(CC1=CC=C(O)C=C1)NCC(O)C1=CC(O)=CC(O)=C1
2337,[H][C@@]12N3CC[C@@]11C4=C(C=C(OC)C(=C4)[C@]4(C[C@@H]5C[N@@](C[C@](O)(CC)C5)CCC5=C4NC4=CC=CC=C54)C(=O)OC)N(C)[C@@]1([H])[C@](O)([C@H](O)[C@]2(CC)C=CC3)C(N)=O
2338,NC1=NC=NC2=C1N=CN2[C@@H]1O[C@H](COP(O)(=O)OS(O)(=O)=O)[C@@H](OP(O)(O)=O)[C@H]1O
2339,CCS(=O)(=O)CCN1C(C)=NC=C1[N+]([O-])=O
2340,CCCC1=C(OCCCOC2=CC3=C(C=C2)N(CC(O)=O)C=C3)C=CC2=C1C=CC(=C2)C(=O)C1=CC=CC=C1
2341,CCCCN1C(CC2=CC3=C(OCO3)C=C2)=NC2=C(N)N=CN=C12
2342,[H][C@@]12C[C@]1([H])[C@@]1(C)C(=CC2=O)C(Cl)=C[C@@]2([H])[C@]3([H])CC[C@](OC(C)=O)(C(C)=O)[C@@]3(C)CC[C@]12[H]
2343,[H][C@](O)([C@@]1([H])CCCC=C1)[C@]1(NC(=O)[C@]2([H])CCO[C@]12C)C=O
2344,CCCN1C2=C(NC=N2)C(=O)NC1=O
2345,[H][C@]1(COC(=O)CP(O)(O)=O)O[C@@]([H])(N2C=NC3=C(N)N=CN=C23)[C@]([H])(O)[C@]1([H])O
2346,NC1=C(CC(O)=O)C=CC=C1C(=O)C1=CC=C(Br)C=C1
2347,OC[C@H]1O[C@H](OP(O)(=O)OP(O)(=O)OC[C@H]2O[C@H]([C@H](O)[C@@H]2O)N2C=CC(=O)NC2=O)[C@H](O)[C@@H](O)[C@@H]1O
2348,COC1=CC=C2N(C(=O)C3=CC=C(I)C=C3)C(C)=C(CC(O)=O)C2=C1
2349,CC1=C(NC(=O)NC(=O)C2=CC=C(Cl)C=C2Cl)C=CC=C1OCCCCC(O)=O
2350,CCCCN1C2=C(NC(CC3=CC=C(NC(C)=O)C=C3)=N2)C(=O)N(CC=C)C1=O
2351,ONC(=O)\C=C\C(\C)=C\[C@](C)([H])C(=O)C1=CC=C(N(C)C)C=C1
2352,[H][C@]1(CCC[C@@]1([H])N(C)C)NC1=NC(NC2=CC=C(C=C2)S(=O)(=O)NC)=NC=C1C(F)(F)F
2353,NCCCCCC(O)=O
2354,O[C@H](COP(O)(O)=O)[C@H](O)[C@H](O)[C@@H](O)C=O
2355,COC1=CC=CC(C=O)=C1OP(O)(O)=O
2356,[H][C@@]12OC3=C(OC)C=CC4=C3[C@@]11CCN(C)[C@]([H])(C4)[C@]1([H])CCC2=O
2357,CC1=CN([C@@H]2O[C@H](CO[P@@](O)(=O)O[P@](O)(=O)OP(O)(O)=O)C=C2)C(=O)NC1=O
2358,[H][C@@](C)(CC[C@]([H])(N)[C@]([H])(C)C(O)=O)C[C@]([H])(C)[C@]([H])(CC1=CC=CC=C1)OC
2359,CCOC1=CC=CC=C1SC1=C(C=C(C=C1)C1=CC(=NC=C1)N1CCN(CC1)C(C)=O)N(=O)=O
2360,CC1=CC=C(C=C1)C(=O)C1=CC(=C(O)C(O)=C1)[N+]([O-])=O
2361,NC(=[NH2+])C1=CC=C2NC(=NC2=C1)C1=CC=CC(OC2CCCC2)=C1[O-]
2362,NS(=O)(=O)C1=C(Cl)C=C(NCC2=CC=CO2)C(=C1)C(O)=O
2363,[H][C@@](CC(C)C)(NC(=O)C1=CC=CO1)C(=O)N[C@@]([H])(CC1=CNC2=C1C=CC=C2)P(O)(O)=O
2364,CN1N(C(=O)C=C1C)C1=CC=CC=C1
2365,[H][C@]1(C)CC2=CC=CC=C2N1NC(=O)C1=CC=C(Cl)C(=C1)S(N)(=O)=O
2366,OC[C@H]1OC(=O)[C@H](O)[C@@H](O)[C@@H]1O
2367,[H][C@@](CCCC)(CO[P@](O)(=O)OCCO)NC(=O)CCCCCCCCCCC
2368,CC1=CC=C(NC2=CC(=NC=N2)C2=CC=CC=C2)C=C1NS(C)(=O)=O
2369,NC(=[NH2+])NCCCOB1OCCO1
2370,C[N+](C)(C)C1=CC=CC(=C1)C(O)(O)C(F)(F)F
2371,[H][C@]12C[C@@H](OC(=O)C=CC3=CC(OC)=C(OC)C(OC)=C3)[C@H](OC)[C@@H](C(=O)OC)[C@@]1([H])C[C@@]1([H])N(CCC3=C1NC1=C3C=CC(OC)=C1)C2
2372,CCCCN1C(CC2=CC=CC(OC)=C2)=NC2=C(N)N=CN=C12
2373,NC(=N)N1CCC2=CC=CC=C2C1
2374,CCC1=NN(CCCN2CCN(CC2)C2=CC(Cl)=CC=C2)C(=O)N1CCOC1=CC=CC=C1
2375,OC1=C2C=CC=C(C2=CC=N1)S(=O)(=O)N1CCCNCC1
2376,CN(C)CC(=O)NC1=CC2=C(NC(=O)C3=CC=CC=C23)C=C1
2377,O=C(CCCC1=CC=CC=C1)OCC(COC(=O)CCCC1=CC=CC=C1)OC(=O)CCCC1=CC=CC=C1
2378,[H][C@]12[C@H](OC(=O)C3=CC=CC=C3)[C@]3(O)C[C@H](OC(=O)[C@H](O)[C@@H](NC(=O)C4=CC=CC=C4)C4=CC=CC=C4)C(C)=C([C@@H](OC(C)=O)C(=O)[C@]1(C)[C@@H](O)C[C@H]1OC[C@@]21OC(C)=O)C3(C)C
2379,NC(=[NH2+])C1=CC2=C(S1)N=CC=C2
2380,ClC1=CC=CC(NC2=NC(OCC3CCCCC3)=C3NC=NC3=N2)=C1
2381,COC1=C(O)C=CC(CNC(=O)CCCC\C=C\C(C)C)=C1
2382,[H][C@](CO)(CCN1C=CC2=C1C=C(NC(=O)CCC1=CC=CC=C1)C=C2)N1C=NC(=C1)C(N)=O
2383,NC1=CC(=CNC1=O)C1=CC=NC=C1
2384,CC(C(O)=O)C1=CC=C(C=C1)C(=O)C1=CC=CS1
2385,OC1=CC=C(C=C1)N1N=C2C=CC(O)=CC2=C1Cl
2386,COC1=C(C=C(C=C1)C1=CC2=C(C=C1)C=C(C=C2)C(O)=O)C12CC3CC(CC(C3)C1)C2
2387,[H][C@]1(C)O[C@]([H])(O)[C@]([H])(O)[C@@]([H])(O)[C@]1([H])N
2388,NC1=CC(=NC(N)=[N+]1[O-])N1CCCCC1
2389,CC(C)COC1=CC=C(CNC(=O)N(CC2=CC=C(F)C=C2)C2CCN(C)CC2)C=C1
2390,[H][C@@](O)(CC(=O)CCCCC(O)=O)\C=C/C\C=C/CCCCC
2391,OC1=CC(O)=C2C(CC(=O)CCC\C=C\CCOC2=O)=C1Cl
2392,CCN1C=C(C(O)=O)C(=O)C2=CC(F)=C(C=C12)N1CCN(C)CC1
2393,[H][C@@]12CCCN1C(=O)[C@H](CC(C)C)NC(=O)[C@@H](C)C(=O)[C@@H](OC(=O)C[C@H](O)[C@]([H])(NC(=O)[C@@H](NC(=O)[C@@H](CC(C)C)N(C)C(=O)[C@@H]1CCCN1C(=O)C(C)=O)[C@@H](C)OC(=O)[C@H](CC1=CC=C(OC)C=C1)N(C)C2=O)[C@@H](C)CC)C(C)C
2394,CN(C)C1=CC=C(C=C1)[C@H]1C[C@@]2(C)[C@@H](CC[C@]2(O)C(C)=O)[C@@H]2CCC3=CC(=O)CCC3=C12
2395,CC1=CC=C2C(=C1)N=C1N(CC[C@@]1(O)C2=O)C1=CC=CC=C1
2396,CN1C=C(\C=C\C(C)=O)C2=CC=CC=C12
2397,CN(C)CCOC(C)(C1=CC=CC=C1)C1=CC=CC=N1
2398,[H][C@](C)(C1=CC=CN1)C1=C2C=C(O)C=CC2=NC1=O
2399,[H][C@]1(C=C(CN1C(=O)N(C)C1CCNCC1)C1=CC(F)=CC=C1F)C1=CC=CC=C1
2400,CN1C=NC2=C1N=C(NCCO)N=C2NCC1=CC=CC=C1
2401,CC(C)[C@@H](C)\C=C\[C@@H](C)[C@@]1([H])CC[C@@]2([H])\C(CCC[C@]12C)=C\C=C1/C[C@@H](O)CC[C@@H]1C
2402,C[C@](O)(COC1=CC=C(F)C=C1)C(=O)NC1=CC(=C(C=C1)[N+]([O-])=O)C(F)(F)F
2403,NC1=NC=NC2=C1N=CN2[C@@H]1C=C[C@H](O)[C@H]1O
2404,COC1=CC=CC(=C1)[C@@]1(O)CCCC[C@@H]1CN(C)C
2405,C[N+](C)(C)CCOC(=O)CCC(=O)OCC[N+](C)(C)C
2406,N#CC1=C2N=C(NC3=CC=CC=C3)N=C(NCCC3=CN=CN3)N2N=C1
2407,CN(C)S(=O)(=O)N1CCN(CC1)C1=CC=NC(CO)=N1
2408,CCCCOC1=CC=C(C=C1)C(=O)CCN1CCCCC1
2409,N[C@@H](CC1=CONC1=O)C(O)=O
2410,CC\C=C/C\C=C/C\C=C/CCCCCCCC(O)=O
2411,NC(=N)C1=CC=C(OCCCCCOC2=CC=C(C=C2)C(N)=N)C=C1
2412,NC1=NC2=C(N=CN2[C@H]2C[C@H](O)[C@@H](COP(O)(=O)OP(O)(O)=O)O2)C(=O)N1
2413,NC1=CC2=C(C=C1)C1=CC=C(N)C=C1C(C1=CC=CC=C1)=[N+]2CCCCCCC1=CN=NN1CCNC1=C2CCCCC2=NC2=C1C=CC=C2
2414,[H][C@@](CC)(CNC(=O)C1=CC=C(C=C1)S(N)(=O)=O)C1=CC2=C(NC=C2)C=C1
2415,CCNC(=O)C1=NOC(=C1C1=CC=C(CN2CCOCC2)C=C1)C1=C(O)C=C(O)C(Cl)=C1
2416,FC1=CC=CC=C1C1=NC2=CC=NN2C(NCC2=CC=NC=C2)=C1
2417,CO[C@@H]1O[C@@H]2CO[C@](C)(O[C@@H]2[C@H](O)[C@H]1O)C(O)=O
2418,CC[N+]1=C(C)C(C(=O)OC(C)C)=C(C2=CC=CC=C2Cl)C(C(O)=O)=C1C(O)=O
2419,OC1CCCCC1
2420,NC(=O)N\N=C\C1=CC=C(O1)[N+]([O-])=O
2421,ClC1=CC=C(\C=C\S(=O)(=O)N2CCN(CC3CCN(CC3)C3=CC=NC=C3)CC2)C=C1
2422,[H][C@]1(COP(O)(O)=O)O[C@@]([H])(N2C=NC3=CN=CN=C23)[C@]([H])(O)[C@]1([H])O
2423,COC(=O)C[C@@H]1C[C@@H](COC2=CC=C(C=C2)C2=CC=C(C=C2)C(\N)=N\C(=O)OC)NC1=O
2424,CN1C=C(CCO)C2=C1C=C(C1=C2C(=O)NC1=O)C1=CC=CC=C1Cl
2425,OCCS
2426,[H]N(C)C1=C(Br)C=C(C(=O)N([H])[C@@H]2CN(C)CCN(CC)C2)C(OC)=C1
2427,CCS\C(CC1=CC=CC=C1)=N/OS(O)(=O)=O
2428,CC(C)(C)NS(=O)(=O)C1=CC=C(C=C1)C1=CN=C2C=CC=C(NC3=CC=CC=N3)C2=C1
2429,[H][C@]1(O)[C@@]([H])(O)[C@@]([H])(CO)O[C@@]([H])(OCCCCCCCCC(=O)OC)[C@]1([H])O
2430,[H][C@]1(CC[C@H](Cl)[C@@H](C1)OC)\C=C(/C)[C@@]1([H])OC(=O)[C@]2([H])CCCCN2C(=O)C(=O)[C@]2(O)O[C@@]([H])([C@H](C[C@H]2C)OC)[C@H](C[C@@H](C)C\C(C)=C\[C@@H](CC)C(=O)C[C@H](O)[C@H]1C)OC
2431,O[C@H]1[C@@H](O)[C@@H](O[C@@H]1COP(O)(=O)OP(O)(=O)OP(O)(O)=O)N1C=CC(=O)NC1=O
2432,[H][C@@](C)(NC1=NC(=O)[C@](C)(S1)C(F)(F)F)C1=C(F)C=CC=C1
2433,[H][C@]1(CCC2=CC=C(C=C2N1CCCOC)C1=C(N)N=C(N)N=C1CC)C1=CC=CC=C1
2434,OC(=O)CCC1=CNC2=CC=CC=C12
2435,C=C1\C(=C/C=C2\CCC[C@]3(C)[C@]([H])(CC[C@@]23[H])C#CC#CC(C)(O)C)C[C@](O)([H])C[C@@]1(O)[H]
2436,NS(=O)(=O)C1=CC2=C(C=C1Cl)N=C(CSCC1=CC=CC=C1)NS2(=O)=O
2437,NS(=O)(=O)C1=CC2=C(S1)S(=O)(=O)N(C(CN1CCOCC1)=C2)C1=CC(O)=CC=C1
2438,NCCNC1=NN=C(O1)C1=C(NC2=CC=C(I)C=C2F)C(F)=C(F)C=C1
2439,[H][C@](N)(CCC(O)=N[C@@]([H])(CSCC1=CC=C(C=C1)N(=O)=O)C(O)=NCC(O)=O)C(O)=O
2440,[H][C@]12O[C@]([H])(C(C(=O)OC)=C1C(=O)OC)C(=C2C1=CC=C(O)C=C1)C1=CC=C(O)C=C1
2441,[H][C@](N)(CCC(O)=N[C@@]([H])(CSCC1=CC=CC=C1)C(O)=NCC(O)=O)C(O)=O
2442,CC(C)C[C@H](NC(=O)[C@@H](COC(C)(C)C)NC(=O)[C@H](CC1=CC=C(O)C=C1)NC(=O)[C@H](CO)NC(=O)[C@H](CC1=CNC2=CC=CC=C12)NC(=O)[C@H](CC1=CN=CN1)NC(=O)[C@@H]1CCC(=O)N1)C(=O)N[C@@H](CCCN=C(N)N)C(=O)N1CCC[C@H]1C(=O)NNC(N)=O
2443,CCCN(CCC)S(=O)(=O)C1=CC=C(C=C1)C(O)=O
2444,[H][C@](CCC1=CC(OC)=C(OC)C=C1)(OC(=O)[C@]1([H])CCCCN1C(=O)[C@@]([H])(CC)C1=CC(OC)=C(OC)C(OC)=C1)C1=CC(OCC(O)=O)=CC=C1
2445,CN(C)C1=CCC2=C(C3=CC=C(C=C3OC2=C1)N(C)C)C1=CC=C(C=C1C(O)=O)N1C(=O)C=CC1=O
2446,COC1=CC(\C=C/C2=C(C)C3=C(N)N=C(N)N=C3N=C2)=C(OC)C=C1
2447,CC1=CN([C@H]2C[C@H](O)[C@@H](COP(O)(=O)OP(O)(O)=O)O2)C(=O)NC1=O
2448,OS(=O)(=O)CCCN1CCOCC1
2449,CSCC[C@@H](N)C(O)=O
2450,C(C(C1CCCCC1)C1CCCCC1)C1CCCCN1
2451,[H][C@]1(COP(O)(=O)OP(O)(=O)NP(O)(O)=O)O[C@@]([H])(N2C=NC3=C2NC(=N)N=C3O)[C@]([H])(O)[C@]1([H])O
2452,O=C(NCCCC1=CC=CC=C1)NC1CCCCC1
2453,[H][C@@]1(CN(C(=O)NC2=CC=C(Cl)C=C2)[C@]([H])(C1)C(=O)NC1=CC=C(C=C1F)N1C=CC=CC1=O)OC
2454,CCN1CCCC1CNC(=O)C1=CC(=C(N)C=C1OC)S(=O)(=O)CC
2455,[H][C@@](CCCC)(NC(=O)OCC1(CC2=CC=C(F)C=C2)CCC1)C(=O)C(=O)NC1=CC=NN1
2456,[H][C@@]12C[C@@]3([H])C(=C(O)[C@]1(O)C(=O)C(C(N)=O)=C(O)[C@H]2N(C)C)C(=O)C1=C(O)C=CC=C1[C@@]3(C)O
2457,[H][C@@]1(C)CCN(CCN1C(=O)C1=C(C=CC(C)=C1)N1N=CC=N1)C1=NC2=C(O1)C=CC(Cl)=C2
2458,N[C@@H](CN1C2=C(CCC2)C(=O)NC1=O)C(O)=O
2459,CC[C@]1(O)C[C@@H]2CN(C1)CCC1=C(NC3=CC=CC=C13)[C@@](C2)(C(=O)OC)C1=C(OC)C=C2N(C=O)[C@@H]3[C@]4(CCN5CC=C[C@](CC)([C@@H]45)[C@@H](OC(C)=O)[C@]3(O)C(=O)OC)C2=C1
2460,[H]\C(\C(\[H])=C1/CCC[C@@]2(C)[C@@]1([H])CC[C@]2([H])[C@@]([H])(C)OCCCC(O)(CC)CC)=C1/C[C@@]([H])(O)C[C@]([H])(O)C1=C
2461,CCCCC[C@H](O)\C=C\[C@H]1[C@H](O)CC(=O)[C@@H]1CCCCCCC(O)=O
2462,CC(=O)N[C@@H](CC1=CC=C(OP(O)(O)=O)C(C=O)=C1)C(=O)N[C@H]1CCCCN(CC2=CC=C(C=C2)C2=CC=CC=C2)C1=O
2463,[H][C@](N)(CC1=CC=C(O)C=C1)C(N)=O
2464,NC1=CN=CC(Cl)=N1
2465,COC1=CC(OC)=CC(NC(=N)NC(N)=N)=C1
2466,NC(=O)C1=CC2=CC(=CC=C2O1)N1CCN(CCCCC2=CNC3=C2C=C(C=C3)C#N)CC1
2467,[H][C@]1(CO)O[C@@]([H])(N2C=CC(O)=NC2=O)[C@]([H])(OP(O)(=O)OC[C@@]2([H])O[C@@]([H])(N3C=NC4=C3NC(=N)N=C4O)[C@]([H])(O)[C@]2([H])O)[C@]1([H])O
2468,CC(=O)NO
2469,OC(=O)C1=CC2=C(C=C1)C=C(C=C2)C(F)(F)P(O)(O)=O
2470,[H][C@]1(COP(O)(=O)CP(O)(=O)OP(O)(O)=O)O[C@@]([H])(N2C=NC3=C(N)N=CN=C23)[C@]([H])(O)[C@]1([H])O
2471,CC(C)(C)C1=CC(SC(C)(C)SC2=CC(=C(OC(=O)CCC(O)=O)C(=C2)C(C)(C)C)C(C)(C)C)=CC(=C1O)C(C)(C)C
2472,CC1=CC=C(C=C1)C12CC1CNC2
2473,CC(=O)OCC(=O)NCCCOC1=CC=CC(CN2CCCCC2)=C1
2474,[H]\C(=C(\[H])C1=C(N=CN1[C@]1([H])O[C@]([H])(COP(O)(O)=O)[C@@]([H])(O)[C@@]1([H])O)C(O)=N)C(=O)N(CC1=NC2=C(NC(=N)N=C2O)C=C1)C1=CC=C(C=C1)C(=O)N[C@@]([H])(CCC(O)=O)C(O)=O
2475,[H][C@]1(CC2=C(C1)C=C(C=C2)S(N)(=O)=O)NC(=O)C(CCC)CCC
2476,NCC1CCN(CC2=CC3=C(NC(=C3)C3=CC4=CC=CC=C4NC3=O)C=C2)CC1
2477,[H]N(O)C(=O)N([H])[C@H](CC1=CC=CC=C1)C(O)=O
2478,CC1=NC=C(COP(O)(O)=O)C(CNOCC(O)=O)=C1O
2479,[H][C@]12CC[C@]([H])(C[C@]([H])(C1)OC1C3=CC=CC=C3CCC3=C1C=CC=C3)[N+]2(C)C
2480,ONC(=O)CCCP([O-])([O-])=O
2481,[H][C@@]1(O)CN(CCCC2=CC=CC=C2)C[C@]([H])(CO)[C@@]1([H])O
2482,FC1=CC=C(CC2CCNCC2)C=C1
2483,[H][C@](N)(CCCNC(C)=N)C(O)=O
2484,[H][C@@]12OC3=C(OC)C=CC4=C3[C@@]11CCN(C)[C@]([H])(C4)[C@]1([H])C=C[C@@H]2O
2485,COC1=CC2=C(OC(NS(=O)(=O)C3=CC(Cl)=CC=C3Cl)=N2)C(=C1)C1=CC(N)=CC=C1
2486,[H][C@](CC1=CC=CC=C1)(NC(=O)OCC)C(=O)N1CCC[C@@]1([H])C(=O)NNCCCCN
2487,C1COCCO1
2488,[H][C@@](N)(C(C1=CC=CC=C1)C1=CC=CC=C1)C(=O)N1CCC[C@@]1([H])C(=O)NCCC
2489,[H][C@@](N)(COC1=CN=CC(\C=C\C2=CC=NC=C2)=C1)CC1=CNC2=C1C=CC=C2
2490,COC1=CC=C2C(NC3=C2C=CN=C3C)=C1
2491,NC[C@@H]1CCCN1
2492,[H][C@](O)(CO)C1=CC=C(NC(=O)C2=CC3=CC(Cl)=CC=C3N2)C=C1
2493,COC1=CC=C(C=C1)C(=O)NC1=CC=CC=C1CCC1CCCCN1C
2494,[H][C@@](CC1=CC=C(N(C(=O)C(O)=O)C2=CC=CC=C2C(O)=O)C2=CC=CC=C12)(N=C(C)O)C(O)=NCCCCC
2495,CC1=C(C(=O)N(C=C1)C1=CC=C2C(NCC2(C)C)=C1)C1=CC2=CN=C(N)N=C2C=C1
2496,CC1=C(N(CC2=CC=C(OCCN3CCCCCC3)C=C2)C2=C1C=C(O)C=C2)C1=CC=C(O)C=C1
2497,CC(C)(C)NCC(O)COC1=CC=CC2=C1C[C@H](O)[C@H](O)C2
2498,N#CC1=C2N=C(NCC3CCCCC3)N=C(NC3=CC=CC=C3)N2N=C1
2499,CN1C=C(C2=CC=CC=C12)C1=C(C(=O)NC1=O)C1=CN(CCCN)C2=C1C=CC=C2
2500,CN(C)C(=O)C1=CC=C(C=C1)S(=O)(=O)C1=CC=C(NC(=O)[C@@](C)(O)C(F)(F)F)C(Cl)=C1
2501,CN(CCO[P@@](O)(=O)OP(O)(O)=O)CC\C=C(/C)CC\C=C(/C)CCC=C(C)C
2502,COC1=CC=C(C=C1)C(O)=O
2503,OC(=O)C1=C(C=C(OC2=C(NC(=O)C3=CC(=CC=C3)[N+]([O-])=O)C=C(NC(=O)C3=CC(=CC=C3)[N+]([O-])=O)C=C2)C=C1)C(O)=O
2504,FC(F)(F)C1=CC(=CC=C1)N1CCN(CCN2C(=O)NC3=CC=CC=C23)CC1
2505,C(C1CN2CCC1CC2)N1C2=CC=CC=C2SC2=CC=CC=C12
2506,[H][C@@]1(CCNC(=O)C2=COC=C2)NC2=C(F)C=CC(F)=C2C(N)=N1
2507,COC1=CC(CN(C)C2=CC3=C(N=C2)N=C(N)N=C3N)=C(OC)C=C1
2508,NC(CCC(O)=O)C=C
2509,CN1C(=O)N(CC2=CC=C(C=C2)C(O)=O)C(=O)C2=C1C=CC(=C2)C#CCC1=CC=CC=C1
2510,[H][C@@]12C[C@@H](C)[C@](OC(=O)C3=CC=CO3)(C(=O)SCF)[C@@]1(C)C[C@H](O)[C@@]1(F)[C@@]2([H])C[C@H](F)C2=CC(=O)C=C[C@]12C
2511,[H]N([H])[C@H](COC1=CN=CC(=C1)C1=CC2=C(C=C1)C=NC=C2)CC1C=NC2=CC=CC=C12
2512,[H][C@@]1(CCN(C1)C(=O)C1=CC=C(NC2=NC(C3=CN=C(C)N3C(C)C)=C(F)C=N2)C=C1)N(C)C
2513,CN1CCN(CCN2C=NC3=C(NC4CCCCC4)N=C(N=C23)C#N)CC1
2514,CC(C)C(=O)C(O)=O
2515,CCC1(CCC(=O)NC1=O)C1=CC=C(N)C=C1
2516,CN(C)CCC1=CNC2=C1C=C(O)C=C2
2517,CCCCCCCC\C=C\CCCCCCCC(O)=O
2518,OC(=O)C(=O)CC1=CC=CC=C1
2519,[H][C@]1(O)CCC(C)(C)[C@]2([H])[C@]([H])(O)[C@]([H])(OC(C)=O)[C@@]3(C)O[C@](C)(CC(=O)[C@]3(O)[C@@]12C)C=C
2520,[H][C@](NC(=O)OCC1=CC=CC=C1)(C1=CC=C(C=C1)C(N)=N)P(O)(O)=O
2521,SC1=CC=CC=N1
2522,COC1=CC2=C(SCCN(C2)C(=O)CCN2CCC(CC3=CC=CC=C3)CC2)C=C1
2523,NC1=C2CCCCC2=NC2=CC=CC=C12
2524,[H][C@](N)(CSCCC(=O)NC1=CC2=C(C=C1)N=CN=C2NC1=CC=CC=C1)C(O)=O
2525,[H][C@@]12CC[C@](O)(C(=O)CO)[C@@]1(C)C[C@H](O)[C@@]1([H])[C@@]2([H])CCC2=CC(=O)C=C[C@]12C
2526,CC1=NC=C(COP(O)(O)=O)C(CO)=C1O
2527,[H]\C(=C(\C)[C@]1([H])C[C@]2([H])O[C@]2(C)CCC[C@]([H])(C)[C@]([H])(O)[C@@]([H])(C)C(=O)C(C)(C)[C@@]([H])(O)CC(=O)O1)C1=CSC(C)=N1
2528,[H][C@@]1(COC2=CC=CC=C2)CCCN1S(=O)(=O)C1=CC2=C(C=C1)N(C)C(=O)C2=O
2529,CCOC(=O)N1CCC(CC1)=C1C2=C(CCC3=C1N=CC=C3)C=C(Cl)C=C2
2530,CN1[C@H]2CC[C@@H]1C[C@@H](C2)OC(=O)[C@H](CO)C1=CC=CC=C1
2531,CCCCCCCNC=O
2532,CN[C@H](CC(C)C)C(O)=O
2533,CCCCCCP(O)(=O)O[C@H]1C[C@@H](C)CC[C@@H]1C(C)C
2534,C[C@](O)(COC1=CC=C(C=C1)C#N)C(=O)NC1=CC=C(C#N)C(I)=C1
2535,CC(CNC1CCCCC1)OC(=O)C1=CC=CC=C1
2536,CC[C@H](CO)NC(=O)CC1=C(C)N(C(=O)C2=CC=C(Cl)C=C2)C2=CC=C(OC)C=C12
2537,OCCCC(O)=O
2538,COC1=NC(N)=NC2=C1N=CN2[C@@H]1O[C@H](CO)[C@@H](O)[C@@H]1O
2539,N[C@@H](CCC(=O)N[C@@H](CSSC[C@H](NC(=O)CC[C@H](N)C(O)=O)C(=O)NCC(O)=O)C(=O)NCC(O)=O)C(O)=O
2540,[H][C@@](CN)(C1=CC=CC=C1)C1=CC=C(Cl)C=C1
2541,CC1=CC(\C=C\C#N)=CC(C)=C1NC1=CC=NC(NC2=CC=C(C=C2)C#N)=N1
2542,O=C1CN(C2=CC=CC=C2)S(=O)(=O)N1
2543,[H][C@]1(COP([O-])(=O)OP(O)(=O)OC[C@@]2([H])O[C@@]([H])([N+]3=CC=CC(=C3)C(O)=N)[C@]([H])(O)[C@]2([H])O)O[C@@]([H])(N2C(Br)=NC3=C(N)N=CN=C23)[C@]([H])(OP(O)(O)=O)[C@]1([H])O
2544,OC(=O)C1=CC(=CC(=C1)C(O)=O)C(O)=O
2545,[H][C@@]1(O)O[C@]([H])(CO)[C@@]([H])(O[C@]2([H])O[C@]([H])(CO)[C@@]([H])(O[C@]3([H])O[C@]([H])(CO)[C@@]([H])(O)[C@]([H])(O)[C@@]3([H])N=C(C)O)[C@]([H])(O)[C@@]2([H])N=C(C)O)[C@]([H])(O)[C@@]1([H])N=C(C)O
2546,[H][C@]12CCCC3=C1C(=CC=C3)C(=O)N(C2)[C@@H]1CN2CCC1CC2
2547,[H][C@@](N)(CC1CCCCC1)C(=O)N1CCC[C@@]1([H])C(=O)NCC1=CC(Cl)=CC=C1
2548,CCN1CCC[C@H]1CNC(=O)C1=C(OC)C=CC(Br)=C1OC
2549,[H][C@@]1(COP(O)(=O)OP(O)(=O)OP(O)(O)=O)C[C@@]([H])(O)[C@@]([H])(O1)N1C=NC2=C(N)N=CN=C12
2550,ClC1=CC=CC(=C1)N1CCN(CC2=CN=CN2CC2=CC=C(C=C2)C#N)CC1=O
2551,OC(=N)CCC\N=C(\C1=CC=C(Cl)C=C1)C1=C(O)C=CC(F)=C1
2552,CN1C2=C(C=NN2C2=C(F)C=C(F)C=C2)C(NC2=C(C)C=CC(=C2)C(=O)NC2CC2)=CC1=O
2553,COC1=CC=C(\C=C\C(=O)NC2=CC=CC=C2C(O)=O)C=C1OC
2554,O=C(NC1=CC(=CC=C1)C1=NNC2=CC=C(C=C12)C1=NNC=N1)C1=CC=CO1
2555,[H][C@@](C)(O)[C@]([H])(O)C1=NC2=C(NC1)NC(=N)N=C2O
2556,[H][C@]1(CCC2=C1C=CC=C2)N(C)CC#C
2557,CCC1(NC(=O)N(C)C1=O)C1=CC=CC=C1
2558,N[C@@H](CS)C(O)=O
2559,CC1=NC(C)=C(S1)C1=NC(N)=NC=C1
2560,C\C=C\C=O
2561,CC1=C(F)C=CC(CNC(=O)C2=CC(=NC=N2)C(=O)NCC2=CC(C)=C(F)C=C2)=C1
2562,COC1=CC(C(O)CNC(=O)CN)=C(OC)C=C1
2563,[H][C@](CC(O)=O)(CC1=CC=CC=C1)C(O)=O
2564,[H][C@@]1(O)O[C@]([H])(CO)[C@@]([H])(O)[C@@]([H])(O)[C@@]1([H])N=C(C)O
2565,CCC(C1=CC=CC=C1)C1=C(O)C2=C(OC1=O)C=CC=C2
2566,CS(=O)(=O)C1=CC=C(CN2CCN(CC2)C2=C(NN=C2)C2=CC(Cl)=C(O)C=C2O)C=C1
2567,CCCOC1=C(C=C(C=C1)S(=O)(=O)NCCC1CCCN1C)C1=NC(=O)C2=C(N1)C(CCC)=NN2C
2568,CCO[C@@H]1OC(=O)C[C@@H]1NC(=O)[C@@H]1CCCN2N1C(=O)[C@H](CCC2=O)NC(=O)C1=NC=CC2=CC=CC=C12
2569,OC(CC1=CC(=CC=C1)C1=CC=CC2=C1OC1=C2C=CC=C1)(P(O)(O)=O)P(O)(O)=O
2570,[H][C@]12CN(C)CCN1C1=C(CC3=CC=CC=C23)C=CC=N1
2571,CCOC(=O)N1CCC(CC1)NC1=NC=CC(C)=C1
2572,CC(C)NCCCN1C(SC2=C(Br)C=C3OCOC3=C2)=NC2=C1N=CN=C2N
2573,Cl.C(CNC[C@H]1COC2=CC=CC=C2O1)COC1=CC2=C(OCO2)C=C1
2574,CCN(CC)C(C)C(=O)C1=CC=CC=C1
2575,C[C@H]1CN(C[C@H](CC2=CC=CC=C2)C(=O)NCC(O)=O)CC[C@@]1(C)C1=CC(O)=CC=C1
2576,CCC(=C)C(=O)C1=C(Cl)C(Cl)=C(OCC(O)=O)C=C1
2577,[H][C@@](CC1=CC=CC=C1)(CS(=O)(=O)C(C)(C)C)C(O)=N[C@@]([H])(CC1=CN=CN1)C(O)=N[C@@]([H])(CC1CCCCC1)[C@@]([H])(O)[C@@]([H])(O)C1CC1
2578,[H][C@@]1(CC2CCN(CC3=CC=CC=C3)CC2)CC2=CC(OC)=C(OC)C=C2C1=O
2579,COCCOCCOCCOC1=CC=C(C=C1)C(C)(C)CC(C)(C)C
2580,[H][C@]1(CCCN1)C1=CC(NC(=O)NC2=CC=CC3=C2[C@]2([H])CCCN2C3=O)=NN1
2581,[H][C@@](C)(N=C(O)[C@]([H])(CCCNC(N)N)N=C(O)OCC1=CC=CC=C1)C(=O)CF
2582,CC1=C(SC(=N)N1)C1=N\C(=N/C2=CC=C(C=C2)N2CCOCC2)N=CC1
2583,[H][C@](CC1=CC=CC=C1)(NC(=O)C(O)=O)C(O)=O
2584,[H]N1C=C(C[N+]2([H])C[C@H](O)[C@@H](CO)C2)C2N=CN([H])C(=O)C12
2585,O=C[C@@]([H])(C(C)C)[C@]1([H])N(CC[C@@]1([H])NS(=O)(=O)C)C(=O)\C=C\CN1CCCCC1
2586,[H][C@@]1(F)CN(C)CC[C@]1([H])N(C)C(=O)N1CC(=C[C@@]1(CO)C1=CC=CC=C1)C1=CC(F)=CC=C1F
2587,[H][C@](N)(CS[As](C)C)C(O)=O
2588,OC(=O)C1=CC(=O)NC(=O)N1
2589,[H][C@]1(O)O[C@]([H])(CO)[C@@]([H])(O)[C@]([H])(O)[C@@]1([H])N=C(C)O
2590,[H][C@@](CC(C)C)(NC(=S)NC1=CC=CC=C1)C(=O)N[C@]1([H])CO[C@]([H])(O)C1
2591,NC(=N)C1=CC=C(CN2CCN(CC2=O)S(=O)(=O)C2=CC3=C(S2)C=C(Cl)C=C3)C=C1
2592,[H][C@@]12CCCN1C(=O)C1=C(O2)C=C2OCCOC2=C1
2593,[H][C@@](N)(CC1=CC=CC=C1)C(=O)N1CCC[C@@]1([H])C(=O)NCC1=CC(Cl)=CC=C1
2594,[H][C@](CC([O-])=O)(C(O)=O)C1=CC(C2=NC3=C(N2)C=C(C=C3)C(N)=N)=C([O-])C(Br)=C1
2595,NCCO[P@@](O)(=O)OC[C@@H](O)CO
2596,CCCCCCCCCC(O)=O
2597,ONC(=O)CP(O)(O)=O
2598,CC(C)=CCO[P@](O)(=O)OP(O)(O)=O
2599,CN\C(NCCSCC1=C(C)NC=N1)=N\C#N
2600,[H][C@](CCCCC(N)=N)(C=O)[C@@]1([H])CCC[C@]1([H])O
2601,[H][C@]12SC(C)(C)[C@@H](N1C(=O)[C@H]2NC(=O)C(C(O)=O)C1=CC=CC=C1)C(O)=O
2602,[H][C@@]1(C)CCN(C[C@]1([H])N(C)C1=NC=NC2=C1C=CN2)C(=O)CC#N
2603,C[C@@H]1O[C@H](C[C@H](N)[C@@H]1O)O[C@H]1C[C@@](O)(CC2=C1C(O)=C1C(=O)C3=CC=CC=C3C(=O)C1=C2O)C(C)=O
2604,CC(C)NCC(O)COC1=CC=CC2=C1C=CN2
2605,CCCC[C@H](NC(=O)[C@H](CO)NC(=O)[C@H](CC1=CC=C(O)C=C1)NC(=O)[C@H](CO)NC(C)=O)C(=O)N[C@@H](CCC(O)=O)C(=O)N[C@@H](CC1=CN=CN1)C(=O)N[C@H](CC1=CC=CC=C1)C(=O)N[C@@H](CCCNC(N)=N)C(=O)N[C@@H](CC1=CNC2=CC=CC=C12)C(=O)NCC(=O)N[C@@H](CCCCN)C(=O)N1CCC[C@H]1C(=O)N[C@@H](C(C)C)C(N)=O
2606,CC(C)C1=CC(OC2=C(C)C=C(C=C2C)N2N=CC(=O)NC2=O)=CC=C1O
2607,[H][C@@]1(Cl)SC2=NC(=CC2=C1)C(=O)N[C@@]1([H])CC2=C(C=CC=C2)N(CC(N)=O)C1=O
2608,CCCCCON=O
2609,CC(C)NCC(O)C1=CC(O)=C(O)C=C1
2610,FC(F)(F)C1=CC=CC=C1S(=O)(=O)NNC(=O)C1=CC2=CC(Cl)=CC=C2O1
2611,CC1=CC=CC(C)=C1NC1=NC=C(N2C=NC=C12)C1=CC=CC=C1
2612,O=C1CCC2=C(N1)C=CC(OCCCCC1=NN=NN1C1CCCCC1)=C2
2613,NC1=CC=CC2=C1CN(C1CCC(=O)NC1=O)C2=O
2614,OC1=CC2=C(C(O)=C1)C(=O)C(O)=C(O2)C1=CC=C(O)C(O)=C1
2615,[H][C@@](COC(=O)CCCCCCCCCCCCCCC)(COP(O)(=O)OCCN)OC(=O)CCCCCCCCCCCCCCC
2616,NC(=[NH2+])C1=CC2=C(C=C1)N=C(CC1=NC3=C(N1)C=C(C=C3)C([NH3+])=[NH2+])N2
2617,NC1=NC(=O)C2=NC(CNC3=CC=C(C=C3)C(=O)N[C@@H](CCC(O)=O)C(O)=O)=CN=C2N1
2618,CN1C(CNC2=CC=C(C=C2)C(N)=N)=NC2=C1C=CC(CN1C(C)=NC3=C1C=CC=C3)=C2
2619,[H]\C(C[C@]1([H])C(=C)CC[C@]2([H])[C@](C)(CO)[C@]([H])(O)CC[C@@]12C)=C1/C(=O)OC[C@@]1([H])O
2620,[H][C@@]1(O)OC(=C[C@]([H])(O)[C@@]1([H])OS(O)(=O)=O)C(O)=O
2621,[H][C@]12SCC(CSC3=NC(=O)C(=O)NN3C)=C(N1C(=O)[C@H]2NC(=O)C(=N/OC)\C1=CSC(N)=N1)C(O)=O
2622,O[C@@H]1[C@@H](COP(O)(O)=O)O[C@H]([C@@H]1O)N1C=NC2=C1N=CNC2=O
2623,CO[C@@H](CC1=CC=C(OCCC2=C(C)OC(=N2)C2=CC=CC=C2)C2=C1SC=C2)C(O)=O
2624,[H][C@](C(=O)C1=CC2=CC=CC=C2C=C1)(C1=CC=CC2=CC=CC=C12)P(O)(O)=O
2625,[H]N([H])C1=NC(=O)N(C=C1)[C@H]1C[C@H](O)[C@@H](COP(O)(=O)OP(O)(=O)OP(O)(=O)OP(O)(=O)OC[C@H]2O[C@H]([C@H](O)[C@@H]2O)N2C=CC(=O)N([H])C2=O)O1
2626,[H][C@@]12C[C@@H](C)[C@](O)(C(=O)CO)[C@@]1(C)C[C@H](O)[C@@]1(F)[C@@]2([H])C[C@H](F)C2=CC(=O)C=C[C@]12C
2627,[H][C@]1(O)[C@]([H])(O)[C@]([H])(CP(O)(O)=O)O[C@]1([H])COP(O)(O)=O
2628,[H][C@]1(C)CN(CCN1)C1=CC=C2N=C(NC3=C(C)C=CC=C3Cl)C3=CN=CN3C2=C1
2629,OC1=CC=C(C=C1)C1=CC2=C(S1)C=C(O)C=C2
2630,ClC1=C(Cl)C(=CC=C1)C1=NC2=C(SC#N)C=NN2C(NCC2=CC=NC=C2)=C1
2631,CCC(C)CC(C)CCCCCCCCC(=O)N[C@H]1C[C@@H](O)[C@@H](NCCN)NC(=O)[C@@H]2[C@@H](O)CCN2C(=O)[C@@H](NC(=O)[C@@H](NC(=O)[C@@H]2C[C@@H](O)CN2C(=O)[C@@H](NC1=O)[C@@H](C)O)[C@H](O)[C@@H](O)C1=CC=C(O)C=C1)[C@H](O)CCN
2632,[H][C@](O)(COC1=CC=C(NC2=NC=NC(NC3=C(F)C=CC(=C3)C(F)(F)F)=C2)C=C1)CN(C)C
2633,CC1=NS(=O)(=O)C2=C(N1)C=CC(Cl)=C2
2634,CC1=CC=CC(C[C@H](N)C(O)=O)=C1
2635,[H][C@]12C[C@@H](OC(=O)C3=CC(OC)=C(OC)C(OC)=C3)[C@H](OC)[C@@H](C(=O)OC)[C@@]1([H])C[C@@]1([H])N(CCC3=C1NC1=CC=CC=C31)C2
2636,[H][C@@](N)(COC1=CN=CC(=C1)C1=CC2=C(NN=C2C)C=C1)CC1=CC=C(Br)C=C1
2637,[H][C@@]12CC[C@@]([H])(N1C)[C@@]([H])(C(=O)OC)[C@@]([H])(O)C2
2638,CC1=C(OCC(F)(F)F)C=CN=C1C[S@@](=O)C1=NC2=CC=CC=C2N1
2639,[H][C@@](O)(CO)CNC1=CC=CC(=C1)C1=C(C(=O)NC1=O)C1=CN(C)C2=CC=C(F)C=C12
2640,CC(C)C1=NC(=NC(C2=CC=C(F)C=C2)=C1\C=C\[C@@H](O)C[C@@H](O)CC(=O)O)N(C)S(C)(=O)=O
2641,O[C@@]12CCN(C1=NC1=C(C=CC=C1)C2=O)C1=CC=CC=C1
2642,[H][C@]1(O)CN(C2=CC=C(OC)C=C2)S(=O)(=O)C2=C1C=C(S2)S(N)(=O)=O
2643,[H][C@](CCCCC(N)=N)(C(O)=O)[C@@]1([H])C2=C(C[C@]1([H])O)C=C(C=C2)C1=CC(OC)=CC=C1
2644,NC(=N)C1=CC2=C(C=C1)N=C(N2)C1=C(O)C=CC=N1
2645,NC(=N)NC(=O)CN1C(=CC=C1C1=CC=CC=C1)C1=CC=CC=C1
2646,CC(=O)OC1=C(C=CC(=C1)C(F)(F)F)C(O)=O
2647,CC1=CC=C(NS(=O)(=O)C2=CC=CC=C2)C(=C1)C(O)=O
2648,CC(=O)CC(C1=CC=C(C=C1)[N+]([O-])=O)C1=C(O)C2=CC=CC=C2OC1=O
2649,C\C(=C/CO)\C=C\C=C(/C)\C=C\C1=C(C)CCCC1(C)C
2650,CCOC(=O)NC1=CC2=C(SC3=CC=CC=C3N2C(=O)CCN2CCOCC2)C=C1
2651,CN(C)C(=O)OC1=CC(=CC=C1)[N+](C)(C)C
2652,[H][C@](C)(O)[C@@]1([H])O[C@]([H])(O[C@]2([H])[C@@]([H])(N)C[C@@]([H])(N)[C@]([H])(O[C@@]3([H])OC[C@](C)(O)[C@]([H])(NC)[C@@]3([H])O)[C@@]2([H])O)[C@]([H])(N)[C@@]([H])(O)[C@]1([H])O
2653,CN(CC1=CC=C(Cl)C=C1)S(=O)(=O)C1=CC=C(C=C1)S(N)(=O)=O
2654,[H][C@@]1(CCC2=CC=CC=C2N(CC(O)=O)C1=O)N[C@@H](CCC1=CC=CC=C1)C(=O)OCC
2655,C[N+]#[C-]
2656,[H][C@]1(CCCN1C(=O)CCC1=CC=CC=C1)C(=O)NCC1=CC=C(C=C1)C(N)=N
2657,[H][C@@](N)(C(O)=O)[C@@]([H])(O)OS(O)(=O)=O
2658,CN(C)C1=C2C=CC=C(C2=CC=C1)S(O)(=O)=O
2659,C[S@@](=O)C1=CC=C(C=C1)C1=NC(=C(N1)C1=CC=NC=C1)C1=CC=C(F)C=C1
2660,CCOCCC1(OC2=CC=C(OC3=CC=C(F)C=C3)C=C2)C(=O)NC(=O)NC1=O
2661,CC(=N)NCC1=CC=CC(CN)=C1
2662,CCCCCCCCCCCCCCCCCC(=O)OC[C@H](CO[P@@](O)(=O)OCC(O)CO[P@](O)(=O)OC[C@@H](COC(=O)CCCCCCCCCCCCCCCCC)OC(=O)CCCCCCCCCCCCCCCCC)OC(=O)CCCCCCCCCCCCCCCCC
2663,CN1C(=O)C(O)=C(N=C1C(C)(C)NC(=O)C1=NN=C(C)O1)C(=O)NCC1=CC=C(F)C=C1
2664,NC1=NC(=O)N(C=C1)[C@@H]1O[C@H](CO)[C@@H](O)[C@H]1O
2665,CC[C@H]([C@@H](C)CN(C)C)C1=CC(O)=CC=C1
2666,[H]C(N)(O)[C@]1(O[C@]([H])(CO)[C@@]([H])(O)[C@]([H])(O)[C@@]1([H])O)N=[N+]=[N-]
2667,[H][C@@]12CCC(=O)[C@@]1(C)CC[C@@]1([H])[C@@]2([H])CC=C2C[C@H](CC[C@]12C)OS(O)(=O)=O
2668,CCC#CC(C)C1(CC=C)C(=O)NC(=O)N(C)C1=O
2669,C[C@@](CC1=CC(O)=C(O)C=C1)(NN)C(O)=O
2670,CCN1C(=O)C(C)(C)C2=CC3=C(C=C12)C1=C(N3)C2=C(CCC1)C(C)=NN2
2671,[H][C@](NOCCS)(C(O)=O)C1=CNC2=C1C=CC=C2
2672,OC1=CC=C(C=C1)C1=C(C(=O)C2=CC=C(OCCN3CCCCC3)C=C2)C2=C(S1)C=C(O)C=C2
2673,[H]C(C)=C1N(C)C(=O)CC[C@@]([H])(N=C(O)[C@@]([H])(C)[C@@]([H])(N=C(O)[C@@]([H])(N=C(O)[C@@]([H])(C)[C@@]([H])(N=C1O)C(O)=O)C(C)C)C([H])=C([H])C(\C)=C(/[H])[C@]([H])(C)[C@]([H])(CC1=CC=CC=C1)OC)C(O)=O
2674,[H][C@@]12CCO[C@]1([H])OC[C@@H]2OC(=O)N[C@@H](CC1=CC=CC=C1)[C@H](O)CN(CC(C)C)S(=O)(=O)C1=CC=C(N)C=C1
2675,CCCC(=O)SCC[N+](C)(C)C
2676,COC1=CC=C(C=C1)C1=C(C2=C(NCCO)N=CN=C2O1)C1=CC=C(OC)C=C1
2677,C[C@H]1O[C@H](OP(O)(=O)OP(O)(=O)OC[C@H]2O[C@H]([C@H](O)[C@@H]2O)N2C=NC3=C2NC(N)=NC3=O)[C@@H](O)[C@@H](O)[C@@H]1O
2678,[H][C@@]12OC(=O)[C@@]34OC3C[C@@](O)(C3[C@@H](C1OC3=O)C(C)=C)[C@@]24C.[H][C@@]12C[C@@]3(O)C4[C@@H](C(OC4=O)[C@@]4([H])OC(=O)[C@]1(O2)[C@@]34C)C(C)(C)O
2679,CCNC(=O)N1CCC(CC1)NC1=NC(C2=CNC3=CC=CC=C23)=C(Cl)C=N1
2680,[H][C@](N)(CC[S+](C)C[C@@]1([H])O[C@@]([H])(N2C=NC3=C(N)N=CN=C23)[C@]([H])(O)[C@]1([H])O)C([O-])=O
2681,C1CCN2C[C@@H]3C[C@@H](CN4CCCC[C@@H]34)[C@@H]2C1
2682,CC(C)CC(N(C)C)C1(CCC1)C1=CC=C(Cl)C=C1
2683,CCOC(=O)CC(SP(=S)(OC)OC)C(=O)OCC
2684,NC1=NC2=C(S1)C=C(OC(F)(F)F)C=C2
2685,CCCC1=NC2=C(C=C(C=C2C)C2=NC3=CC=CC=C3N2C)N1CC1=CC=C(C=C1)C1=CC=CC=C1C(O)=O
2686,NC(=N)NCCS[C@@H](CC(O)=O)C(O)=O
2687,ClC1=CC=C(C=C1)C1(CCNCC1)C1=CC=C(C=C1)C1=CNN=C1
2688,[H][C@]1(N)CC[C@@]([H])(CC1)NC1=NC(NCC2=CC=CC=C2)=C2N=CN(C3CCCC3)C2=N1
2689,CNCC1=CC(=O)OC2=C1C=CC(OCC1=CC=CC(Cl)=C1)=C2
2690,[H][C@@](C)(N=C(O)CN=C(O)[C@]([H])(NC(N)=N)C1CCCCC1)C(O)=NCCCS
2691,CC(=O)OCC(CCN1C=NC2=CN=C(N)N=C12)COC(C)=O
2692,[H][C@@](C)(N1CC[C@]([H])(NS(=O)(=O)C2=CC3=CC=C(Cl)C=C3C=C2)C1=O)C(=O)N1CCOCC1
2693,CSCC[C@H](N)C(O)=O
2694,OC1(CCN(CCCC(=O)C2=CC=C(F)C=C2)CC1)C1=CC=C(Cl)C=C1
2695,NC1=CC(Cl)=C(NC2=NCCN2)C(Cl)=C1
2696,[H][C@](CN1CCCC1)(N=C(O)CCCCCCC)[C@]([H])(O)C1=CC2=C(OCCO2)C=C1
2697,[H]N(C1=CC=C(OC[C@H](O)CN(C)C)C=C1)C1=CC(=NC=N1)N([H])C1=C(F)C=CC=C1F
2698,CCCCC1=NC=C(\C=C(/CC2=CC=CS2)C(O)=O)N1CC1=CC=C(C=C1)C(O)=O
2699,CC1=NC=C(N=C1)C(=O)NCCC1=CC=C(C=C1)S(=O)(=O)NC(=O)NC1CCCCC1
2700,[H][C@@]12CC3=CC=C(OC4=C5C(CC[N+](C)(C)[C@]5([H])CC5=CC(OC6=C(OC)C=C(CCN1C)C2=C6)=C(O)C=C5)=CC(OC)=C4O)C=C3
2701,OC(=O)COP(O)(O)=O
2702,[H][C@]12SCC(C=C)=C(N1C(=O)[C@H]2NC(=O)C(=N/O)\C1=CSC(N)=N1)C(O)=O
2703,[H][C@@](C)(NC1=NC=CC(=N1)N(C(=O)NC1=CC=CC=C1Cl)C1=CC=C(OC)C=C1)C(C)(C)O
2704,[H][C@]1(CNC(=O)C1)C1=CC(OC2CCCC2)=C(OC)C=C1
2705,[H][C@@]1(CCN(CC2=CC3=C(N2)C=NC=C3)C1=O)NS(=O)(=O)C1=CC2=C(S1)C=CC=N2
2706,OC(=O)\C=C\C1=CC=C(C=C1)C(O)=O
2707,[H][C@]1(N)S[C@]([H])(CO)[C@@]([H])(O)[C@]([H])(O)[C@]1([H])O
2708,C\C=C1/NC(=O)[C@H]2CSSCC\C=C\[C@H](CC(=O)N[C@H](C(C)C)C(=O)N2)OC(=O)[C@@H](NC1=O)C(C)C
2709,CCNC(=O)C1=CN2N=CN=C(NC3=CC(=CC=C3C)C(=O)NOC)C2=C1C
2710,[H][C@@](C)(O)[C@]([H])(CC)N1N=CN(C1=O)C1=CC=C(C=C1)N1CCN(CC1)C1=CC=C(OC[C@]2([H])CO[C@](CN3C=NC=N3)(C2)C2=C(F)C=C(F)C=C2)C=C1
2711,OP(O)(=O)OC1=C(C=O)C=CC=C1
2712,[H][C@]1(O)C2=NN=NN2[C@]([H])(CO)[C@@]([H])(O)[C@]1([H])O
2713,C[C@@H](CC1=CC=CC=C1)N(C)CC1=CC=CC=C1
2714,NC1=NC(=CC=N1)C1=C(N=CN1CC1CC1)C1=CC=C(F)C=C1
2715,CS(=O)(=O)C1=CC(Cl)=C(C=C1)C(=O)NC1=CC=C(Cl)C(=C1)C1=CC=CC=N1
2716,COC1=CC(=CC=C1O)C1=CC2=C(C=C1)\C(=C\C1=CC=CN1)C(=O)N2
2717,NC1=NC=CC=C1NCC1=CC=CC(=C1)C1=CC2=C(C=CN2)C=C1
2718,COC(=O)[C@H](C)NP(=O)(OC[C@H]1O[C@H](C[C@@H]1O)N1C=C(\C=C\Br)C(=O)NC1=O)OC1=CC=CC=C1
2719,N[C@@H](CN1C=C(F)C(=O)NC1=O)C(O)=O
2720,CCN(CC)CCN=C(O)C1=C(OC)C=C(N)C(Br)=C1
2721,CC\C(=C(\CC)C1=CC=C(O)C=C1)C1=CC=C(O)C=C1
2722,OS(=O)(=O)C1=CC=C2NC(=O)\C(=C3/NC4=CC=CC=C4C3=O)C2=C1
2723,CCCCN1CCCC[C@H]1C(=O)NC1=C(C)C=CC=C1C
2724,COC1=CC=C(C=C1N1CC(=O)NS1(=O)=O)C1=CC=CC=C1
2725,CC1(C)N=C(N)N=C(N)N1OCCCOC1=CC(Cl)=C(Cl)C=C1Cl
2726,[H][C@]1(CO)O[C@@]([H])(C2=NC3=CC(C)=CC=C3S2)[C@]([H])(O)[C@@]([H])(O)[C@]1([H])O
2727,[H][C@@]1(C#N)C2=C(N(C)C3=C(Cl)C(Cl)=CC=C23)C(=O)NC11CCN(C)CC1
2728,CC1CC(CC(C)(C)C1)OC(=O)C(O)C1=CC=CC=C1
2729,COC(=O)C1=CC2=CC=C(C=C2C(NC(=O)C2=CC=CC(O)=C2C)=C1)C(N)=N
2730,[H][C@@](C)(N=C(O)[C@]([H])(CC1=CC=C(O)C=C1)N=C(O)OCC1=CC=CC=C1)C(=O)CF
2731,NC1=CC=C(N)C2=C1C(=O)C1=C(O)C=CC(O)=C1C2=O
2732,CC(C)N1C(C)=NC=C1C1=NC(NC2=CC=C(C=C2)N2CCN(CC2)C(=O)CO)=NC=C1
2733,CC#C[C@]1(O)CC[C@H]2[C@@H]3CCC4=CC(=O)CCC4=C3[C@H](C[C@]12C)C1=CC=C2OCOC2=C1
2734,OC(O)(C1=CC=C(S1)C(=O)N1CCN2C(C1)=NC=C2C1=CC=CC=C1)C(F)(F)F
2735,ON=C1C2=CC(OCC(O)=O)=CC=C2C2=C1C=C(OCC(O)=O)C=C2
2736,BrC1=CC=C2C(=O)NC(=O)\C(=C/NC3=CC=C(CN4CCCC4)C=C3)C2=C1
2737,[H]\C(CCCCCCCC)=C(\[H])CCCCCCCC(=O)OC[C@@]1([H])O[C@@]([H])(N2C=CC(=N)N=C2O)[C@@]([H])(O)[C@]1([H])O
2738,[H][C@](CC(C)=O)(C1=CC=CC=C1)C1=C(O)C2=CC=CC=C2OC1=O
2739,C[C@@H]1CC(=O)NN=C1C1=CC=C(NN=C(C#N)C#N)C=C1
2740,CCOC(=O)C1=C(C)N([NH+]=C1C)C1=CC=CC=C1
2741,OC(=O)C1=CN=CC=C1
2742,CC1=NC=C(COP(O)(O)=O)C(CN)=C1O
2743,N[C@H](CC1=CNC2=CC=CC=C12)C(O)=O
2744,CCOP(O)(O)=O
2745,O=N(=O)C1=CC=CC(=C1)\N=C1\N=CCC(=N1)C1=CC=CC(CN2C=NC=N2)=C1
2746,OC(CNCC(O)C1CCC2=C(O1)C=CC(F)=C2)C1CCC2=C(O1)C=CC(F)=C2
2747,[H][C@]1(COP(O)(=O)OP(O)(=O)OC[C@@]2([H])O[C@@]([H])([N+]3=CC=CC(=C3)C([S-])=N)[C@]([H])(O)[C@]2([H])O)O[C@@]([H])(N2C=NC3=C(N)N=CN=C23)[C@]([H])(OP(O)(O)=O)[C@]1([H])O
2748,FC(F)(F)C1=CC(NC(=O)NC2=CC=C(OC3=CC=NC=C3)C=C2)=CC=C1
2749,[H][C@@]12C[C@H](C)[C@](OC(=O)CC)(C(=O)CCl)[C@@]1(C)C[C@H](O)[C@@]1(F)[C@@]2([H])CCC2=CC(=O)C=C[C@]12C
2750,C(NC1=C2C=CC=CC2=NC2=C1CCCC2)C1=CC=CC=C1
2751,C[P@@](O)(=O)CC(=O)CC(O)=O
2752,COC(CNC(N)=O)C[Hg]Cl
2753,CCC(=O)C(CC(C)N(C)C)(C1=CC=CC=C1)C1=CC=CC=C1
2754,CN1C=NC2=C1C(=O)N(CCCCC(C)=O)C(=O)N2C
2755,CNC(=O)C1=C(NC2=NC(NC3=CC=C(C=C3OC)N3CCOCC3)=NC=C2Cl)C=CC=C1
2756,OP(O)(=O)C(SC1=CC=C(Cl)C=C1)P(O)(O)=O
2757,O[P@@](=O)(OCC1CCCCC1)OC1=C(C=O)C=CC=C1
2758,N[C@@H](C#C)C(O)=O
2759,[H][C@@](CC1=CC=C(C=C1)C#CC1=CC=CC=C1)(N=C(O)C[C@@]1([H])CCCN(C1)C(N)=N)C(=O)OC
2760,NC(CO)(CO)CO.CCCCC[C@H](O)\C=C\[C@H]1[C@H](O)C[C@H](O)[C@@H]1C\C=C/CCCC(O)=O
2761,CC(C)C1=NC(CN(C)C(=O)N[C@@H](CCN2CCOCC2)C(=O)N[C@H](CC[C@H](CC2=CC=CC=C2)NC(=O)OCC2=CN=CS2)CC2=CC=CC=C2)=CS1
2762,[H][C@](N)(CC1=CC=CC=C1)[C@]([H])(O)CNS(=O)(=O)C1=CC=C2C=CC=CC2=C1
2763,O=C1C=C(OC2=C1C=CC1=CC=CC=C21)C1=CC=CC=C1
2764,[H][C@@](O)(COP(O)(O)=O)[C@@]([H])(O)[C@@]([H])(O)CN1C2=C(C=C(C)C(C)=C2)[N+](=C2C(O)=NC(=O)N=C12)S([O-])(=O)=O
2765,[H][C@](C)(O)[C@]([H])(N)[C@]([H])(O)C#CC1=C(F)C=CC2=C1\C(=C\C1=C(OC)C=CN1)C(=O)N2
2766,CC(C)N(CCCCOCC(=O)NS(C)(=O)=O)C1=NC(C2=CC=CC=C2)=C(N=C1)C1=CC=CC=C1
2767,COC1=C(F)C=C(CSC2=NN=C(O2)C2=CC3=C(OCO3)C=C2)C=C1
2768,CC1=CC(CNC(=O)C2=CC(=NC=N2)C(=O)NCC2=CC=CC(C)=C2)=CC=C1
2769,[H][C@@](N)(CC(C)C)C(=O)N1CCC[C@@]1([H])C(=O)NCC1=CC(Cl)=CC=C1
2770,OC1=CC=C2C(OC(=O)C=C2C2=CC=CC=C2)=C1O
2771,[H][C@]1(CCN=C2NC[C@]([H])(Cl)N(CCNCC3=CSC4=C3C=C(Cl)C=C4)C2([H])O)CCCCN1
2772,O[C@@H](CON=C(Cl)C1=C[N+]([O-])=CC=C1)CN1CCCCC1
2773,CC1=NN(C(O)=C1\N=N\C1=CC(=CC=C1C(O)=O)S(O)(=O)=O)C1=CC=C(C=C1C)S(O)(=O)=O
2774,BrC1=CC2=C(NC(=O)\C2=C2/NC3=C(C=CC=C3)C2=O)C=C1
2775,[H][C@@]12CC[C@H](OC(=O)CC)[C@@]1(C)CC[C@@]1([H])[C@@]2([H])CCC2=CC(=O)CC[C@]12C
2776,NCCN.CN1C2=C(NC=N2)C(=O)N(C)C1=O.CN1C2=C(NC=N2)C(=O)N(C)C1=O
2777,NS(=O)(=O)C1=CC=C(F)C=C1
2778,COC1=CC2=C(C=C1OC)C(N)=NC(=N2)N(C)CCCNC(=O)C1CCCO1
2779,N[C@@H](CC1=CC=C(O)C(=C1)[N+]([O-])=O)C(O)=O
2780,O[C@@H](CS)[C@@H](O)CS
2781,[H]N(C1=CC=C(OC[C@@H](O)CN(C)C)C=C1)C1=NC=C(Br)C(=N1)N([H])C1=CC=CC=C1
2782,[H][C@@](N)(CC1CCCCC1)[C@]([H])(O)C(=O)NNC1=CC=C(C)C=C1
2783,NCC1=CC2=C(OCC22CCN(CC2)C(=O)\C=C\C2=CC=CC=C2)C=C1
2784,[H][C@@]12CCN(C[C@@]3([H])CC[C@]4([H])N[C@@]([H])(N)N[C@@]([H])(N)[C@]4([H])C3)[C@@]1([H])CCCC2
2785,CN1CCCCC1CCN1C2=C(SC3=C1C=C(C=C3)S(C)=O)C=CC=C2
2786,OC(=O)CCC1=CC=C(S1)C1=CC(=CC=C1)[N+]([O-])=O
2787,[H][C@](C)(N1CC[C@](C)(C1=O)C1=CC=C(OCC2=CC(C)=NC3=CC=CC=C23)C=C1)C(=O)NO
2788,[H]N(C(=O)C(C)(O)C(F)(F)F)C1=C(C)C=C(C=C1)S(=O)(=O)N(CC)C1=CC=CC=C1
2789,OCCNC1=NC=NC2=C1C(=C(O2)C1=CC=CC=C1)C1=CC=CC=C1
2790,[H][C@](O)(C\C=C/CCCCC)\C=C\CC(=O)CCCCC(O)=O
2791,OC(=O)COC1=C(SC2=NC=CC=C12)C(O)=O
2792,NC(=O)C1=CC=CC(O)=C1O
2793,NC1=NC(CCC2=CC3=C(C=CN3)C=C2)=CC(=O)N1
2794,NS(=O)(=O)C1=CC=C(NC(=O)C2=NNC3=C2C=CC=C3)C=C1
2795,O=S(=O)(N1CCCNCC1)C1=CC=CC2=C1C=CN=C2
2796,O[C@H]1C[C@@H](O[C@@H]1COP(O)(=O)OP(O)(O)=O)N1C=CC(=O)NC1=O
2797,CCCCC1=NC2=CC(\C=C\C(=O)NO)=CC=C2N1CCN(CC)CC
2798,O\N=C1/C(=O)N(CC2=C3OCOCC3=CC(F)=C2)C2=CC=CC(\C=C\C3=CC=CC=C3)=C12
2799,[H][C@]1(CCCCCCCCC(=O)OC[C@@]2([H])O[C@@]([H])(N3C=NC4=C(N)N=CN=C34)[C@]([H])(O)[C@]2([H])O)C[C@@]2([H])[C@]3([H])CCC4=CC(O)=CC=C4[C@@]3([H])CC[C@]2(C)[C@@]1([H])O
2800,OCCOC1=C(C=CC=C1)C1=C(F)C(F)=C(F)C=C1
2801,OC(=O)COC1=C(SC(=C1Br)C1=CC=CC(NC2CCCCC2)=C1)C(O)=O
2802,N[C@@H]([C@H](O)C(N)=O)C(O)=O
2803,[H][C@]1(I)CN=C(O)N=C1O
2804,NC1=[N+]([O-])C2=C(C=CC=C2)[N+]([O-])=N1
2805,CC1(C)C[C@@H]1C(=O)N\C(=C/CCCCSC[C@H](N)C(O)=O)C(O)=O
2806,CO[C@]12[C@H]3N[C@H]3CN1C1=C([C@H]2COC(N)=O)C(=O)C(N)=C(C)C1=O
2807,[H][C@@](C)(N(C)C=O)C1=CC=CC=C1
2808,[H][C@]1(C[C@]2(ON1)O[C@]([H])(CO)[C@@]([H])(O)[C@]([H])(O)[C@@]2([H])O)C1=CC=C(C)C=C1
2809,CCCCCCCCC1=CC=C2C=C3C=CC(CCCCC(O)=O)=[N+]3[B-](F)(F)N12
2810,[H][C@]12CC(N(C(=O)C3CC4=CC=CC=C4CN3C(=O)[C@H](CO)NC(=O)[C@H](CC3=CC=CS3)NC(=O)CNC(=O)C3C[C@@H](O)CN3C(=O)C3CCCN3C(=O)C(CCCN=C(N)N)NC(=O)[C@H](N)CCCN=C(N)N)[C@@]1([H])CCCC2)C(=O)N[C@@H](CCCN=C(N)N)C(O)=O
2811,CC1=NOC(=C1)C1=C(C2=CC=CC=C2)C2=C(NC1=O)C=CC(Cl)=C2
2812,CCN(CC)C(=O)C1=C(NC(=O)C2=CC=CS2)SC2=C1CCCC2
2813,[O-][V](=O)[O+]([V](=O)O[V](=O)(=O)O[V](=O)(=O)[O+]([V]([O-])=O)[V](=O)(=O)=O)[V](=O)(=O)=O
2814,[H][C@]12N(C)CC[C@@]1(C)C1=C(C=CC(OC(=O)NC3=CC=CC=C3)=C1)N2C
2815,[H][C@](C)(C#CC1=C(C)N=C(N)N=C1N)C1=CC(OC)=CC(=C1)C1=CC=CC=C1
2816,NCC1=CC=CC(=C1)C1CCN(CC1)C(=O)C1=CC(CCC2=CC=CC=C2)=CN=C1
2817,NC1=NC(=O)N2CC12
2818,[H][C@](O)(CN)C1=CC=CC(=C1)C(F)(F)F
2819,CCCCCCCCCC1=CC=C(OCCOCCOCCOCCOCCOCCOCCOCCOCCO)C=C1
2820,[H][C@@]1(C[C@]([H])(OP(O)(=O)OP(O)(=O)OC[C@@]2([H])O[C@@]([H])(N3C=NC4=C(N)N=CN=C34)[C@]([H])(O)[C@]2([H])OP(O)(O)=O)[C@@]([H])(COP(O)(O)=O)O1)N1C=CC(O)=NC1=O
2821,CCOC(=O)COC1=CC=C2CC[C@@H](CC2=C1)NC[C@H](O)C1=CC=CC(Cl)=C1
2822,CS(=O)(=O)C1=CC=C(NC2=CC(Cl)=NC3=CC=NN23)C=C1
2823,[H][C@]1(O)CC[C@@]2([H])[C@]3([H])CCC4=CC(O)=CC=C4[C@@]3([H])[C@@]([H])(COC)C[C@]12C
2824,[H]\C(C[C@](CC1=CC=C(C=C1)C(F)(F)P(O)(O)=O)(N1N=NC2=CC=CC=C12)C1=NC2=CC=CC=C2S1)=C(\[H])C1=CC=CC=C1
2825,CN(C)CCOC(C1=CC=C(Cl)C=C1)C1=CC=CC=N1
2826,COC1=CC=C(C[C@H](NC(=O)CC(C)(C)N)C(=O)N[C@@H](CC2=CN=CN2)C(=O)N[C@@H](CC2CCCCC2)[C@@H](O)[C@@H](O)CC(C)C)C=C1
2827,CCOC(=O)CN[C@@H](C(=O)N1CC[C@H]1C(=O)NCC1=CC=C(C=C1)C(\N)=N\O)C1CCCCC1
2828,CC1=CC(NS(=O)(=O)C2=CC=C(N)C=C2)=NO1
2829,NS(=O)(=O)C1=CC=C(C=C1)C(=O)NCC1=CC=CC=C1F
2830,NC(=O)C1=CC=C(NC2=NC(OCC3CCCCC3)=C(N=O)C(N)=N2)C=C1
2831,[H][C@@](CC1=CC=CC=C1)(NC(N)=O)C(O)=O
2832,CC(C)(C)C1=NC(=C(S1)C1=NC(N)=NC=C1)C1=C(F)C(NS(=O)(=O)C2=C(F)C=CC=C2F)=CC=C1
2833,N[C@H](CC1=CC=CC=C1)C(O)=O
2834,OP(O)(=O)OP(O)(=O)OP(O)(O)=O
2835,[H][C@]1(CCN(CC(=O)NC2=C(F)C=C(C=C2)N2C=CC=CC2=O)C1)NC(=O)C1=CC=C(Cl)S1
2836,ClC1=CC=CC(CNCCC2=CC=C(NC(=N)C3=CC=CS3)C=C2)=C1
2837,[H][C@](CO)(NC1=NN2C(C=C1)=NC=C2C1=CC(N)=CC=C1)C(C)C
2838,[H]N(C1=CC=C(OC[C@@H](O)CN(C)C)C=C1)C1=CC(=NC=N1)N([H])C1=C(F)C=CC=C1F
2839,CCCCCOC(=O)NC1=NC(=O)N(C=C1F)[C@@H]1O[C@H](C)[C@@H](O)[C@H]1O
2840,[H][C@]1(CCCN1C(=O)OCC1=CC=CC=C1)C(=O)NNCCCCN
2841,NC(=O)C1=CN(C=CC1)[C@@H]1O[C@H](COP(O)(=O)OP(O)(=O)OC[C@H]2O[C@H]([C@H](OP(O)(O)=O)[C@@H]2O)N2C=NC3=C2N=CN=C3N)[C@@H](O)[C@H]1O
2842,CCCCC\C=C/C\C=C/C\C=C/C\C=C/CCCC(O)=O
2843,OC(=O)CCCCCC\C=C/[C@@H]1O[Fe@]23ON1CCCC[C@@H](NC(=O)[C@@H]1CO[C@H](N1)C1=CC=CC=C1O2)C(=O)OCCC(=O)N[C@@H]1CCCCN(O3)C1=O
2844,[H][C@@]12CCCN1C(=O)[C@@H](CC)NC(=O)[C@@H](NC(=O)C1=NC=CC=C1O)[C@@H](C)OC(=O)[C@@H](NC(=O)[C@]1([H])CC(=O)CCN1C(=O)[C@]([H])(CC1=CC=CC=C1)N(C)C2=O)C1=CC=CC=C1
2845,OC1=CC=C(C=C1)N1C=CN=C1
2846,[H]\C(S)=C(/[H])N=C(O)CCN=C(O)[C@]([H])(O)C(C)(C)CO
2847,OCC(CO)N[C@H]1C[C@](O)(CO)[C@@H](O)[C@H](O)[C@H]1O
2848,CC1=CC=CC2=C1CCNC2=O
2849,NC(=O)NCC1=CC(=CC=C1)C1=C(O)C(=CC=C1)C1=CC2=C(N1)C=CN=C2
2850,OCCCCCCO
2851,[H][C@]12C[C@@H](O)[C@H](CC[C@@H](O)CCCCC)[C@@]1([H])CC1=C(C2)C(OCC(O)=O)=CC=C1
2852,CCN(CC)C(=S)SSC(=S)N(CC)CC
2853,COCCOC1=CN=C(NS(=O)(=O)C2=CC=CC=C2)N=C1
2854,NC1=CC=CC(SC2=CC=C(\C=C\C(=O)N3CCOCC3)C(=C2C(F)(F)F)C(F)(F)F)=C1
2855,[H][C@]12CC[C@]([H])(C[C@@]([H])(C1)OC(C1=CC=CC=C1)C1=CC=CC=C1)N2C
2856,OC[C@H]1O[C@H](C[C@@H]1OP(O)(O)=O)N1C=CC(=O)NC1=O
2857,CN(C)C\C=C\C(=O)NC1=C(O[C@H]2CCOC2)C=C2N=CN=C(NC3=CC(Cl)=C(F)C=C3)C2=C1
2858,[H][C@]12SCC(C)=C(N1C(=O)[C@H]2NC(=O)[C@H](N)C1=CCC=CC1)C(O)=O
2859,ClC1=NC=C(CN2CCS\C2=N/C#N)C=C1
2860,N[C@@H](CCCCN[C@@H](CCC(O)=O)C(O)=O)C(O)=O
2861,CC(=O)N[C@@H]1[C@@H](O)[C@@H](O)[C@@H](CO)O[C@@H]1O[P@](O)(=O)O[P@](O)(=O)OC[C@H]1O[C@H]([C@H](O)[C@@H]1O)N1C=CC(=O)NC1=O
2862,[H]N([H])C1=C(SC(N([H])C2=CC(Cl)=CC=C2)=[N+]1[H])C(=O)C1=CC=C(F)C=C1
2863,CCC(NC(C)C)C(O)C1=CC(O)=C(O)C=C1
2864,CCCCCCCCCCC[P@@](O)(=O)OC
2865,CCCCCCCCCCCCCCCCS(F)(=O)=O
2866,CC1=CC(=CC=C1F)C1=CSC(NC2=CC=C(C(O)=O)C(O)=C2)=N1
2867,[H][C@@]12CC[C@@]([H])(N1C)[C@]([H])(\C=N\OC)[C@H](C2)C1=CC(Cl)=C(Cl)C=C1
2868,OC[C@@H](O)CSO
2869,COC1=C(OC)C=C(CCNCC(O)COC2=CC=CC(C)=C2)C=C1
2870,COC(=O)C1CCN(CC1)C(=O)C1=CC=C(C=C1)N(C)CC1=NC2=C(N)N=C(N)N=C2N=C1
2871,[H]\C1=C2/[C@@]([H])(COC)CC[C@@]2([H])[C@@]([H])(C)[C@@]([H])(O)[C@]([H])(O[C@@]2([H])O[C@]([H])(COC(C)(C)C=C)[C@@]([H])(O)[C@]([H])(OC(C)=O)[C@@]2([H])O)C2=C(C[C@]([H])(O)[C@]12C)[C@]([H])(C)COC(C)=O
2872,OCCNCCNC1=CC=C(NCCNCCO)C2=C1C(=O)C1=C(C(O)=CC=C1O)C2=O
2873,CCOC(=O)C(C)OC1=CC=C(OC2=NC3=C(O2)C=C(Cl)C=C3)C=C1
2874,FC1=C(C=CC=C1)C1=CC(=CC=N1)C1=CC2=C(CCNC2=O)N1
2875,CC1=NN=C(O1)C1=CC=C(C)C(=C1)C1=CC=C(C=C1)C(=O)NCC1CC1
2876,OC(=O)C1=CC=C(NC(=O)NC(=O)C2=CC(F)=C(F)C=C2Cl)C(OC(F)(F)F)=C1
2877,[H][C@@](CCCCN)(N=C(O)[C@@]([H])(CC1=CC(Br)=C(O)C(Br)=C1)N=C(O)N1CCC(CC1)N1CC2=CC=CC=C2N=C1O)C(=O)N1CCN(CC1)C1=CC=NC=C1
2878,[H][C@@]12OC3=C(O)C=CC4=C3[C@@]11CCN(C)[C@]([H])(C4)[C@]1([H])CC[C@@H]2O
2879,[H][C@]1(CO)O[C@@]([H])(OC2=CC=C3C(=O)C(=COC3=C2)C2=CC=C(O)C=C2)[C@]([H])(O)[C@@]([H])(O)[C@]1([H])O
2880,NS(=O)(=O)C1=CC=C(C=C1)C(=O)NCC1=CC(F)=CC=C1F
2881,[H][C@@](C)(NC1=CC2=C(ON=C2C2=CC(Cl)=CC(CCCO)=C2)C=N1)C1=CC=CC=C1
2882,CCN(CC)C(=O)NC1=CC=C(OCC(O)CNC(C)(C)C)C(=C1)C(C)=O
2883,O[C@H]1C[C@@H](O[C@@H]1COP(O)(O)=O)N1C=CC(=O)NC1=O
2884,NC12CC3CC(CC(C3)C1)C2
2885,[H][C@@]1(CCN(CC2=CC3=C(C=CN=C3N)C=C2)C1=O)NS(=O)(=O)C1=CC2=C(S1)C=CC=N2
2886,N[C@@H](CC1=CC=C(O)C=C1)C(O)=O
2887,CC(C)NCC(O)C1=CC(O)=CC(O)=C1
2888,C[N+](C)(C)C[C@H](O)CC(O)=O
2889,CCOC(=O)C1=CC2=CC=C(O)C=C2OC1=O
2890,CCCC[N+](CCCC)(CCCC)CCCC
2891,[H][C@@](CNC(=O)C1=NC=CS1)(C(=O)NO)[C@@]([H])(CC(C)C)C(=O)N[C@]([H])(C(=O)NC)C(C)(C)C
2892,CCC(=O)NCC[C@@H]1CCC2=C1C1=C(OCC1)C=C2
2893,[H][C@@](CC1=CC=C(OCCN2C3=C(OC4=C2C=CC=C4)C=CC=C3)C=C1)(OCC)C(O)=O
2894,[H][C@]1(O)C[C@]([H])(O[C@]2([H])[C@@]([H])(N)[C@@]([H])(O)[C@@]([H])(CO)O[C@@]2([H])OCCCCCCCC)O[C@@]([H])(C)[C@@]1([H])O
2895,FC1=CC=C(C=C1)N1C=CC=C(C(=O)NC2=CC=C(OC3=CC=NC4=C3C=CN4)C(F)=C2)C1=O
2896,C[C@@H](CN1C=NC2=C1N=C(N)N=C2N)OCP([O-])([O-])=O
2897,CC1=CC2=CC3=[N+]4C(=CC5=C(C=C)C(C)=C6OC7=C(C=C)C(C)=C8C=C1N2[Fe]4(N56)N78)C(C)=C3CCC(O)=O
2898,[H][C@@](O)(CO)COP([O-])(=O)OCC[N+](C)(C)C
2899,[H][C@]1(O)C[C@@]([H])(O[C@]1([H])COP(O)(=O)O[C@@]1([H])C[C@@]([H])(O[C@]1([H])CO)N1C=CC(=N)N=C1O)N1C=NC2=C(N)N=CN=C12
2900,CC(=O)OC[C@H](N)C(O)=O
2901,[H][C@@](C[P@](O)(=O)[C@@]([H])(NS(=O)(=O)CCCC1=CC=CC=C1)C(C)C)(C(O)=O)C1=CC(CN)=CC=C1
2902,CC(C)N1C(NC2=CC=CC=C2F)=NC2=CN=C(OC3=C(F)C=CC=C3F)N=C12
2903,OCC(CO)(CO)NCCS(O)(=O)=O
2904,COC1=CC=CC(=C1)C1=CC(CCC2=CC=CC(N)=N2)=CC=C1
2905,[H][C@]1(CO)CC2=CC=C(C=C2CN1)[N+]([O-])=O
2906,CC(COC1=CC=CC=C1)N(CCCl)CC1=CC=CC=C1
2907,NC(=N)C1=CC=C(CC(=O)C(O)=O)C=C1
2908,CC1=C(CSCC2=CC(=CC=C2)C(O)(O)C(F)(F)F)C(N)=C2C(F)=CC=CC2=N1
2909,[H]N(C1=CC=C(OC[C@H](O)CN(C)C)C=C1)C1=NC=CC(=N1)N([H])C1=C(Cl)C=CC(Cl)=C1
2910,N[C@@H](CCSCCCCC(O)=O)C(O)=O
2911,CN1CCN(CC(=O)N2C3=CC=CC=C3C(=O)NC3=C2N=CC=C3)CC1
2912,O=C([C@@](C)([H])N1CC[C@]([H])(NS(=O)(=O)\C=C\C2=CC=C(Cl)S2)C1=O)N1CCOCC1
2913,NCC(CC(O)=O)C1=CC=C(Cl)C=C1
2914,[H][C@]1(O)C[C@@]([H])(O[C@]1([H])COP(O)(=O)OC1([H])CC([H])(OC1([H])CO)N1C=CC(=N)N=C1O)N1C=NC2=C1NC(=N)N=C2O
2915,N[C@@H](CCCNC(=O)CP(O)(O)=O)C(O)=O
2916,O=C1NC2=CC(OCCCCN3CCN(CC3)C3=C4C=CSC4=CC=C3)=CC=C2C=C1
2917,CC(C)OC1=CC=C2C(CCC3=C2C2=C(C=NC2=O)C2=C3N(CCO)C3=CC=CC=C23)=C1
2918,[H][C@]1(N)CCN(C[C@@]1([H])C1=CC(C)=CC=C1)C1=CC(OC)=C(OC)C=C1
2919,CC(=O)N[C@@H](CC1=CC(I)=C(O)C(I)=C1)C(=O)NCC(O)=O
2920,[H][C@@]12C[C@]([H])(O)[C@]([H])(O)C(=O)C=CC[C@]([H])(C)OC(=O)C3=C(C=C(OC)C=C3O)[C@@]1([H])O2
2921,[H][C@@]12CCC(=O)[C@@]1(C)CC[C@@]1([H])[C@@]2([H])CC[C@]2([H])C[C@]([H])(O)CC[C@]12C
2922,CCCC[Sn](CCCC)CCCC
2923,COC(=O)C1=C(O)C=CC=C1OC\C=C\C1=CC(C2=CC(=NO2)C(O)=O)=C(F)C=C1
2924,CCOC(=O)CCC1=CC=C(C=C1)S(N)(=O)=O
2925,CC1(C)CCC(C)(C)C2=C1C=CC(=C2)[C@@H](O)C(=O)NC1=C(F)C=C(C=C1)C(O)=O
2926,CN1CCCCC1C(=O)NC1=C(C)C=CC=C1C
2927,OC(CCN1CCCCC1)(C1CC2CC1C=C2)C1=CC=CC=C1
2928,NC(=[NH2+])C1=CC2=C(C=C1)N=CN2
2929,OC(=O)CC1=CC(=C(O)C=C1)[N+]([O-])=O
2930,COC1=CC=C(C=C1)S(=O)=O
2931,[H]N1C=C(C2=CC=CC=C12)C1=C(C(=O)N([H])C1=O)C1=CN(CC[C@@H]2CCCN2C)C2=CC=CC=C12
2932,[H][C@]1(O)O[C@]([H])(COS(O)(=O)=O)[C@@]([H])(O)[C@]([H])(O)[C@@]1([H])NS(O)(=O)=O
2933,CC(=O)NC1=NN=C(S1)S(N)(=O)=O
2934,[H][C@]12CCC[C@H](N1C(=O)[C@H](CCS2)NC(=O)[C@@H](S)CC1=CC=CC=C1)C(O)=O
2935,CC(=O)CC(O)=O
2936,NS(=O)(=O)C1=CC=C(C=C1C(F)(F)F)C1=CC=C(O1)\C=C1/SC(=N)NC1=O
2937,[H][C@@](CC1=CC=CC=C1)(N=C(O)CCC(O)=O)C(O)=N[C@@]([H])(CC1=CC(C(O)=O)=C(OCC(O)=O)C=C1)C(O)=NCCCCC
2938,CC1=NC=C(COP(O)(O)=O)C(CNCC(O)=O)=C1O
2939,OC(=O)C(=O)CC1=CC=C(O)C=C1
2940,CC(=C)CCO[P@](O)(=O)OP(O)(O)=O
2941,[H][C@]12SCC(C)=C(N1C(=O)[C@H]2NC(=O)[C@H](N)C1=CC=CC=C1)C(O)=O
2942,[H][C@]1(COP(O)(O)=O)O[C@@]([H])(N2C=NC3=C2N=CN=C3OP(O)(O)=O)[C@]([H])(O)[C@]1([H])O
2943,FC1=CC=C(C=C1)S(=O)(=O)NCC(=O)N=O
2944,CN(C)CC1=CC=C(O1)C1=CC=CN=C1
2945,[H][C@@]1(CC(C)C)CN(CCN1C(=O)C1=NC=C(C=N1)C1=CC=NC=C1)S(=O)(=O)C1=CC2=CC(Cl)=CC=C2N1
2946,OC1(N2CCN=C2C2=CC=CC=C12)C1=CC=C(Cl)C=C1
2947,CN(C)CCC1=CNC2=C1C=C(CN1C=NC=N1)C=C2
2948,CCCC[C@]12CC3=CC(O)=CC=C3C1=C(Br)C(=O)CC2
2949,[H][C@]12CCCN1C(=O)C1=C2C(NC(=O)NC2=CC=CC=N2)=CC=C1
2950,[H]\C(C[C@@]([H])(OC)[C@@]([H])(C)C(=O)CC[C@]([H])(C)[C@]([H])(C[C@]1([H])OC(=O)C[C@@]([H])(O)C[C@]([H])(O)CC(=O)[C@]([H])(C)[C@]([H])(OC)C2=COC(=N2)C2=COC(=N2)C2=COC(=N2)\C([H])=C([H])\CC[C@@]1([H])C)OC)=C(\[H])N(C)CO
2951,CC1=CC=C(C=C1)S(O)(=O)=O
2952,N[C@@H](CCNC(=N)NO)C(O)=O
2953,[H]C(CS)(N=C(O)CCCCCN=C(O)[C@]([H])(CC1=CC=C(C=C1)C(F)(F)P(O)(O)=O)N=C(O)C([H])(CC(O)=O)N=C(O)CC1=CC=C(C=C1)C(F)(F)P(O)(O)=O)C(O)=N
2954,[H][C@](N)(CCCNC(N)=N)C(=O)C1=NC2=CC=CC=C2S1
2955,NC(=N)NC(=N)NCCC1=CC=CC=C1
2956,NCC1=CC=C(NC(=O)C(O)=O)C=C1
2957,NC(N)C1=CC2=C(C=C1)[N+]1=C(N2)C(=O)C2=[N+]([Zn]1)C1=C(N2)C=C(C=C1)C(N)N
2958,CC(=O)N[C@H]1C(O)O[C@H](COP(O)(O)=O)[C@@H](O)[C@@H]1O
2959,[H][C@]1(CCF)CNC(=O)C2=C1NC(=C2)C1=NC(N)=NC=C1
2960,CC(C)NC(=O)NS(=O)(=O)C1=C(NC2=CC=CC(C)=C2)C=CN=C1
2961,[NH3+]C1(CC2=CC=C(Cl)C=C2)CCN(CC1)C1=C2C=CNC2=NC=N1
2962,[H][C@](C)(COC1=CC(=CC(C)=C1)C(=O)N(CC)C(C)C)NC1=CC=NC=C1
2963,[H][C@@]12CC[C@@](C)(O)[C@@]1(C)CCC1=C2C=CC2=CC(O)=CC=C12
2964,C(C1=NCCN1)C1=CC=CC=C1
2965,CC1=CC2=NC3=C(N=C2C=C1C)C(=O)NC(=O)N3
2966,C[N@@+]1(CC=C)CC[C@]23[C@H]4OC5=C(O)C=CC(C[C@@H]1[C@]2(O)CCC4=O)=C35
2967,CNC[C@H](O)C1=CC(O)=C(O)C=C1
2968,[H][C@@]1(CCCCN1)C(F)(F)CNC1=NC=CC2=C1N=C(CC1=CC=CC=C1N1C=NC=N1)O2
2969,FC(F)(F)OC1=CC=C(NC(=O)C2=C(NCC3=CC=NC4=CC=CC=C34)C=CS2)C=C1
2970,[H][C@]1(NC2=CC(Cl)=C(C=C2S(=O)(=O)N1)S(N)(=O)=O)C(Cl)Cl
2971,[H][C@@]1(CC[C@@]2([H])[C@]3([H])CC[C@@]4([H])C[C@]([H])(CC[C@]4(C)[C@@]3([H])CC[C@]12C)OC(=O)CCC(O)=O)C(C)=O
2972,COCCOC1=NC(N)=NC(C)=C1
2973,NS(=O)(=O)C1=CC=C(C=C1)C(=O)NCC1=C(F)C=C(F)C=C1F
2974,O=C1N(C=C(C=C1C1=CC=CC=C1C#N)C1=NC=CC=C1)C1=CC=CC=C1
2975,[H][C@@]12N3CC[C@@]11C4=CC(=C(OC)C=C4N(C)[C@@]1([H])[C@](O)([C@H](O)[C@]2(CC)C=CC3)C(=O)NNC(=O)OCCSSC[C@H](NC(=O)[C@H](CC(O)=O)NC(=O)[C@H](CC(O)=O)NC(=O)[C@H](CCCNC(N)=N)NC(=O)[C@H](CC(O)=O)NC(=O)CC[C@H](NC(=O)C1=CC=C(NCC2=CNC3=NC(N)=NC(=O)C3=N2)C=C1)C(O)=O)C(O)=O)[C@]1(C[C@@]2([H])C[N@](C[C@](O)(CC)C2)CCC2=C1NC1=CC=CC=C21)C(=O)OC
2976,ClC1=CC=CC=C1C1=CC2=C(C3=C(N2)C=CC(NC=O)=C3)C2=C1C(=O)NC2=O
2977,[H][C@@](N)(C(=O)N1CCC(F)(F)C1)[C@@]([H])(C(=O)N(C)C)[C@@]1([H])CC[C@@]([H])(CC1)C1=CN2N=CN=C2C=C1
2978,CC1=CC=C(C=C1C(=O)NC1=CN=C(N)C=C1)C(=O)NCCC1CCCC1
2979,[H][C@](N)(C1CC1)C(=O)N1CC(=C[C@@]1([H])C1=CC=CC=C1)C1=CC(F)=CC=C1F
2980,CC1=CC=C(C=C1)S(O)(=O)=O.[H]C1(CC2=C(C1)C(=CC=C2)S(=O)(=O)N1[C@@]([H])(C)CN(C[C@@]1([H])C)C1=CC=C(OC(F)(F)F)C=C1)C(O)=O
2981,[H][C@](N)(CCC1=CC=CC=C1)C=CS(=O)(=O)C1=CC=CC=C1
2982,BrC1=C2C=C(C=C(NCC3=CN=CN=C3)N2N=C1)C1=CC=CC=C1
2983,[H][C@@]12CC[C@H](OC(=O)CCC3=CC=CC=C3)[C@@]1(C)CC[C@]1([H])[C@@]3([H])CCC(=O)C=C3CC[C@@]21[H]
2984,CN1C=CN=C1C(=O)C1=C(C)C2=C(O1)C=CC=C2OCCCNCC1=CN=CC=C1
2985,CCCC1=CC2=C(NC(CC(N)=O)=C2)C(CC(O)=O)=C1
2986,[H][C@@]12C[C@@H](C)[C@](O)(C(=O)CCl)[C@@]1(C)C[C@H](O)[C@@]1(Cl)[C@@]2([H])CCC2=CC(=O)C=C[C@]12C
2987,ClC1=CC2=C(NC(=C2)C(=O)NCCOCCOCCNC(=O)C2=CC3=C(N2)C=CC(Cl)=C3)C=C1
2988,CCCS(=O)(=O)NC1=C(F)C(C(=O)C2=CNC3=NC=C(Cl)C=C23)=C(F)C=C1
2989,[H][C@]12C=CCC=C1C=CC1=CC(O)=CC=C1N2CC1=NC2=C(N)N=C(N)N=C2N=C1
2990,CC[N+](C)(C)CC1=CC=CC=C1Br
2991,CCCCC1=NC(Cl)=C(CO)N1CC1=CC=C(C=C1)C1=CC=CC=C1C1=NNN=N1
2992,CC(C[N+](C)(C)C)OC(N)=O
2993,CC1=NC(C(=O)NCC(O)=O)=C(O)C2=CC=C(OC3=CC=CC=C3)C=C12
2994,O[C@H](COP(O)(O)=O)[C@@H](O)[C@H](O)[C@H](O)COP(O)(O)=O
2995,[H][C@]1(CO)O[C@](N=C(C)O)(C(O)=N)[C@]([H])(O)[C@@]([H])(O)[C@]1([H])O
2996,CNC(=O)CN1CCC(CC1)NC1=NC(=CC=N1)C1=CN=C2C=CC=CN12
2997,NCCCC(O)=O
2998,[H][C@]1(NCCC2=C1C=C(NC(=O)C1=CC=C3C=C(C=CC3=C1)C(N)=N)C=C2)C(C)C
2999,ClC1=CN(CCCCN2CCN(CC2)C2=NC=CC=N2)N=C1
3000,[H][C@@]12CC(F)(F)C[C@]1([H])[C@@]([H])(OC1=C2C=C(O)C=C1COC)C1=CC=C(O)C=C1
3001,[H][C@](O)(CO)CCO\N=C1\C(\NC2=CC=CC=C\12)=C1\C(=O)NC2=C1C=CC=C2
3002,N[C@@H](CC1=CC=CC(O)=C1)C(O)=O
3003,COCC(COC)N1C=CC2=C1C=CC1=NC(N)=NC(N)=C21
3004,CC1=CN([C@@H]2O[C@H](CO[P@@](O)(=O)OP(O)(O)=O)C=C2)C(=O)NC1=O
3005,[H][C@@](CC1=CC=CC=C1)(NC(C)=O)C(=O)C(F)(F)F
3006,CSCC[C@H](NC(=O)[C@H](CO)NC(=O)[C@H](CC1=CC=C(O)C=C1)NC(=O)[C@H](CO)NC(C)=O)C(=O)N[C@@H](CCC(O)=O)C(=O)NC(CC1=CN=CN1)C(=O)N[C@@H](CC1=CC=CC=C1)C(=O)N[C@@H](CCCNC(N)=N)C(=O)N[C@@H](CC1=CNC2=CC=CC=C12)C(=O)NCC(=O)N[C@@H](CCCCN)C(=O)N1CCC[C@H]1C(=O)N[C@@H](C(C)C)C(N)=O
3007,OC(=O)C1=C(O)C(I)=CC(I)=C1
3008,[H][C@]1(O)[C@]([H])(O)[C@@]([H])(CO)O[C@]([H])(O[C@@]2([H])[C@]([H])(O)[C@@]([H])(O)[C@@]([H])(OCCCCCCCCCCCC)O[C@]2([H])CO)[C@]1([H])O
3009,[H][C@@]1(C[C@@](C)(OC)[C@@H](O)[C@H](C)O1)O[C@H]1[C@H](C)[C@@H](O[C@]2([H])O[C@H](C)C[C@@H]([C@H]2O)N(C)C)[C@@](C)(C[C@@H](C)C(=O)[C@H](C)[C@@H](O)[C@](C)(O)[C@@H](CC)OC(=O)[C@@H]1C)OC
3010,CCCCCCCC(=O)SCCNC(=O)CCNC(=O)[C@H](O)C(C)(C)COP(O)(=O)OP(O)(=O)OC[C@H]1O[C@H]([C@H](O)[C@@H]1OP(O)(O)=O)N1C=NC2=C1N=CN=C2N
3011,[H][C@]12CC[C@]([H])(C[C@]([H])(C1)SCC(=O)O[C@]1([H])C[C@@](C)(C=C)[C@@]([H])(O)[C@]([H])(C)[C@]34CCC(=O)[C@@]3([H])[C@@]1(C)[C@]([H])(C)CC4)N2C
3012,[H][C@]1(CCCN1C(=O)CCC(C)C)C(=O)NCC1=CC(Cl)=CC=C1
3013,[H][C@]1(CO)O[C@@]([H])(N2C=NC3=C(N[C@]4([H])CCCC5=CC=CC=C45)N=CN=C23)[C@]([H])(N=C(O)C2=CC(OC)=CC(OC)=C2)[C@]1([H])O
3014,[H][C@]1(O[C@H](CO)[C@@H](O)[C@H](O)[C@H]1O)C1=CC=C(C)C(CC2=CC=C(S2)C2=CC=C(F)C=C2)=C1
3015,C[C@@]1(CCCN1)C1=NC2=CC=CC(C(N)=O)=C2N1
3016,CC1=C(C)C(NC2=CC=CC=C2C(O)=O)=CC=C1
3017,OCC(F)(F)F
3018,OC(=O)C1=C(C=CS1)C(=O)NC1=C(F)C=C(C=C1F)C1=CC(OC(F)(F)F)=CC=C1
3019,[H][C@](N)(CC1=CC=C(C=C1)C1=CC=CC=C1)C(O)=O
3020,OC(=O)C1=CC=C(C=C1)C1=CC=C(O1)\C=C1/SC(=N)NC1=O
3021,[H][C@@]1(O)CN2CCC[C@@]([H])(O)[C@]2([H])[C@]1([H])O
3022,[H][C@]1(C)O[C@]([H])(O[C@]2([H])[C@@]([H])(CO)O[C@]([H])(OC[C@@]3([H])O[C@@]([H])(O)[C@]([H])(O)[C@@]([H])(O)[C@]3([H])O)[C@]([H])(O)[C@@]2([H])O)[C@]([H])(O)[C@@]([H])(O)[C@]1([H])N[C@@]1([H])C=C(CO)[C@@]([H])(O)[C@]([H])(O)[C@@]1([H])O
3023,OC(=O)C1=CC=C(C=C1)C1=NC(C2=CC=CC(=C2)[N+]([O-])=O)=C2N=CC=CC2=C1
3024,[H][C@](N)(CC1=CC=C(C=C1)C1=CC=CC=C1)C(=O)N1CCC[C@@]1([H])CN
3025,CN1C(C(=O)NC2=CC=CC=N2)=C(O)C2=C(C=CS2)S1(=O)=O
3026,[H]N(C)C(=O)C1=C(C)N([H])C(\C=C2/C(=O)N([H])C3=C2C=C(Cl)C=C3)=C1C
3027,N[C@@H](CS(O)(=O)=O)C(O)=O
3028,NC(=[NH2+])C1=CC=C2NC(=CC2=C1)C1=CC=CC(=C1[O-])C1=CC=CC=C1
3029,[H]N(CCCCOC1=CC=CC(O)=C1C(=O)OC)C(=O)[C@H](CC1=CC=C(C=C1)N(C(=O)C(O)=O)C1=CC=CC=C1C(O)=O)N([H])C(=O)OCC=C
3030,OC1=NC=NC2=C1NC=N2
3031,CC(=O)NC[C@H]1CN(C(=O)O1)C1=CC(F)=C(C=C1)N1CCOCC1
3032,[H][C@@](CC1=CC=C(C=C1)C(F)(F)P(O)(O)=O)(NC(=O)[C@]([H])(CC1=CC=CC=C1)NC(C)=O)C(N)=O
3033,COC1=CC=CC(=C1)N1C(CN2CCOCC2)=CC2=C(SC(=C2)S(N)(=O)=O)S1(=O)=O
3034,CCNC(=O)[C@@H]1O[C@H]([C@H](O)[C@H]1O)N1C=NC2=C1N=CN=C2N
3035,CCCC[N+]#[C-]
3036,CCCCOC1=C(N)C=CC(=C1)C(=O)OCCN(CC)CC
3037,COC1=CC=C(C=C1O)[C@@H]1CC(=O)C2=C(O1)C=C(O[C@@H]1O[C@H](CO[C@@H]3O[C@@H](C)[C@H](O)[C@@H](O)[C@H]3O)[C@@H](O)[C@H](O)[C@H]1O)C=C2O
3038,[H][C@]12SC(C)(C)[C@@H](N1C(=O)[C@H]2NC(=O)C1=C(C)ON=C1C1=C(Cl)C=CC=C1Cl)C(O)=O
3039,[Na+].[Na+].N[C@@H](CC1=CC(I)=C(OC2=CC(I)=C(O)C=C2)C(I)=C1)C([O-])=O.N[C@@H](CC1=CC(I)=C(OC2=CC(I)=C(O)C(I)=C2)C(I)=C1)C([O-])=O
3040,CCOC(=O)[C@H](CCC1=CC=CC=C1)N[C@@H](C)C(=O)N1CC2(C[C@H]1C(O)=O)SCCS2
3041,[H][C@@](CCC(O)=N[C@@]([H])(CCC(O)=N[C@@]([H])(CCC(O)=O)C(O)=O)C(O)=O)(NC(=O)C1=CC=C(NC[C@@]2([H])CNC3=C(N2C=O)C(O)=NC(=N)N3)C=C1)C(O)=O
3042,CC1=C(C=C)\C(NC1=O)=C\C1=C(C)C(CCC(O)=O)=C(N1)\C=C1/N=C(/C=C2\NC(=O)C(C=C)=C2C)C(C)=C1CCC(O)=O
3043,[H][C@]1(CNC2=C(N1)C(N)=NC(N)=N2)C1=CC=CC=C1
3044,[H][C@]1(COP(O)(=O)OP(O)(=O)OC[C@@]2([H])O[C@@]([H])([N+]3=CC=CC(=C3)C([S-])=N)[C@]([H])(O)[C@]2([H])O)O[C@@]([H])(N2C=NC3=C(N)N=CN=C23)[C@]([H])(O)[C@]1([H])O
3045,NC1=NC(=O)N(C=C1)[C@@H]1O[C@H](COP(O)(=O)OP(O)(=O)OP(O)(O)=O)[C@@H](O)[C@H]1O
3046,CN1C=NC2=CC(C#N)=C(C(CN)=C12)C1=C(Cl)C=CC=C1
3047,N[C@@H](CC1=CN=CN1)C(O)=O
3048,[H][C@]12CC=C(C)[C@]([H])(C1)[C@@]([H])(OC2(C)C)C1=CC=C(O)C=C1
3049,COC(=O)C1CCN(CC1)C(=O)C1=CC=C(NCC2=NC3=C(N=C2)N=C(N)N=C3N)C=C1
3050,CC(C)N1CCC(CC1)NC(=O)C1=CC2=C(C=CC=C2)N1CC(=O)NC1=CC=C(Cl)C=C1
3051,CCC1(CCC(C)C)C(=O)NC(=O)NC1=O
3052,NC[C@H](C1=CC=C(Cl)C=C1)C1=CC=C(C=C1)C1=CNN=C1
3053,[H][C@@]1(O)O[C@]([H])(CO)[C@@]([H])(O[C@]2([H])O[C@]([H])(CO)[C@@]([H])(O)[C@]([H])(O)[C@@]2([H])N=C(C)O)[C@]([H])(O)[C@@]1([H])N=C(C)O
3054,FC(F)(F)COC1=CC(C(=O)NCC2CCCCN2)=C(OCC(F)(F)F)C=C1
3055,CCN(CC)C(=O)C1CN2CCC3=CC(OC)=C(OC)C=C3C2CC1OC(C)=O
3056,N[C@@H](CC1=CC(I)=C(OC2=CC(I)=C(O)C=C2)C(I)=C1)C(O)=O
3057,COC1=CC=CC=C1C1=CNC2=C1C=C(C=N2)C1=CC(=CN=C1)C(=O)N(C)C
3058,CC(C)(C)OC(=O)NC1=C(N=CC=C1)C(=O)NC1=NC=CS1
3059,[H][C@]1(F)[C@H](O)[C@@H](CO)O[C@H]1N1C=NC2=C(N)N=C(Cl)N=C12
3060,[H][C@@](CC(O)=O)(N=C(O)CP(O)(O)=O)C(O)=O
3061,C[C@@H]1CC2=CC3=C(OCO3)C=C2C(=NN1C(C)=O)C1=CC=C(N)C=C1
3062,CCCCCCCCCCNC(=O)NC1CCCCC1
3063,ClC1=CC=C(C=C1)C1=NNC(=C1)C1CCNCC1
3064,NC(=O)C1=C(N)N(C=N1)[C@@H]1O[C@H](COP(O)(O)=O)[C@@H](O)[C@H]1O
3065,[H][C@@]1(CO)C[C@@]([H])(O)[C@@]([H])(O1)N1C=NC2=C1NC(=N)N=C2O
3066,O=C1C=CC=C2[C@H]3CNC[C@H](C3)CN12
3067,CCN1CCCC1CNC(=O)C1=C(OC)C=CC(=C1)S(N)(=O)=O
3068,[H][C@](NCC1=CC=CC=C1)(C1=CC=CC=C1)P(O)(O)=O
3069,[H][C@@](CC1=CNC2=CC=CC=C12)(NS(=O)(=O)C1=CC=C(C=C1)N1CCC(CC1)C1=CC=CC=C1)C(O)=O
3070,[H][C@](C)(OC1=CC=C(OC2=CC=C(Cl)C=C2Cl)C=C1)C(O)=O
3071,[H][C@@](CC(C)C)(NP(O)(=O)O[C@]1([H])O[C@@]([H])(C)[C@]([H])(O)[C@@]([H])(O)[C@@]1([H])O)C(O)=N[C@@]([H])(CC1=CNC2=CC=CC=C12)C(O)=O
3072,CCCCC\C=C/C\C=C/C\C=C/CCCCCCC(O)=O
3073,[H][C@](N)(CC1=CC=C2C=CC=CC2=C1)C(O)=O
3074,[H]\C(CCN1CCN(CCO)CC1)=C1/C2=CC=CC=C2SC2=C1C=C(C=C2)C(F)(F)F
3075,O[C@H]1[C@H](O)[C@@H](COP(O)(O)=O)O[C@H](OP(O)(O)=O)[C@@H]1O
3076,CN(C)[C@@H](CCOC1=CC=CC2=CC=CC=C12)C1=CC=CC=C1
3077,CC(C)NC1=C(N=CC=C1)N1CCN(CC1)C(=O)C1=CC2=C(N1)C=CC(NS(C)(=O)=O)=C2
3078,N[C@@H](CSSC[C@H](N)C(O)=O)C(O)=O
3079,CC(C)COC1=C(O)C(=CC=C1)C1=NC2=CC(C(N)=N)=C(F)C=C2N1
3080,[H][C@](C)(O)CNC1=C2C(NC(=C2C2=CC=CC=C2)C2=CC=CC=C2)=NC=N1
3081,C[C@]1(OC(=O)N(NC2=CC=CC=C2)C1=O)C1=CC=C(OC2=CC=CC=C2)C=C1
3082,[H][C@](CC#CCOC)(NS(=O)(=O)C1=CC=C(C=C1)C1=CC=C(OC)C=C1)C(O)=O
3083,O[C@H]1[C@H](O)[C@@](O)(COP(O)(O)=O)O[C@@H]1COP(O)(O)=O
3084,C[C@H]1[C@@H](OCCN1C)C1=CC=CC=C1
3085,NC1=C(C=C(NC2=CC=C(NC3=NC(Cl)=NC(NC4=CC=CC=C4S(O)(=O)=O)=N3)C(=C2)S(O)(=O)=O)C2=C1C(=O)C1=CC=CC=C1C2=O)S(O)(=O)=O
3086,OC(=O)C1=CN(N=C1)C1=CC=CC=C1
3087,NS(=O)(=O)C1=CC=C(NC(=S)OCCC2=CSC=C2)C=C1
3088,NC1=NC=CC(=N1)C1=C(N=CN1C1CCNCC1)C1=CC=C(F)C=C1
3089,CC(C)(C)NCC(O)COC1=CC=CC2=C1CCC(=O)N2
3090,COC1=CC=C2NC(I)=C(CCNC(C)=O)C2=C1
3091,CN1C(=O)C(O)=C(O)C2=CC=CC=C12
3092,[H][C@]12CC3=C(NC4=CC=CC=C34)[C@H](N1C(=O)CN(C)C2=O)C1=CC2=C(OCO2)C=C1
3093,O=C1NC2=C(C=C1)[C@H](CCC2)NCCCCCCCCCCNC1=C2CCCCC2=NC2=CC=CC=C12
3094,[H][C@@]12CC3=CNC4=CC=CC(=C34)C1=C[C@H](CN2C)C(=O)N[C@@H](CC)CO
3095,[H][C@@]1(O)CCN2C(=O)N(C(=O)[C@]12[H])C1=CC=C(C#N)C2=CC=CC=C12
3096,OC(=O)C1=CC=CC=C1C1C2=CC=C(O)C=C2OC2=C1C=CC(O)=C2
3097,[H][C@@]1(N)CCCN(C1)C1=NC2=C(N1CC1=CC=CC=C1C#N)C(=O)N(C)C(=O)N2C
3098,OS(=O)(=O)C1=C2C(NC3=CC=CC=C3)=CC=CC2=CC=C1
3099,[H][C@](C)(CNS(C)(=O)=O)C1=CC=C(C=C1)C1=CC=C(C=C1)[C@@]([H])(C)CNS(C)(=O)=O
3100,COC1=CC=CC=C1N1C(=O)C2=C(Cl)C=CC=C2N=C1CSC1=C2N=CNC2=NC=N1
3101,[H][C@@](NC(=O)OC(C)(C)C)(C=O)C1CCCCC1
3102,CCOC1=CC2=C(C=C1)N=C(S2)S(N)(=O)=O
3103,[H][C@]1(CN(C)C2=CC(OC)=C(OC)C(OC)=C2)CCC2=C(C1)C(N)=N[C@]([H])(N)N2
3104,COC1=CC=CC=C1C1=CC(Cl)=C(NC(=O)C(\C#N)=C(\C)O)C=C1
3105,[Al]
3106,[H][C@@]12C[C@@H]([C@H](OC(C)=O)[C@@]1(C)CC[C@@]1([H])[C@@]2([H])CC[C@@]2([H])C[C@H](O)[C@H](C[C@]12C)N1CCOCC1)[N+]1(CC=C)CCCC1
3107,BrC1=C2NCCCNS(=O)(=O)C3=CC=CC(NC(N=C1)=N2)=C3
3108,CC1=NNC=C1C1=CC=C(CCN)C=C1
3109,CC1=C(C=NO1)C(=O)NC1=CC=C(C=C1)C(F)(F)F
3110,CC(=O)NCCC1=CNC2=C1C=C(O)C=C2
3111,[Mg++].C[N+](C)(C)CCO.OC1=CC=CC=C1C([O-])=O.OC1=CC=CC=C1C([O-])=O.OC1=CC=CC=C1C([O-])=O
3112,OC(=O)CCCC1=NC(=NO1)C1=CC(=CC=C1)[N+]([O-])=O
3113,[H][C@@]1(CO[C@](C)(OC1)C(O)=O)OC(=O)N1CCN(CC1)C(=O)O[C@@]1([H])CO[C@](C)(OC1)C(O)=O
3114,[H]/C1=C([H])\C(=O)CC2=C(C(O)=CC(O)=C2Cl)C(=O)O[C@]([H])(C)C[C@@]2([H])O[C@]2([H])/C([H])=C\1/[H]
3115,CC1=CC=CC(O)=C1
3116,[O-]S(=O)(=O)C1=CC=CC=C1.[O-]S(=O)(=O)C1=CC=CC=C1.COC1=CC2=C(C=C1OC)C(CC1=CC(OC)=C(OC)C=C1)[N+](C)(CCC(=O)OCCCCCOC(=O)CC[N+]1(C)CCC3=C(C=C(OC)C(OC)=C3)C1CC1=CC(OC)=C(OC)C=C1)CC2
3117,NC1=CC(O)=C(C=C1)C(O)=O
3118,OC(=O)C1=C(C=C(OC2=C(NC(=O)C3=CC(=CC=C3)[N+]([O-])=O)C=CC=C2)C=C1)C(O)=O
3119,II
3120,CC1=CC(OCC(O)=O)=CC(C)=C1CC1=CC=C(O)C(CC2=CC=CC=C2)=C1
3121,COC1=CC(=CC(OC)=C1OC)N(C)CC1=C(C)C2=C(N)N=C(N)N=C2N=C1
3122,[H][C@](N)(CC1CCCCC1)[C@@]([H])(O)[C@@]([H])(O)CC(C)C
3123,CN1CCC(CC1)N1CCN(CC1)C(=O)[C@H](NC(=O)C1=CC=C2C=CNC2=C1)C1=CC=CC=C1
3124,N[C@@H](CCC\N=C(/N)S)C(O)=O
3125,COC1=CC2=C(NC(=N2)[S@@](=O)CC2=NC=C(C)C(OC)=C2C)C=C1
3126,[H][C@](N)(CC(=O)N1CCCCCN1C(=O)C1=CC=CC=C1)CC1=C(F)C=C(F)C(F)=C1
3127,CCC1=NC(N)=NC(N)=C1C1=CC2=C(OC(C)(C)C(=O)N2CCNC(C)=O)C=C1
3128,NC1=NC(=S)C2=C(N1)N=CN2
3129,CC1=C(NC2=CC(=CN=C2)C(N)=O)C=C(C=C1)C(=O)NC1=CC=CC(=C1)C(F)(F)F
3130,N[C@@H](CC1=CNC2=CC=CC=C12)C(O)=O
3131,[H][C@](C)(NS(=O)(=O)C1=CC=C(OC)C=C1)C(O)=O
3132,[H][C@]1(COC2=CC=C(NCC3=CC=CC=C3)C=C2)CCCN1
3133,CN(C)CCOC(C1=CC=CC=C1)C1=CC=C(Br)C=C1
3134,[H][C@]1(COP(O)(=O)OP(O)(=O)OP(O)(=O)OC[C@@]2([H])O[C@@]([H])(N3C=[N+](C)C4=C3NC(=N)N=C4O)[C@]([H])(O)[C@]2([H])O)O[C@@]([H])(N2C=NC3=C2NC(=N)N=C3O)[C@]([H])(O)[C@]1([H])O
3135,O=C(NC1CC1)NC1=CNN=C1C1=NC2=CC=C(C[NH+]3CCOCC3)C=C2N1
3136,[H][C@](C)(OC1=C(SC(=C1)N1C=NC2=CC(OC)=C(OC)C=C12)C(N)=O)C1=CC=CC=C1Cl
3137,CN1N=C(C=C1NC(=O)NC1=CC=C(Cl)C=C1)C(C)(C)C
3138,[H][C@]12SC(C)(C)[C@@H](N1C(=O)[C@H]2NC(=O)[C@H](N)C1=CC=CC=C1)C(O)=O
3139,N[C@@H](C[SeH])C(O)=O
3140,[H][C@@]12C[C@]3([H])C[C@@H](CC[C@@]3([H])[C@H](\C=C\C3=CC=C(C=N3)C3=CC(F)=CC=C3)[C@]1([H])[C@@H](C)OC2=O)NC(=O)OCC
3141,CC(C)(N)C1=CC=C(C=C1)C1=NC(NC2=CC=C(CCN3CCOCC3)C=C2)=NC=C1Cl
3142,CCNC(=O)[C@H]1O[C@H]([C@H](O)[C@@H]1O)N1C=NC2=C1N=C(N=C2N)C#CC[C@H]1CC[C@@H](CC1)C(=O)OC
3143,[N]=O
3144,COC1=C(OC2CCCC2)C=C(C=C1)C1CN=C(O)C1
3145,NC(=N)NC(=N)NC1=C(Cl)C=CC(=C1)C(F)(F)F
3146,CSCC[C@H](NC(=O)[C@H](CO)NC(=O)[C@H](CC1=CC=C(O)C=C1)NC(=O)[C@@H](N)CO)C(=O)N[C@@H](CCC(O)=O)C(=O)N[C@@H](CC1=CN=CN1)C(=O)N[C@@H](CC1=CC=CC=C1)C(=O)N[C@@H](CCCNC(N)=N)C(=O)N[C@@H](CC1=CNC2=C1C=CC=C2)C(=O)NCC(=O)N[C@@H](CCCCN)C(=O)N1CCC[C@H]1C(=O)N[C@@H](C(C)C)C(=O)NCC(=O)N[C@@H](CCCCN)C(=O)N[C@@H](CCCCN)C(=O)N[C@@H](CCCNC(N)=N)C(=O)N[C@@H](CCCNC(N)=N)C(=O)N1CCC[C@H]1C(=O)N[C@@H](C(C)C)C(=O)N[C@@H](CCCCN)C(=O)N[C@@H](C(C)C)C(=O)N[C@@H](CC1=CC=C(O)C=C1)C(=O)N1CCC[C@H]1C(O)=O
3147,[H][C@@](CC1=CC=CC=C1)(C[N+]([O-])=O)C(O)=O
3148,[H][C@](CC(O)=O)(NC(=O)C1=CC(=CS1)C1=CC=C(C=C1)C1=CC=NC=C1)C1=CC=CC=C1
3149,[H][C@](N)(CC1=CC=CC=C1)[C@]([H])(O)CNS(=O)(=O)C1=C(C)C=C(OC)C(C)=C1C
3150,C[C@@H]1CCCN(C1)C(C)=O
3151,[H][C@](O)(CC(=O)N[C@]([H])(C(=O)N1CCC[C@@]1([H])C(O)=O)[C@@]([H])(C)CC)C(=O)NCCC
3152,CSC[C@H](N)C(O)=O
3153,[H][C@]1(O)C=C(O[C@@]([H])(OCC(C)C)[C@]1([H])NC(C)=O)C(O)=O
3154,[H]C1(CCC(CC1)=C1C(O)=C(O)C2=CC=CC=C2C1=O)C1=CC=C(Cl)C=C1
3155,NC(N)=NCCN1CCCCCCC1
3156,NS(=O)(=O)C1=CC=C(CNC(=O)C2=C(NN=C2)C2=CC(Cl)=C(O)C=C2O)C=C1
3157,CCCC1=C2ON=C(C2=CC=C1OCCCOC1=CC2=C(C=C1)N(CC(O)=O)C=C2)C(F)(F)F
3158,CC1(C)CCC(C)(C)C2=C1C=CC(=C2)[C@H](O)C(=O)NC1=C(F)C=C(C=C1)C(O)=O
3159,[H][C@](C)(CC)C1=C(O)C=CC(=C1)C(O)=N[C@]1([H])CNCCC[C@@]1([H])OC(=O)C1=CC=C(C=C1)C(=O)C1=C(O)C=CC(OC)=C1
3160,[H][C@]1(CC(F)(F)CN1C(=O)CCN1C(=O)C2=C(C=CC=C2)C1=O)C(=O)N1CCCC1
3161,CCOCCOCCOCCOCCOCCO
3162,[H][C@](CS)(CC1=CC=CC=C1)C1=NC2=C(N1)C=C[NH+]=C2
3163,CC1=CC=CC(=N1)C1=NC(NC2=CC=C3NN=CC3=C2)=C2C=CC=CC2=N1
3164,NC1=NC(=CS1)C1=CC=C(O)C=C1
3165,CC(=O)N\C(N)=N\CCC[C@@H]1NC(=O)[C@H](CCCC(O)=O)NC(=O)[C@H](CC2=CN=CN2)N2[C@H](O)C[C@H](NC(=O)[C@H]3CCCN3C1=O)C2=O
3166,FC1=CNC(=O)NC1=O
3167,NCCC1=CC=CC=C1
3168,CCC1=NN(C2=C1C(=O)NC(CC1=CC(O)=C(O)C=C1)=N2)C1=C(Cl)C=C(Cl)C=C1Cl
3169,[H][C@](O)(CCCCCC)C(O)=O
3170,[O-][N+](=O)OC[C@@H](O[N+]([O-])=O)[C@H](CO[N+]([O-])=O)O[N+]([O-])=O
3171,N[C@H](CO)C(O)=O
3172,[H][C@]1(C[C@@]2(N=C(O)N=C2O)C2=C(O1)C=CC(F)=C2)C(O)=N
3173,OC(C1=CC=CC=C1)(C1=CC=CC=C1)C12CC[N+](CCOCC3=CC=CC=C3)(CC1)CC2
3174,[H][C@@](C)(C(=O)\N=C1/C=C(N=N1)C1CC1)C1=CC=C(C=C1)N1CCN=C1O
3175,NC(=N)C1=CC2=C(C=C1)N=C(N2)C(=O)C1=NC2=C(N1)C=CC(=C2)C([NH3+])=[NH2+]
3176,[H][C@@](C[P@](O)(=O)[C@@]([H])(NS(=O)(=O)C1=CC=CC=C1)C(C)C)(C(O)=O)C1=CC(CN)=CC=C1
3177,CC(C)(CC1CC2=C(C1)C=CC=C2)NC[C@@H](O)COC1=CC(CCC(O)=O)=CC(F)=C1F
3178,CCCNC(C)C(=O)NC1=CC=CC=C1C
3179,NC[C@@H]1O[C@H](O[C@@H]2[C@@H](CO)O[C@@H](O[C@@H]3[C@@H](O)[C@H](N)C[C@H](N)[C@H]3O[C@H]3O[C@H](CN)[C@@H](O)[C@H](O)[C@H]3N)[C@@H]2O)[C@H](N)[C@@H](O)[C@@H]1O
3180,COC1=NC=CN=C1CC(C)C
3181,[H][C@]1(COP(O)(=O)OP(O)(=O)OC[C@@]2([H])O[C@@]([H])(N3C=NC4=C(N)N=CN=C34)[C@]([H])(O)[C@]2([H])O)C[C@@]([H])([N+]2=CC=CC(=C2)C(O)=N)[C@]([H])(O)[C@]1([H])O
3182,[H][C@]1(CC2=NC(N)=CC(C)=C2)CNC[C@@]1([H])NCCNCC1=CC=C(Cl)C=C1
3183,[H][C@@]1(O)CCN2C(=O)N(C(=O)[C@]12[H])C1=C(C)C(Cl)=C(C=C1)C#N
3184,[H][C@](N)(CCC(O)=N[C@@]([H])(CSCCCCCCCC)C(O)=NCC(O)=O)C(O)=O
3185,CC[N+](CC)(CC)CCC(O)(C1CCCCC1)C1=CC=CC=C1
3186,ClC1=CC=C(NS(=O)(=O)C2=CC=C3CCNCC3=C2)C=C1
3187,[H][C@@](O)(CNC(=O)NCC1=CC=CC=C1)C(O)=O
3188,[H][C@@](O)(COP(O)(O)=O)[C@@]([H])(O)[C@]([H])(O)C(O)=O
3189,FC1=CC=C(C=C1)C1=NNC=C1C1=CC=NC=C1
3190,[H][C@]1(CC#N)CC[C@@]2([H])[C@]3([H])CCC4=CC(OS(N)(=O)=O)=C(OC)C=C4[C@@]3([H])CC[C@]12C
3191,[H][C@](N)(CCCC[N+](C)(C)C)C(O)=O
3192,OCCOC1=CC=C(C=C1)C(=C(\CCCl)C1=CC=CC=C1)\C1=CC=CC=C1
3193,[H][C@]12NC(=O)C(=O)N1[C@]([H])(CO)[C@@]([H])(O)[C@]([H])(O)[C@]2([H])O
3194,[H][C@@]1(N(CCCSC1(C)C)S(=O)(=O)C1=CC=C(OC)C=C1)C(=O)NO
3195,[H][C@]1(O)CN[C@]([H])(CO)[C@@]([H])(O)[C@]1([H])O
3196,CC1=NC(=NO1)C(CC1=CC=CC=C1)(CC1=CC=C(NS(O)(=O)=O)C=C1)C1=NOC(C)=N1
3197,CC[C@]12CC[C@H]3[C@@H](CCC4=CC(=O)CC[C@H]34)[C@@H]1C=C[C@@]2(O)C#C
3198,OC(=O)CCCNC(=O)NC1CCCCC1
3199,COC1=CC(CN(C)C2=CN=C3N=C(N)N=C(N)C3=C2)=CC(OC)=C1OC
3200,[H][C@](CC(=O)NC1=NN=C(S)S1)(NC(=O)OCC1=CC=CC=C1)C1=CC=CC=C1
3201,CCCCCCCC\C=C/CCCCCCCC(=O)OC[C@H](CO[P@](O)(=O)OC[C@H](O)CO)OC(=O)CCCCCCC\C=C/CCCCCC
3202,[H][C@@](CC1=CC=C(OP(O)(O)=O)C=C1)(N=C(C)O)C(O)=N[C@@]1([H])CCCCN(CC2=CC=C(C=C2)C2=CC=CC=C2)C1=O
3203,OC(=O)CC(O)=O
3204,[H][C@@]1(C[C@]1(CC1=CC=C(OCC2=CC(C)=NC3=C2C=CC=C3)C=C1)C(=O)OC)C(=O)NO
3205,CN1N=C(C(=O)N[C@@H]2C[C@@H]3CCC[C@H](C2)N3C)C2=C1C=CC=C2
3206,O=C1OC2=CC=CC=C2C=C1
3207,CN1C2=C([N-]C(Cl)=N2)C(=O)N(C)C1=O.C[NH+](C)CCOC(C1=CC=CC=C1)C1=CC=CC=C1
3208,[H][C@]1(CO)O[C@@]([H])(OC)[C@]([H])(NC(C)=O)[C@@]([H])(O)[C@]1([H])O
3209,NC1=NC2=C(C(N)=N1)C(SC1=CC=C(C=C1)N1CCOCC1)=CC=C2
3210,CC1=C(CNC2=CC=CC3=NC=CC=C23)C=NC2=NC(N)=NC(N)=C12
3211,COC1=CC=C2NC(=O)\C(=C/C3=CN=CN3)C2=C1
3212,[O-]C(=O)CC([O-])=O
3213,CN1C(C(=O)NC2=NC=C(C)S2)=C(O)C2=C(C=CC=C2)S1(=O)=O
3214,NCCCNC1=CC=CC=C1[N+]([O-])=O
3215,CC(C)NC(=O)C[C@H]1CCCN(C(=O)C2=C(Cl)C=C(C=C2)N2CCCC2)C2=CC=CC=C12
3216,CN(C)CCCN1C2=CC=CC=C2SC2=C1C=C(C=C2)C(C)=O
3217,[H][C@]1(CO)O[C@@]([H])(N2C=CC(O)=NC2=O)[C@@]([H])(O)[C@]1([H])OP(O)(O)=O
3218,S\C=C\C[S@](=O)CC=C
3219,CC1=CNN=C1
3220,ClC1=CC2=C(OC(=O)N2)C=C1
3221,CCC(O)=O
3222,CN1C=NC(=C1SC1=NC=NC2=C1NC=N2)[N+]([O-])=O
3223,CC(C)N1C=NC2=C1NC(NCCO)=N\C2=N/C1=CC=CC(Cl)=C1
3224,[H][C@@](CC1=CC=CC(=C1)C(N)=N)(NC(=O)CNS(=O)(=O)C1=CC=C(C)C=C1)C(=O)OC
3225,OC[C@H]1O[C@H]([C@@H]2O[C@H](CP(O)(O)=O)O[C@H]12)C1=CNC2=C1NC=NC2=O
3226,CNCCNS(=O)(=O)C1=CC=CC2=C1C=CN=C2
3227,N[C@@H](CCCNC(=N)N[C@H](CC(O)=O)C(O)=O)C(O)=O
3228,NC1=C2N=CN([C@@H]3O[C@H](CO[P@@](O)(=O)O[P@@](O)(=O)OC[C@H]4O[C@H](O)[C@H](O)[C@@H]4O)[C@@H](O)[C@H]3O)C2=NC=N1
3229,CCCCC1=C(NC2=NC=CN=C12)C1=CC=C(O)C=C1
3230,[H][C@]1(COP(O)(=O)OP(O)(=O)CP(O)(O)=O)O[C@@]([H])(N2C=NC3=C(N)N=CN=C23)[C@]([H])(O)[C@]1([H])O
3231,CC(C)(C#N)C1=CC(=CC(CN2C=NC=N2)=C1)C(C)(C)C#N
3232,NC1=CC2=C(C=C1)C1=CC=C(N)C=C1C(C1=CC=CC=C1)=[N+]2CCCCCCC1=CN(CCNC2=C3CCCCC3=NC3=C2C=CC=C3)N=N1
3233,COC1=CC=CC(=C1)C1=CC=C(NC(=O)C2=C(SC=C2)C(O)=O)C(F)=C1
3234,CCN(CCCC1=CC=CC=C1)CCCC1=CC=CC=C1
3235,C[N+](C)(C)CCCCCCCCCC[N+](C)(C)C
3236,[H][C@](CCN1C(=O)C2=CC=CC=C2C1=O)(CC(=O)C1=CC=C(C=C1)C1=CC=C(OCC)C=C1)C(O)=O
3237,O=C(NCC1=NC=CC=C1)C1=CC=C(OC2=CC=CC=C2)C=C1
3238,CN[C@H]1CN(C2=CC(OC)=CC=C2)S(=O)(=O)C2=C1C=C(S2)S(N)(=O)=O
3239,N[C@@H](CC1=CC(F)=C(O)C=C1)C(O)=O
3240,CCC1=C(C)NC2=C1C(=O)C(CN1CCOCC1)CC2
3241,[O-][N+](=O)C1=C(C=C2NC(=O)C(=O)NC2=C1)[N+]([O-])=O
3242,CP(O)=O
3243,[H][C@@](N)(C(F)=C1CCCC1)[C@]([H])(CC1CC1)C1=NC(=NO1)C1=CC=C(C=C1Cl)S(C)(=O)=O
3244,Br.Br.Br.Br.Br.Br.Br.Br.Br.Br.Br.[Br-].[Ta].[Ta].[Ta].[Ta].[Ta].[Ta+]
3245,CC(C)(C)NCC(O)C1=NC(CO)=C(O)C=C1
3246,CN(C)CCC[C@]1(OCC2=C1C=CC(=C2)C#N)C1=CC=C(F)C=C1
3247,NCC1=CC=C2OCC3(CCN(CC3)C(=O)C3=CC=C(O3)C#CC3=CC=CC=C3)C2=C1
3248,CN(C)C1=NC2=C(Br)C(Br)=C(Br)C(Br)=C2N1
3249,NCCCOC1=CC=C(C=C1)C1=C(NN=C1)C1=CC(Cl)=C(O)C=C1O
3250,[H][C@@]1(CC[C@@]2([H])[C@]3([H])CCC4=C(C=C(OC)C(OS(N)(=O)=O)=C4)[C@@]3([H])CC[C@]12C)OS(N)(=O)=O
3251,C[N+](C)(C)C1=CC=C(CNC(=O)C2=CC3=C(C=CC(OCC4=CC=CC=C4)=C3)N2CC2=CC=CC(=C2)C(N)=N)C=C1
3252,OC(=O)CCCCCCOC1=C(Cl)C=C(NC(=O)NC(=O)C2=CC=CC=C2Cl)C=C1Cl
3253,O[C@@H]1CO[C@H](O)[C@H](O)[C@H]1O
3254,[H][C@@]12CC[C@@]3(CCC(C)(C)C(=O)O3)[C@@]1(C)CC[C@]1([H])C3=CC=C(C=C3CC[C@@]21[H])C(N)=O
3255,[H][C@@](CC)(C=O)[C@@]([H])(CNS(=O)(=O)C1=CC=C(C=C1)[N+]([O-])=O)C(O)=O
3256,OC(=O)CCC1C2=CC=C(O)C=C2OC2=C1C=CC(O)=C2
3257,CC1=C(F)C(OC2=CC(=CC=C2)C(N)=N)=[NH+]C(OC2=CC=CC(=C2)C(N)=N)=C1F
3258,NS(=O)(=O)C1=CC=C(NC2=NC(=CC=N2)C2=CN=C3C=CC=CN23)C=C1
3259,[H][C@]1(CO)O[C@@]([H])(SCCCCCCC)[C@]([H])(O)[C@@]([H])(O)[C@]1([H])O
3260,[H][C@]1(COP(O)(=O)OP(O)(O)=O)O[C@@]([H])(N2C=NC3=C(N)N=CN=C23)[C@]([H])(O)[C@]1([H])OP(O)(O)=O
3261,[H][C@@]12C[C@H](C(=O)OOC)[C@](C)(O1)N1C3=C(C=C(CSCC)C=C3)C3=C4CNC(=O)C4=C4C5=C(C=CC(CSCC)=C5)N2C4=C13
3262,[H][C@](C)(NC1=C(NC2=CC=NC=C2)C(=O)C1=O)C1=CC=CC=C1
3263,[H]\C(C1=CC(OC)=C(C=C1)N1C=NC(C)=C1)=C1\CCCN(C1=O)[C@@]([H])(C)C1=CC=C(F)C=C1
3264,[H][C@@]1(O)[C@]([H])(O)[C@]([H])(NCC2=CC=CC=C2)[C@@]([H])(SC)[C@]1([H])O
3265,[H][C@]1(CN(CC2=CC=C(F)C=C2)CCN1)C(=O)NCCCS
3266,CC1=C(CO)C2=C(C)C3(CC3)[C@@](C)(O)C(=O)C2=C1
3267,CCCCNC(=N)NO
3268,CC1=CC(Br)=C([O-])C(=C1)C1=CC2=CC(=CC=C2N1)C(N)=[NH2+]
3269,[H][C@](C)(CC)[C@]([H])(NC(=O)[C@@]1([H])O[C@]1([H])C(=O)OCC)C(O)=O
3270,[H][C@@](C)(NC(=O)OCC1=CC=CC=C1)C(=O)NC[P@](O)(=O)O[C@@]([H])(CC1=CC=CC=C1)C(O)=O
3271,OS(=O)(=O)C1=CC2=C(C=CC=C2)C=C1
3272,[H][C@@]12CC3=CNC4=CC=CC(=C34)C1=C[C@H](CN2C)C(=O)N[C@@H](C)CO
3273,C(NC1=CC(=NC2=C(C=NN12)C1CC1)C1=CC=CC=C1)C1=CN=CC=C1
3274,CCCCN1C2=C(NC(CC3=CC=C(NC(C)=O)C=C3)=N2)C(=O)N(CC2=CC=CC=C2F)C1=O
3275,[H][C@@]12CCCC[C@@]11CCN(C)[C@@H]2CC2=C1C=C(O)C=C2
3276,[H][C@@]1(CC[C@]([H])(C2=C(F)C=C(F)C(F)=C2)[C@@]([H])(N)C1)N1CCN2C(C1)=NN=C2C(F)(F)F
3277,COC1=CC=C(C=C1)S(=O)(=O)N1CCN(CC1)S(=O)(=O)C1=CC=C2OCCOC2=C1
3278,OC(=O)\C=C\C1=C(O)C=C(O)C=C1
3279,[H][C@]1(N)CCC2=CC=CC=C2[C@]1([H])O
3280,[H][C@]12CC3=C4C(OC5[C@@]4(CCN1C)[C@]21CC(C(C)(O)CCC)C5(OC)C=C1)=C(O)C=C3
3281,[H][C@](O)(CO)[C@]([H])(O)[C@]([H])(O)[C@]([H])(O)CN(CCO)C(=O)CCCCCCCC
3282,FC1=CC(=CC(=C1)C(=O)NC1=CC=C2NC=CC2=C1)N1CCOCC1
3283,C[C@H](N)CC1=CC=CC=C1
3284,[H][C@](N)(CCCNC(=N)NN(=O)=O)C(O)=N[C@@]([H])(CCN)C(O)=N
3285,[H][C@](C)(CC1CC1)C=O
3286,CN1CCC(CC1)=C1C2=CC=CC=C2CCC2=C1N=CC=C2
3287,CCS(=O)(=O)N[C@H](CC1=CNC2=CC=CC=C12)C(=O)N[C@@H](CCC(N)=O)C(=O)NCC1=CC=C(C=C1)C(N)=N
3288,CC1=C(NC2=CC=NC3=CC(=CC=C23)C2=CSC(C=O)=N2)C=C(O)C=C1
3289,CC1(C)CCC(C)(C)C2=C1C=CC(=C2)C(=O)C1=CC2=C(C=C1)C=C(C=C2)C(O)=O
3290,CC(C)C1=CC=C(COC2=C(Cl)C=C(CC(=O)NCCN)C=C2)C=C1
3291,[H][C@](CS(C)(=O)=O)(N1C(=O)C2=C(C1=O)C(=CC=C2)N=C(C)O)C1=CC(OCC)=C(OC)C=C1
3292,N[C@@H](CCC(=O)N[C@@H](CS)C(O)=O)C(O)=O
3293,COC1=C(NC2=NC3=C(C=CN3)C(NC3=CC=CC(F)=C3C(N)=O)=N2)C=CC(CS(C)(=O)=O)=C1
3294,[H][C@@]12CC[C@]3(O)C[C@H](C[C@@H](O)[C@]3(CO)[C@@]1([H])[C@H](O)C[C@]1(C)[C@H](CC[C@]21O)C1=CC(=O)OC1)O[C@@H]1O[C@@H](C)[C@H](O)[C@@H](O)[C@H]1O
3295,OC(=O)C(C1=CC=CC=C1)C1=CC=CC=C1
3296,[H][C@@](O)(CO)CONC(=O)C1=C(NC2=CC=C(I)C=C2F)C(F)=C(F)C=C1
3297,[H][C@](N)(CC1=CC=C(CC(F)(F)F)C=C1)C(O)=O
3298,CCCCNC(=O)NS(=O)(=O)C1=CC=C(C)C=C1
3299,OC(=O)C1=CC(NC2=C(C(=O)NC2=O)C2=CC(Cl)=CC=C2)=CC=C1Cl
3300,CC1=CC=CC(=C1)C(=O)C1=CC=NC(NCC2=CC=C(C=C2)C(N)=N)=C1
3301,CCC1=C(O)C=C(O)C(=C1)C1=C(C(C)=NN1)C1=CC=C2OCCOC2=C1
3302,COC1=CC2=NC=C3C(N)=NC4=C(C)C(N)=CC=C4C3=C2C=C1OC
3303,[H][C@@](C)(COC1=CC=C(C=C1)[C@]1([H])OC2=C(S[C@]1([H])C1=CC=C(O)C=C1)C=C(O)C=C2)N1CCCC1
3304,C[C@](O)(CBr)C(=O)NC1=CC(=C(C=C1)[N+]([O-])=O)C(F)(F)F
3305,CCNC(=O)C1=NNC(=C1N1CCNCC1)C1=CC(Cl)=C(O)C=C1O
3306,OP(O)(=O)OC1=CC=C(CC2=CC=C(OP(O)(O)=O)C=C2)C=C1
3307,ClC1=CC=C2C=C(C=CC2=C1)S(=O)(=O)N1CCN(CC1)C(=O)C1CCN(CC1)C1=CC=NC=C1
3308,[H][C@]1(O)CN(CCCCCCCCC)[C@]([H])(CO)[C@@]([H])(O)[C@]1([H])O
3309,CC1=C(Cl)C(NC2=CC=CC=C2C(O)=O)=C(Cl)C=C1
3310,[H][C@@]1(O)OC2=C(C=CC(OC)=C2)N(O)C1=O
3311,CNCCCC1C2=CC=CC=C2C=CC2=CC=CC=C12
3312,[O-][N+](=O)C1=CC=C(C=C1)C1=CC=C(O1)C=NN1CC(=O)NC1=O
3313,CCOC(=O)[C@H](CCC1=CC=CC=C1)N[C@H]1CCCN2CCC[C@H](N2C1=O)C(O)=O
3314,CN(C)CC(C1=CC=C(O)C=C1)C1(O)CCCCC1
3315,[H][C@@]12CC3=C(C=CC(O)=N3)[C@]3(CC(C)=C1)NCCC[C@]23[H]
3316,CCOC(=O)[C@H](CCC1=CC=CC=C1)N[C@@H](C)C(=O)N1CC2=CC(OC)=C(OC)C=C2C[C@H]1C(O)=O
3317,CC(C)C1=CN\C(S1)=N\C(=O)CC1=CC=CN=C1
3318,OC(CCN1CCCCC1)(C1CCCC1)C1=CC=CC=C1
3319,[H][C@]1(CO)CN[C@]([H])(N=C(C)O)[C@@]([H])(O)[C@@]1([H])O
3320,NC(=O)C1=CC(NC2=NC(NC3=C(Cl)C=CC4=C3OCO4)=CC=N2)=CC=C1
3321,CCCN(CCC)CCC1=C2CC(=O)NC2=CC=C1
3322,[H][C@@]12C[C@@]3([H])[C@]4([H])C[C@H](F)C5=CC(=O)C=C[C@]5(C)[C@@]4(F)[C@@H](O)C[C@]3(C)[C@@]1(OC(C)(C)O2)C(=O)CO
3323,[H][C@@]1(Cl)CN=C(NCCC2=NC=CC=C2)[C@]([H])(O)N1CC(=O)NCC1=CSC2=CC=C(Cl)C=C12
3324,[H][C@]1(N(CCSC1(C)C)S(=O)(=O)C1=CC=C(OCC#CC)C=C1)C(=O)NO
3325,C1OC2=C(O1)C=C(OC1=CC=NC(OC3=CC=C(C=C3)N3C=CN=C3)=N1)C=C2
3326,CCOCCOCCOCC
3327,[H][C@](O)(C(O)=NCCC(O)=NCCCN(=O)=O)C(C)(C)COP(O)(=O)OP(O)(=O)OC[C@@]1([H])O[C@@]([H])(N2C=NC3=C(N)N=CN=C23)[C@]([H])(O)[C@]1([H])OP(O)(O)=O
3328,NC(=N)NC(=O)CC1=C(Cl)C=CC=C1Cl
3329,CO[C@@H](\C=C\C1=CSC(=N1)C1=CSC(=N1)[C@@H](C)\C=C\C=C\C(C)C)[C@@H](C)C(\OC)=C/C(N)=O
3330,COC1=CC=C(C=C1)S(=O)(=O)N(CC1=CC=CN=C1)C1=C(C=CC=C1C)C(=O)NO
3331,CCC[C@@H]1C[C@H](N(C)C1)C(=O)NC(C(C)Cl)[C@H]1O[C@H](SC)[C@H](O)[C@@H](O)[C@H]1O
3332,[H][C@@](CCCO)(C(=O)NO)[C@@]([H])(CC(C)C)C(=O)N[C@@]1([H])CCCCN(CCOC)C1=O
3333,CNC(C)CCC=C(C)C
3334,[H][C@]1(NC(=O)[C@H](CC2=CC=C(OC)C=C2)NC(=O)CCCSC[C@H](NC(=O)[C@H](CC(N)=O)NC(=O)[C@H](CCC(N)=O)NC1=O)C(=O)N1CCC[C@H]1C(=O)N[C@@H](CC(C)C)C(=O)NCC(N)=O)[C@@H](C)CC
3335,CN1CCN(CC1)NC(=O)NC1=CC=CC2=C1C(=O)C1=C(NN=C21)C1=C(C)N=C(C)S1
3336,CCOC(=O)CO\N=C(\C1=CC=CC=N1)C1(CC1)C1=CC=C2N(C)C(CNC3=CC=C(C=C3)C(N)=N)=NC2=C1
3337,OC(=O)C1=C(C(O)=O)C(C(O)=O)=C(C(O)=O)C(C(O)=O)=C1C(O)=O
3338,CCC1=C(C(N)=NC(N)=N1)C1=CC=C2OC(C)(C)C(=O)N(CCCOC)C2=C1
3339,[H]\C(=C(\[H])[C@@]([H])(C)[C@@]([H])(OC)[C@@]([H])(C)C(=O)CC[C@]([H])(C)[C@]([H])(C[C@]1([H])OC(=O)C[C@]([H])(C[C@]([H])(C)C[C@]([H])(O)[C@]([H])(C)[C@@]([H])(OC)C2=COC(=N2)C2=COC(=N2)C2=COC(=N2)\C([H])=C([H])\C[C@]([H])(OC)[C@@]1([H])C)O[C@]([H])(N)O)OC)N(C)CO
3340,NCC(=O)NC1=CC=C(OCC2=CC=CC=C2)C=C1
3341,FC1=CC=C(C=C1)C1=CNN=C1C1=CC(F)=NC=C1
3342,[H][C@](N)(CCC(=O)N[C@@]([H])(CS[C@]1([H])C2=CC=CC=C2C2=CC=CC=C2[C@@]1([H])O)C(=O)NCC(O)=O)C(O)=O
3343,NC(=[NH2+])NCCCO
3344,[H]\C(\C(\[H])=C(/[H])C(O)(CC)CC)=C(\[H])[C@@]([H])(C)[C@@]1([H])CC[C@@]2([H])\C(CCC[C@]12C)=C(/[H])\C(\[H])=C1\C[C@@]([H])(O)C[C@]([H])(O)C1=C
3345,OCC(=O)[C@@H](O)[C@H](O)[C@H](O)COP(O)(O)=O
3346,[H]\C1=C([H])/[C@]([H])(CC2=CC=C(O)C=C2)N=C(O)[C@@]([H])(CC2=CC=CC=C2)NC(=O)C(=O)[C@]([H])(CCCNC(N)=N)N=C(O)[C@]2([H])CCCN2C(=O)[C@]([H])(CN=C1O)N=CO
3347,N[C@@H](CCCNC(=N)N[N+]([O-])=O)C(=O)N[C@H]1CN[C@@H](C1)C(N)=O
3348,CCCC1=CC(=O)OC2=C1C1=C(C=CC(C)(C)O1)C1=C2[C@@H](O)[C@H](C)[C@@H](C)O1
3349,CC1CN(CCN1)C1=C(F)C(C)=C2C(=O)C(=CN(C3CC3)C2=C1)C(O)=O
3350,CCCN1C(=NC(=C1C1=CC=NC(NC2CC2)=N1)C1=CC=C(Cl)C(Cl)=C1)C1CCN(C)CC1
3351,[H][C@@]12CC[C@@]([H])(N1C)[C@@]([H])(C(=O)OC)[C@]([H])(C2)O[P@](O)(=O)C1=CC=CC=C1
3352,[H][C@]1(C)[C@]([H])(C(C)C)C2=C(C=C(C)C(=C2)C(=O)CCC(O)=O)C1(C)C
3353,[H][C@@]12CC[C@](OC(C)=O)(C(=O)COC)[C@@]1(C)C[C@H](C1=CC=C(C=C1)N(C)C)C1=C3CCC(=O)C=C3CC[C@@]21[H]
3354,CCC1(CC)C(=O)NC(=O)NC1=O
3355,CC(=O)C1=CC=CC(=C1)C1=CN=C2C=CC(NCC3CC3)=NN12
3356,O=C1OCC\C1=C/NC1=CC=CC=C1
3357,NC1=CC=CC=C1C(=O)CCC(O)=O
3358,[H][C@]1(CN)CN(CCO1)C1=C(C=NC2=C1C=NN2)C1=CC=CC=C1
3359,CC(C)C[C@@H](NC(N)=N)C(=O)NCC(=O)N1CCC(CC1)C1=CC(=NN1C)C1=CC=C(OCC2=CC=C(O2)C(O)=O)C(Cl)=C1Cl
3360,CC1=CC=C(NC(=O)C2=CC=CN=C2)C=C1NC1=NC=CC(=N1)C1=CC=CN=C1
3361,[H][C@]12C[C@H](NC(=O)C[C@H](O)C(C)(C)C(=O)[C@H](C)[C@@H](O)[C@@H](C)CCC[C@@]1(C)O2)C(\C)=C\C1=CSC(C)=N1
3362,NS(=O)(=O)C1=CC=C(C=C1)C1=CC=C(O1)\C=C1/SC(=O)NC1=O
3363,OC1=NC2=CC=CC=C2C1CC1=CC=C(C=C1)N1CCN(CC1)C=O
3364,CCCSC1=CC2=C(C=C1)N=C(NC(=O)OC)N2
3365,[H][C@](C(C)C)(N(CC1=CC=CN=C1)S(=O)(=O)C1=CC=C(OC)C=C1)C(=O)NO
3366,CCCCCCCCCCCCCCCCCC(=O)OC[C@@H](CO[P@](O)(=O)OCCN)OC(=O)CCCCCCCCCCCCCCCCC
3367,CCC1=C(C(=O)C2=CC(Br)=C(O)C(Br)=C2)C2=C(O1)C=C(C=C2)S(=O)(=O)NC1=CC=C(C=C1)S(N)(=O)=O
3368,[H][C@@](CC1=CC=CC=C1)(OC1=CC=C(Cl)C=C1)C(O)=O
3369,[H][C@@]12CCC[C@]1([H])[C@H](N(C2)C(=O)[C@@H](NC(=O)[C@@H](NC(=O)C1=NC=CN=C1)C1CCCCC1)C(C)(C)C)C(=O)N[C@@H](CCC)C(=O)C(=O)NC1CC1
3370,[H][C@]12CN(C[C@]1([H])OCCN2)C1=C(F)C=C2C(=O)C(=CN(C3CC3)C2=C1C#N)C(O)=O
3371,CN(C)C(=O)OC1=C[N+](C)=CC=C1
3372,CCCCCCCCCCP(C)(C)=O
3373,[H][C@@](O)(CN1C=NC2=C(N)N=CN=C12)[C@@]([H])(O)C(O)=O
3374,[H][C@@]1(C[C@]([H])(OC(=O)C2=CC=CC=C2NC)[C@@]([H])(COP(O)(=O)OP(O)(O)=O)O1)N1C=NC2=C(N)N=CN=C12
3375,OC(=O)C(C(O)=O)C1=CC=CC=C1
3376,C[C@@H](OP(O)(O)=O)C(O)=O
3377,NC(=O)CC1=CC=CC(C(=O)C2=CC=CC=C2)=C1N
3378,[H]C(C(O)=O)=C(C)C(\[H])=C(/C)C[C@]([H])(C)CCCC[C@@]([H])(O)[C@@]([H])(CO)C=O
3379,OC1=CC=C(C=C1)C1=CC2=C(O1)C(CC#N)=CC(O)=C2
3380,OC(=O)CCC(=O)CCC(=O)CCC(O)=O
3381,[H][C@](NC(=O)CN1C(=O)C(NS(=O)(=O)NC)=CC=C1C1=CC=CC=C1)(C(C)C)C(=O)C(F)(F)F
3382,C[C@]12CC[C@H]3[C@@H](CCC4=C3C=CC(OS(O)(=O)=O)=C4)[C@@H]1CCC2=O
3383,[H][C@]1(O)[C@]([H])(O)[C@@]2([H])N=C(O[C@@]2([H])[C@]1([H])CO)N(C)C
3384,C[C@H]1O[C@H](C[C@H](O)[C@@H]1O[C@H]1C[C@H](O)[C@H](O[C@H]2C[C@H](O)[C@H](O[C@@H]3O[C@H](CO)[C@@H](O)[C@H](O)[C@H]3O)[C@@H](C)O2)[C@@H](C)O1)O[C@H]1CC[C@@]2(C)[C@H](CC[C@@H]3[C@@H]2C[C@@H](O)[C@]2(C)[C@H](CC[C@]32O)C2=CC(=O)OC2)C1
3385,[H][C@@](NC(N)=N)(C1CCCCC1)C(O)=NCC(=O)N1CCC(CC1)C1=CC(=NN1)C1=C(Cl)C(Cl)=CC=C1
3386,[H][C@](N)(CC1=CC=C(I)C=C1)C(O)=O
3387,CC(C)C[C@@H](C(O)=O)C(=O)NO
3388,[H][C@@](O)(CO)[C@@]([H])(O[C@@]1([H])O[C@]([H])(CO)[C@@]([H])(O[C@@]2([H])O[C@]([H])(C)[C@@]([H])(N[C@@]3([H])C=C(CO)[C@@]([H])(O)[C@]([H])(O)[C@@]3([H])O)[C@]([H])(O)[C@@]2([H])O)[C@]([H])(O)[C@@]1([H])O)[C@]([H])(O)[C@@]([H])(O)C=O
3389,[H][C@@](CCCC)(NC(=O)CCC(O)=O)[P@](O)(=O)OC1=CC=CC=C1
3390,[H][C@]1(CO)O[C@@]([H])(N2C=NC3=C2[NH+]=CN[C@@]3([H])O)[C@]([H])(O)[C@]1([H])O
3391,[H][C@](C)(C#CC1=C(N)N=C(N)N=C1C)C1=CC(OC)=CC(=C1)C1=C(C)C=CC=C1C
3392,OC[C@H]1C[C@@H](S\C(=N/OS(O)(=O)=O)CC2=CC=CC=C2)[C@H](O)[C@@H](O)[C@@H]1O
3393,[H][C@]1(N)CC(O)=NC1=O
3394,[H][C@@](C)(N=C(O)[C@@]([H])(N=C(O)OCC1=CC=CC=C1)C(C)C)C(O)=N[C@@]([H])(CC(O)=O)C(=O)CF
3395,[H][C@@]12C[C@@H](C)[C@](C)(C(=O)CC)[C@@]1(C)C[C@H](O)[C@@]1([H])[C@@]2([H])CCC2=CC(=O)C=C[C@]12C
3396,[H][C@]1(COC2=NC(=N)NC3=C2N=CN3)CCC(O)=N1
3397,COC1=C(F)C(F)=C(C(N)=O)C(F)=C1F
3398,C[C@@](O)([C@H](CC(O)=O)C(O)=O)C(O)=O
3399,[H][C@@](CN)(CC1=C(Cl)C=C(Cl)C=C1)NC(=O)C1=CC=C(S1)C1=CC=NC(NC)=N1
3400,O=N(=O)C1=CC=C2NN=CC2=C1
3401,C[N+]1(CCCCC[N+]2(C)CCCC2)CCCC1
3402,COC1=CC=C(C=C1)\N=C1\NC(N)=C(S1)C(=O)C1=CC=C(OC)C=C1
3403,CC(C)C1=NN=C2C=CC(=CN12)C1=C(N=CO1)C1=CC=C(F)C=C1
3404,ClC1=CC=C(COC(CN2C=CN=C2)C2=C(Cl)C=C(Cl)C=C2)C=C1
3405,[H][C@@](CC)(NC1=NC=NC2=C1N=CN2)C1=NC2=CC=CC(F)=C2C(=O)N1C1=CC=CC=C1
3406,CN1C=NC(C[C@H](N)C(O)=O)=C1
3407,O.O=O.[O-][Cl]=O.[O-][Cl]=O.[O-][Cl]=O.[O-][Cl]=O
3408,CC(C)C[C@H](NC(=O)[C@H](CCC1=CC=CC=C1)NC(=O)CN1CCOCC1)C(=O)N[C@@H](CC1=CC=CC=C1)C(=O)N[C@@H](CC(C)C)C(=O)[C@@]1(C)CO1
3409,CN1C=C(C(=N1)C1=CC=C(OCC2=NC3=CC=CC=C3C=C2)C=C1)C1=CC=NC=C1
3410,[H][C@@]12CC[C@](O)(C(=O)CO)[C@@]1(C)CC(=O)[C@@]1([H])[C@@]2([H])CCC2=CC(=O)C=C[C@]12C
3411,N(C1=CC=CC=C1)C1=NC2=CC=NN2C(NC2=CC=CC=C2)=N1
3412,CC(C)(C)C1=CC(=C(O)C=C1NC(=O)C1=CNC2=CC=CC=C2C1=O)C(C)(C)C
3413,NC(=[NH2+])C1=CC=C2NC(=NC2=C1)C1=CC=CC=C1[O-]
3414,[H][C@](N)(C1=CC=CC=C1)C1=CC=C(C=C1)C1=C2N=CNC2=NC=N1
3415,OC(=O)C1=CC(S)=CC=C1[N+]([O-])=O
3416,CCN(CC)CCOC(=O)C1(CCCCC1)C1CCCCC1
3417,[H][C@]1(O)C[N@]2[C@@]([H])(C1)[C@]1([H])C(=O)N(CC3=CC=C4OCOC4=C3)C(=O)[C@]1([H])[C@]2([H])C1=CC=C(C=C1)C(N)=N
3418,[H][C@]1(NC(=S)NC(C)=C1C(=O)OCC)C1=CC=CC(O)=C1
3419,COC1=CC(CC2C3=C(OC)C(OC)=C(OC)C=C3CC[N+]2(C)CCCOC(=O)CCC(=O)OCCC[N+]2(C)CCC3=CC(OC)=C(OC)C(OC)=C3C2CC2=CC(OC)=C(OC)C(OC)=C2)=CC(OC)=C1OC
3420,CO[C@H]1O[C@H](CO)[C@@H](O)[C@H](O)[C@@H]1O
3421,[H][C@](O)(C(O)=O)[C@@]([H])(O)C(O)=NCCC
3422,NC(=[NH2+])C1=CC=C(COB2OCCO2)C=C1
3423,OC(=O)\C=C\C1=CC(O)=C(O)C=C1
3424,CC1=CN([C@H]2C[C@H](O)[C@@H](COP(O)(O)=O)O2)C(=O)NC1=O
3425,CC(C)=CCC\C(C)=C/CC\C(C)=C/CO
3426,ClC1=CC(Cl)=C(CO\N=C(/CN2C=CN=C2)C2=CC=C(Cl)C=C2Cl)C=C1
3427,CCCCCCCCCCCCS([O-])(=O)=O
3428,[H][C@@](N)(COC1=CC(=CN=C1)C1=CC=C2NN=C(C)C2=C1)CC1=CC=CC=C1
3429,NC(=O)C1=CN=CC(Br)=C1
3430,[H][C@@]1(C)CN(CCN1S(=O)(=O)C1=CC=C(C=C1)C(C)(C)C)C1=CC=C(C=C1)[N+]([O-])=O
3431,NC1=C2N=CN([C@@H]3O[C@H](COP(O)(=O)OP(O)(=O)OC[C@H]4O[C@H]([C@H](O)[C@@H]4O)[N+]4=CC=CC(=C4)C(O)=O)[C@@H](O)[C@H]3O)C2=NC=N1
3432,CC(=O)N1CCN(CC1)C(=O)[C@H](CC1=CC=CC(=C1)C(N)=N)NS(=O)(=O)C1=CC=C2C=CC=CC2=C1
3433,CC(C)CCC[C@@H](C)[C@@]1([H])CC[C@@]2([H])\C(CCC[C@]12C)=C\C=C1\C[C@@H](O)C[C@H](O)C1=C
3434,[H][C@]1(N)CN(C[C@]1([H])C1=C(F)C=C(F)C(F)=C1)C1=CC(=NC=N1)C1=CC=C(OC)N=C1
3435,C[C@@](N)(C(O)=O)C1=CC=C(C=C1)C(O)=O
3436,OC(=O)C1=CC=CC(O)=C1O
3437,OCCONC(=O)C1=CC=C(F)C(F)=C1NC1=CC=C(C=C1F)C#C
3438,[H][C@@](N)(CP(O)(O)=O)C(O)=O
3439,NC1=NC=NC(NC2=CC=C(C=C2)S(N)(=O)=O)=C1
3440,C[N+](C)([O-])CCNC1=CC=C(NCC[N+](C)(C)[O-])C2=C1C(=O)C1=C(O)C=CC(O)=C1C2=O
3441,C[S@@](=O)C1=CC=C(C=C1)C1=NC(=C(N1)C1=CC(I)=CC=C1)C1=CC=NC=C1
3442,CC(C)C[C@H](NC(=O)[C@@H](CC(N)=O)NC(=O)[C@H](CC1=CC=C(O)C=C1)N(C)C(=O)[C@H](CO)NC(=O)[C@@H](CC1=CN=CC=C1)NC(=O)[C@@H](CC1=CC=C(Cl)C=C1)NC(=O)[C@@H](CC1=CC2=C(C=CC=C2)C=C1)NC(C)=O)C(=O)N[C@@H](CCCCNC(C)C)C(=O)N1CCC[C@H]1C(=O)N[C@H](C)C(N)=O
3443,OC(=O)COC1=C(SC(=C1Br)C1=CC=C(O)C=C1)C(O)=O
3444,NS(=O)(=O)C1=CC=C(C=C1)C1=CC=C(O1)\C=C1/SC(=N)NC1=O
3445,[H][C@]1(CC=C(C)C)O[C@]1(C)[C@@]1([H])[C@]([H])(OC)[C@@]([H])(CC[C@]11CO1)OC(=O)NC(=O)CCl
3446,N#CC1=NC2=C(N=CN2C2CCCC2)C(NC2=CC=CC=C2OCCCN2C=CN=C2)=N1
3447,CN(CCOC1=CC=C(NS(C)(=O)=O)C=C1)CCC1=CC=C(NS(C)(=O)=O)C=C1
3448,OC(CN1C=CN=C1)(P(O)(O)=O)P(O)(O)=O
3449,[H][C@@]12CCN(C[C@@H]1C=C)[C@]([H])(C2)[C@@H](O)C1=C2C=C(OC)C=CC2=NC=C1
3450,NC1=CC=CC=C1CO
3451,CCCCCCCC\C=C/CCCCCCCC(=O)OC[C@H](COP(=O)(O)OCC[N+](C)(C)C)OC(=O)CCCCCCC\C=C/CCCCCCCC
3452,[H][C@@](C)(CCC1=CC=C(O)C=C1)NC(=O)CC1=C(NC2=C1C=CC=C2)C1=CC=CC=C1
3453,NC(N)=N
3454,S=P(N1CC1)(N1CC1)N1CC1
3455,COC(=O)C1=CCCN(C)C1
3456,[H][C@@](CS(=O)(=O)CC1=C(OC(F)F)C=CC=C1)(OC(=O)N1CCOCC1)C(=O)NCC#N
3457,[H]N(C(C)=O)[C@]([H])(CC1=C2C=CC=CC2=CC=C1)[B-](O)(O)O
3458,[H][C@](NC(=O)CN1C(=O)C(NS(C)(=O)=O)=CN=C1C1=CC=C(N)C=C1)(C(C)C)C(=O)C(F)(F)F
3459,CN(CC=CC1=CC=CC=C1)CC1=CC=CC2=CC=CC=C12
3460,O[C@H](C[C@H](O)\C=C\C1=C(N=C2C=CC=CC2=C1C1=CC=C(F)C=C1)C1CC1)CC(O)=O
3461,NS(=O)(=O)C1=CC2=C(NCNS2(=O)=O)C=C1C(F)(F)F
3462,N[C@H]1[C@H](O)O[C@H](CO)[C@H](O)[C@@H]1O
3463,[H][C@]1(CO)O[C@@]([H])(N2C=CC(O)=NC2=O)[C@]([H])(O)[C@]1([H])OP(O)(O)=O
3464,COC1=CC2=C(C=C1Cl)C(=NCC2)C1=CC=CC(Br)=C1
3465,CC(=O)OC1=CC2=C(CCN(C2)C(C(=O)C2CC2)C2=CC=CC=C2F)S1
3466,CC(C)N(CC[C@H](C1=CC=CC=C1)C1=C(OC(=O)C(C)C)C=CC(CO)=C1)C(C)C
3467,NC(=O)C1=CC=CC=C1NC1=NC(NC2=CC(O)=CC=C2)=NC=C1
3468,OC1=CC=C(C=C1)C1=CC=C2C(C=CC(O)=C2Cl)=C1
3469,NC(=[NH2+])C1=CC=C2NC(=CC2=C1)C1=CC=CC(OC2CCCC2)=C1[O-]
3470,CCCS(=O)(=O)NC1=C(F)C(C(=O)C2=CNC3=NC=C(C=C23)C2=CC=C(Cl)C=C2)=C(F)C=C1
3471,[H][C@@]1(CO[C@](C)(OC1)C(O)=O)OC(O)=NCCN=C(O)O[C@@]1([H])CO[C@](C)(OC1)C(O)=O
3472,COC1=CC=CC=C1OCC(O)CN1CCN(CC(=O)NC2=C(C)C=CC=C2C)CC1
3473,CCCCCCCCCCCCC(O)=O
3474,CCOC(=O)C(C)=O
3475,NS(=O)(=O)C1=CC=C(N2CCCC2=O)C(=C1)[N+]([O-])=O
3476,[H][C@](O)(CN)CNC1=C2N=CC=CC2=C(C=C1)[N+]([O-])=O
3477,CN1CCC(CC1)OC(C1=CC=CC=C1)C1=CC=CC=C1
3478,OCC(C)(CO)C(=O)O[C@@H]1CC[C@@H](C[C@@H](C)[C@]2([H])CC(=O)[C@H](C)\C=C(C)\[C@@H](O)[C@@H](OC)C(=O)[C@H](C)C[C@H](C)\C=C\C=C\C=C(C)\[C@@H](OC)C[C@]3([H])CC[C@@H](C)[C@@](O)(O3)C(=O)C(=O)N3CCCC[C@H]3C(=O)O2)C[C@H]1OC
3479,OC(=O)C(=O)CC(=O)C1=CC=CC(=C1)N(CC1=CC=CC=C1)CC1=CC=CC=C1
3480,CC(C)CN(C[C@@H](OP(O)(O)=O)[C@H](CC1=CC=CC=C1)NC(=O)O[C@H]1CCOC1)S(=O)(=O)C1=CC=C(N)C=C1
3481,CC1=CC(CN2CCN(CC2)C(C2=CC=CC=C2)C2=CC=C(Cl)C=C2)=CC=C1
3482,OB1OCCO1
3483,CC[C@H](C)[C@H](N)C1=N[C@@H](CS1)C(=O)N[C@@H](CC(C)C)C(=O)N[C@H](CCC(O)=O)C(=O)N[C@@H]([C@@H](C)CC)C(=O)N[C@H]1CCCCNC(=O)[C@H](CC(N)=O)NC(=O)[C@@H](CC(O)=O)NC(=O)[C@H](CC2=CNC=N2)NC(=O)[C@@H](CC2=CC=CC=C2)NC(=O)[C@@H](NC(=O)[C@@H](CCCN)NC1=O)[C@@H](C)CC
3484,[H]N=C(N)C1=CC2=C(C=C1)N1[Zn]N3C(CC1=[NH+]2)=[NH+]C1=C3C=CC(=C1)C(N)=N[H]
3485,[H]N=C(CC1=CNC2=CC=CC=C12)C(O)=O
3486,[H][C@](CC=C)(C=O)[C@@]1([H])CCC[C@]1([H])O
3487,[Mn++]
3488,CN1C=C(C=N1)C1=NN2C(SC3=CC=C4N=CC=CC4=C3)=NN=C2C=C1
3489,[H][C@]1(CO)O[C@@]([H])(N2C=CC(=N)N=C2O)[C@]([H])(OP(O)(O)=O)[C@]1([H])O
3490,[H]C(=NN1CCOC1=O)C1=CC=C(O1)[N+]([O-])=O
3491,CC\C=C/C\C=C/C\C=C/C\C=C/C\C=C/C\C=C/CCC(=O)O[C@@H](C(=O)O[C@H]1C[C@@]2(O)[C@@H](OC(=O)C3=CC=CC=C3)[C@@]3([H])[C@@](C)([C@@H](O)C[C@@]4([H])OC[C@@]34OC(=O)C)C(=O)[C@H](OC(=O)C)C(=C1C)C2(C)C)[C@@H](NC(=O)C1=CC=CC=C1)C1=CC=CC=C1
3492,[H][C@]1(N)CN(C[C@@]1([H])C(=O)N1CCCC1)C(=O)C1=CN=C2C=CC=CC2=N1
3493,CC(C)(C)C1=NN(C(NC(=O)NC2=CC=CC=C2)=C1)C1=CC=CC(N)=C1
3494,[H][C@](N)(CSCC1=CC=C(Br)C=C1)C(O)=O
3495,CCN(CC)C1=CC(O)=C(\C=C(/C)C(O)=O)C=C1
3496,NS(=O)(=O)C1=NN=C(S1)C1=CC=CC=C1Cl
3497,[H][C@]1(O)C[C@@]([H])(O[C@]1([H])COP(O)(O)=O)N1C=CC2=C(C)C=CC=C12
3498,[H][C@]12SC(C)(C)[C@@H](N1C(=O)[C@H]2NC(=O)C1=C(C)ON=C1C1=CC=CC=C1)C(O)=O
3499,[H][C@]1(CO)O[C@@]([H])(N2C=NC3=CN=CN=C23)[C@]([H])(O)[C@]1([H])O
3500,NC1=NC=CC=C1NCC1=CC=CC(=C1)C1=CN=CC=C1
3501,COCCCOC1=C(OC)C=CC(C[C@@H](C[C@H](N)[C@@H](O)C[C@@H](C(C)C)C(=O)NCC(C)(C)C(N)=O)C(C)C)=C1
3502,[H][C@@](CC(C)C)(NC(=O)C1=CC=CO1)C(O)=O
3503,[H]N([H])C1=NC=NC2=C1N=CN2[C@@H]1O[C@H](CO[W](O)(=O)O[W](O)(O)=O)[C@@H](O)[C@H]1O
3504,[H][C@]1(C)CN(C[C@@]([H])(C)O1)C1=CC=C(NC(=O)C2=CC=CC(=C2C)C2=CC=C(OC(F)(F)F)C=C2)C=N1
3505,O=CCCCC1CCNCC1
3506,OCCN(CC(=O)NO)S(=O)(=O)C1=CC=C(C=C1)C1=CC=CC=C1
3507,COC1=CC(CC2=NC3=C(N)N=C(F)N=C3N2CCCC#C)=C(OC)C=C1
3508,NC1=C(F)C=NC(=O)N1
3509,[H]\C(=C(\[H])C(C)(C)C)[C@@]([H])(O)[C@]([H])(O)[C@@]([H])(O)[C@@]([H])(OC)C(O)=N[C@@]1([H])CC[C@@]([H])(O)CN=C1O
3510,[Zn+4].[H]\C(C)=C1\C(C)=C2[N-]\C\1=C([H])/C1=C(C)C(=C([H])C)\C([N-]1)=C([H])\C1=C(C)C(CCC(O)=O)=C([N-]1)\C([H])=C1/[N-]\C(=C/2\[H])C(C)=C1CCC(O)=O
3511,CC1=NC=C(N1CCO)[N+]([O-])=O
3512,N[C@H](CCC(=O)N[C@@H](CC1=CNC2=CC=CC=C12)C(O)=O)C(O)=O
3513,CC(C)C[C@H](NC(=O)[C@@H](O)CC(O)=O)C(=O)NCCCCNC(N)=[NH2+]
3514,[H][C@@]([NH3+])(CC1=CC=CC=C1)C(=O)N1CCC[C@@]1([H])C(O)=N[C@@]([H])(CCCNC(N)=N)[C@]([H])(O)CCl
3515,CCCCCCCCCCCCO
3516,CC[C@@H](CO)NC(=O)CC1=C(C)N(C(=O)C2=CC=C(Cl)C=C2)C2=C1C=C(OC)C=C2
3517,O=C1C(CCS(=O)C2=CC=CC=C2)C(=O)N(N1C1=CC=CC=C1)C1=CC=CC=C1
3518,CC1=CN(C(=O)C=C1)C1=CC=CC=C1
3519,[H][C@]1(COP(O)(O)=O)O[C@@]([H])(N2C(O)=CC(O)=NC2=O)[C@]([H])(O)[C@]1([H])O
3520,O=CN(C1CCC1)C1CCCC1
3521,CC1=CC(OCCCC(C)(C)C(O)=O)=C(C)C=C1
3522,[H][C@@]12CCCC[C@@]11CCN(CC=C)[C@@H]2CC2=C1C=C(O)C=C2
3523,NCCCC(N)(C(F)F)C(O)=O
3524,ClC1=CC=C(CCC2(CN3C=CN=C3)OCCO2)C=C1
3525,OC1=CC2=C(C=C1)N=C(O2)C1=C2C=CC=C(O)C2=CC=C1
3526,[H][C@@](CC1CCCCC1)(NC1=NC2=CC=CC=C2O1)C(=O)NCCNC1=CC=C(OC)C=C1
3527,CC(=O)NCCC1=CN=CN1
3528,OC1=CC=C(\C=N\OC(=O)C2CCCCC2)C=C1
3529,CC1=CC=C(C=C1)C1=NN(C2=C1C(N)=NC=N2)C(C)(C)C
3530,[H]\C1=C([H])\[C@]2([H])C[C@]2(N=C(O)[C@]2([H])C[C@]([H])(C[C@@]2([H])C(=O)N(C)CCCC1)OC1=C2C=CC(OC)=C(C)C2=NC(=C1)C1=NC(=CS1)C(C)C)C(O)=NS(=O)(=O)C1CC1
3531,[H][C@](O)(CO)CON=C(O)C1=CC(Br)=C(F)C(F)=C1NC1=C(F)C=C(I)C=C1
3532,[H][C@@]1(CC[C@@]2([H])\C(CCC[C@]12C)=C\C=C1\C[C@@H](O)[C@@H](OCCCO)[C@H](O)C1=C)[C@H](C)CCCC(C)(C)O
3533,NC(=N)NC1=CC=C(CO)C=C1
3534,NC1=NN=C2C(CCC3=CC=CC=C23)=C1
3535,N#CC1=CC=C(\N=C2/O[C@@]([H])(C(F)(F)F)[C@]3([H])[C@](O)([H])CCN23)C(C)=C1Cl
3536,NC1=NC=CC(OC2=C(F)C=C(NC(=O)NC(=O)CC3=CC=C(F)C=C3)C=C2)=C1
3537,CN1C(CC(O)=O)=CC=C1C(=O)C1=CC=C(C)C=C1
3538,COC1=CC=C(O)C=C1NC(=O)NC(=O)C1=CC=C(F)C=C1Cl
3539,NC1=CC=CC(=C1)C1=C2N=C(NC3=CC=CC(Cl)=C3)C=CN2N=C1
3540,NC1=NC2=C(C(N)=N1)C(OCC1CCN(CC3=C(Cl)C(Cl)=CC=C3)CC1)=CC=C2
3541,N[C@H](CO)CC1CCCCC1
3542,CC(=O)CC(=O)SCCNC(=O)CCNC(=O)[C@H](O)C(C)(C)COP(O)(=O)OP(O)(=O)OC[C@H]1O[C@H]([C@H](O)[C@@H]1OP(O)(O)=O)N1C=NC2=C1N=CN=C2N
3543,OC(=O)COC(=O)C1=C2C(C(=O)N(CC(O)=O)S2(=O)=O)=C2C=CC=CC2=C1
3544,NC1=NCCS1
3545,COC(=O)[C@H](CC1=CC=CC(=C1)C(N)=N)[C@@H](C)NC(=O)C1=CC=C(C=C1)C1=CC=CC(CN)=C1
3546,NCCNC[C@@H](N)CCCNC(=N)N[N+]([O-])=O
3547,OCC1=CC=CC(F)=C1F
3548,CNS(=O)(=O)C1=CC=C(NC2=NC(=CC=N2)C2=CN=C(C)N2C2CC2)C=C1
3549,[H]N=C([H])C(=C)CCC1=CC=C(F)C=C1
3550,[H][C@@](C)(NC)C(=O)N[C@]([H])(C(=O)N1CCC[C@@]1([H])C(=O)N[C@]1([H])CCCC2=C1C=CC=C2)C(C)(C)C
3551,[H][C@](C)(CC)[C@]([H])(NC(=O)[C@@]1([H])O[C@]1([H])C(=O)NCCC)C(=O)N1CCC[C@@]1([H])C(=O)OC
3552,CN1C=CC(=O)C(O)=C1C
3553,CCOC(=O)C1=C(\C(=C/N)C#N)C2=C(N1C)C(Cl)=C(Cl)C=C2
3554,C[C@@H](OC1=CC(=CN=C1N)C1=CN(N=C1)C1CCNCC1)C1=C(Cl)C=CC(F)=C1Cl
3555,[H]\C(C1=C(C)C(CCC(O)=O)=C(N1)C(\[H])=C1/N=C(O)C(C)=C1CC)=C1\N=C(\C(\[H])=C2/N=C(O)C(C)=C2CC)C(CCC(O)=O)=C1C
3556,OC(=O)CC1=CC=C(C=C1)C1=CC=CC=C1
3557,[H][C@](CC)(C1=CC=C(O)C=C1)[C@]([H])(CC)C1=CC=C(O)C=C1
3558,NS(=O)(=O)C1=C(Cl)C=CC(=C1)C1(O)NC(=O)C2=CC=CC=C12
3559,[H][C@](N)(CCC1=CC=CC=C1)C(C)=O
3560,OC(=O)CCP(O)(O)=O
3561,OC(=O)CCCCCNC(=O)NC1CCCCC1
3562,[H][C@]1(N)CN(CC[C@]1([H])C1=CC(F)=C(F)C=C1F)C1=NC=NC(=C1)C1=CC=CC(=C1)S(C)(=O)=O
3563,CCNC
3564,[H][C@@](C)(C[C@]([H])(N)C(O)=O)C([O-])=O
3565,CN(CS(O)(=O)=O)C1=C(C)N(C)N(C1=O)C1=CC=CC=C1
3566,CC(C)NCC(O)COC1=CC=C(NC(C)=O)C=C1
3567,CCCSC1=NC2=C(N=NN2[C@@H]2C[C@H](OCCO)[C@@H](O)[C@H]2O)C(N[C@@H]2C[C@H]2C2=CC(F)=C(F)C=C2)=N1
3568,[H][C@@](CC1=CC=CC=C1)(OC1=CC=C(C=C1)C1=CC=CC=C1)C(O)=O
3569,C[C@@H](O)[C@@H](O)C1=CN=C2N=C(N)NC(=O)C2=N1
3570,[H][C@@](C)(CCC(=O)N(CCCN=C(O)[C@]([H])(O)[C@@]([H])(O)[C@]([H])(O)[C@]([H])(O)CO)CCCN=C(O)[C@]([H])(O)[C@@]([H])(O)[C@]([H])(O)[C@]([H])(O)CO)[C@@]1([H])CC[C@@]2([H])[C@]3([H])CC[C@]4([H])C[C@]([H])(O)CC[C@]4(C)[C@@]3([H])C[C@]([H])(O)[C@]12C
3571,COC1=CC=C(C=C1OC)C(=O)NCC1=CC=C(OCCN(C)C)C=C1
3572,O[Zn-](O)O
3573,[H][C@@](C)(N)[P@](O)(=O)C[C@@]([H])(CC1=CC=C(C=C1)C1=CC=CC=C1)C(=O)N[C@@]([H])(C)C(O)=O
3574,[H][C@@]12C[C@@H](O)[C@H](O)[C@@]1(C)CC[C@]1([H])C3=C(CC[C@@]21[H])C=C(O)C=C3
3575,[H][C@@](CC(C)C)(CC(=O)NO)C(=O)N[C@@]([H])(CC1=CNC2=CC=CC=C12)C(=O)NC
3576,[H][C@@]12CC[C@](C)(O)[C@@]1(C)CC[C@@]1([H])[C@@]2([H])CC[C@@]2([H])CC(=O)OC[C@]12C
3577,CC(C)(C)C(=O)OC1=CC=C2N(CCCO)C(NC(=O)C3=CC(=CC=C3)[N+]([O-])=O)=NC2=C1
3578,[H][C@@]12C[C@H]3OC4(CCCC4)O[C@@]3(C(=O)COC(C)=O)[C@@]1(C)C[C@H](O)[C@@]1(F)[C@@]2([H])CCC2=CC(=O)C=C[C@]12C
3579,COC1=CC(=CC(OC)=C1)C1=NC(=C(CN)C(N)=N1)C1=CC=C(Cl)C=C1Cl
3580,[H][C@@](C)(NC(=O)[C@]([H])(CC(C)C)NC(=O)[C@]([H])(CC(C)C)CC(=O)NO)C(=O)OCC
3581,[H][C@@](CC(C)C)(N=C(O)C1=CC2=CC=CC=C2O1)C(O)=N[C@@]1([H])CCCN(CC1=O)S(=O)(=O)C1=CC=CC=N1
3582,NCCC1=CC=C(C=C1)S(F)(=O)=O
3583,C[C@H]1O[C@H](O[C@@H]2[C@@H](CO)O[C@H](O[C@@H]3[C@@H](CO)O[C@H](O)[C@H](O)[C@H]3O)[C@H](O)[C@H]2O)[C@H](O)[C@@H](O)[C@@H]1N[C@H]1C=C(CO)[C@@H](O[C@H]2O[C@H](CO)[C@@H](O[C@H]3O[C@H](CO)[C@@H](O)[C@H](O)[C@H]3O)[C@H](O)[C@H]2O)[C@H](O)[C@H]1O
3584,[H][C@@](C)(O)[C@@]([H])(CCC1=CC=CC2=C1C=CC=C2)N1C=NC(=C1)C(N)=O
3585,CN(CCCCC(O)=O)C1=CC=C(\C=C\C2=CC=C(C=C2)[N+]([O-])=O)C=C1
3586,N[C@@H](CC(=O)N1CCCNC(=O)C1CC(F)(F)F)CC1=C(F)C=C(F)C(F)=C1
3587,OC(=O)C1=CC=CC(\C=N\OCCO\N=C\C2=CC(=O)NC(=O)N2)=C1
3588,CC[C@@H](C)[C@@H](NS(=O)(=O)CC1=CC(=CC=C1)C(O)=O)C(=O)N[C@@H](CCC(N)=N)C(=O)NCC1=CC=C(C=C1)C(N)=N
3589,CC1=CC(=O)OC2=C1C=CC(N)=C2
3590,FC1=CC(=CC(=C1)C(=O)NC1=CC=C2C=CN(CCC3=CC=NC=C3)C2=C1)N1CCOCC1
3591,NS(=O)(=O)C1=CC=C(S1)S(=O)(=O)NCC1=CC=CS1
3592,CON[C@H]1C[C@@H](N(C1)S(=O)(=O)C1=CC=C(OC)C=C1)C(=O)NO
3593,[H][C@@]12CC(=O)[C@H](CCCCCCC(O)=O)[C@@]1([H])CC[C@@](O)(O2)C(F)(F)CCCC
3594,ClC1=CC=C(C=C1)C1=NN\C(SC1)=N\CCC=C
3595,[H][C@]1(CC[C@](C)(CCC#CC(O)(C(F)(F)F)C(F)(F)F)C1(C)C)\C=C\C=C1C[C@](O)([H])C[C@@](O)([H])C1
3596,CN(CCCCCCOC1=CC=C(C(=O)C2=CC=C(Br)C=C2)C(F)=C1)CC=C
3597,[H][C@@]12CC(=O)CC[C@@]1([H])C(C)(C)OC1=CC(=CC(O)=C21)C(C)(C)CCCCCC
3598,N=C1NC=NC2=C1NC=C2
3599,NCCC1=CNC=N1
3600,[H][C@]1(COP(O)(=O)OP(O)(=O)CP(O)(O)=O)O[C@@]([H])(N2C=NC3=C2NC(=N)N=C3O)[C@]([H])(O)[C@]1([H])O
3601,COC1=CC(=C([O-])C(=C1)C1=CC2=CC(=CC=C2N1)C(N)=[NH2+])C1=CC=CC=C1
3602,NC1=NC(=O)C2=C(N1)N(C=N2)[C@@H]1O[C@H](CO)[C@H]2O[C@@H](CP(O)(O)=O)O[C@@H]12
3603,NC(=O)C1=NC(=CC=C1)[C@@H]1O[C@H](COP(O)(=O)OP(O)(=O)OC[C@H]2O[C@H]([C@H](O)[C@@H]2O)N2C=NC3=C2N=CN=C3N)[C@@H](O)[C@H]1O
3604,OC1=CC=C2[C@H](N(CCC2=C1)C1=CC=CC=C1)C1=CC=C(OCCN2CCCCC2)C=C1
3605,[H][C@](N)(CCSCC)[C@]([H])(O)C(=O)N[C@@]([H])(C)C1=C2C=CC=CC2=CC=C1
3606,CNCC1=CC=C(C=C1)C1=NC=NC2=C1N=CN2
3607,OC1=C(CC2=C(O)C(Cl)=CC(Cl)=C2Cl)C(Cl)=C(Cl)C=C1Cl
3608,[H][C@]1(COP(O)(=O)OP(O)(=O)OC[C@@]2([H])O[C@@]([H])(C3=NC(=C[Se]3)C(O)=N)[C@]([H])(O)[C@]2([H])O)O[C@@]([H])(N2C=NC3=C(N)N=CN=C23)[C@]([H])(O)[C@]1([H])O
3609,[H][C@]1(O)CN(CC(=O)NC2=C(F)C=C(C=C2)N2C=CC=CC2=O)C[C@]1([H])NC(=O)C1=CC=C(Cl)S1
3610,[H][C@]12[C@H](CCC=C1C=C[C@H](C)[C@@H]2CC[C@@H]1C[C@@H](O)CC(=O)O1)OC(=O)[C@@H](C)CC
3611,COC1=CC=C(C=C1)C1=C(C=CC(C(=O)C2=C(O)N(N=C2)C(C)(C)C)=C1C)S(C)(=O)=O
3612,[H][C@@](CC1=CC(C(O)=O)=C(CC(O)=O)C=C1)(N=C(C)O)C(O)=N[C@@]1([H])CCCCN(CC2=CC=C(C=C2)C2=CC=CC=C2)C1=O
3613,[H]\C(=C(\[H])C(=O)OC)C(=O)OC
3614,[H][C@@](CC1=CC=CC=C1)(NC(O)=N[C@@]([H])(CC1=CC=C(OC(C(O)=O)C(O)=O)C=C1)C(O)=NCCCCC)C(O)=O
3615,CC(C(O)=O)C1=CC(F)=C(C=C1)C1=CC=CC=C1
3616,BrC1=C2N=C(C=C(NCC3=CC=CN=C3)N2N=C1)C1=CC=CC=C1
3617,C[C@H](CS)C(=O)N1C[C@H](C[C@H]1C(O)=O)SC1=CC=CC=C1
3618,CC(C)=CCOC1=CC=C(\C=C\C(=O)C2=C(OCC(O)=O)C=C(OCC=C(C)C)C=C2)C=C1
3619,OC(=O)CBr
3620,[H][C@@](C)(N1CC[C@]([H])(NS(=O)(=O)CCC2=CC=C(Cl)S2)C1=O)C(=O)N1CCOCC1
3621,CC1=CC2=C(C=C1)N(CCCN)C1=C2C2=C(C(=O)NC2=O)C(C)=C1
3622,CCN1CC(CCN2CCOCC2)C(C1=O)(C1=CC=CC=C1)C1=CC=CC=C1
3623,CCN(CC)C(=O)C(=C\C1=CC(=C(O)C(O)=C1)[N+]([O-])=O)\C#N
3624,[H][C@@]12CC[C@H](O)[C@@]1(C)CC[C@]1([H])C3=CC=C(O)C=C3C[C@@H](CCCCCCCCCS(=O)CCCC(F)(F)C(F)(F)F)[C@@]21[H]
3625,CN(CCOC1=CC=C(C=C1)C1=CC=C(C=C1)C#N)C(=O)NO
3626,CC(=O)NCCC1=CC=C(C=C1)S(N)(=O)=O
3627,OS(=O)(=O)OC[C@H]1O[C@@](COS(O)(=O)=O)(O[C@H]2O[C@H](COS(O)(=O)=O)[C@@H](OS(O)(=O)=O)[C@H](OS(O)(=O)=O)[C@H]2OS(O)(=O)=O)[C@@H](OS(O)(=O)=O)[C@@H]1OS(O)(=O)=O
3628,[H]C12CC3([H])CC([H])(C1)CC(C2)(C3)C(=O)CN1C=CN=C1
3629,CC1=CC(C=O)=C(OP(O)(O)=O)C(C=O)=C1
3630,NS(=O)(=O)C1=C(Cl)C=C2NC=NS(=O)(=O)C2=C1
3631,NC1=NC2=C(N=CN2[C@@H]2O[C@H](CO)[C@@H](O)[C@H]2O)C(=O)N1
3632,O=[As]O[As]=O
3633,CC[C@@]1(O)C(=O)OCC2=C1C=C1N(CC3=C(CC[Si](C)(C)C)C4=CC=CC=C4N=C13)C2=O
3634,CN1C=NC=C1[C@@](N)(C1=CC=C(Cl)C=C1)C1=CC2=C(C=C1)N(C)C(=O)C=C2C1=CC(Cl)=CC=C1
3635,CC(C)C1=CN=C(NC2=CC=C(C=C2)S(N)(=O)=O)S1
3636,[H][C@]1(CCC)COC2=C(SC=C2)C(=N)N1
3637,NS(=O)(=O)C1=C2C=CC=C(O)C2=CC=C1
3638,[H][C@](N)(CS)C(O)=NS(=O)(=O)OC[C@@]1([H])O[C@@]([H])(N2C=NC3=C(N)N=CN=C23)[C@]([H])(O)[C@]1([H])O
3639,[H][C@](O)(CC(=O)N(N)CC(O)=O)C(=O)N(CC1=CC=CC=C1)CC1=CC=CC=C1
3640,CCCOC1=CC=C(CC(O)=O)C=C1Cl
3641,NC(=N)C1=CC=C(O)C(CN2CC[C@H](NS(=O)(=O)C3=CC4=C(S3)C=CC=N4)C2=O)=C1
3642,BrC1=CN=C2N1C=C(C=C2NCC1=CN=CN=C1)C1=CC=CC=C1
3643,CC(C)NCC(O)C1=CC=C(NS(C)(=O)=O)C=C1
3644,CCCCS(=O)(=O)CCC(O)=O
3645,CC(C)OP(=O)OC(C)C
3646,[NH3+]CCCCO
3647,[H][C@]12CC[C@]3(C)C(=O)N(CC4=CC=CN=C4)C(=O)C[C@@]3([H])[C@]1([H])CCC1=C2C=CC(OS(N)(=O)=O)=C1
3648,CC1=C(OC2=CC=C(Cl)C=C12)S(=O)(=O)C1=NNC(=O)C=C1
3649,CN(C)CCC=C1C2=CC=CC=C2C=CC2=CC=CC=C12
3650,OC1=CC(O)=C(Cl)C=C1C1=NOC2=C1C=C(NCCN1CCOCC1)C=C2
3651,OC(=O)C1=C(NC2=CC=CC(=C2)C(F)(F)F)N=CC=C1
3652,COC1=CC2=NNN=C2C=C1C(=O)NCC1CCCN1CC=C
3653,CO[C@H](C\C=C\N(C)C=O)[C@@H](C)C(=O)CC[C@H](C)[C@H](OC)[C@H](C)[C@H]1OC(=O)\C=C\C=C(C)/C[C@H](CC2=CC(=O)O[C@H]([C@H]2O)[C@H](C)[C@H](C[C@H](OC)\C=C\[C@H](C)[C@@H](O)C[C@@H](OC)\C=C\[C@@H]1C)OC)OC
3654,[H]C(C)(OC(=O)N(C)C1=C(COC(=O)CNC)C=CC=N1)[N+]1=CN(C[C@](O)(C2=C(F)C=CC(F)=C2)[C@@]([H])(C)C2=NC(=CS2)C2=CC=C(C=C2)C#N)N=C1
3655,NC1=NC2=C(N(CCNC(CO)CO)C=N2)C(=O)N1
3656,NS(=O)(=O)C1=CC=C(NC2=NC(Cl)=CN=C2)C=C1
3657,CCOC1=C(C=CC(CC(=O)N[C@@H](CC(C)C)C2=CC=CC=C2N2CCCCC2)=C1)C(O)=O
3658,[H][C@]1(CO[C@]2([H])[C@]([H])(CO[C@]12[H])OC1=CC=CC(=C1)C(N)=N)OC1=CC(=CC=C1)C(N)=N
3659,[H][C@@]1(C)C2=CC(O)=CC=C2O[C@@]([H])(C2=CC=C(OCCN3CCCC3)C=C2)[C@@]1([H])C1=CC=C(O)C=C1
3660,[H][C@@](CO)(N=C(O)CCN=C(O)CBr)C(O)=NCCC1=CC=C(C=C1)N=C(O)C(O)=O
3661,COC1=CC=CC(OC)=C1CN1CCC(CC1)NC(=O)CCCS
3662,OCCCNCCS(=O)(=O)C1=CC=C(NC2=NC(OCC3CCCCC3)=C3N=CNC3=N2)C=C1
3663,OC(=O)CNC(=O)C1=C(O)C2=CC=CC(I)=C2C=N1
3664,[H]N=C(C)N1CCC(CC1)OC1=CC2=C(C=C1)N=C(C)N2CC1=CC2=C(C=C1)C=CC(=C2)C(N)=[NH2+]
3665,CN(C)CCCN1C=C(C2=C1C=CC=C2)C1=C(C(=O)NC1=O)C1=CNC2=C1C=CC=C2
3666,CC(=O)NC1=NC(=C(N1)C1=CC=C2N=CC=NC2=C1)C1=NC(C)=C(F)C=C1
3667,NS(=O)(=O)C1=CC=C(C=C1)C(=O)NCC1=C(F)C=C(F)C=C1
3668,CNC(C)CC1CCCCC1
3669,FC(F)(F)[C@]1(OC(=O)NC2=C1C=C(Cl)C=C2)C#CC1CC1
3670,COC1=CC=C(C=C1OC1CCCC1)C(\C)=N\OC(N)=O
3671,CC(C)OC1=CC(NC(=O)C2=CC(Cl)=C(OCCN)C(Cl)=C2)=CC=C1
3672,CC1(C(=O)NC(=O)NC1=O)C1=CC=C(OC2=CC=CC=C2)C=C1
3673,OP(O)(=O)C(F)(F)C1=CC2=CC(=CC=C2C=C1)C(F)(F)P(O)(O)=O
3674,OC(=O)CSC1=NN=C(O1)C1=CC=C(O1)[N+]([O-])=O
3675,[H][C@]1(N)CN(CCC2=CC=C3OCOC3=C2)C(=O)C[C@]1([H])C1=CC(F)=C(F)C=C1F
3676,OC[C@H]1O[C@H](C[C@@H]1O)N1C=C(F)C(=O)NC1=O
3677,CN(C(C)=O)C1(CCN(CCC[C@@]2(CCCN(C2)C(=O)C2=CC=CC=C2)C2=CC(Cl)=C(Cl)C=C2)CC1)C1=CC=CC=C1
3678,NC[C@@H](C1=CC=C(Cl)C=C1)C1=CC=C(C=C1)C1=CNN=C1
3679,C\C(O)=C(/C#N)C(=O)NC1=CC(Cl)=C(C=C1)C1=CC=CC=C1Cl
3680,NC(=N)C1=CC2=C(C=CC=C2NC2=NC=CC=N2)C=C1
3681,CCCCCC1=CC=C(C=C1)C(=O)NC1=CC=C(C=C1)S(=O)(=O)N(CCN1CCOCC1)[C@H](C(C)C)C(=O)NO
3682,OP(O)(=O)OC1=CC=CC=C1
3683,CC1=C(OC[C@@H]2CCCN2)C=CC=N1
3684,[H][C@@](C[P@](O)(=O)CCCC1=CC=CC=C1)(C(O)=O)C1=CC(NC(N)=N)=CC=C1
3685,OC(=O)C1=NC2=CC=CC=C2N1
3686,NC1=CC=C(C=C1)S(=O)(=O)NC(=O)NCCS
3687,NCCC(O)(P(O)(O)=O)P(O)(O)=O
3688,OCCN(CCO)CC(O)=O
3689,CCOC(=O)[C@@H](N)CCC(=O)N[C@@H](CSCC1=CC=CC=C1)C(=O)N[C@@H](C(=O)OCC)C1=CC=CC=C1
3690,[H][C@@]12C[C@@]3(CC1=C)[C@@]([H])(CC2)[C@@]12CC[C@]([H])(O)[C@@](C)(C(=O)O1)[C@@]2([H])[C@]3([H])C(O)=O
3691,OC[C@H]1O[C@H]([C@H](O)[C@@H]1O)N1C=NC2=C(N)N=C(N\N=C\C3CCCCC3)N=C12
3692,[H][C@@](CC1=CC=CC=C1)(NC(=O)[C@]([H])(CC1=CC=CC=C1)NC(=O)OCC1=CC=CC=C1)C(=O)CO
3693,CCCCCCCCCCCC(=O)NCCC[N+](C)(C)[O-]
3694,CCCCC(=O)N(CC1=CC=C(C=C1)C1=CC=CC=C1C1=NNN=N1)[C@@H](C(C)C)C(O)=O
3695,ClC1=CC(Cl)=C(C=C1)[C@@H]1CS\C(S1)=C(\C#N)N1C=CN=C1
3696,COC1=CC=C(C=C1)C(=O)N1CCCC1=O
3697,[H][C@]1(O)[C@]([H])(OP(O)(O)=O)[C@@]([H])(OP(O)(O)=O)[C@@]([H])(OP(O)(O)=O)[C@]([H])(OP(O)(O)=O)[C@@]1([H])OP(O)(O)=O
3698,N[C@@H](CC1=CNC2=C1C=C(F)C=C2)C(O)=O
3699,N1C=C(C(=N1)C1=NC=CC=C1)C1=C2C=CC=CC2=NC=C1
3700,[H][C@]1(CNCCC[C@@]1([H])OC(=O)C1=CC=C(O)C=C1)NC(=O)C1=CC=C(O)C=C1
3701,[H][C@@]1(COC(=O)CC2=CC(Cl)=CC=C2)CCCN1C(=O)CNC(=O)OC(C)(C)C
3702,COC1=CC(=CC=C1)N1C=CC2=C(SC(=C2)S(N)(=O)=O)S1(=O)=O
3703,CN(C)C\C=C/C1=CC(F)=CC=C1S(=O)(=O)NC1=CC=C2CCCCC2=C1C(O)=O
3704,[H][C@@]1(CC[C@@]2([H])[C@]3([H])CCC4=CC(=O)CC[C@]4(C)[C@@]3([H])CC[C@]12C)C(=O)COC(=O)C(C)(C)C
3705,N[C@@H]1CCOC1=O
3706,C[C@@H]1O[C@@H](O[C@@H]2[C@@H](O)[C@@H](O)[C@@H](CO)O[C@H]2O[C@H]2[C@H](O)[C@@H](NC(C)=O)[C@H](O)O[C@@H]2CO)[C@@H](O)[C@H](O)[C@@H]1O
3707,[H][C@@](O)(C1=CC=CC2=CC=CC=C12)P(O)(O)=O
3708,[H][C@]12C(=O)N(C(=O)[C@@]1([H])[C@]1([H])CC[C@@]2([H])CC1)C1=CC=C(C2=CC=CC=C12)[N+]([O-])=O
3709,OC(=O)COC1=C(SC(=C1Br)C1=CC=CC(NCC2=CC=CC=C2)=C1)C(O)=O
3710,CCCS(=O)(=O)N1N=CC2=C(C=C(C)S2)B1O
3711,CCCCC\C=C\CC(C\C=C\CCCCC)(P(O)(O)=O)P(O)(O)=O
3712,CC1=C(CCC(O)=O)/C2=C/C3=N/C(=C\C4=C(C)C(C=C)=C(N4)/C=C4\N=C(\C=C\1/N\2)C(C=C)=C4C)/C(C)=C3CCC(O)=O
3713,ClCCNC(=O)N(CCCl)N=O
3714,CN(C)C1=CC=C(C=C1)C1=[N+](C)C2=CC=C(O)C=C2S1
3715,[H][C@](NC(=O)OC(C)(C)C)(C(C)C)C(=O)NC1=CC=CC(Cl)=C1C=O
3716,[H]\C(C)=C(/N)CCC(O)=O
3717,CCOC1=NC2=C(N1CC1=CC=C(C=C1)C1=CC=CC=C1C1=NN=NN1)C(=CC=C2)C(=O)OC(C)OC(=O)OC1CCCCC1
3718,OC(=O)CC1=C2NC(=O)C3=CC=CC=C3N2C2=C1C=CC=C2
3719,C[N+](C)(C)C
3720,CC1=C(CCO)SC=[N+]1CC1=CN=C(C)N=C1N
3721,COC1=C(C2=CC=CC(C(=S)N(C)CC(O)=O)=C2C=C1)C(F)(F)F
3722,CCCN1CCC(CC1)C1=NC2=C(N1)C(=CC=C2)C(N)=O
3723,C[C@H]1C[C@H](O)N[C@@H]2CCCCN(O[Fe@@]34O[C@@H](\C=C\CCCCCCC(O)=O)[N@](CCCC[C@H](NC(=O)[C@H]5COC(=N5)C5=CC=CC=C5O3)C(=O)O1)O4)C2=O
3724,OC1=CC=C(C=C1)C1(CCCCC1)C1=CC=C(O)C=C1
3725,[H][C@@]1(CC(N)=O)CCCC2=C1C1=C(S2)N=C(NC1=O)C(=O)NCC1=CC=C2OCC(=O)NC2=C1
3726,CC(C)C[C@H](NC(=O)[C@@H](CC1=CC2=CC=CC=C2C=C1)NC(=O)[C@H](CC1=CC=C(O)C=C1)NC(=O)[C@H](CO)NC(=O)[C@H](CC1=CNC2=CC=CC=C12)NC(=O)[C@H](CC1=CN=CN1)NC(=O)[C@@H]1CCC(=O)N1)C(=O)N[C@@H](CCCN=C(N)N)C(=O)N1CCC[C@H]1C(=O)NCC(N)=O
3727,CN1C2=C(SC(C)=C2)C2=C1C(=O)N(CC1=CC=CC=C1F)N=C2
3728,CC1=CN([C@H]2C[C@H](N=[N+]=[N-])[C@@H](CO)O2)C(=O)NC1=O
3729,COC1=C(NC2=NC=CC(=N2)C2=CN(C)C3=C2C=CC=C3)C=C(NC(=O)C=C)C(=C1)N(C)CCN(C)C
3730,OC(=O)C1=CC=CC2=C1NC(=C2C1=CC=CC=C1)C1=CC=CC=C1
3731,[NH3+]CC1CCCCC1
3732,NCC1=C(C=CC=C1)C1=CC=CC=C1
3733,NC(=O)C1=CC(N2CC2)=C(C=C1[N+]([O-])=O)[N+]([O-])=O
3734,[NH3+]CCCCOB1OCCO1
3735,CC(=O)CCO
3736,[H][C@]1(C)O[C@]([H])(C[C@]1([H])OP(O)(O)=O)N1C=NC2=C1N=CN=C2N
3737,OC(=O)C1=CC=C(C=C1)C1=CNC2=C1C=C(C=N2)C1=CC=CC=C1
3738,CC(C)NCCCC1(C(N)=O)C2=CC=CC=C2C2=CC=CC=C12
3739,[H][C@](NC(=O)C1=CC=C(C=C1)C(=O)NCC(O)=O)(C(C)C)C(=O)N1CCC[C@@]1([H])C(O)=N[C@@]([H])(C(C)C)C(=O)C(F)(F)F
3740,CN(C1=CC(Cl)=CC=C1)S(=O)(=O)C1=CC2=C(CC3=C(C)C(C)=C(C)N3)C(=O)N=C2C=C1
3741,NC(=N)C1=CC(CN2CCN(CC2=O)S(=O)(=O)C2=CC3=C(S2)C=C(Cl)C=C3)=CC=C1
3742,OCCNC(=O)C1=CC=C(Cl)C=C1
3743,CCN1C(=O)C2=C(NN=C2C)C2=C1C=CC=C2
3744,COCCOC1=C(OC)C=C2C(=C1)N=CC1=C(N)N=C(C=C21)N1C=CN=C1
3745,[H][C@](N)(CCC(O)=N[C@@]([H])(CS(=O)(=O)CCOP(=O)(N(CCCl)CCCl)N(CCCl)CCCl)C(O)=N[C@@]([H])(C(O)=O)C1=CC=CC=C1)C(O)=O
3746,CCN[C@@H](C)CC1=CC=CC(=C1)C(F)(F)F
3747,[H][C@]1(O)C=C(CO)[C@@]([H])(O)[C@]([H])(O)[C@@]1([H])O
3748,CCNC(=O)C1=CC2=C(N=C(N)N=C2S1)C1=C(Cl)C=C(Cl)C=C1
3749,NC1=NC(CCC2=CC=C3C=CNC3=C2)=CC=C1
3750,[H][C@@](CC(C)C)(N=C(O)OCC1=CC=CC=C1)C(O)=NNC(O)=NN=C(O)[C@]([H])(CC(C)C)N=C(O)OCC1=CC=CC=C1
3751,[H][C@]1(CCC2=C1C=CC=C2O)\N=C\C=C
3752,[H][C@]1(CO)O[C@@]2(CC(=NO2)C2=CC=CC=C2)[C@]([H])(O)[C@@]([H])(O)[C@]1([H])O
3753,[H][C@@]12CC[C@H](O)[C@@]1(C)CC[C@@]1([H])[C@@]2([H])CC[C@@]2([H])CC(=O)C=C[C@]12C
3754,[H][C@@](CS(=O)(=O)N1CCOCC1)(N[C@@]([H])(C1=CC=C(F)C=C1)C(F)(F)F)C(=O)NC1(CN)CC1
3755,[H][C@@]1(CC[C@@]2([H])[C@]3([H])[C@H](O)C[C@]4([H])C[C@H](O)CC[C@]4(C)[C@@]3([H])C[C@H](O)[C@]12C)[C@H](C)CCC(=O)NCCS(O)(=O)=O
3756,[H][C@@]12CC3=CN(C)C4=CC=CC(=C34)[C@]1(C[C@@H](COC(=O)C1=CN=CC(Br)=C1)CN2C)OC
3757,[H]OP([O-])(=O)O[H]
3758,CNC(=O)C1=CN(N=C1)C1=NC2=C(N=CN2[C@@H]2O[C@H](CO)[C@@H](O)[C@H]2O)C(N)=N1
3759,[Cu].C1CNCCNCCCNCCNC1
3760,OC(=O)CN1C(=O)C2=C(C(=CC3=CC=CC=C23)C(O)=O)S1(=O)=O
3761,[H][C@@](N)(CC1=CC(F)=CC=C1F)C1=CC=C(C=C1)C1=CC=CC(=C1)C(N)=O
3762,[H]\C(CCCCC)=C(/[H])C\C([H])=C(\[H])C\C([H])=C(\[H])C\C([H])=C(\[H])CCCC[P@](F)(=O)OC
3763,COC1=C(O)C=CC2=C1C=C(C1=C2C2=C(OCO2)C=C1C(O)=O)[N+]([O-])=O
3764,CN(C)C1=CC=C(NC2=NC(=CC=N2)C2=C(C)N=C(C)S2)C=C1
3765,[H][C@@](C)(CCC1=CC=C(C=C1)C(N)=O)NCC(=O)C1=CC=C(F)C=C1
3766,CN1N=CC2=C1C(NCCC1=CN=C(NC(=O)NC3=CC=CC(=C3)C(F)(F)F)S1)=NC=N2
3767,[H][C@@](CC(O)=O)(NC(=O)[C@@]([H])(CCCCNC(=O)C1=NC2=C(C=CC=C2O)C=C1)C1=CC=CS1)C=O
3768,NC1=NC(=NC(N)=N1)C1=CC2=CC=CC=C2C=C1Br
3769,[H][C@@]12C[C@@]3([H])[C@]4([H])C[C@H](F)C5=CC(=O)C=C[C@]5(C)[C@@]4([H])[C@@H](O)C[C@]3(C)[C@@]1(OC(C)(C)O2)C(=O)CO
3770,FC1=CC=C(CC2=NNC(=O)C3=CC=CC=C23)C=C1C(=O)N1CCCNCC1
3771,N[C@@H](CCCNC(N)=[NH2+])C(N)=O
3772,[H][C@@](C)(CCCC(C)C)CCC[C@@]([H])(C)C[C@@]([H])(O)P(O)(O)=O
3773,COC(=O)N[C@H](C(=O)N[C@@H](CC1=CC=CC=C1)[C@@H](O)CN(CC1=CC=C(C=C1)C1=CC=CC=N1)NC(=O)[C@@H](NC(=O)OC)C(C)(C)C)C(C)(C)C
3774,CC(C)(C)C1=C(C[C@H](N)C(O)=O)C(OCP(O)(O)=O)=NO1
3775,[H]N(C(C)=O)[C@]([H])(CC1=CC=C(Cl)C=C1)[B-](O)(O)O
3776,[H][C@@](O)(C(O)=NCCC(O)=NCCSCC(=O)CCCCCCCCCCCCC)C(C)(C)COP(O)(=O)OP(O)(=O)OC[C@@]1([H])O[C@@]([H])(N2C=NC3=C(N)N=CN=C23)[C@]([H])(O)[C@]1([H])OP(O)(O)=O
3777,CC1=CC=C(C=C1C1=CC=C2N=C(N)N=CC2=C1)C(=O)NC1=CC=CC(=C1)C(F)(F)F
3778,CCNC(=O)CCC\C=C/C[C@H]1[C@@H](O)C[C@@H](O)[C@@H]1\C=C\[C@@H](O)CCC1=CC=CC=C1
3779,OC1=CC=C(CCNC2=NC(SCCCC3=CC=C(Cl)C=C3)=NC(=N2)N2CCNCC2)C=C1
3780,[H][C@@](O)(CCO)[C@]([H])(O)[C@]([H])(O)COP(O)(O)=O
3781,CCN1C(=O)C=CC1=O
3782,OC[C@H]1O[C@H](O[C@H]2[C@H](O)[C@@H](O)C(O)O[C@@H]2CO)[C@H](O)[C@@H](O)[C@@H]1O
3783,CCOP(=O)OCC
3784,O=CCCCC=C(CCC=C(CCC=O)C=O)C=O
3785,[H][C@](O)(CC(O)=O)C(=O)N[C@@]([H])(CC(C)C)C(=O)NCCC(C)C
3786,N[C@@H](CC(=O)N1CCN2C(C1)=NN=C2C(F)(F)F)CC1=CC(F)=C(F)C=C1F
3787,OC(=O)C1=CC=CC=C1
3788,[H][C@]1(O)C[C@@]2([H])\C=C\CCC[C@]([H])(C)OC(=O)\C=C\[C@@]([H])(O)[C@]2([H])C1
3789,[H][C@](C)(N=C(O)CCCP(O)(=O)OC1=CC=C(C=C1)N(=O)=O)C(O)=O
3790,CN(C)CC\C=C1\C2=CC=CC=C2COC2=C1C=C(CC(O)=O)C=C2
3791,SCCC(=O)N1CCC2=C(C1)NC1=C2C=CC=C1
3792,CC(C)COC1=CC=CC(C2=NC3=C(N2)C=C(Cl)C(=C3)C(N)=N)=C1O
3793,CC1=CC(=NO1)C(=O)NCCC1=CC=C(C=C1)S(=O)(=O)NC(=O)NN1CCCCCC1
3794,NCCC[C@@](N)(C(F)F)C(O)=O
3795,CC1(C)CCC(C)(C)C2=C1C=CC(=C2)[C@@H](O)C1=CC2=C(C=C1)C=C(C=C2)C(O)=O
3796,OC(=O)CNS(=O)(=O)C1=CC=C(C=C1)N1CCC(CC1)C1=CC=CC=C1
3797,OC1=CC=C2C(OC3=CC(O)=CC=C3C22OC(=O)C3=C2C=CC=C3)=C1
3798,[H][C@](O)(C(O)=NCCC(O)=NCCSCC(O)=NCCC1=CNC2=CC=CC=C12)C(C)(C)COP(O)(=O)OP(O)(=O)OC[C@@]1([H])O[C@@]([H])(N2C=NC3=C(N)N=CN=C23)[C@]([H])(O)[C@]1([H])OP(O)(O)=O
3799,[H][C@@]12CCC(=O)[C@@]1(C)C[C@@H](OC(C)=O)C1=C2C(=O)C2=C3C(=CO2)C(=O)O[C@H](COC)[C@]13C
3800,COC1=CC(OC)=C(\C=C2\C(=O)NC3=CC=CC=C23)C(OC)=C1
3801,CC(C)C[C@H](NC(=O)[C@@H](CC1=CC=C(NC(N)=O)C=C1)NC(=O)[C@H](CC1=CC=C(NC(=O)[C@@H]2CC(=O)NC(=O)N2)C=C1)NC(=O)[C@H](CO)NC(=O)[C@@H](CC1=CC=CN=C1)NC(=O)[C@@H](CC1=CC=C(Cl)C=C1)NC(=O)[C@@H](CC1=CC=C2C=CC=CC2=C1)NC(C)=O)C(=O)N[C@@H](CCCCNC(C)C)C(=O)N1CCC[C@H]1C(=O)N[C@H](C)C(N)=O
3802,O[C@@H]1[C@@H](O)[C@H](CO[V](O)(=O)=O)O[C@H](OP(O)(O)=O)[C@H]1O
3803,OC[C@H](O)C(=O)N1CCC(=CC1)C1=C(F)C=C(C=C1F)N1C[C@H](COC2=NOC=C2)OC1=O
3804,N(C1=CNC2=NC=CC=C12)C1=CC=CC=C1
3805,NC(=O)N(C1=CC=C(C(N)=O)C(=N1)C1=CC=C(F)C=C1F)C1=C(F)C=CC=C1F
3806,OC(=O)C1=C2CCCCC2=CC=C1NS(=O)(=O)C1=CC=CC=C1
3807,OC(=O)N1CCC(CC2=CN=C3C=CC=CC3=C2)CC1
3808,O\N=C1/C(=O)N(CC2=CC(F)=CC3=C2OCOC3)C2=CC=CC(=C12)C1=CC=CC=C1
3809,NC(N)=NN=CC1=C(Cl)C=CC=C1Cl
3810,CC1=CC(NC(=O)\N=C2\NC=C(CCNC3=NC=NC(NC4=NNC=N4)=C3)S2)=C(O1)C(F)(F)F
3811,OC(C([O-])=O)C([O-])=O
3812,[H][C@@](N)(C(=O)N1CC[C@]([H])(F)C1)[C@@]([H])(C(=O)N(C)C)C1=CC=C(C=C1)C1=CN2N=CN=C2C=C1
3813,CC#CCOC1=CC=C(C=C1)S(=O)(=O)CCCS
3814,[H][C@](CO)(CCN1C=CC2=C1C=C(NC(=O)NCC1=CC=CC=C1)C=C2)N1C=NC(=C1)C(N)=O
3815,CCCCNC1=CC(C)=NC2=NC(NC3=CC(Cl)=CC=C3C)=NN12
3816,NC1=NC=CC(=N1)C1=CC2=C(ON=C2C=C1)C1=CC=C(Cl)C=C1
3817,[H][C@]1(COP(O)(=O)OP(O)(O)=O)O[C@@]([H])(N2C=NC3=C(N)N=CN=C23)[C@]([H])(OP(O)(O)=O)[C@]1([H])O
3818,NC[C@H]1CC[C@@H](CC1)C(O)=O
3819,CC[Hg]SC1=CC=CC=C1C(O)=O
3820,[H][C@@]1(CN=C(O)CC)C[C@@]1([H])C1=C2CCOC2=CC=C1
3821,CC(C)NCC(O)COC1=CC=CC=C1OCC=C
3822,[H][C@]12CN(C[C@]([H])(O1)[C@@]([H])(O2)C(=O)NCC1=CC=C(C=C1)C1=CC=CC=C1)C(=O)NO
3823,C[C@@H](NC(N)=O)C(O)=O
3824,CCCCN1C(CC2=C(OC)C=CC(OC)=C2)=NC2=C(N)N=C(F)N=C12
3825,CC1=C(Cl)C(NCCC2=CC=CC=C2)=NC(=N1)C1=NC=CC=C1
3826,[H][C@]1(COP(O)(O)=O)O[C@]([H])(C=C1)N1C=C(C)C(=O)NC1=O
3827,CCNC(=O)C1=NNC(=C1C1=CC=C(OC)C=C1)C1=CC(Cl)=C(O)C=C1O
3828,OC1=C(C=C(Br)C=C1)C1=CC(C2=CC=CC=C2)=C(C#N)C(=O)N1
3829,NS(=O)(=O)C1=CC=C(C=C1)C(=O)NCC1=CC=CC=C1
3830,O=N(=O)C1=CC=CC2=CNN=C12
3831,[H][C@@]12CC[C@](O)(C(=O)CO)[C@@]1(C)C[C@H](O)[C@@]1([H])[C@@]2([H])C[C@H](C)C2=CC(=O)C=C[C@]12C
3832,OC(=O)CNC(=O)CCCC(=O)NCC1=CC=C(C=C1)[N+]([O-])=O
3833,NCC1=CC=C(O1)C1=CC=CN=C1
3834,COC(=O)C1=C(CCC(=O)NC2=C(O)C=C(OC)C(O)=C2)C(Cl)=C(O)C=C1O
3835,[H][C@@](N)(CC1=CC=CC=C1)C(=O)N1CCC[C@@]1([H])C(=O)N[C@@]([H])(CC1=CC(=CC=C1)C#N)B(O)O
3836,CSC1=NN=C(N1)C1=CC=C(Cl)C=C1
3837,[H][C@@]1(O)O[C@]([H])(COP(O)(=O)OP(O)(=O)OC[C@@]2([H])O[C@@]([H])(N3C=NC4=C3N=CN3C=CN=C43)[C@]([H])(OP(O)(O)=O)[C@]2([H])O)[C@@]([H])(O)[C@@]1([H])O
3838,CNC(=O)C1=NC=CC(OC2=CC3=C(C=C2)N=C(NC2=CC(=C(Cl)C=C2)C(F)(F)F)N3)=C1
3839,CC1=NN=C(O1)C1=CC=C(C)C(=C1)C1=CC=C(C=C1)C(=O)NC1=CC(=CC=C1)C#N
3840,[H][C@@]1(CC[C@@]2([H])[C@]3([H])CCC4=CC(=O)CC[C@]4(C)[C@@]3([H])[C@@]([H])(C[C@]12C)OC(=O)CCC(O)=O)C(C)=O
3841,FC(F)(F)C1=CC=CC(NC2=NC(NC3=CC(NC(=O)C4CC4)=CC=C3)=NC=C2)=C1
3842,CCCCCCCC\C=C\CCCCCCCC(N)=O
3843,NC(=N)C1=CC=C(CO)C=C1
3844,NC(=N)C1=CC2=C(NC(=C2)C2=C(O)C(Br)=CC(CC([O-])=O)=C2)C=C1
3845,[H][C@@](N)(CC1=CC=CC=C1)C(=O)N1CCC[C@@]1([H])C(=O)NCC1=CC=CC=C1
3846,[H][C@]12SC(C)(C)[C@@H](N1C(=O)[C@H]2NC(=O)COC1=CC=CC=C1)C(O)=O
3847,[H][C@]1(CC2=C(CN1C(=O)OCC1=CC=CC=C1)C=C(NS(O)(=O)=O)C=C2)C(=O)NC
3848,O[C@@H]1[C@@H](COP(O)(=O)OP(O)(=O)O[C@H]2O[C@@H]([C@@H](O)[C@H](O)[C@H]2O)C(O)=O)O[C@H]([C@@H]1O)N1C=CC(=O)NC1=O
3849,CC1NCCOC1C1=CC=CC=C1
3850,CC(C)(OC1=CC=C(NC(=O)NC2=CC(Cl)=CC(Cl)=C2)C=C1)C(O)=O
3851,[H][C@@]12CC3=C(C=CC(=O)N3)[C@@](N)(CC(C)=C1)\C2=C\C
3852,CC1=CN=CN1
3853,[H][C@@](C)(C[C@]([H])(O)[C@]([H])(CC(C)C)N=C(O)[C@]1([H])CC(O)=NCCCCCCOC(O)=N[C@@]([H])(C(C)C)C(O)=N1)C(O)=N[C@@]([H])(C(C)C)C(O)=NCC1=CC=CC=C1
3854,NC1=NC2=C(N=CN2[C@@H]2C[C@H](CO)C=C2)C(NC2CC2)=N1
3855,COC1=C(OC)C(CN2CCC(CC2)NC(=O)CCCS)=CC(Br)=C1
3856,OC12CC3CC(C1)CC(C3)(C2)NCC(=O)N1CCC[C@H]1C#N
3857,CC1(C)CCC(C)(C)C2=CC(=CC=C12)C(=N/O)\C1=CC=C2C=C(C=CC2=C1)C(O)=O
3858,[H][C@@]1(CC2=C(C=C(C=C2)S(=O)(=O)N2CCN(C)CC2)S(=O)(=O)N1)C1CCCC1
3859,COC1=CC=C(C=C1)S(=O)(=O)N(CC(C)C)CC(=O)NO
3860,COC1=CC(NC2=NC(=CC=N2)N(C)C2=CC3=C(C=C2)C(C)=NN3)=CC(OC)=C1OC
3861,OC1=CC(=CC(=C1O)[N+]([O-])=O)C(=O)CCN1CCN(CC1)C1=CC(=CC=C1)C(F)(F)F
3862,NC(N)=O
3863,CC1(C)O[C@@H]2C[C@H]3[C@@H]4C[C@H](F)C5=CC(=O)CC[C@]5(C)[C@H]4[C@@H](O)C[C@]3(C)[C@@]2(O1)C(=O)CO
3864,CC1=C(N2CC2)C(=O)C(CO)=C(N2CC2)C1=O
3865,CN(C)C1=CC=C(C=C1)C(=O)NCCCCCCC(O)=NO
3866,BrC1=CC=CC(=C1)C1=NC2=[N+](NC=N2)C(NCC2=CC=NC=C2)=C1
3867,NC1(CCCC1)C(O)=O
3868,O=C(CCC1CCN(CC2=CC=CC=C2)CC1)C1=CC2=C(CCCCN2)C=C1
3869,O\N=C1/CCC2=CC(=CC=C12)C1=CN(N=C1C1=CC=NC=C1)C1CCNCC1
3870,[H][C@](F)(CCN=C(O)CCN=C(O)[C@]([H])(O)C(C)(C)COP(O)(=O)OP(O)(=O)OC[C@@]1([H])O[C@@]([H])(N2C=NC3=C(N)N=CN=C23)[C@]([H])(O)[C@]1([H])OP(O)(O)=O)C(O)=O
3871,NC1=C(F)C=C(C=C1Cl)S(=O)(=O)NC1=NN=C(S1)S(N)(=O)=O
3872,[H][C@]1(O)C(NO)=N[C@]([H])(CO)[C@@]([H])(O)[C@]1([H])O
3873,OC(=O)C(=O)NC1=C(C=C(I)C=C1)C(O)=O
3874,CC1=CC=CC(=N1)C1=C(CNN1)C1=CC=C2N=CC=CC2=N1
3875,N[C@@H](CCCCNC(N)=N)C(O)=O
3876,CC(C)(C)C1=NNC(NC(=O)NC2=CC=C(Cl)C(COC3=CC=CN=C3)=C2)=C1
3877,C1CCN(C1)C1(CCCCC1)C1=CC=CC=C1
3878,[H][C@]1(CC2=CC=C(O)C(OC)=C2)COC(=O)[C@]1([H])CC1=CC=C(O)C(OC)=C1
3879,CC1=NC(=CC=C1)C1=NN2CCCC2=C1C1=CC=C(F)C=C1
3880,[Cl-].[Cl-].[Sn+4].CCC1=C2[N-]C(\C=C3/N=C(/C=C4\[N-]\C(=C/C5=N/C(=C\2)/C(C)=C5CC)C(C)=C4CCC(O)=O)C(CCC(O)=O)=C3C)=C1C
3881,CCOCCOCCOCCOCCOCCOCC
3882,CO[C@H]1O[C@H](COS(O)(=O)=O)[C@@H](O[C@@H]2O[C@H]([C@@H](O[C@H]3O[C@H](COS(O)(=O)=O)[C@@H](O[C@@H]4O[C@@H]([C@@H](O[C@H]5O[C@H](COS(O)(=O)=O)[C@@H](O)[C@H](O)[C@H]5NS(O)(=O)=O)[C@H](O)[C@H]4O)C(O)=O)[C@H](OS(O)(=O)=O)[C@H]3NS(O)(=O)=O)[C@H](O)[C@H]2OS(O)(=O)=O)C(O)=O)[C@H](O)[C@H]1NS(O)(=O)=O
3883,COC1=CC(OCC2=CC=NC=C2)=C(C)C=C1
3884,CN(C)CCN(CC1=CC=C(Cl)C=C1)C1=CC=CC=N1
3885,NS(=O)(=O)OC1=CC=C(CN(N2C=NN=C2)C2=CC=C(C=C2)C#N)C=C1
3886,[H][C@](N)(CO)[C@@]([H])(O)[C@]([H])(O)[C@]([H])(O)COP(O)(O)=O
3887,[H][C@](N)(CC1=C(ON=C1[O-])C(C)(C)C)C(O)=O
3888,CN1C(C2=CC=C(Cl)C=C2)S(=O)(=O)CCC1=O
3889,CC(C)OP(F)(=O)OC(C)C
3890,CN1[C@H](C[C@H](O)C2=CC=CC=C2)CCC[C@@H]1CC(=O)C1=CC=CC=C1
3891,[H][C@@](CC1=CC=CC=C1)(NC(=O)C1=CC2=C(N1)C=CC(Cl)=C2)C(=O)N1CC(C1)C(O)=O
3892,COC1=CC=C(C=C1)C1=C(N=C(N1)C1=CC=CS1)C1=CC=C(OC)C=C1
3893,N#CCC1=CC=C(NC2=NC3=CC=CC=C3C(NC3=NNC(=C3)C3CC3)=N2)C=C1
3894,CN1CC(C2=CC=CC=C2)C2=C(C1)C(N)=CC=C2
3895,OC[C@@H]1O[C@H]([C@H]2O[V](O)(O)(=O)O[C@H]12)N1C=CC(=O)NC1=O
3896,[H][C@@]12CC[C@](OC(C)=O)(C(C)=O)[C@@]1(C)CC[C@@]1([H])[C@@]2([H])C=C(C)C2=CC(=O)CC[C@]12C
3897,[H][C@@](N)(COC1=C2C=CC(=NC2=CN=C1)C1=CC=NC=C1)CC1=CNC2=C1C=CC=C2
3898,C1CNCCN1
3899,[H][C@]1(COP(O)(O)=O)O[C@@]([H])(N2C(Br)=NC3=C(N)N=CN=C23)[C@]([H])(O)[C@]1([H])O
3900,COC1=C(OC)C(OC)=C(CN2CCNCC2)C=C1
3901,C[C@]12CC[C@H]3[C@H]([C@@H]1CC[C@@]2(O)C#C)[C@@H](O)C=C1C[C@@H](O)CC[C@]31C
3902,CCCCCCCCCCCCCCCCOP([O-])(=O)OCC[N+](C)(C)C
3903,O[P@@](=O)(OCC1=CC=CC=C1)OC1=C(C=O)C=CC=C1
3904,NCCCCNC(=O)C1=CC=C(C=C1)S(N)(=O)=O
3905,FC1=CC=C(C(F)=C1)C1=CC(=CC2=C1CCC(=O)N2C1=C(Cl)C=CC=C1Cl)C1CCNCC1
3906,[H]N=C([H])CN
3907,NC(=N)C1=CC2=C(NC(=N2)C2=CC=CC(C3=CC=CC=C3)=C2O)C=C1Cl
3908,OC(=O)CC1=CNC2=CC=CC=C12
3909,[H][C@@](CC1=CC(=CC=C1OC)[N+]([O-])=O)(C1=CNC(N)=N1)C1=CC=C(OC)C(F)=C1
3910,NC1=NC2=C(N=C(CNC3=CC=C(C=C3)C(=O)N[C@@H](CCC(O)=O)C(O)=O)C=N2)C(N)=N1
3911,[H][C@@]1(CN(CCOC)S(=O)(=O)C2=C1C=C(S2)S(N)(=O)=O)NCC
3912,[H][C@]1(CO)O[C@@]2(N=C(S)N=C2O)[C@]([H])(O)[C@@]([H])(O)[C@]1([H])O
3913,[H]N1C(=O)C[C@@]2(C1=O)C(=O)N(CC1=C(F)C=C(Br)C=C1)C(=O)C1=C2C=C(F)C=C1
3914,C\C=C\C[C@]([H])(C(C)=O)N1N=NC(=C1)[C@](C)(C(C)C)NC(=O)C1=CC=CC=C1
3915,CCOCCOCCOCCOCCOCC
3916,[H]\C(=C(\N=C(C)O)C(O)=N[C@@]1([H])CCCCN(CC2=CC=C(C=C2)C2=CC=CC=C2)C1=O)C1=CC(C=O)=C(CC(O)=O)C=C1
3917,N#CC[C@H](C1CCCC1)N1C=C(C=N1)C1=C2C=CNC2=NC=N1
3918,OC(C(=O)O[C@H]1C[N+]2(CCCOC3=CC=CC=C3)CCC1CC2)(C1=CC=CS1)C1=CC=CS1
3919,[H][C@](O)(C(O)=NCCC(O)=NCCSCCCCC(O)=NCCC1=CNC2=CC=CC=C12)C(C)(C)COP(O)(=O)OP(O)(=O)OC[C@@]1([H])O[C@@]([H])(N2C=NC3=C(N)N=CN=C23)[C@]([H])(O)[C@]1([H])OP(O)(O)=O
3920,NC1=C2C(=NC=N1)N(N=C2C1=CC2=C(NC=C2)N=C1)C1CCCC1
3921,[H][C@@]12C[C@H]3OC(C)(C)O[C@@]3(C(=O)CO)[C@@]1(C)C[C@H](O)[C@@]1([H])[C@@]2([H])CCC2=CC(=O)C=C[C@]12C
3922,NC(=N)N1C=C2C=CC=C(C2=N1)[N+]([O-])=O
3923,NC(=O)C1=NN(C=N1)[C@@H]1O[C@H](CO)[C@@H](O)[C@H]1O
3924,NS(=O)(=O)OC1=CC=C2C3=C(CCCCC3)C(=O)OC2=C1
3925,[H][C@]1(COS(=O)(=O)NCC)O[C@@]([H])(N2C=NC3=C(N)N=CN=C23)[C@]([H])(O)[C@]1([H])O
3926,CCC(C)(C)C(=O)C(=O)N1CCC[C@H]1C(O)=O
3927,[H][C@]1(C2CCN(CC2)S(C)(=O)=O)C2=C(C=C(Cl)C=C2)C(=CC2=C1N=CC=C2)N1CCNCC1
3928,NC1=NC(F)=NC2=C1N=CN2[C@@H]1O[C@H](CO)[C@@H](O)[C@@H]1O
3929,[H][C@]1(CO[C@]2([H])[C@]([H])(CO[C@]12[H])OC1=CC=C(C=C1)C(N)=N)OC1=CC=C(C=C1)C(N)=N
3930,[H][C@@]1(C#N)C2=C(N(C)C3=CC(Cl)=CC=C23)C(=O)NC11CCNCC1
3931,NC1=NC=CC=C1NCC1=C(OCC2=NC=CC=C2)C=CC(=C1)C1=CC2=C(C=CN2)C=C1
3932,OCC1=NNN=C1C1=CC2=C(C=C1)C(=NN2)C1=CC2=C(N1)C=CC(CN1CCCCC1)=C2
3933,[H][C@]1(COP(O)(=O)OP(O)(=O)OCCCCCCN)O[C@@]([H])(N2C=CC(O)=NC2=O)[C@]([H])(O)[C@]1([H])O
3934,[H]N=C(CC1=CC(O)=C(O)C=C1)C(O)=O
3935,ClC1=CN=C(NS(=O)(=O)C2=C(NC(=O)C3=CC=C(C=C3)N3C=CC=CC3=O)C=CC=C2)C=C1
3936,ClC1=CC(=CC(Cl)=C1)C1=C(C#N)[C@@]2(CC3=CC=C(C=C3)C#N)CCCN2C1=O
3937,COC1=CC(OC)=NC(O[C@H](C(O)=O)C(OC)(C2=CC=CC=C2)C2=CC=CC=C2)=N1
3938,[H][C@](CCCNC(N)=N)(C=O)[C@]([H])(N=C(O)N1CCN(CC1)C(O)=NC(C)(C)C)C(O)=O
3939,CCNC(=O)C1=CC2=C(N=C(N)N=C2S1)C1=C(Cl)C=C(Cl)C(OCCN2CCCC2)=C1
3940,BrC1=CC=CC(=C1)C1=NC2=[N+](NC=C2)C(NCC2=CC=NC=C2)=C1
3941,[H][C@@](CC1=CC(=CC=C1)C(N)=N)(NS(=O)(=O)C1=CC2=CC=CC=C2C=C1)C(=O)N1CCCC[C@]1([H])C(O)=O
3942,[H][C@]1(CC=C(C)C)O[C@]1(C)[C@@]1(O)[C@]([H])(OC)C(=O)CC[C@@]1(C)O
3943,[H][C@@]1(O[C@]2(C[C@@H](O)[C@H](C)[C@H](C\C=C\C3=COC(=N3)[C@@H](C)CCNC(=O)[C@@H](O)[C@@H](O)[C@H](COC)N(C)C)O2)C(C)(C)[C@H]1OP(O)(O)=O)[C@H](C[C@H](O)[C@H](C)[C@H](O)[C@H](C)\C=C(/C)\C(\C)=C\C=C\C(\C)=C/C#N)OC
3944,[O-]C(=O)C1=[NH+]CCC1
3945,O[C@H]1C[C@@H](O)[C@H](O)[C@@H](COP(O)(O)=O)O1
3946,[H][C@]12C[C@@H](OC(=O)C3=CC(OC)=C(OC)C(OC)=C3)[C@H](OC)[C@@H](C(=O)OC)[C@@]1([H])C[C@@]1([H])N(CCC3=C1NC1=C3C=CC(OC)=C1)C2
3947,CC(C)NCC(O)COC1=CC=C(CC(N)=O)C=C1
3948,CNC(=O)C1=CC=C(C)C(=C1)N1C(C)=CC(OCC2=C(F)C=C(F)C=C2)=C(Br)C1=O
3949,[H][C@@]1(F)C[C@]([H])(CC(=C1)C(=O)NC1=CC=C(Cl)C(COC2=CN=CC=C2)=C1)N1CCOCC1
3950,NCC(N)=O
3951,[H][C@](C)(C#CC1=C(C)N=C(N)N=C1N)C1=CC(OC)=CC(=C1)C1=CC(C)=CC(C)=C1
3952,CC1(C)C=C(CSS(C)(=O)=O)C(C)(C)N1O
3953,COC1=CC=C(CN(CCN(C)C)C2=NC=CC=C2)C=C1
3954,[H][C@]12OC3([O-])OC(C4C(O)[NH+]=C(N)NC4(C1O)[C@@H]3O)C2(O)CO
3955,OCC(O)=O
3956,[H][C@](OC(C)=O)(C(=O)OC)C1=CC=C(N)C=C1C(O)=O
3957,CCC(C)SSC1=NC=CN1
3958,NC1=NC=NC2=C1N=CN2[C@@H]1O[C@H](CO)[C@@H](O)[C@@H]1O
3959,CC(C)C1=NC2=C(OCC3CCCCC3)N=C(N)N=C2N1
3960,NS(=O)(=O)C1=CC=C(NC2=NC(OCC3CCCCC3)=C3N=CNC3=N2)C=C1
3961,CC(C)C1=C(O)C=CC(CC2=C(C)C=C(OCC(O)=O)C=C2C)=C1
3962,CCCCCCCCOCCOCCOCCOCCOCCO
3963,[H][C@@](CCCNC(N)=N)(NC(=O)C1CCCC1)C(=O)C1=NC2=C(S1)C=CC=C2
3964,CC1=CC=C(C=C1)N1C=C(CNCC2CCCCC2)C2=CC=CC=C12
3965,CC(C)COC1=C([O-])C(=CC=C1)C1=NC2=CC(=CC=C2N1)C(N)=[NH2+]
3966,[H][C@]1(CO)O[C@@]([H])(C2=NC3=C(N2)C=C(C)C=C3)[C@]([H])(O)[C@@]([H])(O)[C@]1([H])O
3967,[H][C@@](C)(N1CC[C@]([H])(NS(=O)(=O)C2=NNC(=N2)C2=CC=C(Cl)S2)C1=O)C(=O)N1CCOCC1
3968,CC1=CC(NC(=O)CC2=CC=C(OC(C)(C)C(O)=O)C=C2)=CC(C)=C1
3969,[H][C@@]12OC3=C(O)C=CC4=C3[C@@]11CCN(CC3CC3)[C@]([H])(C4)[C@]11CC[C@@]2(OC)[C@H](C1)C(C)(C)O
3970,[H][C@]1(CO)O[C@@]([H])(O[C@]2([H])[C@@]([H])(CO)O[C@@]([H])(O[C@]3([H])[C@@]([H])(CO)O[C@]([H])(OC4=CC5=C(C=C4)C(C)=CC(=O)O5)[C@]([H])(N=C(C)O)[C@@]3([H])O)[C@]([H])(N=C(C)O)[C@@]2([H])O)[C@]([H])(N=C(C)O)[C@@]([H])(O)[C@]1([H])O
3971,CC1=C(C(N)=NC(N)=N1)C1=CC(Cl)=C(Cl)C=C1
3972,CCOC(=O)C1=C(C)N(N=C1C)C1=CC=C(N)C=C1
3973,[H][C@](C(O)=O)(C1=CC=CC=C1)S(O)(=O)=O
3974,[H]N([H])[C@@H](CCC(=O)N([H])[C@@H](CSC(O)OCC1=CC=C(C=C1)[N+]([O-])=O)C(=O)N([H])CC(O)=O)C(O)=O
3975,CC(=O)N(O)CCCCCNC(=O)CCC(=O)N(O)CCCCCNC(=O)CCC(=O)N(O)CCCCCN
3976,NC(=O)C[C@@H]1NC(=O)C2(CCCCC2)NC(=O)C[C@H](\C=C\C[C@H](CNC1=O)CC1=CC=CC2=CC=CC=C12)C1=CC=C(C=C1)CP(O)(O)=O
3977,CC(CN1C2=CC=CC=C2SC2=C1C=C(C=C2)C(C)=O)N(C)C
3978,OC(=O)CC(CC(O)=O)C(O)=O
3979,O=CNC1CCCCC1
3980,[H][C@@](O)(CCCCCCCCC)CC(O)=O
3981,CC(=O)C1=C(C)C2=CN=C(NC3=NC=C(C=C3)N3CCNCC3)N=C2N(C2CCCC2)C1=O
3982,CCOCCOCCOCCOCCOCCOCCOCCOCCO
3983,[H][C@@](CC)(CO)NC1=NC2=C(N=CN2C(C)C)C(OCC2=CC=CC=C2)=N1
3984,COCCCN1CCC(CC1)NC(=O)C1=C2OCCC2=C(N)C(Cl)=C1
3985,[H][C@](CS)(CC1=CC=CC=C1)C(=O)NCC(O)=O
3986,OC1=CC=CC2=C1C(=O)C1=C(C=CC=C1O)C2=O
3987,CC1=C(N=C2C=CC(F)=CC2=C1C(O)=O)C1=CC=C(C=C1)C1=CC=CC=C1F
3988,CC(C)(C1=CC=CC=C1)C1=CC=C(O)C=C1
3989,CN(C)C1=CC=CC2=C1C=CC=C2S(=O)(=O)NCCCC[C@H](N)C(O)=O
3990,NC1=NC2=C(NN=N2)C(O)=N1
3991,[H][C@]1(N=C(N(C(=O)N2CCNCC2)[C@]1([H])C1=CC=C(Cl)C=C1)C1=C(OC(C)C)C=C(OC)C=C1)C1=CC=C(Cl)C=C1
3992,C[C@H](NCCC1=CC=C(O)C=C1)[C@H](O)C1=CC=C(O)C=C1
3993,[H][C@@]1(SC(NC2=C(F)C=CC=C2)=NC1=O)C(C)C
3994,CC1=CC=C(NC2=C(Cl)C=CC=C2F)C(CC(O)=O)=C1
3995,CCCCCCCCCCCCCCCC(=O)OC[C@]([H])(COP([O-])(=O)OCC[N+](C)(C)C)OC(=O)CCCCCCC\C=C/C\C=C/CCCCC
3996,OC(=O)CNC1=NC=NC2=C1C(=C(O2)C1=CC=CC=C1)C1=CC=CC=C1
3997,[H][C@]1(O)C[C@]([H])(CC[C@]1([H])C1=CC=C(C=C1)C(=O)NCCCC(O)=O)C1=CC=CC=C1
3998,NC(=O)NC(=O)CC1=CC=CC=C1
3999,COC1=CC(=CC(OC)=C1OC)C(F)(F)C(=O)N1CCCC[C@H]1C(=O)O[C@@H](CCCC1=CC=CC=C1)CCCC1=CN=CC=C1
4000,ON(CC(O)=O)C=O
4001,[H][C@@](CCCNC(C)=N)(NC(=O)C1=CC=CC=C1)C(N)=O
4002,[H][C@]1(C)O[C@@]([H])(N2C=C(I)C3=C(N)N=CN=C23)[C@]([H])(O)[C@]1([H])O
4003,[H][C@]1(CC)CNCC2=C1C=C(NC(=O)C1=CC=C3C=C(C=CC3=C1)C(N)=N)C=C2
4004,[H][C@@]12CC[C@H](O)[C@@]1(C)CC[C@@]1([H])[C@@]2([H])CC[C@@]2([H])CC(=O)[C@H](C)C[C@]12C
4005,CN(C)CCC(O)(C1=CC=CC=C1)C1=CC=CC=C1Cl
4006,NS(=O)(=O)C1=CC=C(NC(=O)C2=CC=CC=C2S)C=C1
4007,[H][C@]12SCC(Cl)=C(N1C(=O)[C@H]2NC(=O)[C@H](N)C1=CC=CC=C1)C(O)=O
4008,CC1=CN=C2N1C=CN=C2NCC1=CC=NC=C1
4009,[H]C([H])([H])[S@](=O)C([H])([H])C([H])([H])[C@@]([H])(C([O-])=O)[N+]([H])([H])[H]
4010,[H]C(CCCC(O)=O)=C([H])CC1C(\C([H])=C(/[H])C(=O)CCCCC)C(O)CC1=O
4011,COC1=CC(CN2C(=CC3=C2C=CC=C3)C(=O)NC2CCN(CC2)C(C)C)=CC=C1
4012,NC#N
4013,NC1=CC=C(C=C1[Hg])S(N)(=O)=O
4014,[H]N([C@@H](CC1=CC=C(Cl)C=C1)[B-](O)(O)O)C(C)=O
4015,OC1=CC=C(C=C1)C1(OC(=O)C2=CC=CC=C12)C1=CC=C(O)C=C1
4016,CN1C(=CC=C1C1=CC=C2NC(=S)OC(C)(C)C2=C1)C#N
4017,NCC1(CCN(CC1)C1=C2C=CNC2=NC=N1)C1=CC=C(Cl)C=C1
4018,CCC[N+]#[C-]
4019,CN1C(CNC2=CC=C(C=C2)C(=O)N[C@@H](CCC(O)=O)C(O)=O)CNC2=C1C(=O)N=C(N)N2
4020,O[C@H](COP(O)(O)=O)C(O)=O
4021,CC1(C)CC(C)(C)CC(C)(N)C1
4022,OC(=O)CSC1=NC(=NO1)C1=CC=CC(Cl)=C1
4023,[H][C@@]1(CNC(=O)C1)C1=CC=C(OC)C(OC2CCCC2)=C1
4024,[H][C@]12C[C@@]([H])(O)C=C[C@]11CCN(CCCCCCCCN3C(=O)C4=CC=CC=C4C3=O)C=C3C=CC(=[O+]C)C(O2)=C13
4025,[H][C@@](CC)(CO)NC1=NN2C(C=C1)=NC=C2C1=CC=C(C=C1)C(O)=O
4026,NS(=O)(=O)C1=CC=C(NC2=CC(NC3CCCCC3)=NC3=NC=NN23)C=C1
4027,CN1C=C(C=C1\C=C\C(=O)NO)C(=O)CC1=CC=CC=C1
4028,[H][C@@](C)(O)[C@@]([H])(CCCCCC)N1C=NC2=C(N)N=CN=C12
4029,C(CC1=CC=NC=C1)C1=CNC2=CC=CC=C12
4030,FC1=CC(F)=C(SC2=NN3C=NC(=O)C(=C3C=C2)C2=C(Cl)C=CC=C2Cl)C=C1
4031,OC(=O)C1=CC(=CC=C1O)\N=N\C1=CC=C(O)C(=C1)C(O)=O
4032,[H][C@@](C)(NC(=O)[C@@]([H])(NC(=O)[C@@]1([H])O[C@]1([H])C(=O)OCC)[C@@]([H])(C)CC)C(O)=O
4033,CNC1(C)C2CCC(C2)C1(C)C
4034,FC1=CC=C(C=C1)C(CCCN1CCC2(CC1)N(CNC2=O)C1=CC=CC=C1)C1=CC=C(F)C=C1
4035,CN[C@@H]1CCC2=C(C1)C1=C(N2)C=CC(=C1)C(N)=O
4036,[H][C@](N)(CCCCN)B(OCC)OCC
4037,COC1=CC2=NC=NC(NC3=CC(SC)=CC=C3)=C2C=C1OC
4038,[H][C@@]12C[C@@H]([C@H](OC(C)=O)[C@@]1(C)CC[C@@]1([H])[C@@]2([H])CC[C@@]2([H])C[C@H](OC(C)=O)[C@H](C[C@]12C)N1CCCCC1)[N+]1(C)CCCCC1
4039,CCCCCCCCCC[N+](C)(C)[O-]
4040,[H][C@@](CCCC)(C(O)=O)C1=CNC2=C1C=CC=C2
4041,CN1CCN(CC1)C1=NC2=C(C=C(C=C2N=C1)C(F)(F)F)C1=CC(O)=CC=C1
4042,CN(C)C(=N)NC(N)=N
4043,[H][C@](C)(O[P@]([H])(C)=O)C(C)(C)C
4044,NCC(=O)NC1O[C@H](COP(O)(O)=O)[C@@H](O)[C@H]1O
4045,FC1=CC=C(C=C1)C(N1CCN(CC1)C1=NC(NCC=C)=NC(NCC=C)=N1)C1=CC=C(F)C=C1
4046,[H][C@@](C)(NC(=O)[C@@]([H])(CC1=CC=CC=C1)NC(=O)OCC1=CC=CC=C1)\C=C\C(=O)C=O
4047,OC1=CC(O)=C(C(=O)N2C=CC=C2)C(O)=C1
4048,OC(=O)C(=O)C1=CC=CC=C1
4049,C[N+](C)(C)CC([O-])=O
4050,C(CN1C=CC=C1)OC1=CC2=C(NC=C2)C=C1
4051,CNC[C@H](O)C1=CC(O)=CC=C1
4052,[H][C@]1(CC2=NC(N)=CC(C)=C2)CNC[C@]1([H])NCCNCC1=CC(Cl)=CC=C1
4053,CC(C)C[C@H](N)P(O)(O)=O
4054,NC1=C(\N=N\C2=CC=C(O)C=C2)C(N)=NN1
4055,NCC1=CC=C(NC(=O)C2=CC(NC3=NC=CC=N3)=C3C=C(C=CC3=C2)C(N)=N)C=C1
4056,C1CN=C(N1)C1CCCC2=CC=CC=C12
4057,[H][C@](C)(NC=O)NC(=O)[C@]([H])(C)NC(=O)OC(C)(C)C
4058,CC(C)CC(=O)O[C@H]1[C@@H](O[C@@H]2C[C@]3(C)[C@H]4CC[C@@H]5C[C@@]4(CC[C@H]3C(C2)(C(O)=O)C(O)=O)[C@@H](O)C5=C)O[C@@H](COO)[C@H](OS(O)(=O)=O)[C@@H]1OS(O)(=O)=O
4059,[H][C@](C)(N)COC1=C(C)C=CC=C1C
4060,CN1CCN(CC1)C1=C(C\N=N/C(N)=S)C=CC=C1
4061,FC1=C2C(=O)NC(=O)N(CCCCN3CCC(=CC3)C3=CC=CC=C3)C2=CC=C1
4062,[H][C@]1(C)CN=C(N)C2=C(O1)C=CS2
4063,[H][C@@](N)(CC1=CC=CC=C1)C(=O)N1CCC[C@@]1([H])C(=O)NCCNC1=CC=NC=C1
4064,CCCC1=NC(=C(N1CC1=CC=C(C=C1)C1=C(C=CC=C1)C1=NN=NN1)C(O)=O)C(C)(C)O
4065,[H][C@@](CC)(CO)NC1=NC2=C(C=NN2C(NCC2=CC=CC=C2)=N1)C(C)C
4066,NCCCCC1=CC=CC=C1
4067,CN1C(N)=NC2=C1C=C(C=N2)C1=CC=C(O)C=C1
4068,O[C@H](COP(O)(O)=O)[C@@H](O)[C@H](O)[C@@H](O)C(O)=O
4069,CCOC1=C(OCC)C=C2C(NC3=CC=CC(=C3)C3=CSC(CO)=N3)=NC=NC2=C1
4070,NC(=[NH2+])C1=CC2=C(NC(=N2)C2=C(O)N=CC=C2)C=C1
4071,[H][C@@](C)(N)C(=O)N[C@@]([H])(C)C(=O)N[C@@]([H])(CC1=CC=CC=C1)[C@@]([H])(C)O
4072,OC1=C(\C=C2/SC(=S)N(CC3=CC=CC=C3)C2=O)C=CC=C1[N+]([O-])=O
4073,[H][C@]1(CO)O[C@@]([H])(N2C=CC(=N)N=C2O)[C@]([H])(O)[C@]1([H])OP(O)(O)=O
4074,[H]N([H])C1=C2N=CN([C@@H]3O[C@H](COP(O)(=O)OP(O)(=O)OP(O)(=O)OP(O)(=O)OP(O)(=O)OC[C@H]4O[C@H]([C@H](O)[C@@H]4O)N4C=CC(=O)N([H])C4=O)[C@@H](O)[C@H]3O)C2=NC=N1
4075,C\C(O)=C(/C#N)C(=O)NC1=CC=C(C=C1)C(F)(F)F
4076,[H][C@]12O[C@]([H])(CO)[C@@]([H])(O)[C@]([H])(O)[C@@]1([H])N=C(C)S2
4077,CC1=C(Br)C(=O)OC2=C(Br)C(O)=CC=C12
4078,[H][C@@](N)(C(=O)N1CC[C@]([H])(F)C1)[C@]([H])(CC1CC1)C1([H])N[C@]([H])(NO1)C1=C(F)C=C(C=C1)S(C)(=O)=O
4079,OC(CC(O)=O)CC(O)=O
4080,CC1=NC(N)=NC(CNS(=O)(=O)C2=CC(N\C=C3/CCOC3=O)=CC=C2)=C1
4081,CC(OC1=C(Cl)C=CC=C1Cl)C1=NCCN1
4082,CCOC1=CC=C(C=C1)C1=C(C#N)C(N)=NC2=C1C(N)=C(S2)C(N)=O
4083,[H][C@]1(CO)O[C@@]([H])(N=C(O)N=C(O)C2=CC=CC=C2)[C@]([H])(O)[C@@]([H])(O)[C@]1([H])O
4084,[H][C@]1(CO)O[C@@]([H])(N2C=C(I)C3=C(N)N=CN=C23)[C@]([H])(O)[C@]1([H])O
4085,[H][C@@]1(CN(CCN1S(=O)(=O)C1=CC=C(OC)C=C1)C(=O)OCC1=CC=CC=C1)C(=O)NO
4086,O\C(C1CC1)=C(\C#N)C(=O)NC1=CC=C(C=C1)C1=CC=CC=C1
4087,ClC1=CC=CC(COC2=CC=C3C(OC(=O)C=C3C=O)=C2)=C1
4088,CCS(=O)(=O)C1=CC=C(OC)C(NC2=NC=C(O2)C2=CC=CC(=C2)C2=CC=CC=N2)=C1
4089,FC1=C(CN2C(=O)C3=CC=CN3[C@@]3(CC(=O)NC3=O)C2=O)C=CC(Br)=C1
4090,[H]N1N=C2C(=N1)C(Br)=C(Br)C(Br)=C2Br
4091,N[C@@H](CCONC(N)=N)C(O)=O
4092,[H][C@]1(COP(O)(=O)OP(O)(O)=O)O[C@@]([H])(N2C=NC3=C(N)N=CN=C23)[C@]([H])(O)[C@]1([H])N
4093,NS(=O)(=O)C1=CC=C2CCCC2=C1
4094,[H][C@@](CC1=CC=C(OCCN2C3=C(C=CC=C3)C3=C2C=CC=C3)C=C1)(OCC)C(O)=O
4095,[H][C@](N)(CC1=CC(Br)=C(O)C(Br)=C1)C(O)=O
4096,CC1=CC=CC2=C1N=C(CCCN1CCC(=CC1)C1=CC=C(F)C=C1)NC2=O
4097,[H][C@@]1(CO[C@]2([H])[C@@]([H])(CO[C@]12[H])OC1=CC=CC(=C1)C(N)=N)OC1=CC=C(C=C1)C(N)=N
4098,[H][C@]12CC3=C(C(N)=C4C=CC(Cl)=CC4=N3)[C@]([H])(CC(CC)=C1)C2
4099,[H][C@]1(O)O[C@]([H])(CO)[C@@]([H])(O)[C@]([H])(O)[C@@]1([H])F
4100,ONC(=O)COP(O)(O)=O
4101,[H]N(C[C@@H](O)CN([H])S(=O)(=O)C1=CC=CC=N1)C(=O)[C@H](CC(C)C)C1=CC=CC(=C1)C1=CC=CC=C1
4102,COC1=C(O)C=C(C=C1)[C@@H]1CC(=O)C2=C(O)C=C(O)C=C2O1
4103,[H][C@]1(CO)O[C@@]([H])(N2C=NC3=C(NCC4=CC=CC5=CC=CC=C45)N=CN=C23)[C@]([H])(N=C(O)C2=CC(OC)=CC(OC)=C2)[C@]1([H])O
4104,COC1=C(F)C=C(C=C1)C1=C(Cl)N=CN1C1=CC=C(C=C1)S(N)(=O)=O
4105,CNS(=O)(=O)C1=CC=C(C=C1)C1=CC=C(O1)\C=C1/SC(=N)NC1=O
4106,NS(=O)(=O)C1=CC=C(NC2=CC(OC3CCCCC3)=NC3=NC=NN23)C=C1
4107,CCNC(C)CC1=CC(=CC=C1)C(F)(F)F
4108,[H][C@@]12C[C@@H](C)[C@H](C(=O)CO)[C@@]1(C)C[C@H](O)[C@@]1(F)[C@@]2([H])CCC2=CC(=O)C=C[C@]12C
4109,N[C@@H](CC1=CCCCC2=C1C(=O)NO2)C(O)=O
4110,[H][C@@](CC1=CC=CC=C1)(NC(=O)[C@]1([H])CSCCN1S(=O)(=O)C1=CC=C(C)C=C1)C(=O)OCC
4111,OC(=O)CN1C=C(CC2=NC3=C(S2)C(F)=CC(F)=C3F)C2=C1C=CC=C2
4112,[H][C@@]12CCC3=CC(=O)C=C[C@]3(C)[C@@]1([H])CC[C@]1(C)OC(=O)CC[C@@]21[H]
4113,[H][C@](C)(CC)[C@@]([H])(NCC1=C(COP(O)(O)=O)C=NC(C)=C1O)C(O)=O
4114,CC(CCC1=CC=C(O)C=C1)NCCC1=CC(O)=C(O)C=C1
4115,OC(=O)C(=O)NC1=C(C(O)=O)C2=C(CSCC2)S1
4116,CC(C)C(=O)COC1=NC(N)=NC2=C1NC=N2
4117,OC[C@@H]1CC[C@@H](O1)N1C=NC2=C1NC=NC2=O
4118,COC1=CC=C(C=C1)C1=CC=C(C=C1)S(=O)(=O)N[C@H](C(C)C)P(O)(O)=O
4119,[H][C@]1(S)C[C@@]([H])(O[C@]1([H])COP(O)(O)=O)N1C=C(C)C(=O)NC1=O
4120,O[S@@](=O)C1=CC=CC=C1
4121,[H][C@@]1(CC[C@@]2([H])[C@]3([H])[C@H](O)C[C@]4([H])C[C@H](O)CC[C@]4(C)[C@@]3([H])C[C@H](O)[C@]12C)[C@H](C)CCC(=O)NCC([O-])=O
4122,[H][C@@]12CCC(=O)[C@@]1(C)CC[C@]1([H])C3=C(CC=C21)C=C(O)C=C3
4123,[H][C@]1(N)CCCC[C@@]1([H])NC1=NC(NC2=CC=CC(C)=C2)=C(C=N1)C(N)=O
4124,CCOC(=O)C1(CCN(CCC2=CC=C(N)C=C2)CC1)C1=CC=CC=C1
4125,[H][C@](O)(C(O)=NCCC(O)=NCCSC(=O)CSCCCCC)C(C)(C)COP(O)(=O)OP(O)(=O)OC[C@@]1([H])O[C@@]([H])(N2C=NC3=C(N)N=CN=C23)[C@]([H])(O)[C@]1([H])OP(O)(O)=O
4126,OC1=CC=C(CCC2=CC(O)=CC(O)=C2)C=C1
4127,[H][C@]1(C=C(CN1C(=O)N(C)C)C1=CC(F)=CC=C1F)C1=CC=CC=C1
4128,ClC1=CNC2=C1C(=NC=N2)N1CCC2=C(C1)N=CN2
4129,N[C@H](C(=O)N1[C@H]2C[C@H]2C[C@H]1C#N)C12CC3CC(CC(O)(C3)C1)C2
4130,FC(F)(F)CN(CC(F)(F)F)C1=CC2=C(NC(=O)C=C2C(F)(F)F)C=C1
4131,CC(=O)CCC(O)=O
4132,OC(=O)CC1=NN(CC2=NC3=C(S2)C=CC(=C3)C(F)(F)F)C(=O)C2=C1C=CC=C2
4133,[H][P@@](=O)(CCCCCCCCCCC)OCCCC
4134,CC(C)C1=CC(OC2=C(Cl)C=C(CC(O)=O)C=C2Cl)=CC=C1O
4135,[H][C@](CS)(CC(C)C)C(O)=O
4136,[H][C@@]12CC[C@](O)(C(=O)OCCl)[C@@]1(C)C[C@H](O)[C@@]1([H])[C@@]2([H])CCC2=CC(=O)C=C[C@]12C
4137,[H][C@@]1(CN(CC2=CC=CC=C2)C(=O)CO1)C1=CC2=C(C=C1)N(C)S(=O)(=O)C2
4138,[H][C@]1(O)[C@]([H])(O)[C@@]([H])(CO)OC([H])(F)[C@@]1([H])F
4139,OC1=C(CC2=C(O)C3=C(OC2=O)C=CC=C3)C(=O)OC2=C1C=CC=C2
4140,CC(O)(CC(O)=O)CC(O)=O
4141,COC1=CC=C(C=C1)C1=C(C2=C(N)N=CN=C2O1)C1=CC=C(NC(O)=NC2=C(F)C=CC(=C2)C(F)(F)F)C=C1
4142,[H][C@]1(CF)CC2=CC=C(C=C2CN1)S(=O)(=O)N1CCSCC1
4143,CCOC1=C(OCC)C=C(\C=C2/NCCC3=CC(OCC)=C(OCC)C=C23)C=C1
4144,NC1=NC2=C(C(N)=N1)C(SC1=CC=CC=C1)=CC=C2
4145,[O-][N+]1=CC=CC=C1C(F)(F)CNC1=NC=C(Cl)N(CC(=O)NCC2=C(F)C=CC=C2)C1=O
4146,CC1=NC=CN1C[C@H]1CCC2=C(C3=CC=CC4=C3N2CCC4)C1=O
4147,CC1=C(SCCO1)C(=O)NC1=CC=CC=C1
4148,OC1=C(CNC2CCN(CC2)S(=O)(=O)NC2=CC(OC3=CC=C(F)C=C3)=CC=C2)C=CC=C1
4149,FC1=CC=C2OCC[C@]3(NC(=O)NC3=O)C2=C1
4150,[H][C@]1(CO)O[C@]([H])(O[C@]2([H])[C@@]([H])(CO)O[C@]([H])(O[C@]3([H])[C@@]([H])(CO)N=C(NO)[C@]([H])(O)[C@@]3([H])O)[C@]([H])(O)[C@@]2([H])O)[C@]([H])(O)[C@@]([H])(O)[C@]1([H])O
4151,[H][C@]1(O)[C@]([H])(O)[C@@]2([H])N=C(O[C@@]2([H])[C@]1([H])CO)N=C
4152,CCOC(=O)C1=CC=C(N)C=C1
4153,[H][C@@]12C[C@]1([H])[C@@]1([H])[C@]3([H])[C@]4([H])C[C@]4([H])[C@@]4(CCC(=O)O4)[C@@]3(C)CC[C@]1([H])[C@@]1(C)CCC(=O)C=C21
4154,[H][C@](N)(CCC(=O)NC1=CC=C(OCC2=CC=CC=C2)C=C1)C(O)=O
4155,[H][C@]12CC[C@]([H])([C@H]([C@@H](O)C1)C(O)=O)N2C
4156,NC1=NC=CC(=N1)C1=C(Cl)SC(Cl)=C1
4157,[H][C@]1(OS(O)(=O)=O)[C@]([H])(OS(O)(=O)=O)[C@@]([H])(OS(O)(=O)=O)[C@]([H])(OS(O)(=O)=O)[C@]([H])(OS(O)(=O)=O)[C@]1([H])OS(O)(=O)=O
4158,[H][C@@]1(CCC2=C1C=CC=C2)NCC#C
4159,CCCCN1C(CC2=CC(OC)=C(OC)C(OC)=C2Cl)=NC2=C(N)N=CN=C12
4160,C[C@H](N)[C@H](O)C1=CC(O)=CC=C1
4161,[H][C@]1(O)C[C@@]([H])(O[C@]1([H])COP(O)(O)=O)N1C=NC2=C1N=C(NCC1=CC=CC3=C1C=CC=C3)NC2=O
4162,COC1=CC(C(O)C(C)N)=C(OC)C=C1
4163,OC(=O)CN1C(=CC2=CC=CC=C12)C(=O)NC1=NC(=CS1)C1=CC=CC=C1Cl
4164,[H][C@@]12CCCCN1CCN(C2)C1=CC=C(C=C1)[C@@]1([H])N(CCC2=CC(O)=CC=C12)C1=CC=CC=C1
4165,CC(C)(C)C1=CC(O)=C(C=C1O)C(C)(C)C
4166,CC(C)CCC(=O)CC1N(C(=O)C2=CC=CC=C12)C1=NC2=C(C=CC(Cl)=N2)C=C1
4167,[H][C@@](CC(O)=O)(NC(=O)C1=CN=CC(=C1)C1=CC=C(C=C1)C(O)=O)C=O
4168,NC1=CC=CC2=CC(=CC=C12)S(O)(=O)=O
4169,OC1=CC=CC=C1Cl
4170,OC[C@H]1O[C@H]([C@H](O)[C@@H]1O)N1C=CC(=O)NC1=O
4171,O[C@H](C#N)C1=CC=C(O)C=C1
4172,CCC1=C(O)C=C(O)C(=C1)C1=NNC(C(O)=O)=C1C1=CC=C2OCOC2=C1
4173,CC1=CC(=CC(C)=C1OCCN)C(=O)NC1=CC(Cl)=CC(=C1)N1CCCCC1
4174,CN(C)CCN(CC1=CC=CC=C1)C1=CC=CC=N1
4175,CCCCN(CCCC)CC(O)C1=C2C(=CC(Cl)=C1)\C(=C/C1=CC=C(Cl)C=C1)C1=C2C=CC(Cl)=C1
4176,CC(C)NCC(O)COC1=CC=C(CCOCC2CC2)C=C1
4177,CC(=O)NC1=NC(=CC=N1)C1=C(C)N=C2C=CC=CN12
4178,[H][C@@]1(CC[C@@]([H])(CC1)C1=CC=CN=C1)N(C1CC1)C(=O)C1=CC=C(C=C1)[C@](C)(O)C(F)(F)F
4179,CC1=CC=C(C=C1)N1N=C(C=C1NC(=O)NC1=CC=C(OCCN2CCOCC2)C2=C1C=CC=C2)C(C)(C)C
4180,CC(=O)C=O
4181,CCCCCCCCSCC(=O)C(F)(F)F
4182,CC1=C(CCOC2=CC=C(CC3C(=O)NOC3=O)C=C2)N=C(O1)C1=CC=CC=C1
4183,O=C1N(CC2=CC=CC=C2)C2C[S+]3CCCC3C2N1CC1=CC=CC=C1
4184,[H][C@@](CC(C)C)(CN(O)C=O)C(O)=O
4185,O=C1NC2=C(C=C1)[C@@H](CCC2)NCCCCCCCCCCNC1=C2CCCCC2=NC2=CC=CC=C12
4186,CCCCC1C(=O)N(N(C1=O)C1=CC=C(O)C=C1)C1=CC=CC=C1
4187,S[Mo](=O)=O
4188,CCC[C@H](N)C(O)=O
4189,NC1=CC=CC=C1
4190,[H][C@@](C)(N)C(O)=NS(=O)(=O)OC[C@@]1([H])O[C@@]([H])(N2C=NC3=C(N)N=CN=C23)[C@]([H])(O)[C@]1([H])O
4191,OC(=O)CN1C(=O)C2=CC=CC3=CC=CC(C1=O)=C23
4192,CC[N+](CC)(CC)CC
4193,[H][C@@]12C[C@H](CC)[C@]3([H])N(C1)CCC1=C(NC4=CC(=C(OC)C=C14)[C@@]1([H])C[C@]4([H])C(C(=O)OC)[C@@]([H])(CC5=C1NC1=CC=CC=C51)N(C)C\C4=C\C)[C@@]3(C2)C(=O)OC
4194,OC(=O)COC1=C(Cl)C(Cl)=C(C=C1)C(=O)C1=CC=CS1
4195,OCCCCCCCCNCO
4196,CC(C)C1=NCCC2=C1C=C(NC(=O)C1=CC=C3C=C(C=CC3=C1)C(N)=N)C=C2
4197,NC1=NC(=O)C2=C(N1)N([C@@H]1O[C@H](CO)[C@@H](O)[C@H]1O)C(=O)S2
4198,CCC(=O)N(C1CCN(CCC2=CC=CS2)CC1C)C1=CC=CC=C1
4199,CCC1=CC=CC=C1N=C(O)OC1=CC2=C(C=C1)N(C)C1C2(C)CCN1(C)=O
4200,OC1=NC=NC2=C1N=NC2
4201,C(N1C=CN=C1)C1=CC=CC=C1
4202,C(C)(C)C[C@H](C(=O)N[C@H](CCC1=CC=CC=C1)\C=C\S(=O)(=O)C1=CC=CC=C1)NC(=O)N1CCOCC1
4203,[H][C@]1(CO)O[C@@]([H])(N2CNC3=C2N=CN=C3O)[C@]([H])(O)[C@]1([H])O
4204,CC[N+](C)(CC)CCOC(=O)C(O)(C1CCCCC1)C1=CC=CC=C1
4205,NC1=NC=C(CC2=CC=CC=C2)S1
4206,OC(=O)CN(CC(O)=O)CC(O)=O
4207,CC1=NC2=NC=NN2C(NC2=CC3=CC4=CC=CC=C4C=C3C=C2)=C1
4208,[H][C@@]1(N)CCCN(C1)C1=NC2=C(C=CC=C2)C(=O)N1CC1=C(C=CC=C1)C#N
4209,CCOCN1OC(=O)C(=C1C1=CC=NC(OC2=CC=CC=C2O)=N1)C1=CC=C(F)C=C1
4210,[H][C@@](CC(O)=O)(C(F)F)S(=O)(=O)C1=CC=C(OC)C=C1
4211,CC1(C)CC2=C(C(=NN2C2=CC(N[C@H]3CC[C@@H](CC3)OC(=O)CN)=C(C=C2)C(N)=O)C(F)(F)F)C(=O)C1
4212,O[C@H](CC(O)=O)C(O)=O
4213,CC1=C(N(N=C1C(=O)NN1CCCCC1)C1=C(Cl)C=C(Cl)C=C1)C1=CC=C(Cl)C=C1
4214,CC(=C)[C@@H]1CC[C@@]2(C)O[C@H]2C1
4215,FC1=CC=C(C=C1)N1N=C(C=C1NS(=O)(=O)C1=CC=CC(F)=C1)C1=CC=CS1
4216,[H][C@](N)(CC(=O)N1CCC[C@@]1([H])CNC(=O)C1=CC=CC=C1)CC1=C(F)C=CC=C1
4217,O=C1NC2=C(N1)C(=O)NC(=O)N2
4218,CCC(=O)N(C1=CC=CC=C1)C1(CCN(CCC(=O)OC)CC1)C(=O)OC
4219,CC(C)NC1=CC2=C(C=NN2C2=NC(=CN=C2)N2C=CC(CC(O)=O)=C2)C=C1
4220,[H][C@]12CN(CCN3NC4=C(C=CC=C4C3=O)C3=NC4=C(NC3=O)C=CC=C4O1)[C@]([H])(C)C2
4221,CNC1=NC(C)=C(S1)C1=CC=NC(NC2=CC=C(O)C=C2)=N1
4222,CC1=C(OC2=C(C=CC=C2C(=O)OCCN2CCCCC2)C1=O)C1=CC=CC=C1
4223,O=CNCC1=CC=CC=C1
4224,[H][C@]1(CCCN1C(=O)CNC1CCCCC1)C(=O)NCC1=CC=C(C=C1)C(N)=N
4225,CCOC(=O)[C@H](CCC1=CC=CC=C1)N[C@@H](C)C(=O)N1CCC[C@H]1C(O)=O
4226,OCCOCCOCCOCCOCCOCCOCCS
4227,CCCCCCCCC(O)(P(O)(O)=O)P(O)(O)=O
4228,[H][C@@](CCCC)(NC(=O)O[C@]([H])(CC1=CC=CC=C1)C(C)C)C=O
4229,[H][C@@](C[P@@](O)(=O)[C@@]([H])(NS(=O)(=O)CCC1=CC=CC=C1)C(C)C)(C(O)=O)C1=CC=CC(CN)=C1
4230,CC#CCN1C(=NC2=C1C(=O)N(CC1=NC3=C(C=CC=C3)C(C)=N1)C(=O)N2C)N1CCC[C@@H](N)C1
4231,[H][C@]1(CCCC[C@@]1([H])NC(=O)C1=NC2=C(CN(C)CC2)S1)NC(=O)C1=CC2=C(N1)C=CC(Cl)=C2
4232,[H][C@](NS(=O)(=O)C1=CC2=C(C=C1)C1=CC=CC=C1S2)(C(C)C)C(O)=O
4233,N1C2=CC=CC=C2N=C1C1=CSC=N1
4234,CC1=C(C)C(=O)C(C)=C(C)C1=O
4235,N[C@@H](CCCCNC(O)=O)C(O)=O
4236,[H][C@]1(CO)O[C@@]([H])(N=C(O)N=C(C)O)[C@]([H])(O)[C@@]([H])(O)[C@]1([H])O
4237,CCC1=NC(N)=NC(N)=C1C1=CC=CC=C1
4238,O=C1NC(=O)C2=CNNC2=N1
4239,NC1=CNC(=O)NC1=O
4240,N[C@@H]1CONC1=O
4241,[H][C@]1(C[C@]2(ON1)O[C@]([H])(CO)[C@@]([H])(O)[C@]([H])(O)[C@@]2([H])O)C1=CC2=CC=CC=C2C=C1
4242,CC(C)[C@@H](N)C(=O)NO
4243,NS(=O)(=O)C1=CC=CC(NC2=NC(OCC3CCCCC3)=C3N=CNC3=N2)=C1
4244,CC1=CC=C(NC(=O)C2=CC=CC(=C2)C(F)(F)F)C=C1NC1=NC=CC=C1C1=CC=NC=N1
4245,[H][C@@]1(CN(CC2=C1C=CC(C)=C2C)C(=O)N(C)C)C1=CC(O)=CC=C1
4246,CN1C(N)=NC2=NC=C(C=C12)C1=CC=CC=C1
4247,NC(=N)C1=CC=C(NC(=O)NC2=CC=C(OC3=CC=CC=C3)C=C2)C=C1
4248,[H][C@@](CC1=CC=C(C=C1)C1=CC=CC=C1)(C[C@@]([H])(C)C(=O)OCC)NC(=O)CCC(O)=O
4249,NC(=N)C1=CC=C2NC(=NC2=C1)C1=NNC(=C1O)C1=CC=CC=C1
4250,[H][C@@]1(COC2=NS(=O)(=O)C3=C2C=CC=C3)OCCC2=C1SC(NC(=O)C(O)=O)=C2C(O)=O
4251,ClC1=C(NC2=NC=C(N3C=NC=C23)C2=CC=CC=C2)C=CC=C1
4252,CCCCCCP(O)(=O)O[C@@H]1C[C@H](C)CC[C@H]1C(C)C
4253,[H][C@@](CC1=CC(=C(C=C1)P(O)(O)=O)P(O)(O)=O)(N=C(C)O)C(O)=N[C@@]1([H])CCCCN(CC2=CC=C(C=C2)C2=CC=CC=C2)C1=O
4254,NC(=N)NOCCNC(=O)CC1=C(Cl)C=CC(NCC(F)(F)C2=CC=CC=C2)=C1F
4255,CCOC(N)=O
4256,CCCCN1C(CC2=CC3=C(OCO3)C=C2)=NC2=C(N)N=C(F)N=C12
4257,CCCC(O)=O
4258,N[C@@H](CN1C=C(Br)C(=O)NC1=O)C(O)=O
4259,[H][C@@](N)(CCSC(C)C)[C@]([H])(O)C(=O)NNC(=O)C1=CC(Cl)=CC=C1
4260,C[Hg]SC[C@@H](N)C(O)=O
4261,CC(C)NCC1CCC2=CC(CO)=C(C=C2N1)[N+]([O-])=O
4262,[H][C@@](O)(CCCCCCC)CC(=O)SCCN=C(O)CCN=C(O)[C@]([H])(O)C(C)(C)COP(O)(=O)OP(O)(=O)OC[C@@]1([H])O[C@@]([H])(N2C=NC3=C(N)N=CN=C23)[C@]([H])(O)[C@]1([H])OP(O)(O)=O
4263,NS(=O)(=O)C1=CC=C(C=C1)C(=O)NCC1=CC=C(F)C=C1
4264,N[C@@H](CC1=CC(=O)C(O)=CC1=O)C(O)=O
4265,CC1=C(O)C(CO)=C(CO)C=N1
4266,CC(C)(C)NC[C@H](O)COC1=CC=CC2=C1CCCC2=O
4267,[H][C@@]1(CC[C@@]2([H])[C@]3([H])CC=C4C=C(CC[C@]4(C)[C@@]3([H])CC[C@]12C)C(O)=O)C(=O)C1=CC=C(O)C=C1
4268,[H][C@](N)(CC1CCCCC1)[C@@]([H])(O)C[C@@]([H])(CC(C)C)C(O)=O
4269,[H][C@]1(O)C[C@@]([H])(O[C@]1([H])COP(O)(O)=O)C1=CC(C)=C(F)C=C1F
4270,CC(C)(C)NC[C@H](O)COC1=CC=CC=C1C1CCCC1
4271,[H][C@](CO)(CCC1=CC=CC=C1)N1C=NC(=C1)C(N)=O
4272,[H]N([C@@H](CC1=CC=CC2=CC=CC=C12)[B-](O)(O)O)C(C)=O
4273,CC(=O)C1=CC=C(NC(=O)C2=C(NN=C2)C2=CC(Cl)=C(O)C=C2O)C=C1
4274,OC(=O)C1=C(NS(=O)(=O)C2=CC=C(Cl)C=C2)C=CC(Br)=C1
4275,OC(=O)C(Cl)Cl
4276,[H][C@@](CS(=O)(=O)C[C@]1([H])CCC(=O)N1)(N[C@@]([H])(C1=CC=C(F)C=C1)C(F)(F)F)C(=O)NC1(CC1)C#N
4277,CC(C)(C)NC[C@H](O)COC1=CC=CC2=C1CC(=N2)C#N
4278,COC1=CC=C(OC(F)(F)F)C=C1CN[C@H]1CCCN[C@H]1C1=CC=CC=C1
4279,CC1=NC2=NC=NN2C(NC2=CC=C(C=C2)C(F)(F)F)=C1
4280,[H][C@](O)(CCCCC)\C=C\C=C/CCCCCCCC(O)=O
4281,COC1=CC=CC(CC2=CNC3=C2C=CC=N3)=C1
4282,OC(=O)CCC1=NC(=C(O1)C1=CC=CC=C1)C1=CC=CC=C1
4283,CCN1N=CC=C1C1=CNC2=NC=C(C=C12)C1=CC(C(=O)N(C)C)=C(N)C=C1
4284,CN([C@H](CN1CC[C@H](O)C1)C1=CC=CC=C1)C(=O)C(C1=CC=CC=C1)C1=CC=CC=C1
4285,[H][C@@](CC1=CC(C=O)=C(C=C1)C(O)=O)(N=C(C)O)C(O)=N[C@@]1([H])CCCCN(CC2=CC=C(C=C2)C2=CC=CC=C2)C1=O
4286,[H][C@]1(O[C@](C[C@H](O)[C@H]1NC(C)=O)(OP(O)(=O)OC[C@H]1O[C@H]([C@H](O)[C@@H]1O)N1C=CC(N)=NC1=O)C(O)=O)[C@H](O)[C@H](O)CO
4287,CC[C@H](NC(C)C)[C@H](O)C1=C2C=CC(=O)NC2=C(O)C=C1
4288,CCCCCCCCCC(C)=O
4289,N\C(NO)=N/CCC[NH3+]
4290,NC1=CC=C2N=C(N)N=C(N)C2=C1
4291,[H][C@](O)(CCC(O)=O)\C=C\C=C/C\C=C/C\C=C/C\C=C/C\C=C/CC
4292,CC1=C[NH+]=C(NCC(F)(F)C2=[NH+]C=CC=C2)C(=O)N1CC(=O)NCC1=C(F)C(C)=CC=N1
4293,N[C@@H](C\N=C(/N)NO)C(O)=O
4294,[H][C@]1(CO)O[C@@]([H])(N=C(O)OC)[C@]([H])(O)[C@@]([H])(O)[C@]1([H])O
4295,CC1=CC=CC=C1C1=CC2=C(N1)C=C(C=C2)C(N)=N
4296,CSCC[C@H](NC(C)=O)C(O)=O
4297,C[C@](O)(COC1=CC=C(Cl)C(F)=C1)C(=O)NC1=CC(=C(C=C1)C#N)C(F)(F)F
4298,CCCC[C@@H](N)C(O)=O
4299,ON1C2=CC=CN=C2C(=C1C1=CC=NC=C1)C1=CC=C(F)C=C1
4300,[H][C@@](CC(O)=O)(NC(=O)C1=CC=C(CNS(=O)(=O)C2=CC(C(O)=O)=C(O)C=C2)C=C1)C(C)=O
4301,[H][C@@]1(C)CN(CC2(CC2)C(N)=O)CCN1S(=O)(=O)C1=CC=C(C=C1)[C@](C)(O)C(F)(F)F
4302,CN(C)C1=C2C=CC(=CC2=CC=C1)S(O)(=O)=O
4303,[H][C@]1(CO)O[C@@]([H])(N2C=NC3=C(N)N=CN=C23)[C@]([H])(O)C1=O
4304,CN1CCN(CC1)NC(=S)NC1=CC=C(C=C1)S(N)(=O)=O
4305,NS(=O)(=O)C1=CC(=CC(N2CCCC2)=C1OC1=CC=CC=C1)C(O)=O
4306,NCCOP(O)(O)=O
4307,OC[C@H]1O[C@H](O[P@@](O)(=O)O[P@@](O)(=O)OC[C@H]2O[C@H]([C@H](O)[C@@H]2O)N2C=CC(=O)NC2=O)[C@H](O)[C@@H](O)[C@H]1O
4308,[H][C@@](CCC)(C(O)=O)C1=CNC2=CC=CC=C12
4309,[H][C@]1(O)O[C@]([H])(CO)[C@@]([H])(O[C@@]2([H])O[C@]([H])(CO)[C@@]([H])(O[C@@]3([H])O[C@]([H])(CO)[C@@]([H])(O)[C@]([H])(O)[C@@]3([H])O)[C@]([H])(O)[C@@]2([H])O)[C@]([H])(O)[C@@]1([H])O
4310,CC(C)OC1=C(NC2=NC=C(Cl)C(N2)=NC2=CC=CC=C2S(=O)(=O)C(C)C)C=C(C)C(=C1)C1CCNCC1
4311,CC(C(O)=O)C1=CC(OC2=CC=CC=C2)=CC=C1
4312,[H][C@]1(CN)CN(CCO1)C1=C(Br)C=NC2=C1C=NN2
4313,O=C1CCCCC2=C3N=C(NC4=CC(N1)=CC=C4)N=C(NC1CC1)N3N=C2
4314,[H][C@]1(CC2=C(C=CC=C2)[C@@]1([H])O)NC(=O)C1=CC2=C(N1)SC(Cl)=C2
4315,CCNC(NCC)=NCCCC[C@@H](NC(=O)[C@H](CC1=CC=C(O)C=C1)NC(=O)[C@H](CO)NC(=O)[C@@H](CC1=CC=CN=C1)NC(=O)[C@@H](CC1=CC=C(Cl)C=C1)NC(=O)[C@@H](CC1=CC2=CC=CC=C2C=C1)NC(C)=O)C(=O)N[C@@H](CC(C)C)C(=O)N[C@@H](CCCCN=C(NCC)NCC)C(=O)N1CCC[C@H]1C(=O)N[C@H](C)C(N)=O
4316,CC(C)CCO[P@](O)(=O)OP(O)(O)=O
4317,[H][C@]1(O)CC[C@@]2([H])[C@]3([H])[C@]([H])(CCCCCCCCCCC(=O)N(C)CCCC)CC4=CC(O)=CC=C4[C@@]3([H])CC[C@]12C
4318,CO[C@H]1C[C@@H](O[C@@H](C)[C@@H]1O)O[C@H]1[C@H](C)O[C@H](C[C@@H]1OC)O[C@H]1[C@@H](C)\C=C\C=C2/CO[C@@H]3[C@H](O)C(C)=C[C@@H](C(=O)O[C@H]4C[C@@H](C\C=C1/C)O[C@@]1(CC[C@H](C)[C@@H](C(C)C)O1)C4)[C@]23O.CC[C@@H](C)[C@H]1O[C@@]2(CC[C@@H]1C)O[C@@H]1C\C=C(C)\[C@@H](O[C@@H]3O[C@@H](C)[C@H](O[C@@H]4O[C@@H](C)[C@H](O)[C@@H](OC)C4)[C@@H](OC)C3)[C@@H](C)\C=C\C=C3/CO[C@@H]4[C@H](O)C(C)=C[C@@H](C(=O)O[C@@H](C1)C2)[C@]34O
4319,CC1=CC(=CC2=C1N=C(N2)C1=C(NCC2=NC=CC=C2)C=CNC1=O)N1C=CN=C1
4320,[O-][N+]1=CC=CC2=C1C=C(S2)C(=O)N1CCN(CC1)S(=O)(=O)C1=CC2=CC(Cl)=CC=C2N1
4321,OC(=O)C(=O)NC1=C(C=CC=C1)C(O)=O
4322,[H][C@@](N)(CC1=CC=CC=C1)C(=O)N1CCC[C@@]1([H])C(=O)NCC1=CC=C(C=C1)C(N)=[NH2+]
4323,CCC1=C2C=C(O)C=CC2=NC2=C1CN1C2=CC2=C(COC(=O)[C@]2(O)CC)C1=O
4324,NC1=NC=NC2=C1N=CN2[C@H]1C[C@H](O)[C@@H](COP(O)(=O)OP(O)(=O)OP(O)(O)=O)O1
4325,[H][C@]1(CCN2CC[C@@](N)(CC3=CC=CC=C3)C(=O)N12)C=O
4326,[H][C@@](C)(C(O)=O)C1=CC=C(C=C1)C(=O)C1=CC=C(I)S1
4327,[H][C@]1(C)CC[C@]2(CO)CO[C@]([H])(C3=CC=C(O)C=C3)[C@@]1([H])[C@@]2([H])C
4328,[H][C@@](N)(CCC(O)=N[C@@]([H])(CSSC[C@]([H])(N=C(O)CC[C@@]([H])(N)C(O)=O)C(O)=NCC(O)=NCCCNCCCCN)C(O)=NCC(O)=NCCCNCCCCN)C(O)=O
4329,CC1NC2=CC(Cl)=C(C=C2C(=O)N1C1=CC=CC=C1C)S(N)(=O)=O
4330,CCCCCCCCCCCCSC1=C(N=NN1)C(O)=O
4331,COC1=CN=CC(=C1)C1=CC(CNC2=CC=CN=C2N)=CC=C1
4332,[H][C@@](CCCCCCNC(=O)OC(C)(C)C)(C(O)=O)C1=CNC2=C1C=CC=C2
4333,[H]\C(=C(\[H])C1=CC=C(C=C1)N(C)C)C(=O)SCCN=C(O)CCN=C(O)[C@]([H])(O)C(C)(C)COP(O)(=O)OP(O)(=O)OC[C@@]1([H])O[C@@]([H])(N2C=NC3=C(N)N=CN=C23)[C@]([H])(O)[C@]1([H])OP(O)(O)=O
4334,[O-][N+](=O)C1=CC=C(Cl)C(=C1)C(=O)NC1=CC=CC=C1
4335,[H][C@]1(CO)O[C@@]([H])(N2C=NC3=CC(Cl)=C(Cl)C=C23)[C@]([H])(O)[C@]1([H])O
4336,[H][C@]1(CCN(C1)C1=NC=NC2=CC(OC)=C(OC)C=C12)OC1=CC2=CC=CC=C2C=C1
4337,[H][C@@]12N(C)C3=CC(OC)=C(C=C3[C@@]11CCN3CC=C[C@@](CC)(C[C@@]22OC(=O)N(CCCl)C2=O)[C@@]13[H])[C@]1(C[C@@]2([H])CN(C[C@](O)(CC)C2)CCC2=C1NC1=CC=CC=C21)C(=O)OC
4338,CCC1=NC(N)=NC(N)=C1C1=CC2=C(C=C1)C1=CC=CC=C1N2CCCOC
4339,[H][C@](CN)(NC(=O)C1=CC=C(S1)C1=C2C=CNC2=NC=C1)C1=CC=CC=C1
4340,[H][C@](CS)(CC1=CC=CC=C1)C(O)=O
4341,CN1CCN2C1=NC1=C(Br)C(Br)=C(Br)C(Br)=C21
4342,OC1=CC=C(C=C1OS(O)(=O)=O)[N+]([O-])=O
4343,[H][C@](OCC1=NC(Cl)=C(C=C1C1=CC(Cl)=CC=C1)C#N)(C1=CN=CN1C)C1=CC=C(C=C1)C#N
4344,CN1CCN(CC1)C1=CC=C(C=C1)C(=O)NC1=NNC2=CN(C=C12)C(=O)CC1=CC=CS1
4345,[H][C@@]1(CC(=O)N(CC2=CC=CC=C2)CN1S(=O)(=O)C1=CC=C(OC)C=C1)C(=O)NO
4346,[H][C@@]1(C)CNC2=C(SC3=C2C2=C(C=C3)N=C(C=C2)C2=CN=C(C)C=C2)C(=O)N1
4347,[H][C@@](CC1=CC(=C(C=C1)P(O)(O)=O)P(O)(O)=O)(N=C(C)O)C(O)=N[C@@]1([H])CCCCC2=CC(OCC3CCCCC3)=C(C=C12)C(O)=N
4348,NCCC1=CC=C(C=C1)S(N)(=O)=O
4349,NS(=O)(=O)C1=NN=C(NS(=O)(=O)C2=CC=CC=C2)S1
4350,ClC1=CC=CC(Cl)=C1C(=O)NC1=CNN=C1C(=O)NC1CCNCC1
4351,[H][C@@]12CCC[C@]1([H])[C@@]([H])(OC1=CC=CC(O)=C21)C1=CC=C(O)C=C1
4352,[H][C@]1(CNC(=O)NC2=CC=C(C=C2)C(=O)OC)CC[C@]([H])(N1)C(=O)N1CCC[C@@]1([H])CN
4353,[H]/C1=C([H])/[C@]([H])(OC)[C@@]([H])(OC(O)=N)\C(C)=C([H])\[C@]([H])(C)[C@@]([H])(O)[C@]([H])(C[C@]([H])(C)CC2=C(OC)C(=O)C=C(N=C(O)\C(C)=C\1/[H])C2=O)OC
4354,[H][C@](O)(CO)CNC1=C2C(NC(=C2C2=CC=CC=C2)C2=CC=CC=C2)=NC=N1
4355,CC1=C(N=C2C=CC(F)=CC2=C1C(O)=O)C1=CC=C(C=C1)C1=CC=CC=C1
4356,[Cl-].CC(C)OC1=CC=CC(CC(=O)N2CCC[C@](CC[N+]34CCC(CC3)(CC4)C3=CC=CC=C3)(C2)C2=CC(Cl)=C(Cl)C=C2)=C1
4357,[H][C@@](CC(O)=O)(OC(=O)\C=C\C1=CC=C(O)C=C1)[C@@]([H])(OC(=O)\C=C\C1=CC=C(O)C=C1)C(O)=O
4358,CC[C@H](C)[C@H](NC(=O)[C@H](CCC(O)=O)NC(=O)[C@H](CCC(O)=O)NC(=O)[C@H](CC1=CC=CC=C1)NC(=O)[C@H](CC(O)=O)NC(=O)CNC(=O)[C@H](CC(N)=O)NC(=O)CNC(=O)CNC(=O)CNC(=O)CNC(=O)[C@@H]1CCCN1C(=O)[C@H](CCCNC(N)=N)NC(=O)[C@@H]1CCCN1C(=O)[C@H](N)CC1=CC=CC=C1)C(=O)N1CCC[C@H]1C(=O)N[C@@H](CCC(O)=O)C(=O)N[C@@H](CCC(O)=O)C(=O)N[C@@H](CC1=CC=C(O)C=C1)C(=O)N[C@@H](CC(C)C)C(O)=O
4359,CC(=O)NN1C(=O)N[C@@]2(O[C@H](CO)[C@@H](O)[C@H](O)[C@H]2O)C1=O
4360,[H][C@]1(CSC)O[C@@]([H])(N2C=CC3=C(N)N=CN=C23)[C@]([H])(O)[C@]1([H])O
4361,[H][C@]1(CCCN1C(=O)COC1CCCC1)C(=O)NCC1=CC=C(C=C1)C(N)=N
4362,[H][C@@](CC1=CC=C(C[Se](O)=O)C=C1)(NC(=O)OC(C)(C)C)C(=O)OC
4363,CCN1C=C(C(O)=O)C(=O)C2=C1N=C(C)C=C2
4364,CCCCCCCCCCC[N+](C)(C)[O-]
4365,NCCCN1C=C(C2=C1C=CC=C2)C1=C(C(=O)NC1=O)C1=CNC2=C1C=CC=C2
4366,ClC1=CC(=CC=C1)C1=CNN=C1C1=CNC(=C1)C(=O)NCC1=CC=CC=C1
4367,[H][C@@](OC1=CC=CC=C1OCC)(C1=CC=CC=C1)[C@@]1([H])CNCCO1
4368,[H][C@@](C)(NC(C)=O)C(=O)N[C@@]([H])(CC1=CC=CC=C1)C(=O)CCCl
4369,[H][C@@](CC(C)C)(NC(C)=O)C(=O)N[C@@]([H])(CC1=CC=CC=C1)C(=O)C(F)(F)F
4370,OC1=C(C=C(Cl)C=C1)C(=O)NC1=C(Cl)C=C(C=C1)[N+]([O-])=O
4371,ClC(Cl)C(C1=CC=C(Cl)C=C1)C1=CC=CC=C1Cl
4372,[H][C@@](CSCC1=CC=CC=C1)(NC(=O)[C@]([H])(CC1=CC=CC=C1)NC(=O)N1CCOCC1)C=O
4373,[H][C@@](N)(CC1=CC=CC=C1)C(=O)N1CCC[C@@]1([H])C(=O)NCC1=CC=CC(F)=C1
4374,NC1=NC=NC2=C1N=CN2[C@@H]1O[C@@H](CO[W](O)(O)=O)[C@H](O)[C@H]1O
4375,CCOCCN1C(=NC2=CC=CC=C12)N1CCCN(C)CC1
4376,OC(=O)CCCN1CCC(CC1)OC(C1=CC=C(Cl)C=C1)C1=CC=CC=N1
4377,[H][C@@](CC1=CC=C(C=C1)C(F)(F)P(O)(O)=O)(N=C(C)O)C(O)=N[C@@]1([H])CCCCN(CC2=CC=C(C=C2)C2=CC=CC=C2)C1=O
4378,COC1=NC2=C(C=C(Br)C=C2)C=C1[C@@H](C1=CC=CC=C1)[C@@](O)(CCN(C)C)C1=CC=CC2=C1C=CC=C2
4379,CC(C)=CCNC1=C2N=CNC2=NC=N1
4380,NC1=NC(=C(C=N1)\N=N\C1=CC=CC=C1)C1=C(Cl)C=C(Cl)C=C1
4381,[H][C@@](O)(COP(O)(O)=O)[C@@]([H])(O)[C@]([H])(O)C(O)=NO
4382,C[C@@H](CC1=CC=CC=C1)NC(=O)[C@@H](N)CCCCN
4383,CCC(=O)C1=CC=C2SC3=C(C=CC=C3)N(CCCN3CCN(CCO)CC3)C2=C1
4384,NC(=N)C1=CC2=C(NC(CC3=NC4=C(N3)C=CC=C4)=N2)C=C1
4385,[H][C@@](CNC(N)=N)(OC(=O)C1=CC=CN=C1)C1=CC=C(C=C1)B1OC[C@@]([H])(CO)O1
4386,NC1=NC2(CCN(CC2)C(=O)C2=CC=C(N=C2)C#N)NC2=C(F)C=CC(F)=C12
4387,CC(=O)OC1(CCN(CCC2=CC=CC=C2)CC1)C1=CC=CC=C1
4388,[H][C@](CO)(COC(=O)CCCCCCCC)OC(=O)CCC
4389,COC1=CC(NC2=NC=CC(NC3=CC=C4C(C)=NNC4=C3)=N2)=CC(OC)=C1OC
4390,[H][C@]1(CO)CC2=CC=C(C=C2CN1)S(=O)(=O)NC1=CC=C(Cl)C=C1
4391,[H][C@]1(N)CCCCCCCCCCNC1=O
4392,[H][C@]12CCN(C1=O)C1=CC=CC3=C1C=C(OC1([H])CC(CN4C=NC=C4CCN2)=CC[C@]1([H])C#N)C=C3
4393,CN(C)CCCCSC(N)=N
4394,NCC1=CC=CC=C1
4395,[H][C@]1(CCCN1C(=O)CCC1CCCC1)C(=O)NCC1=CC=C(C=C1)C(N)=N
4396,[H][C@@]1(CCCN(CC2=CC3=C(OCO3)C=C2)C1)OC1=CC=C(C=C1)N1C=CN=C1
4397,[H][C@@](CCC(O)=O)(NC(=O)N[C@@]([H])(CSCC1=CC=C(F)C=C1)C(O)=O)C(O)=O
4398,OC(=O)CC1=C2C=CC=CC2=CC=C1
4399,NC1=NC(OCC2CCCCC2)=C2N=CNC2=C1
4400,OC(=O)CCN1C2=C(C=C(O)C=C2)C2=C1C=C(C1=C2C(=O)NC1=O)C1=CC=CC=C1
4401,COC1=CC2=C(C=C1OCCCN1CCCC1)N=CN=C2OC1=C(F)C2=C(NC(C)=C2)C=C1
4402,[H][C@](O)(C(O)=NCCC(O)=NCCSCC(O)=NCCC1=CNC2=C1C=C(Br)C=C2)C(C)(C)COP(O)(=O)OP(O)(=O)OC[C@@]1([H])O[C@@]([H])(N2C=NC3=C(N)N=CN=C23)[C@]([H])(O)[C@]1([H])OP(O)(O)=O
4403,COCCNS(=O)(=O)C1=CC=C(NC2=NC(=CC=N2)C2=CN=C(C)N2C(C)C)C=C1
4404,CNC(=O)C1=CC(NC2=C3C=NN(C3=NC=N2)C2=CC=CC=C2)=C(C)C=C1
4405,NS(=O)(=O)C1=CC=C(C=C1)C(=O)NCC1=C(F)C(F)=C(F)C(F)=C1F
4406,CCOC(=O)C1=C(C)N(N=C1C)C1=CC=C(OC)C=C1
4407,NCC1=CC=C(S1)C1=CC=CS1
