index,smiles
0,COC1[C@H]([C@H]([C@@H]([C@H](O1)CO)O)O)O
1,C1=CC=C(C=C1)Cl
2,[Zn]
3,C[C@@H](C(=O)N[C@H](CCC(=O)O)C(=O)O)NC(=O)[C@@H](C)O[C@@H]1[C@H]([C@H](O[C@@H]([C@H]1O)CO)OP(=O)(O)OP(=O)(O)OC[C@@H]2[C@H]([C@H]([C@@H](O2)N3C=CC(=O)NC3=O)O)O)NC(=O)C
4,C1[C@H](O[C@H]([C@H]1F)N2C=NC3=C2N=CN=C3NN)CO
5,[17NH3]
6,CC1=CC=C(C=C1)N2C(=CC(=N2)C(C)(C)C)NC(=O)NC3=CC=C(C4=CC=CC=C43)OCCN5CCOCC5
7,C(C(C(=O)O)S)(C(=O)O)S.[99Tc]
8,B#B
9,[113In]
10,C1=CC=C(C=C1)CN[C@@H](C2=CC=CC=C2)P(=O)(O)O
11,COC1C(C(C(C(O1)CO)O)O)O
12,C1=CC=C(C=C1)CN
13,C1=CC=C(C=C1)[C@H]2[C@H]([C@@H]2C(=O)O)C(C(=O)O)N
14,CN1C2=C(C(=O)N(C1=O)C)N(C=N2)CC(CN(C)CCO)O.C1=CC(=CN=C1)C(=O)O
15,CNCCCC12CCC(C3=CC=CC=C31)C4=CC=CC=C24
16,CCCCCCCCCCCCCCCC(=O)O
17,C(=O)(O)[O-].[OH-].[OH-].[OH-].[O-2].[Na+].[Mg+2].[Al+3].[Si]
18,COC1=C(C=C(C=C1)C2=C(C(=O)C3=C(C(=C(C=C3O2)OC)OC)O)OC)O
19,C[C@]12CC[C@H]3[C@@H]([C@@H]1CC[C@@H]2O)CCC4=C3C=CC(=C4)O
20,C(CC(=O)C=[N+]=N)C(C(=O)O)N
21,CCN(CC)C(=O)[C@H]1CCC2[C@@]1(CCC3C2CC[C@@H]4[C@@]3(CCC(=O)N4C)C)C
22,CC(C)C(=O)N
23,[Na+].[Na+].[Cl-].[Cl-].[Cl-].[Cl-].[Pt+2]
24,[90Sr+2]
25,C1C=CN(C=C1C(=O)N)[C@H]2[C@@H]([C@@H]([C@H](O2)COP(=O)(O)OP(=O)(O)OC[C@@H]3[C@H]([C@H]([C@@H](O3)N4C=NC5=C4N=CN=C5N)O)O)O)O
26,C1COCCN1CC2=CC3=C(SC(=C3)S(=O)(=O)N)S(=O)(=O)N2C4=CC(=CC=C4)O
27,C([C@@H]1[C@@H]([C@@H]([C@H]([C@@H](O1)OC[C@@H]2[C@H]([C@@H]([C@@H]([C@@H](O2)O)O)O)O)O)O)O)O
28,CN(C)CCCN1C=C(C2=CC=CC=C21)C3=C(C(=O)NC3=O)C4=CNC5=CC=CC=C54
29,CN(CC1=CC=C(C=C1)Cl)S(=O)(=O)C2=CC=C(C=C2)S(=O)(=O)N
30,C=CC(=O)N
31,C[C@@]12CC[C@@H]3[C@@]([C@H]1CC=C4[C@]2(CC[C@@]5([C@H]4CC(CC5)(C)C)C(=O)O)C)(C[C@H]([C@@H]([C@]3(C)CO)O)O)C
32,CC(C)[C@@H](C(=O)N)NC
33,C[C@@H]1CC2=C(CCC(=O)C2)[C@@H]3C1[C@@H]4CC[C@](C4(CC3)C)(C#C)O
34,CCCCCN(CCCCC)C(=O)[C@H](CCC(=O)O)NC(=O)C1=CC(=C(C=C1)Cl)Cl
35,C(C(CO)O)O
36,C[C@H]1[C@H]([C@H]([C@@H]([C@@H](O1)O[C@@H]2[C@H]([C@@H](O[C@@H]([C@H]2O[C@H]3[C@@H]([C@H]([C@H]([C@H](O3)CO)O)O)O[C@H]4[C@H]([C@@H]([C@@H]([C@@H](O4)C)O)O)O)CO)O)NC(=O)C)O)O)O
37,[56Fe]
38,C1CCCC(CC1)NCC(=O)N2CCC[C@H]2C(=O)NCC3=CC=C(C=C3)C(=N)N
39,CCOC(=O)C1=C(N(N=C1C)C2=CC=CC=C2Cl)C
40,CCC[C@@H](C)[C@H]1CC[C@@H]2[C@@]1([C@H](C[C@H]3[C@H]2[C@@H](C[C@H]4[C@@]3(CC[C@H](C4)OCCO[C@H]5[C@@H]([C@H]([C@@H]([C@H](O5)CO)O[C@@H]6[C@@H]([C@H]([C@@H]([C@H](O6)CO)O)O)O)O)O)C)OCCO[C@H]7[C@@H]([C@H]([C@@H]([C@H](O7)CO)O)O)O)OCCO[C@H]8[C@@H]([C@H]([C@@H]([C@H](O8)CO)O)O)O)C
41,CCCCC[C@H](CC(=O)NO)C(=O)N[C@@H](C(C)C)C(=O)N1CCC[C@H]1CO
42,CCN(CC)CCNC(=O)C1=C(NC(=C1C)/C=C\2/C3=C(C=CC(=C3)Cl)NC2=O)C
43,C[C@H]1C[C@H]2[C@@H]3CCC4=CC(=O)C=C[C@@]4([C@]3(C(=O)C[C@@]2([C@]1(C(=O)CCl)O)C)F)C
44,C1C(CNC1C(=O)O)O
45,C1=NC2=C(C(=N1)N)N=CN2C3[C@@H]([C@@H]([C@H](O3)C(=O)N)O)O
46,C[C@H]1CCC2([C@@]3(CC4(C5(C([C@H](C3(C5(C2([C@@H]1O)O4)O)O)OC(=O)C6=CC=CN6)(C(C)C)O)C)O)C)O
47,C1[C@H]([C@@H]([C@H]([C@@H](O1)O[C@@H]2COC([C@@H]([C@H]2O)O)O)O)O)O
48,[102Ru]
49,[CH2]Cl
50,CN1CCCCC1CCN2C3=CC=CC=C3SC4=C2C=C(C=C4)S(=O)C
51,C1=C/C(=C\2/NC3=C(O2)C=C(C=C3)O)/C4=CC=CC(=O)C4=C1
52,CC1=C(C(=CC=C1)C)C(=O)NC2=CC(=C(C(=C2)Br)O)Br
53,C[C@H](/C=C(\C)/C=C/C(=O)NO)C(=O)C1=CC=C(C=C1)N(C)C
54,CO[C@@H]1CN(CC[C@@H]1NC(=O)C2=CC(=C(C=C2OC)N)Cl)CCCOC3=CC=C(C=C3)F
55,CN1CCN(CC1)C2=C3C=CC=CC3=NC4=C(N2)C=C(C=C4)Cl
56,C[C@@]1(C(=O)N2[C@H](C(=O)N3CCC[C@H]3[C@@]2(O1)O)CC4=CC=CC=C4)NC(=O)[C@H]5CN([C@@H]6CC7=CNC8=CC=CC(=C78)C6=C5)C
57,C[C@@H]1[C@H]([C@H](C[C@@H](O1)O[C@@H]2[C@H](O[C@H](C[C@@H]2O)O[C@@H]3[C@H](O[C@H](C[C@@H]3O)O[C@H]4CC[C@]5([C@@H](C4)CC[C@@H]6[C@@H]5C[C@H]([C@]7([C@@]6(CCC7C8=CC(=O)OC8)O)C)O)C)C)C)O)O
58,C1CN=C(N1)NC2=C(C=C(C=C2Cl)N)Cl
59,C(CC(=O)O)[C@@H](C(=O)O)N
60,CN(C)CCOC1=CC=CC=C1CC2=CC=CC=C2
61,C([C@@H]([C@H]([C@@H](C(=O)C(=O)O)O)O)O)O
62,CC(C)C[C@@](C)(C(=O)O)N
63,B1(OCCO1)OCCC[NH+]=C(N)N
64,C1=CC(=CC(=C1)C(=O)N)C2=CC=C(C=C2)[C@@H](CC3=C(C=CC(=C3)F)F)N
65,CC[C@@H]1[C@@]([C@@H]([C@H]([C@H]([C@@H](C[C@@]([C@@H]([C@H]([C@@H]([C@H](C(=O)O1)C)O[C@H]2C[C@@]([C@H]([C@@H](O2)C)O)(C)OC)C)O[C@H]3[C@@H]([C@H](C[C@H](O3)C)N(C)C)O)(C)O)C)N)C)O)(C)O
66,CC[C@@H](CO)NC(=O)[C@H]1CN([C@@H]2CC3=CNC4=CC=CC(=C34)C2=C1)C
67,CCCCCCCCCCCCC/C=C/[C@H]([C@H](CO[C@H]1[C@@H]([C@H]([C@H]([C@H](O1)CO)O)OS(=O)(=O)O)O)NC(=O)CCCCCCCCCCCCC/C=C\CCCCCCCC)O
68,OP(=O)(O)OP(=O)(O)OP(=O)(O)O
69,CC1=C(C=C(C=C1)C(=O)NC2=CC(=CC(=C2)N3C=C(N=C3)C)C(F)(F)F)NC4=NC=CC(=N4)C5=CN=CC=C5
70,C1CNC[C@H]([C@@H]1C2=CC=C(C=C2)F)COC3=CC4=C(C=C3)OCO4
71,[B-]
72,CCCC/C=C\CCCCCCCCCC=O
73,C1CN(CCC1N2C3=CC=CC=C3NC2=O)CCCC(C4=CC=C(C=C4)F)C5=CC=C(C=C5)F
74,C[C@H](CCC(=O)O)[C@H]1CC[C@@H]2[C@@]1(CC[C@H]3[C@H]2[C@H]([C@@H]([C@H]4[C@@]3(CC[C@H](C4)O)C)O)O)C
75,C1CN(CCC12C(=O)NCN2C3=CC=CC=C3)CCCC(C4=CC=C(C=C4)F)C5=CC=C(C=C5)F
76,C(CC(=O)[O-])C(=O)[O-].[Na+].[Na+]
77,CC1=C(C(CCC1)(C)C)/C=C/C(=C/C=C/C(=C/C(=O)O)/C)/C
78,C1CC(=O)OC1
79,CCN1C2=NC(=NC=C2N=C1NC3=CC=CC=C3Cl)NC4=C(C=CC=C4F)F
80,C([C@@H](C(=O)O)N)SO
81,[Mg+2]
82,C1=CC=C2C(=C1)C=CC3=C2N=CC=C3
83,CCNC(=O)N(CCCN(C)C)C(=O)[C@@H]1C[C@H]2[C@@H](CC3=CNC4=CC=CC2=C34)N(C1)CC=C
84,C1=C(N=C(S1)C2C(C(C(O2)COP(=O)(CP(=O)(O)OCC3C(C(C(O3)N4C=NC5=C4N=CN=C5N)O)O)O)O)O)C(=O)N.N
85,CC12CCC3C(C1CCC2OC(=O)CCC4CCCC4)CCC5=CC(=O)CCC35C
86,C1CCCCC1
87,C1CCC(CC1)COC2=NC3=NC=NN3C(=C2)NC4=CC=C(C=C4)S(=O)(=O)N
88,C1=CN(C(=O)NC1=O)[C@H]2[C@@H]([C@@H]([C@H](O2)COP(=O)(O)OP(=O)(O)O[C@@H]3[C@H]([C@H]([C@@H]([C@H](O3)CO)O)O)O)O)O
89,CCCCCC(=O)OCC(COP(=O)([O-])OCC[N+](C)(C)C)OC(=O)CCCCC
90,[16OH2]
91,CCCCC/C=C\CC(=O)C(CCCCCCCC(=O)[O-])O
92,C1=NC2=C(C(=N1)N)N=CN2[C@H]3[C@@H]([C@@H]([C@H](O3)COP(=O)(O)OP(=O)(O)OP(=O)(O)OP(=O)(O)OC[C@@H]4[C@H]([C@H]([C@@H](O4)N5C=NC6=C5N=CN=C6N)O)O)O)O
93,CCN(CC)CCNC(=O)C1=C(NC(=C1C)/C=C\2/C3=C(C=CC(=C3)F)NC2=O)C
94,[141Ce]
95,COC1=CC(=CC(=C1OC)OC)[C@H]2[C@H]3[C@H](CC4=CC5=C(C=C24)OCO5)COC3=O
96,C1CCC(C1)N(CCO)[C@@H](CNC(=O)C2=CC3=C(N2)C=CC(=C3)Cl)O
97,CC1=CC(=CC(=C1CC2=CC(=C(C=C2)O)C(C)C)C)OCC(=O)O
98,C(CCCCC/C=C/C=C/C=C/C=C/C(=O)O)CCCCCO
99,C[C@]12CCC3C(C1CC[C@]2(C#C)O)CCC4=CC(=C(C=C34)O)O
100,C[C@@H](C(=O)N1CCOCC1)N2CC[C@@H](C2=O)NS(=O)(=O)CCC3=CC=C(S3)Cl
101,C(C(C(=O)O)N)C(=O)N
102,C1COCCN1C(=O)/C=C/C2=C(C(=C(C=C2)SC3=CC=CC(=C3)N)C(F)(F)F)C(F)(F)F
103,CC[C@]1(CC(C2=C([C@H]1C(=O)OC)C=C3C(=C2O)C(=O)C4=C(C3=O)C=CC=C4O)O[C@H]5C[C@@H]([C@@H]([C@@H](O5)C)O[C@H]6C[C@H]7[C@@H]([C@@H](O6)C)O[C@H]8[C@@H](O7)CC(=O)[C@@H](O8)C)N(C)C)O
104,C1=CC=C(C=C1)CC/C=C/C2=CC=CC=C2
105,CCCCCCCC/C=C\CCCCCCCC(=O)O.CCCCCCCC/C=C\CCCCCCCC(=O)O.CCCCCCCC/C=C\CCCCCCCC(=O)O.C(O)[C@@H](O)[C@@H](O)[C@H](O)[C@@H](O)CO.C(O)[C@@H](O)[C@@H](O)[C@H](O)[C@@H](O)CO
106,C[C@@H](CC(C)(C)O)O
107,C1=CC(=C(C(=C1)F)NC(=S)N2C(=NC(=N2)NC3=CC=C(C=C3)S(=O)(=O)N)N)F
108,C1=CC=C(C=C1)C2=CC=C(C=C2)S(=O)(=O)N(CCO)CC(=O)NO
109,COC1=C(C(=C(C=C1)F)F)C(=O)C2=CN=C(N=C2N)NC3CCN(CC3)S(=O)(=O)C
110,COC1=C(C=C(C=C1)C(=O)NC2=C(C=NC=C2Cl)Cl)OC3CCCC3
111,C[C@H](/C=C/[C@H](C)C(C)C)[C@H]1CC[C@@H]2[C@@]1(CC[C@H]3[C@H]2CC=C4[C@@]3(CC[C@@H](C4)O)C)C
112,CC(C)CCCC(C)C1CCC2(C1(CCC3=C2CCC4C3(CCC(C4(C)C)O)C)C)C
113,CC12CCC(=O)C=C1CCC3C2C(CC4(C3CCC4(C(=O)COC(=O)CCC(=O)O)O)C)O
114,CC(=O)N[C@@H]1[C@H]([C@H]([C@H](O[C@H]1O)CO)O)O
115,C1[C@H](O[C@](O1)(CCC2=CC=C(C=C2)Cl)CN3C=CN=C3)CSC4=CC=CC(=C4)N.Cl
116,C1C(=C(N2C(S1)C(C2=O)NC(=O)C(C3=CC=CC=C3)S(=O)(=O)[O-])C(=O)[O-])C[N+]4=CC=C(C=C4)C(=O)N
117,CC(=O)[CH2]
118,CC1=CN=C2N1C=CN=C2NCC3=CC=NC=C3
119,C1=CC=C(C=C1)NC(=O)CCCCCCC(=O)NO
120,C1=CC=C2C(=C1)C(=CN2)CC(=O)N
121,C1=CC=C(C(=C1)C(=O)NC2=CC=C(C=C2)O)O
122,CC(=CCC1=C(OC2=C3C=CC(OC3=CC(=C2C1=O)O)(C)C)C4=C(C=C(C=C4)O)O)C
123,CCOC1=CC2=C(C=C1)N=C(S2)S(=O)(=O)N
124,CC1=NC=C(C(=C1O)CN)COP(=O)(O)O
125,CN1CC[C@]23[C@@H]4[C@H]1CC5=C2C(=C(C=C5)O)O[C@H]3C(=O)CC4
126,C([C@@H]1[C@H]([C@@H]([C@H]([C@@H](O1)O[C@H]2[C@@H]([C@@H]([C@H](O[C@@H]2[C@H](CO)O)O)O)O[C@@H]3[C@H]([C@H]([C@@H]([C@H](O3)[C@H](CO)O)O)O)O[C@@H]4[C@H]([C@H]([C@@H]([C@H](O4)[C@H](CO)O)O)O)O)O)O)O)O
127,C/C(=C\CCC1[C@]2(CCCC(C2CC[C@@]1(C)O)(C)C)C)/CC[C@@H]3C(=C)CCCC3(C)C
128,C[C@]12CC[C@H]3[C@H]([C@@H]1CC[C@]2(C#C)O)CCC4=C3CCC(=O)C4
129,CS(=O)C
130,C([C@@H](C(=O)O)N)OP(=O)(O)O
131,CC(C)C1=NC2=C(N1)C(=NC(=N2)N)OCC3CCCCC3
132,C1=NC2=C(C(=N1)N)N=CN2[C@H]3[C@@H]([C@@H]([C@H](O3)COP(=O)(O)O[C@@H]4[C@H](O[C@H]([C@@H]4O)N5C=NC6=C5N=CN=C6N)COP(=O)(O)O[C@@H]7[C@H](O[C@H]([C@@H]7O)N8C=NC9=C8N=CN=C9N)CO)O)O
133,C1=NC2=C(C(=N1)N)N=CN2[C@H]3C([C@H]([C@H](O3)CO)O)O
134,CC(=O)CO
135,CC(C)(C)OC(=O)NC1=C(N=CC=C1)C(=O)NC2=NC=CS2
136,[214Pb]
137,CC1(C(=O)NC2=C(O1)C=CC(=N2)NC3=NC(=NC=C3F)NC4=CC(=C(C(=C4)OC)OC)OC)C
138,C1CN(CCN1CCOCCO)C2=NC3=CC=CC=C3SC4=CC=CC=C42
139,C1CC(=C[NH+]([C@H]1O)[C@H]2[C@@H]([C@@H]([C@H](O2)COP(=O)(O)OP(=O)(O)OC[C@@H]3[C@H]([C@H]([C@@H](O3)N4C=NC5=C4N=CN=C5N)O)O)O)O)C(=O)N
140,C1CN(C[C@H](N1)C(=O)NCCCS)CC2=CC=C(C=C2)F
141,C1=CC(=CC=C1N)[As](=O)(O)O
142,C[S+](C)CCC(C(=O)O)N
143,CC1=C(N=CN1)CSCCNC(=NC)NC#N
144,CC(CCC(C)O)O
145,[Fe]
146,C([C@@H]1[C@H]([C@H]([C@@H](O1)O[C@H]2[C@@H]([C@@H]([C@H](O2)COP(=O)(O)O)O)O)O)O)O
147,[Na+].[Na+].[S-2]
148,[C@@H]1([C@@H]([C@H]([C@H]2[C@@H]([C@@H]1O)O2)O)O)O
149,CC1=C(C2=CC3=NC(=CC4=C(C(=C([N-]4)C=C5C(=C(C(=N5)C=C1[N-]2)C)C)C)CCC(=O)O)C(=C3C)CCC(=O)O)C.[Fe+2]
150,COC(C(C=O)O)C(C(CO)O)O
151,CCCCCCCCCCCCCCCCOCC(COP(=O)([O-])OCC[N+](C)(C)C)OC(=O)NC
152,[2H]C([2H])([2H])C([2H])([2H])C([2H])([2H])C([2H])([2H])C([2H])([2H])C([2H])([2H])C([2H])([2H])C([2H])([2H])C([2H])([2H])C([2H])([2H])C([2H])([2H])C([2H])([2H])OS(=O)(=O)O
153,CC(=O)C1=CCC[C@H]2CCC1N2
154,C[N+]1(C2CC(CC1[C@@H]3[C@H]2O3)OC(=O)[C@H](CO)C4=CC=CC=C4)C.[N+](=O)([O-])[O-]
155,C[C@H](CCCC(C)C)[C@H]1CC[C@@H]2[C@@]1(CC[C@H]3C2=CC=C4[C@@]3(CC[C@@H](C4)O)C)C
156,C[C@@H]1[C@H]([C@H](C[C@@H](O1)O[C@@H]2[C@H](O[C@H](C[C@@H]2O)O[C@@H]3[C@H](O[C@H](C[C@@H]3O)O[C@H]4CC[C@]5([C@@H](C4)CCC6C5CC[C@]7([C@@]6(CC[C@@H]7C8=CC(=O)OC8)O)C)C)C)C)O)O
157,CCCCCCCC/C=C\CCCCCCCCCCCCCC(=O)O
158,C[C@@H]1[C@H]([C@@H]([C@@H]([C@H](O1)OP(=O)(O)OP(=O)(O)OC[C@@H]2[C@H]([C@H]([C@@H](O2)N3C=NC4=C3NC(=NC4=O)N)O)O)O)O)O
159,C[C@H]1CNCCCN1S(=O)(=O)C2=CC=CC3=CN=CC(=C32)C
160,CCCCCC(=O)CC[C@H]1[C@@H](C[C@@H]([C@@H]1C/C=C\CCCC(=O)O)O)O
161,CO[P+](=O)OC
162,CC1=CC=CC=C1C2=NC3=C(C=NN3C(=C2)NCC4=C[N+](=CC=C4)[O-])Br
163,C1=CC=C2C(=C1)C(=NO2)CS(=O)(=O)N
164,C1C[C@H](C2=C(C1)SC3=C2C(=O)NC(=N3)C(=O)NCC4=CC5=C(C=C4)OCC(=O)N5)CC(=O)N
165,CCN1CCCC1CNC(=O)C2=C(C=CC(=C2)S(=O)(=O)N)OC
166,CC(CN)C(=O)O
167,CN(C)CCC=C1C2=CC=CC=C2CCC3=CC=CC=C31
168,C([C@@H]1[C@H]([C@@H]([C@H]([C@@H](O1)OC[C@@H]2[C@H]([C@@H]([C@H]([C@@H](O2)O)O)O)O)O)O)O)O
169,CNS(=O)(=O)C1=CC=C(C=C1)NC2=NC=C(C(=N2)N[C@@H]3CCC[C@H]3N(C)C)C(F)(F)F
170,C([C@@H]1[C@@H]([C@@H]([C@H](C(O1)OC[C@H]([C@@H]([C@@H]([C@H](C=O)O)O)O)O)O)O)O)O
171,C1=CC2=C(/C(=C/3\C4=C(C=C(C=C4)Br)NC3=O)/N=C2C=C1)NO
172,C(CS)O
173,C1=C2C3=C(C(=C1O)O)OC(=O)C4=CC(=C(C(=C43)OC2=O)O)O
174,[56Ni]
175,CC[Hg]SC1=CC=CC=C1C(=O)O
176,C([C@@H](C(=O)O)N)SS
177,C1[C@@H]([C@H]1[C@](CC2C3=CC=CC=C3OC4=CC=CC=C24)(C(=O)O)N)C(=O)O
178,CN1C2=NC(=NC=C2C=C(C1=O)C3=C(C=CC=C3Cl)Cl)NC4=CC=CC(=C4)CO
179,CCCC(C)(C1C[C@@]23C=CC1(C4[C@@]25CCN([C@@H]3CC6=C5C(=C(C=C6)O)O4)C)OC)O
180,CN1CCN(CC1)C2=NC3=CC=CC=C3OC4=C2C=C(C=C4)Cl
181,COC1=CC=C(C=C1)O
182,CC(C)C(=O)C(=O)O
183,CN(C)CCCN1C2=CC=CC=C2CCC3=C1C=C(C=C3)Cl
184,CCCSC1=NC2=C(C(=N1)N)N=CN2[C@H]3[C@@H]([C@@H]([C@H](O3)COP(=O)([O-])OP(=O)(C(P(=O)([O-])[O-])(Cl)Cl)[O-])O)O.[Na+].[Na+].[Na+].[Na+]
185,CN1CCN(CC1)[C@@H]2CN3C=CC=C3SC4=C2C=C(C=C4)Cl.Cl.Cl
186,C([C@H]([C@H](C=O)O)O)O
187,C1[C@H](NC(=O)NC1=O)C(=O)O
188,C1=C2C(=CC(=C1Cl)S(=O)(=O)N)S(=O)(=O)N[C@@H](N2)C(Cl)Cl
189,C1CC1C2=CC(=NN2)NC(=O)CC3=CC4=CC=CC=C4C=C3
190,COC1=C(C=C(C=C1)CCN)OC
191,C1CCC(CC1)(C2=CC=CC=C2)N3CCCCC3
192,CCCCN1C(=NC2=C1N=CN=C2N)CC3=CC=C(C=C3)OC
193,CC(C)(C(=O)O)N
194,C([C@H]([C@@H](CS)O)O)S
195,C1=C(C(=O)NC(=O)N1)F
196,S.[As]
197,CC(C(=O)O)(Cl)Cl
198,CC1([C@@H](N[C@H](S1)[C@@H](C(=O)O)NC(=O)COC2=CC=CC=C2)C(=O)O)C
199,CNCCCC1C2=CC=CC=C2C=CC3=CC=CC=C13
200,C([C@@H]1[C@H]([C@@H]([C@@H]([C@H](O1)O[C@H]2[C@H]([C@@H]([C@H](OC2O)CO)O)O)O)O)O)O
201,CC(C)CC([13C](=O)O)N
202,C([C@H]([C@H]([C@@H]([C@H](C=O)[18F])O)O)O)O
203,C[C@H]1C=CC2=CCC[C@@H]([C@@H]2[C@H]1CC[C@H]3C[C@H](CC(=O)O3)O)O
204,C(CC(=O)N[C@@H](CS)C(=O)NCC(=O)O)[C@@H](C(=O)O)N
205,CC1([C@H]2C[C@H]3[C@@H](C(=O)/C(=C(\N)/O)/C(=O)[C@]3(C(=O)C2=C(C4=C1C=CC=C4O)O)O)N(C)C)O
206,C[C@@H](C1=CC=CN1)C2=C3C=C(C=CC3=NC2=O)O
207,C[C@H](CCCC(C)C)[C@H]1CC[C@@]2([C@@]1(CCC3=C2CC[C@@H]4[C@@]3(CC[C@@H](C4(C)C)O)C)C)C
208,[C@H]([C@@H](C(=O)O)O)(C(=O)O)O
209,C[C@H](CCC[C@@H](C)C(=O)O)[C@H]1CC[C@@H]2[C@@]1(CC[C@H]3[C@H]2CCC4=CC(=O)CC[C@]34C)C
210,[O-2].[O-2].[O-2].[O-2].[Co+2].[Co+3].[Co+3]
211,C1COC1=O
212,CC(=CCC/C(=C/CC/C(=C/COP(=O)(O)OP(=O)(O)O)/C)/C)C
213,CC1C(C2(C(C2(C)C)C3C1(C4C=C(C(=O)C4(CC(=C3)CO)O)C)O)O)O
214,[O-]S(=O)(=O)[O-].[Fe+2]
215,CC1(C2CCC1(C(=O)C2=O)C)C
216,CC(=O)[O-].CC(=O)[O-].[Ca+2]
217,C[C@@H]1[C@@H]([C@@H]([C@H]([C@@H](O1)O[C@H]2CC[C@]3([C@H]([C@]2(C)CO)CC[C@@]4([C@@H]3C=C[C@@]56[C@]4(C[C@H]([C@@]7([C@H]5CC(CC7)(C)C)CO6)O)C)C)C)O)O[C@H]8[C@@H]([C@H]([C@@H]([C@H](O8)CO)O)O)O)O
218,CN(C)CCCN1C2=CC=CC=C2SC3=C1C=C(C=C3)Cl
219,C1=CC=C(C=C1)NCC2=CN=CC=C2
220,C1(=C(C(=C(C(=C1Br)Br)Br)Br)Br)O
221,C1=NC2=C(C(=N1)N)N=CN2[C@H]3[C@H]([C@@H]([C@H](O3)CO)O)O
222,C1=CC=C(C=C1)S(=O)(=O)NC2=NN=C(S2)S(=O)(=O)N
223,C([C@@H]1[C@@H]2[C@@H]([C@H]([C@H](O1)O[C@@H]3[C@H](O[C@@H]([C@@H]([C@H]3O)O)O[C@@H]4[C@H](O[C@@H]([C@@H]([C@H]4O)O)O[C@@H]5[C@H](O[C@@H]([C@@H]([C@H]5O)O)O[C@@H]6[C@H](O[C@@H]([C@@H](C6O)O)O[C@@H]7[C@H](O[C@@H]([C@@H]([C@H]7O)O)O[C@@H]8[C@H](O[C@H](O2)[C@@H]([C@H]8O)O)CO)CO)CO)CO)CO)CO)O)O)O
224,C[N+](C)(C)C[C@@H](CC(=O)[O-])O
225,C[C@H](C(=O)O)[C@](CC(=O)O)(C(=O)O)O
226,C1[C@@H]([C@H](O[C@H]1N2C=C(C(=O)NC2=O)F)CO)O
227,CCCCN1C2=C(C(=O)N(C1=O)CC=C)NC(=N2)CC3=CC=C(C=C3)NC(=O)C
228,C1=CC=C(C=C1)C[C@@H](C(=O)O)N
229,C([C@@H]1[C@H]([C@@H]([C@H]([C@@H](O1)O[C@H]2[C@H](O[C@H]([C@@H]([C@H]2O)O)O[C@@H]3[C@H](O[C@@H]([C@@H]([C@H]3O)O)O)CO)CO)O)O)O)O
230,CC[C@@H]1[C@@]([C@@H]([C@H](C(=O)[C@@H](C[C@@]([C@@H]([C@H]([C@@H]([C@H](C(=O)O1)C)O[C@H]2C[C@@]([C@H]([C@@H](O2)C)O)(C)OC)C)O[C@H]3[C@@H]([C@H](C[C@H](O3)C)N(C)C)O)(C)OC)C)C)O)(C)O
231,C[C@]12CCC3C(C1CCC2=O)CCC4=C3C=CC(=C4)OS(=O)(=O)O
232,C1[C@@H]([C@H]([C@@H]([C@@H](N1)CO)O)O)O
233,C1=CC=C(C=C1)C[C@H](CS)C(=O)NCC(=O)O
234,CCCCCCCCCCCCC/C=C/C(C(CO)N(C)C)O
235,C1[C@H]2[C@@H]([C@@H](S1)CCCCC(=O)O)NC(=O)N2
236,C(CC(=O)C(=O)O)CC(=O)O
237,C1CC1C(=O)O
238,C/C=C(\C)/CC/C=C(\C)/CC/C=C(\C)/CCC=C(C)C
239,[45Ca+2]
240,C1=C2C(=NC=N1)N(C=N2)C3C(C(C(O3)CO)O)O
241,COC1C(OC(C(C1O)O)OC2C(OC(C(C2O)O)OC)CO)CO
242,C1=CC2=NC=CN=C2C=C1/C=C\3/C(=O)NC(=O)S3
243,C1=CC(=C(C(=C1)CC(=O)O)N)C(=O)C2=CC=C(C=C2)Br
244,CCCCCCCCCCCCCCC(=O)OC[C@H](COP(=O)(O)OCC[N+](C)(C)C)OC(=O)CCCCCCCCC
245,C(CN)C(=O)O
246,CC(=O)C(=O)O
247,CC1=C(C=CC(=C1)C2=CSC(=N2)NC3=CC(=C(C=C3)C(=O)O)O)F
248,COCC1=C2C(=CC(=C1)O)[C@@H]3CC(C[C@@H]3[C@@H](O2)C4=CC=C(C=C4)O)(F)F
249,C1=C(C=C(C(=C1Cl)N)F)S(=O)(=O)NC2=NN=C(S2)S(=O)(=O)N
250,C(CC(C(=O)O)N)CO
251,C[C@]12CC[C@@H]([C@@]([C@@H]1CC[C@@]3([C@@H]2CC=C4[C@]3(CC[C@@]5([C@H]4CC(CC5)(C)C)C(=O)O)C)C)(C)CO)O
252,[C@@H]1([C@@H]([C@H](C([C@@H]1O)N)O)O)O
253,C[C@H]1[C@H]([C@H](C[C@@H](O1)O[C@H]2C[C@@](CC3=C(C4=C(C(=C23)O)C(=O)C5=C(C4=O)C=CC=C5OC)O)(C(=O)CO)O)N6CCO[C@@H](C6)OC)O
254,CC1=C(C(=O)C(=C(C1=O)N2CC2)CO)N3CC3
255,CN1C2=C(C(=O)N(C1=O)C)NC=N2
256,CC(=O)OCC(=O)[C@]1(CC[C@@H]2[C@@]1(C[C@@H]([C@]3([C@H]2C[C@H](C4=CC(=O)C(=C[C@@]43C)Br)F)F)O)C)OC(=O)C
257,CCOCCOCCOCCOCCOCCOCCOCCOCCO
258,C(C(=O)[O-])C(CC(=O)[O-])(C(=O)[O-])O.[67Ga+3]
259,CC1C(C(C(C(O1)O[C@@H]2[C@H](C3=C(C4=C(C(=C(C=C24)C)C(=O)NC(C)C(=O)O)OC)C(=C5C(=C3)C(=O)C6=C(C(=C(C=C6C5=O)OC)C)O)O)O)O)OC7C(C(C(CO7)O)O)O)N(C)C
260,C([C@@H]([C@@H]1[C@@H]([C@@H](C(=O)O1)O)O)O)O
261,C1COCCO1
262,C[C@@H]1CC2C(C[C@]3(C(O2)CC4C(O3)C(=CC(=O)O4)C)C)OC5C1OC6CC7[C@](CC8[C@](O7)(C/C=C\C9C(O8)CC1C(O9)CC2[C@@](O1)(C(CC(O2)CC(=C)C=O)O)C)C)(O[C@@]6(CC5)C)C
263,C(CCO)CO
264,CC(=O)OCC(=O)[C@]1(CC[C@@H]2[C@@]1(C[C@@H]([C@]3([C@H]2CCC4=CC(=O)C=C[C@@]43C)F)O)C)O
265,CC(C)C[C@H](C(=O)N[C@H](CCC1=CC=CC=C1)/C=C/S(=O)(=O)C2=CC=CC=C2)NC(=O)N3CCOCC3
266,C1=C(N=C([Se]1)[C@H]2[C@@H]([C@@H]([C@H](O2)COP(=O)(O)OP(=O)(O)OC[C@@H]3[C@H]([C@H]([C@@H](O3)N4C=NC5=C4N=CN=C5N)O)O)O)O)C(=O)N
267,COC(=O)CN
268,CCC=CCC=CCC=CCC=CC=CC(CCCC(=O)O)O
269,CN(CCCNN)C[C@@H]1[C@H]([C@H]([C@@H](O1)N2C=NC3=C2N=CN=C3N)O)O
270,C1=CC=C(C(=C1)/C=N/OCCC(=O)O)C(F)(F)F
271,CCOCCO
272,[O-2].[O-2].[O-2].[O-2].[O-2].[Al+3].[Al+3].[Ca+2].[Ca+2]
273,C[C@@H]1CC[C@@]2(CC[C@@]3(C(=CC[C@H]4[C@]3(CC[C@@H]5[C@@]4(CC[C@@H](C5(C)C)O)C)C)[C@@H]2[C@H]1C)C)C
274,CC(C)C[C@H]([C@H](CSC1=CC=CS1)C(=O)NO)C(=O)N[C@@H](CC2=CC=CC=C2)C(=O)NC
275,CC(C)(C)C1CCC(CC1)CC2=C(C3=CC=CC=C3C(=O)C2=O)O
276,C(COCCOCCO)O
277,CCCCCC(C(/C=C/C=C/C=C/C=C/C(CCCC(=O)O)O)O)O
278,CC1=C(SC(=N1)C)C2=NC(=NC=C2)N
279,COC1=C(C2=C[N+]3=C(C=C2C=C1)C4=CC5=C(C=C4CC3)OCO5)OC
280,CCCC1=N[C@@H]2[C@H]([C@@H]([C@H](O[C@@H]2S1)CO)O)O
281,CN(C)CCCN1C2=CC=CC=C2SC3=CC=CC=C31
282,CC1=CC(=[N+](C(=C1)C)CCC2=CC=C(C=C2)S(=O)(=O)N)C
283,C1=NC(=C(N1[C@H]2[C@@H]([C@@H]([C@H](O2)COP(=O)(O)O)O)O)N)C(=O)N
284,C1=CC(=CC=C1[N+](=O)[O-])O
285,C[C@@H]1CC[C@@]2(CC[C@@]3(C(=CC[C@H]4[C@]3(CC[C@@H]5[C@@]4(CC[C@@H](C5(C)C)O)C)C)[C@@H]2[C@H]1C)C)CO
286,CC1=CC=CC2=CC=CC=C12
287,[7Li]
288,C(CNC(=O)N)C(=O)O
289,CC(C)(C)O.[K+]
290,[132IH]
291,CCCCCCCCCCCCCCCC(=O)SCCNC(=O)CCNC(=O)[C@@H](C(C)(C)COP(=O)(O)OP(=O)(O)OC[C@@H]1[C@H]([C@H]([C@@H](O1)N2C=NC3=C2N=CN=C3N)O)OP(=O)(O)O)O
292,C1=CC(=CC=C1OCC(CO)O)Cl
293,CN1CC[C@]23C4C(=O)CC[C@]2([C@H]1CC5=C3C(=C(C=C5)OC)O4)O.Cl
294,C1=CC=C2C(=C1)C(=CN2)C[C@@H](C(=O)N)N
295,CC1CC2=CC=CC=C2N1NC(=O)C3=CC(=C(C=C3)Cl)S(=O)(=O)N
296,CN(C)C[C@H](COC1=CC=C(C=C1)NC2=CC(=NC=N2)NC3=C(C=CC=C3F)F)O
297,C([C@@H]1[C@H]([C@@H]([C@@H]([C@H](O1)O[C@H]2[C@@H]([C@H](O[C@@H]([C@H]2O[C@@H]3[C@H]([C@H]([C@@H]([C@H](O3)CO)O)O)O)O[C@@H]4[C@H]([C@H]([C@@H]([C@H](O4)CO)O)O)O)CO)O)O)O)O)O
298,CCS(=O)(=O)NC1=C(C(=C(C=C1)F)C(=O)C2=CNC3=NC=C(C=C23)C4=CN=CC=C4)F
299,C1=CC(=CC=C1COC(CN2C=CN=C2)C3=C(C=C(C=C3)Cl)Cl)Cl
300,COC1=C(C=C(C=C1)/C=C/C2=CC(=CC(=C2)O)O)O
301,C#CCC(C(=O)O)N
302,CC(=O)OC1=CC=CC(=C1)O
303,[45K]
304,C(C(=O)[O-])C(CC(=O)[O-])(C(=O)O)O.[Mg+2]
305,C1=CC(=CC=C1C2=CC(=O)C3=C(C(=C(C=C3O2)O[C@H]4[C@@H]([C@H]([C@@H]([C@H](O4)C(=O)O)O)O)O)O)O)O
306,C1=CC=C(C=C1)C2=C(NC3=C2C=C(C=C3)S(=O)(=O)N)C(=O)NN
307,CNC(=O)C1=CC=CC=C1NC2=NC(=NC=C2Cl)NC3=C(C=C(C=C3)N4CCOCC4)OC
308,C1CCC(CC1)COC2=NC(=NC3=C2NC=N3)NC4=CC=C(C=C4)S(=O)(=O)N
309,CCOC(=O)C1=C(NN=C1C)C
310,C[C@@H]1CC2([C@@H]3[C@@](O3)(C(O2)O)C)O[C@@H]4[C@H]1[C@]5(CC[C@@]67C[C@@]68CCC(C([C@@H]8CC[C@H]7[C@@]5(C4)C)(C)C)O[C@H]9[C@@H]([C@H]([C@@H](CO9)O)O)O)C
311,C[C@H]1CC[C@@H]2[C@H]([C@H]3[C@@H](N2C1)C[C@@H]4[C@@]3(CC[C@H]5[C@H]4CC=C6[C@@]5(CC[C@@H](C6)O)C)C)C
312,CC[C@@H](/C=C/[C@@H](C)[C@H]1CC[C@@H]2[C@@]1(CC[C@H]3[C@H]2CC=C4[C@@]3(CC[C@@H](C4)O)C)C)C(C)C
313,[Na+].[Ag+]
314,CN(C)CCCN1C2=CC=CC=C2SC3=C1C=C(C=C3)C(F)(F)F
315,C1=CC(=S)NC=C1
316,C(CCC(=O)O)CCN
317,CCCCCC(=O)CC[C@@H]1[C@H]([C@H](CC1=O)O)C/C=C\CCCC(=O)O
318,CCCCCCCCCCCCOC1C(C(C(C(O1)CO)OC2C(C(C(C(O2)CO)O)O)O)O)O
319,CC(=O)O[C@@H]1C[C@]2([C@@H](CCC2=O)C3=C1[C@]4([C@H](OC(=O)C5=COC(=C54)C3=O)COC)C)C
320,CC(CCC(=O)[O-])C1CCC2[C@@]1([C@H](CC3C2[C@@H](CC4[C@@]3(CC[C@H](C4)O)C)O)O)C.[Na+]
321,CCC(=O)OCC(CCO[C@H]1[C@@H]([C@H]([C@@H]([C@H](O1)CO)O)O)O)(O)O
322,CC(=O)[C@]1(CC[C@@H]2C1(CC[C@H]3C2CCC4=CC(=O)CCC34C)C)OC(=O)C
323,C([C@@H]1[C@H]([C@H]([C@H](O1)OP(=O)(O)OP(=O)(O)O)O)O)OP(=O)(O)O
324,C([C@@H](C(=O)O)N)S(=O)(=O)O
325,CC(C(=O)N)O
326,CNC(=O)C[C@@H]1[C@H]([C@H]([C@@H](O1)N2C=NC3=C2N=CN=C3NCC4=CC(=CC=C4)I)O)O
327,C[N+](C)(C)CCOP(=O)(O)OC[C@@H](COC(=O)CCCCCCCCCCCOC)OC(=O)CCCCCCCCCCCOC
328,C[C@]12CC[C@H]3[C@H]([C@@H]1CC[C@@H]2O)CCC4=C3C=CC(=C4)O
329,COC1=C(C=C2C(=C1)C(=NC(=N2)N3CCN(CC3)C(=O)C4=CC=CO4)N)OC
330,CCN(CC)C(=O)N[C@@H]1CN([C@@H]2CC3=CNC4=CC=CC(=C34)C2=C1)C
331,CC(C)C(=O)O[C@H]1CC[C@@H]2[C@@]1(CC[C@H]3[C@H]2CCC4=CC(=O)CC[C@]34C)C
332,CC(=CC(=O)O)C
333,CC[C@H]([C@@H]1[C@H](C[C@H]([C@@]2(O1)C=C[C@H]([C@]3(O2)CC[C@@](O3)(C)[C@H]4CC[C@@]([C@@H](O4)C)(CC)O)O)C)C)C(=O)[C@@H](C)[C@H]([C@H](C)[C@H]5[C@H](CCC(O5)[C@@H](CC)C(=O)O)C)O
334,CCCCCCCCCCOC[C@@H](COCC(F)(F)F)OP(=O)(O)OC
335,CCC(=O)N
336,CCCCC[C@@H](/C=C/[C@H]1[C@@H](C[C@@H]([C@@H]1CC(=O)CCCCC(=O)O)O)O)O
337,CCCCCCCCCCCCCCCCCC(=O)O.CC[C@@H]1[C@@]([C@@H]([C@H](C(=O)[C@@H](C[C@@]([C@@H]([C@H]([C@@H]([C@H](C(=O)O1)C)O[C@H]2C[C@@]([C@H]([C@@H](O2)C)O)(C)OC)C)O[C@H]3[C@@H]([C@H](C[C@H](O3)C)N(C)C)O)(C)O)C)C)O)(C)O
338,C1C(O1)COCC2CO2
339,CCCCC(CC)C(=O)O
340,[80Se]
341,C1=CC(=CC=C1C2=C(C(=O)C3=C(C=C(C=C3O2)O)O)O)O
342,C(C(C(C(C(=O)CO)O)O)O)O
343,O.O.O.O.[Mo]
344,C1=CC2=C(C=C(S2)C(=[NH2+])N)C(=C1)I
345,COC1=CC=CC=C1N2C(=NC3=C(C2=O)C(=CC=C3)Cl)CSC4=NC=NC5=C4NC=N5
346,C([C@H]([C@H]([C@@H]([C@@H]([13CH]=O)[15NH2])O)O)O)O
347,C[C@H]1[C@@H]([C@H]([C@H]([C@@H](O1)OC[C@@H]2[C@H]([C@@H]([C@H]([C@@H](O2)OC3=CC(=C4C(=C3)OC(=CC4=O)C5=CC=C(C=C5)OC)O)O)O)O)O)O)O
348,B#N
349,CCCN1C[C@@H](C[C@H]2[C@H]1CC3=CNC4=CC=CC2=C34)CSC
350,CC(CCC1=CC=CC=C1)NCC(C2=CC(=C(C=C2)O)C(=O)N)O
351,CC(C)NCC(COC1=CC=C(C=C1)CCC(=O)OC)O
352,CN1C(=CC(=N1)C2=CC=CC=C2)NS(=O)(=O)O
353,CC(=O)N[C@@H]1[C@H](C=C(O[C@H]1[C@@H]([C@@H](CO)O)O)C(=O)O)N=C(N)N
354,CCCC(CCO)S
355,C/C(=C\C=C\C=C(/C)\C=C\C=C(\C)/C=C/C(=O)OC)/C=C/C=C(\C)/C=C/C(=O)O
356,C[C@@H]([C@H]1CC[C@@H]2[C@@]1(CC[C@H]3[C@H]2CCC4=CC(=O)CC[C@]34C)C)O
357,C[C@]12CCC(=O)C=C1CC[C@@H]3[C@@H]2C(C[C@]4([C@H]3CCC4=O)C)O
358,C=CCN(C1CCCCC1)C2=NC=NC3=C2N=CN3[C@H]4[C@@H]([C@@H]([C@H](O4)CO)O)O
359,C1=CC(=C[N+](=C1)[C@H]2[C@@H]([C@@H]([C@H](O2)COP(=O)([O-])OP(=O)(O)OC[C@@H]3[C@H]([C@H]([C@@H](O3)N4C=NC5=C4N=CN=C5N)OP(=O)(O)O)O)O)O)C(=O)O
360,C(C(=O)[O-])F.[Na+]
361,CCCCCCCCCCCC/C=C/[C@H]([C@H](CO)N)O
362,C([C@H]([C@H]([C@H]([C@@H](C=O)O)O)O)O)O
363,CP(=O)[O-]
364,C([C@@H]1[C@H]([C@@H]([C@H]([C@@H](O1)O[C@@H]2[C@H](O[C@H]([C@@H]([C@H]2O)O)O[C@@H]3[C@H](O[C@H]([C@@H]([C@H]3O)O)O[C@@H]4[C@H](O[C@H]([C@@H]([C@H]4O)O)O[C@@H]5[C@H](O[C@H]([C@@H]([C@H]5O)O)O)CO)CO)CO)CO)O)O)O)O
365,CC(C(C1=CC=C(C=C1)O)O)NC
366,COC1=C(C=C(C=C1)C2=NN(C3=C2C(=NC=N3)N)C4CCC4)OC
367,COC1=CC=C(C=C1)C(=O)C2=C(N=C(S2)NC3=CC=C(C=C3)OC)N
368,C[C@H](C[C@@H](C(=O)O)N)C(=O)O
369,C1=CC(=CC=C1C[C@@H](C(=O)NS(=O)(=O)OC[C@@H]2[C@H]([C@H]([C@@H](O2)N3C=NC4=C3N=CN=C4N)O)O)N)O
370,C1=C(N=C2C(=N1)NC(=NC2=O)N)C(C(CO)O)O
371,O.[Hg].[Hg]
372,CCCCCCCCCCCCNCC(C(C(C(CO)O)OC1C(C(C(C(O1)CO)O)O)O)O)O
373,C(CCCO)CCO
374,CCCCOC1=C(C=CC(=C1)C[C@@H]2CNC(=O)N2)OC
375,C=CCC(=O)O
376,CS(=O)(=O)N1CCC(CC1)[C@H]2C3=C(C=C(C=C3)Cl)C(=CC4=C2N=CC=C4)N5CCNCC5
377,C1[C@@H]([C@H]([C@@H]([C@H](N1CCO)CO)O)O)O
378,CCCCCCCC/C=C/CCCCCCCC(=O)OCC(COP(=O)(O)OCCO)OC(=O)CCCCCCC/C=C/CCCCCCCC
379,CCCCCCCCOC1C(C(C(C(O1)CO)O)O)O
380,CCCN1C(=NC(=C1C2=NC(=NC=C2)NC3CCCCC3)C4=CC(=C(C=C4)Cl)Cl)C5CCNCC5
381,CC1=C2CCC(=O)N(C2=NC(=N1)C)CC3=CC=C(C=C3)C4=CC=CC=C4C5=NNN=N5
382,C1CN(CCN1)C2=NC3=CC=CC=C3OC4=C2C=C(C=C4)Cl
383,C([C@@H]1[C@@H]2[C@@H]([C@H]([C@H](O1)O[C@@H]3[C@H](O[C@@H]([C@@H]([C@H]3O)O)O[C@@H]4[C@H](O[C@@H]([C@@H]([C@H]4O)O)O[C@@H]5[C@H](O[C@@H]([C@@H]([C@H]5O)O)O[C@@H]6[C@H](O[C@@H]([C@@H]([C@H]6O)O)O[C@@H]7[C@H](O[C@@H]([C@@H]([C@H]7O)O)O[C@@H]8[C@H](O[C@@H]([C@@H]([C@H]8O)O)O[C@@H]9[C@H](O[C@H](O2)[C@@H]([C@H]9O)O)CO)CO)CO)CO)CO)CO)CO)O)O)O
384,C1C2C(C(C(O2)N3C=NC4=C3N=CN=C4N)O)OP(=O)(O1)O
385,CN1C(=O)CN=C(C2=C1C=CC(=C2)Cl)C3=CC=CC=C3
386,CC(C)C=O
387,C[C@H](CCCC(C)CO)[C@H]1CC[C@@H]2[C@@]1(CC[C@H]3[C@H]2CC=C4[C@@]3(CC[C@@H](C4)O)C)C
388,C1=CC=C(C=C1)CC(=O)NC(=O)N
389,CC(=O)OCC(=O)[C@]1(CC[C@@H]2[C@@]1(C[C@@H]([C@]3([C@H]2CCC4=CC(=O)CC[C@@]43C)F)O)C)O
390,CN(C)C1=CC=C(C=C1)C(=C2C=CC(=[N+](C)C)C=C2)C3=CC=C(C=C3)N(C)C
391,CC1=C(C(=CC=C1)Cl)NC(=O)C2=CN=C(S2)NC3=NC(=NC(=C3)N4CCN(CC4)CCO)C
392,C([C@@H]([C@@H]([C@@H](C=O)O)O)O)O
393,C1CNCCC1C2=CC(=NN2)C3=CC=C(C=C3)Cl
394,CCCCCCCCCCCC
395,CCC(=O)N(C1=CC=CC=C1)C2(CCN(CC2)CCC3=CC=CC=C3)C(=O)OC
396,CC(C(C1=CC=CC=C1)O)N(C)C
397,C[C@H](CC[C@@H](C(C)C)O)[C@H]1CC[C@@H]\2[C@@]1(CCC/C2=C\C=C/3\C[C@H](C[C@@H](C3=C)O)O)C
398,O.O.O.O.O.[O-]S(=O)(=S)[O-].[Na+].[Na+]
399,C1=CC(=C(C=C1[N+](=O)[O-])OS(=O)(=O)O)O
400,CCCCCCCCCCCCC[N+](C)(C)CC1=CC=CC=C1
401,CC(=O)C1=CC[C@@H]2[C@@]1(CC[C@H]3[C@H]2CC=C4[C@@]3(CC[C@@H](C4)O)C)C
402,C1CN(CCN1CCCN2C3=CC=CC=C3SC4=C2C=C(C=C4)C(F)(F)F)CCO
403,CC(=O)NC1=CC=C(C=C1)O
404,CN(C)CCO
405,C1CN(CCC1C2=CN(C3=C2C=C(C=C3)Cl)C4=CC=C(C=C4)F)CCN5CCNC5=O
406,C1CCN(CC1)CCCC(C2=CC=CC=C2)(C3=CC=CC=C3)O
407,C1C(=C(N2[C@H](S1)[C@@H](C2=O)NC(=O)[C@@H](C3=CC=CC=C3)N)C(=O)O)Cl.O
408,COC1=CN=CC(=C1)C2=CC(=CC=C2)CNC3=C(N=CC=C3)N
409,C=O.C(=O)(N)N
410,CCN[C@H]1CN(S(=O)(=O)C2=C1C=C(S2)S(=O)(=O)N)CCCOC
411,CN1C=NC2=C(N=C[N+](=C21)C)N
412,CC[C@@]1(CC[C@@H]2[C@@]1(CC[C@H]3[C@H]2CCC4=CC(=O)CC[C@H]34)C)O
413,CCCCOC1=CC=C(C=C1)S(=O)(=O)N2C[C@H](C[C@@H]2C(=O)NO)NS(=O)(=O)C
414,CC1C(C(CC(O1)OC2C(OC(CC2O)OC3C(OC(CC3O)OC4CCC5(C(C4)CCC6C5CC(C7(C6(CCC7C8CC(=O)OC8)O)C)O)C)C)C)O)O
415,C1=CC2=C3C(=C1)C=CC4=C3C(=CC5=C4[C@@H]6[C@@H](O6)[C@H]([C@@H]5O)O)C=C2
416,C(C1[C@H](C([C@H]([C@H](O1)O)O)O)O[C@@H]2[C@@H](C(C(C(O2)CO)O[C@@H]3[C@@H](C(C(C(O3)CO)O)O)O)O)O)O
417,C1=CC2=C(C=CN=C2)C(=C1)S(=O)(=O)NCCNCCOCC3=CC=C(C=C3)Cl
418,[207Pb]
419,CCCCCC(CCCCC/C=C/C=C/C=C/C=C/C(=O)O)O
420,C[C@]12CC[C@H]3[C@H]([C@@H]1CC=C2)CC[C@@H]4[C@@]3(CC[C@H](C4)O)C
421,C([C@@H](C(=O)O)N)SCC(=O)O
422,CCCCC(=O)OCC(=O)[C@H]1[C@@H](C[C@@H]2[C@@]1(C[C@@H]([C@]3([C@H]2C[C@@H](C4=CC(=O)C=C[C@@]43C)F)F)O)C)C
423,C[C@H]1[C@@H]([C@H]([C@H]([C@@H](O1)O[C@@H]2[C@H]([C@H](CO[C@H]2O[C@H]3CC[C@]4([C@H]([C@]3(C)CO)CC[C@@]5([C@@H]4CC=C6[C@]5(CC[C@@]7([C@H]6CC(CC7)(C)C)C(=O)O)C)C)C)O)O)O)O)O
424,CC12CCC3C(C1CCC2OC(=O)CCC(=O)O)CCC4=C3C=CC(=C4)O
425,CC(=O)OCC(=O)[C@]1(CC[C@@H]2[C@@]1(C[C@@H]([C@H]3[C@H]2CCC4=CC(=O)C=C[C@]34C)O)C)O
426,C1=C(C(=O)NC(=O)N1C[C@@H](C(=O)O)N)F
427,CN1CCC2=CC=CC3=C2[C@H]1CC4=C3C(=C(C=C4)O)O
428,C1C2=C(C3=CC=CC=C3NC1=O)NC4=C2C=C(C=C4)[N+](=O)[O-]
429,CCC=CC=CC=CC=CCCCCCCCC(=O)O
430,C[C@]12CC[C@H]3[C@H]([C@@H]1CC[C@H]2O)CCC4=CC(=O)CC[C@]34C
431,CCC(=C1C(=O)CC(CC1=O)C(=O)O)[O-].CCC(=C1C(=O)CC(CC1=O)C(=O)O)[O-].[Ca+2]
432,C[C@@H]([C@H]1CCC2[C@@]1(CC[C@H]3[C@H]2CC(=O)[C@@H]4[C@@]3(C[C@H]([C@H](C4)O)O)C)C)[C@H]([C@@H]([C@@H](C)C(C)C)O)O
433,C(CCN)CCN
434,CCCCCCCCCCCCCCCCO
435,CSCC[C@H](C(=O)O)N
436,N.N.[OH-].[OH-].[Cl-].[Cl-].[Pt+4]
437,CN1CCN(CC1)CCCN2C3=CC=CC=C3SC4=C2C=C(C=C4)Cl
438,CC1=C(C2=C(N1C)C(=O)C=C(C2=O)OC)COC3=CC=C(C=C3)[N+](=O)[O-]
439,CCCS(=O)(=O)NC1=C(C(=C(C=C1)F)C(=O)C2=CNC3=NC=C(C=C23)Cl)F
440,CN1C=C(C2=CC=CC=C21)C3=C(C(=O)NC3=O)C4=CN(C5=CC=CC=C54)CCCN
441,CNCCCN1C2=CC=CC=C2CCC3=CC=CC=C31
442,CNC(=O)C1=NC=CC(=C1)OC2=CC=C(C=C2)NC(=O)NC3=CC(=C(C=C3)Cl)C(F)(F)F
443,C1[C@@H]([C@H]([C@@H]([C@H]([C@@H]1NC(=O)[C@H](CCN)O)O[C@@H]2[C@@H]([C@H]([C@@H]([C@H](O2)CO)O)N)O)O)O[C@@H]3[C@@H]([C@H]([C@@H]([C@H](O3)CN)O)O)O)N
444,C1=NC2=C(N1[C@H]3[C@@H]([C@@H]([C@H](O3)COP(=O)(O)OP(=O)(O)O[32P](=O)(O)O)O)O)NC(=NC2=O)N
445,C1CN(CCC1COC2=CC=CC3=C2C(=NC(=N3)N)N)CC4=C(C(=CC=C4)Cl)Cl
446,CCCCCCCC/C=C\CCCCCCCC(=O)SCCNC(=O)CCNC(=O)C(C(C)(C)COP(=O)(O)OP(=O)(O)OC[C@@H]1[C@H]([C@H]([C@@H](O1)N2C=NC3=C2N=CN=C3N)O)OP(=O)(O)O)O
447,C1=NC2=C(C(=N1)N)N=CN2[C@H]3[C@@H]([C@@H]([C@H](O3)COP(=O)(O)O)O)O
448,C([C@@H](C(=O)O)N)C(=O)O
449,COC1=CC\2=C(C=C1)NC(=O)/C2=C\C3=CN=CN3
450,CC(CC1=CC(=C(C=C1)O)O)(C(=O)O)N
451,C1[C@@H]([C@H](O[C@H]1N2C=C(C(=O)NC2=O)/C=C/[125I])CO)O
452,O.[O-]S(=O)(=O)[O-].[Zn+2]
453,[115Cd]
454,CC(C)NCC(COC1=CC=CC2=C1C=CN2)O
455,C1=NC2=C(C(=N1)N)N=CN2[C@H]3[C@@H]([C@@H]([C@H](O3)COP(=O)(O)OP(=O)(O)O[C@@H]4[C@@H]([C@H]([C@@H]([C@H](O4)CO)O)O)O)O)O
456,CN
457,CC[C@@H](C(C[C@H](C)N(C)C)(C1=CC=CC=C1)C2=CC=CC=C2)OC(=O)C
458,CCCCCCCC/C=C\CCCCCCCC(=O)OC[C@H](COP(=O)(O)OC[C@@H](C(=O)O)N)OC(=O)CCCCCCC/C=C\CCCCCCCC
459,COC(=O)C1=CC=CC=C1N
460,[OH-].[O-2].[O-]P(=O)([O-])[O-].[Na+].[W]
461,CC(CCC1=CC=C(C=C1)O)NCCC2=CC(=C(C=C2)O)O
462,CN1C=C(N=C1)C[C@@H](C(=O)O)N
463,CCCCCCCC(=O)O
464,C1CC(=O)NC2=C1C=CC(=C2)OCCCCN3CCN(CC3)C4=C(C(=CC=C4)Cl)Cl
465,CC(C)N(C1=CC=CC=C1)C(=O)CCl
466,[O-]P(=O)([O-])[O-].[O-]P(=O)([O-])[O-].[Sr+2].[Sr+2].[Sr+2]
467,[81Br-]
468,[NH4+].[O-]S(=O)(=O)[O-].[O-]S(=O)(=O)[O-].[Al+3]
469,C1=CC(=C(C=C1I)C(=O)O)NC(=O)C(=O)O
470,C1=CC(=CC(=C1)CCSC(=N)N)CCSC(=N)N
471,C[As](=O)(C)O
472,C1CCC(CC1)C(CCN2CCCC2)(C3=CC=CC=C3)O
473,[85Sr+2]
474,[Br-].[Rb+]
475,C([C@H]([C@H]([C@@H](C(=O)C=O)O)O)O)O
476,C1C(O1)C(=O)O
477,C[C@H](CCC(=O)O)[C@H]1CC[C@@H]2[C@@]1(CC[C@H]3C2[C@H](C[C@H]4[C@@]3(CC[C@H](C4)O)C)O)C
478,C1=NC2=C(N1C3[C@H]([C@H]([C@H](O3)CO)O)O)N=C(N=C2N)Cl
479,[K+].[I-].II
480,CCCCCC(/C=C/C1C(CC(C1C/C=C/CCCC(=O)O)O)O)O
481,CCCC(=O)C
482,[H]
483,CCC1C[C@H]2C3CCC4=CC(=O)CCC4[C@H]3CCC2([C@H]1O)C
484,[C@H]([C@@H](C(=O)N)O)(C(=O)[O-])[NH3+]
485,C[C@@H](CO)NC(=O)[C@H]1CN([C@@H]2CC3=CNC4=CC=CC(=C34)C2=C1)C
486,CN1C(=NN=N1)SCC2=C(N3[C@@H]([C@@](C3=O)(NC(=O)C4SC(=C(C(=O)N)C(=O)[O-])S4)OC)SC2)C(=O)[O-].[Na+].[Na+]
487,CC(=O)[C@H]1CCC2[C@@]1(CCC3C2CC[C@H]4[C@@]3(CC[C@@](C4)(C)O)C)C
488,CC(C)NCC(COC1=CC=CC2=CC=CC=C21)O
489,C([C@H]([C@H]([C@@H]([C@H](C=O)N)O)O)O)O.Cl
490,COC(=O)C(C1CCCCN1)C2=CC=CC=C2
491,C([C@@H](C(=O)O)N)N1C(=O)NC(=O)O1
492,C[75Se]CC[C@@H](C(=O)O)N
493,CCNC(=O)[C@@H]1[C@@H]([C@@H](C(O1)N2C=NC3=C2N=C(N=C3N)NCCC4=CC=C(C=C4)CCC(=O)O)O)O
494,CC(=O)[C@]1(CCC2[C@@]1(CC[C@H]3[C@H]2CC=C4[C@@]3(CC[C@@H](C4)O)C)C)O
495,C1CCN(CC1)CCOC2=CC=C(C=C2)C3=CN4C(=C(C=N4)C5=CC=NC=C5)N=C3
496,[75Se]
497,CCCCCCCCCCC/C=C/CCCCC(=O)O.C/C=C/C1=CC=C(C=C1)OC.CC1=C(C=C2CCC(OC2=C1C)(C)CCCC(C)CCCC(C)CCCC(C)C)O
498,C[C@@]1(C(=O)N(C(=O)O1)NC2=CC=CC=C2)C3=CC=C(C=C3)OC4=CC=CC=C4
499,C(C[C@@H](C(=O)O)N)CN=C(N)N
500,CC1=C2C(=NC(=NC2=NC=C1CNC3=CC=CC4=C3C=CC=N4)N)N
501,C(CCO)C[C@@H](C(=O)O)N
502,[15NH3]
503,C[C@@]12CCC[C@H]1[C@@H]3CC[C@H]4C[C@H](CC[C@@]4([C@H]3CC2)C)O
504,CC(C)[C@@H](C(=O)N1CCCC1)N
505,CC(C)C1(C(=O)NC(=N1)C2=C(C=CC=N2)C(=O)O)C
506,C[C@]12CCC(=O)C=C1CC[C@@H]3[C@@H]2[C@H](C[C@]4([C@H]3CC[C@@]4(C(=O)CO)O)C)O
507,CN(C)CC1=CC=C(O1)C2=CN=CC=C2
508,F[Al]
509,CCCCCC[C@@H](C(=O)[O-])O
510,C1=CN(C(=O)N=C1N)[C@H]2[C@H]([C@@H]([C@H](O2)COP(=O)(O)O)O)O
511,CC1=CC=C(C=C1)S(=O)(=O)NCC(=O)NC(CC2=CC=CC(=C2)C(=N)N)C(=O)OC
512,C[C@H](CCCC(C)C)[C@H]1CC[C@@H]2[C@@]1(CC[C@H]3[C@H]2CC=C4[C@@]3(CC[C@@H](C4)OC=O)C)C
513,[As+5]
514,CC(C)C[C@@H](C(=O)N)N
515,CC1=CC2=C(C=C1C)N(C3=NC(=O)NC(=O)C3=N2)C[C@@H]([C@@H]([C@@H](COP(=O)(O)OP(=O)(O)OC[C@@H]4[C@H]([C@H]([C@@H](O4)N5C=NC6=C5N=CN=C6N)O)O)O)O)O
516,CC1=CC=C(CC1)C(C)C
517,CN1CCN(CC1)C(C2=CC=CC=C2)C3=CC=CC=C3
518,CC1=CC(=NN1)NC2=NC(=NC3=CC=CC=C32)C4=CC=CC=C4
519,[110Ag]
520,CN(C)N
521,CNCCC(C1=CC=CC=C1)OC2=CC=C(C=C2)C(F)(F)F
522,CC1=C(C(CCC1)(C)C)/C=C/C(=C/C=C/C(=C/CO)/C)/C
523,C[C@H]1[C@H]([C@H]([C@@H]([C@@H](O1)O[C@@H]2[C@H](O[C@@H]([C@@H]([C@H]2O[C@H]3[C@@H]([C@H]([C@H]([C@H](O3)CO)O)O)O[C@H]4[C@H]([C@@H]([C@@H]([C@@H](O4)C)O)O)O)NC(=O)C)O)CO)O)O)O
524,C[C@@H]1[C@H](C[C@@H](O1)N2C=NC3=C2N=CN=C3N)OP(=O)(O)O
525,CC(C)NCC(COC1=CC=CC=C1CC=C)O
526,CCCCC[C@@H](CCCCCCCCCCCC(=O)O)O
527,CCCCC/C=C\C/C=C\CCCCCCCC(=O)O[C@H]1CC[C@@]2([C@H]3CC[C@]4([C@H]([C@@H]3CC=C2C1)CC[C@@H]4[C@H](C)CCCC(C)C)C)C
528,COC1=CC(=CC(=C1OC)OC)[C@H]2CC[C@@H](O2)C3=CC(=C(C(=C3)OC)OC)OC
529,CC1=C(SC(=N1)N)C2=NC(=NC=C2)NC3=CC(=CC=C3)[N+](=O)[O-]
530,C[C@H](CCCC(C)C)[C@H]1CC[C@@H]2[C@@]1(CC[C@H]3[C@H]2CC=C4[C@@]3(CC[C@@H](C4)O)C[125I])C
531,CCCCCCCC/C=C/C/C=C/C/C=C/CCCC(=O)O
532,[Al].[Si]
533,CCOC1=NC2=CC=CC(=C2N1CC3=CC=C(C=C3)C4=CC=CC=C4C5=NNN=N5)C(=O)O
534,C1=CC(=CC=C1CCNC2=NC=NC3=C2N=CN3[C@H]4[C@@H]([C@@H]([C@H](O4)CO)O)O)N
535,C1=CC=C(C(=C1)C(=O)O)N
536,C1=CC(=CC=C1CNC(=O)C2=CC=C(C=C2)S(=O)(=O)N)F
537,CC1=C(C=CN=C1CS(=O)C2=NC3=CC=CC=C3N2)OCC(F)(F)F
538,C[C@H]1[C@@]([C@H]([C@@H](O1)O[C@@H]2[C@H]([C@@H]([C@H]([C@@H]([C@H]2O)O)N=C(N)N)O)N=C(N)N)O[C@H]3[C@H]([C@@H]([C@H]([C@@H](O3)CO)O)O)NC)(CO)O.C[C@H]1[C@@]([C@H]([C@@H](O1)O[C@@H]2[C@H]([C@@H]([C@H]([C@@H]([C@H]2O)O)N=C(N)N)O)N=C(N)N)O[C@H]3[C@H]([C@@H]([C@H]([C@@H](O3)CO)O)O)NC)(CO)O.OS(=O)(=O)O.OS(=O)(=O)O.OS(=O)(=O)O
539,CCC(CC)(CC(=O)NC1=CC=CC(=C1)/C=C/C2=NC(=CS2)C3CCC3)C(=O)O
540,CN1C=NC2=C1C(=O)N(C(=O)N2C)C
541,C1=CC(=CC=C1C[C@@H](C(=O)O)N)I
542,[3H]O[3H]
543,C(C1[C@H](C([C@@H]([C@@H](O1)O)[18F])O)O)O
544,CC(C)[C@H](NS(=O)(=O)C1=CC=C(C=C1)C2=CC=C(C=C2)OC)P(=O)(O)O
545,CS(=O)(=O)C1=CC(=C(C=C1)C2=NOC(=N2)[C@@H](CC3CC3)[C@@H](C(=C4CCCC4)F)N)Cl
546,CC[C@@]1(CC2C[C@@](C3=C(CCN(C2)C1)C4=CC=CC=C4N3)(C5=C(C=C6C(=C5)C78CCN9[C@H]7[C@@](C=CC9)(C([C@@](C8N6C=O)(C(=O)OC)O)OC(=O)C)CC)OC)C(=O)OC)O
547,C([C@@H]1[C@H]([C@@H]([C@H]([C@H](O1)O[C@@H]2[C@H](O[C@@H]([C@@H]([C@H]2O)O)OC[C@@H]3[C@H]([C@@H]([C@H]([C@H](O3)O[C@@H]4[C@H](O[C@@H]([C@@H]([C@H]4O)O)O)CO)O)O)O[C@@H]5[C@@H]([C@H]([C@@H]([C@H](O5)CO)O)O)O)CO)O)O)O)O
548,CC(=O)OCC1=C(N2[C@@H]([C@@H](C2=O)NC(=O)CC3=CC=CS3)SC1)C(=O)O
549,CC(C)C1=C(C=CC2=C1CC[C@@H]3[C@@]2(CCCC3(C)C)C)O
550,C1=CC=C(C=C1)CCCP(=O)(C[C@@H](C2=CC(=CC=C2)N=C(N)N)C(=O)O)O
551,CC(C)CN1C=NC2=C1C(=O)N(C(=O)N2C)C
552,C(C(C(C(C(C=O)N)O)O)O)O
553,C1=CC(=CC=C1C(=O)O)[Hg]
554,C1=CC=C2C(=C1)C=CC(=C2O)C(=O)O
555,C#[C]
556,CC[C@@]1(CC[C@@H]2[C@@]1(CC[C@H]3[C@H]2CCC4=CCCC[C@H]34)C)O
557,COC1=CC=CC=C1OCCNCC(COC2=CC=CC3=C2C4=CC=CC=C4N3)O
558,CN1CCN(CC1)CCCN2C3=CC=CC=C3SC4=C2C=C(C=C4)C(F)(F)F
559,C1=NC2=C(N1[C@H]3[C@H]([C@@H]([C@H](O3)COP(=O)(O)OP(=O)(O)OP(=O)(O)O)O)O)NC(=NC2=O)N
560,C[C@@H]1CCO[C@H](/C=C/C=C\C(=O)O[C@@H]2C[C@@H]3[C@]4([C@]2([C@]5(CCC(=C[C@H]5O3)C)COC(=O)[C@H]1O)C)CO4)[C@@H](C)O
561,CCOC(=O)C1=CN=CN1[C@H](C)C2=CC=CC=C2.Cl
562,C[NH2+]CC[C@@H](C1=CC=CC=C1)OC2=CC=C(C=C2)C(F)(F)F
563,C#C[C@]1([C@H](C[C@@H](O1)N2C=NC3=C2N=C(N=C3N)F)O)CO
564,OI
565,CCC1=C(C(=NC(=N1)N)N)C2=CC3=C(C=C2)OC(C(=O)N3CCCOC)(C)C
566,CN1CCN(CC1)CC2=CC=C(C=C2)C(=O)NC3=CC=CC(=C3)NC4=NC=CC(=N4)C5=CN=CC=C5
567,CC(=C)C(=O)[O-].[Na+]
568,C1CCC(C1)OCC(=O)N2CCC[C@H]2C(=O)NCC3=CC=C(C=C3)C(=N)N
569,C1=CC=C(C(=C1)C2=NN=C(S2)S(=O)(=O)N)Cl
570,C1=NC2=C(C(=N1)N)N=CN2C3C(C(C(O3)COP(=O)(O)OP(=O)(O)O)O)O
571,C([C@@H]1[C@@H]([C@@H]([C@H]([C@@H](O1)O[C@H]([C@@H](CO)O)[C@@H]([C@H](CO)O)O)O)O)O)O.O.O
572,C1CC(CCC1CN)C(=O)O
573,[3H]O
574,CC1=CC=C(C=C1)C2=NN(C3=C2C(=NC=N3)N)C(C)(C)C
575,CC1=CC(=NC(=N1)NC(=O)NS(=O)(=O)C2=CC=CC=C2C(=O)OC3COC3)C
576,C1CC=C(C2=C(C1)ONC2=O)C[C@@H](C(=O)O)N
577,C(=N)(N)N
578,C1=CC=C2C(=C1)C(=CN2)CC(C(=O)O)N
579,C1=NC2=C(C(=N1)N)N=CN2[C@H]3[C@@H]([C@@H]([C@H](O3)COP(=O)(O)OP(=O)(O)OP(=O)(O)O)O)O
580,CC1[C@H](C([C@@H](C(O1)O[C@H]2[C@@H]([C@@H](OC(C2OC3C(C([C@H](C(O3)CO)O)OC4(CC([C@H](C(O4)[C@@H]([C@@H](CO)O)O)NC(=O)C)O)C(=O)O)O)CO)O)NC(=O)C)O)O)O
581,C1C2=CC(=C(C=C2C3C1(COC4=C3C=CC(=C4O)O)O)O)O
582,CCC1=CN=C(C=C1)CCOC2=CC=C(C=C2)CC3C(=O)NC(=O)S3
583,[OH]
584,CC(=O)NC1=CC=C(C=C1)N
585,CCCCCCC[N+](CC)(CC)CCCCC1=CC=C(C=C1)Cl
586,C[C@H]1C[C@H]2[C@@H]3CC[C@@H]([C@]3(C[C@@H]([C@@H]2[C@@]4(C1=CC(=O)CC4)C)O)C)C(=O)C
587,CC(C)OC(=O)CCC/C=C\C[C@H]1[C@H](C[C@H]([C@@H]1/C=C/[C@H](COC2=CC=CC(=C2)C(F)(F)F)O)O)O
588,C1=CC=C2C(=C1)C3=CC=CC=C3N2
589,CC(C)C[C@H]([C@@H](C(=O)NO)O)C(=O)N[C@H](C(=O)NC)C(C)(C)C
590,C[C@@]1(CO[C@@H]([C@@H]([C@H]1NC)O)O[C@H]2[C@@H](C[C@@H]([C@H]([C@@H]2O)O[C@@H]3[C@@H](CC[C@H](O3)CN)N)N)N)O
591,CCCCCCCCCCCCCCCCCCO.CCCCCCCCCCCCCCCCO
592,CC(=O)N[C@@H](CCSC)C(=O)O
593,C([C@@H]1[C@H]([C@@H]([C@H]([C@H](O1)OC[C@@H]2[C@H]([C@@H]([C@H]([C@H](O2)O[C@@H]3[C@H](OC([C@@H]([C@H]3O)O)O)CO)O)O)O)O)O)O)O
594,C1=CC2=C(C=CC(=C2)C(F)(F)P(=O)(O)O)C=C1C(=O)O
595,COCCOCCOCCOCCO
596,CC1=CN(C(=O)NC1=O)[C@H]2C[C@@H]([C@H](O2)CO)N=[N+]=[N-]
597,CC(=O)[O-].CC(=O)[O-].O.O.O.[Pb+2]
598,C1=C2C(=CC(=C1Cl)Cl)N(C=N2)[C@H]3[C@@H]([C@@H]([C@H](O3)CO)O)O
599,CCCCCCCCCCC[C@@H](C[C@H]1[C@@H](C(=O)O1)CCCCCC)OC(=O)[C@H](CC(C)C)NC=O
600,CN(C)C(=O)OC1=CC=CC(=C1)[N+](C)(C)C
601,CN1C=C(C2=CC=CC=C21)CC(C(=O)O)N
602,C(C[C@@H](C(=O)O)N)CNC(=S)N
603,CCNCCCC(C)NC1=C2C=CC(=CC2=NC=C1)Cl
604,[Li+].[AlH4-]
605,C[C@@H](CCC[C@@H](C)CCCC(C)C)CCC[C@@H](C)CC(=O)[O-]
606,CN1CCC(=C2C3=CC=CC=C3C=CC4=CC=CC=C42)CC1
607,C1CN(CCC1(C2=CC=C(C=C2)Cl)O)CCCC(=O)C3=CC=C(C=C3)F
608,CCC1=C(NC2=C1C(=O)C(CC2)CN3CCOCC3)C
609,C#CCN(CC1=CC2=C(C=C1)NC(=NC2=O)N)C3=CC=C(C=C3)C(=O)N[C@@H](CCC(=O)O)C(=O)O
610,C1CCC(CC1)NC(=O)NCCCCCCC(=O)O
611,C1=CC=C(C=C1)COC2=CC=C(C=C2)NC(=O)CN
612,CNCC(C1=CC=C(C=C1)O)O
613,C1CCC(CC1)NCCCS(=O)(=O)O
614,CC1=CC[C@@H](C=C1)[C@@H](C)CCC=C(C)C
615,CC(C(=O)O)NC(=O)CN
616,CCCCCCCCCCCCCCCCCC(=O)OC[C@H](COP(=O)(O)OCC(COP(=O)(O)OC[C@@H](COC(=O)CCCCCCCCCCCCCCCCC)OC(=O)CCCCCCCCCCCCCCCCC)O)OC(=O)CCCCCCCCCCCCCCCCC
617,C1CN(CC2=C1SC=C2)CC3=CC=CC=C3Cl
618,C1=CC=C2C(=C1)C=CC3=C2C4=C(N3)C=CC5=CC=CC=C54
619,CS(=O)(=O)CCNCC1=CC=C(O1)C2=CC3=C(C=C2)N=CN=C3NC4=CC(=C(C=C4)OCC5=CC(=CC=C5)F)Cl
620,C=C1CC[C@@H]2[C@@H]([C@@H]3[C@H]1CCC3=C)OC(=O)C2=C
621,O[P+](=O)O[P+](=O)O
622,C1CNC(=O)C2=C1NC(=C2)C3=CC(=NC=C3)C4=CC=CC=C4F
623,C(CC(=O)O)CN
624,OP([O-])[O-].[Zn+2]
625,COCC1C(C(C(C(O1)OC)OC)OC)OC2C(C(C(C(O2)CO)OC)O)O
626,C[C@]1([C@H]2CC3(C1CC[C@H]3C(=O)O)[C@H](C=C2C(=O)O)O)CO.C(CCCC(C(CCCCCO)O)O)CCCC(=O)O
627,C[C@H]([C@H](CCC(=O)O)N)O
628,C1=CC=C2C=C3C=C4C=C5C=CC=CC5=CC4=CC3=CC2=C1
629,CN1CCC(=C2C3=C(C(=O)CC4=CC=CC=C42)SC=C3)CC1
630,CN(C)CCCN1C2=CC=CC=C2CCC3=CC=CC=C31
631,CN1CCN(CC1)C(=O)O[C@H]2C3=NC=CN=C3C(=O)N2C4=NC=C(C=C4)Cl
632,CCCNCCCNCCCNCC
633,CCN1CCN(C(=O)C1=O)C(=O)N[C@H](C2=CC=C(C=C2)O)C(=O)N[C@H]3[C@@H]4N(C3=O)C(=C(CS4)CSC5=NN=NN5C)C(=O)O
634,C/C=C(\C)/C(=O)O
635,CC1=CN(C(=O)NC1=O)[C@H]2C=C[C@H](O2)COP(=O)(O)O
636,CC(=O)[O-].CC(=O)[O-].[O-][As]=O.[O-][As]=O.[O-][As]=O.[O-][As]=O.[O-][As]=O.[O-][As]=O.[Cu+2].[Cu+2].[Cu+2].[Cu+2]
637,CNC(=NC)NCCC[C@@H](C(=O)O)N
638,C1CC2=C(C1)C=C(C=C2)S(=O)(=O)N
639,C1C(C(OC2=CC(=CC(=C21)O)O)C3=CC(=C(C=C3)O)O)OC(=O)C4=CC(=C(C(=C4)O)O)O
640,C[C@@H](C(=O)O)N
641,CCCCC[C@@H](/C=C/C=C\CCCCCCCC(=O)O)O
642,C1CCC(CC1)NC2=NC=NC3=C2N=CN3[C@H]4[C@@H]([C@@H]([C@H](O4)CO)O)O
643,C(CC(CC(=O)O)N)CN
644,C([14C](=O)O)N
645,CC(C)COP(=O)(O)OP(=O)(O)OC[C@@H]1[C@H]([C@H]([C@@H](O1)N2C=NC3=C2N=CN=C3N)O)OP(=O)(O)O
646,CC1=CC=CC=C1C(C2=CC=CC=C2)OCCN(C)C
647,C1C[C@@H]2N(C1)C(=O)C3=CC4=C(C=C3O2)OCCO4
648,C(CO)C(CCO)(CCO)N
649,C[C@]12CC[C@H]3[C@@]4(CCC[C@@]([C@H]4CC[C@@]3(C1)CC2=O)(C)C(=O)O)C
650,CC(C)N1C=NC2=C1N=C(N=C2NC3=CC(=CC=C3)Cl)NCCO
651,C(C1C2C(C(C(O1)OC3C(OC(C(C3OS(=O)(=O)O)OS(=O)(=O)O)OC4C(OC(C(C4OS(=O)(=O)O)OS(=O)(=O)O)OC5C(OC(C(C5OS(=O)(=O)O)OS(=O)(=O)O)OC6C(OC(C(C6OS(=O)(=O)O)OS(=O)(=O)O)OC7C(OC(C(C7OS(=O)(=O)O)OS(=O)(=O)O)OC8C(OC(C(C8OS(=O)(=O)O)OS(=O)(=O)O)OC9C(OC(O2)C(C9OS(=O)(=O)O)OS(=O)(=O)O)COS(=O)(=O)O)COS(=O)(=O)O)COS(=O)(=O)O)COS(=O)(=O)O)COS(=O)(=O)O)COS(=O)(=O)O)COS(=O)(=O)O)OS(=O)(=O)O)OS(=O)(=O)O)OS(=O)(=O)O
652,C[C@H]1CNCCN1S(=O)(=O)C2=CC=CC3=C2C=CN=C3
653,C1=CC=C(C=C1)COC=O
654,C[C@]12CC[C@H](C[C@@H]1CCC3C2CC[C@@]45C3CC[C@@H]4CC=CC5=O)O
655,C[C@H](/C=C/C(=O)C(=O)O)C(=O)CC[C@@H]1[C@H]2CCC(=O)[C@]2(CCC1=O)C
656,C1[C@@H]([C@@H]([C@H](C1=O)CCC(=O)CCC(=O)O)C/C=C\CC(=O)O)O
657,C([C@@H](C(=O)O)N)S
658,C1=C(C(=C(C(=C1Cl)Cl)CC2=C(C(=CC(=C2Cl)Cl)Cl)O)O)Cl
659,OS(=O)(=S)O.[Ag+].[Ag+]
660,[Li+].CC(=O)[O-]
661,C1=CC=C(C=C1)C(CCN)OC2=CC=C(C=C2)C(F)(F)F
662,C(CC(=O)O)CN=C(N)N
663,CN1CCCC1C2=CN=CC=C2
664,CC[C@H](C(=O)O)NCC1=C(C(=NC=C1COP(=O)(O)O)C)O
665,C(=C/C(=O)O)\C(=O)O
666,CC1=CN(C(=O)NC1=O)[C@H]2C[C@@H]([C@H](O2)COP(=O)(O)O)OP(=O)(O)O
667,C1C2=C(CS1(=O)=O)C=C(C=C2)N/C=C\3/C4=C(C=CC(=C4)C5=CN=CO5)NC3=O
668,C1C[C@@H](O[C@@H]1CO)N2C=CC(=NC2=O)N
669,C1=CC(=C[N+](=C1)[C@H]2[C@@H]([C@@H]([C@H](O2)COP(=O)(O)OP(=O)(O)OC[C@@H]3[C@H]([C@H]([C@@H](O3)[N+]4=CNC5=C4N=CN=C5N)O)O)O)O)C(=O)N
670,CC(=O)[O-].CC(=O)[O-].[Cu+2]
671,CC1=C2C=C(C=CC2=NN1)C3=CC(=CN=C3)OC[C@H](CC4=CC=CC=C4)N
672,CC1CCC2(C3(CC4(C5(C(C(C3(C5(C2(C1O)O4)O)O)OC(=O)C6=CC=CN6)(C(C)C)O)C)O)C)O
673,COC1=C(C(=C(C(=C1Cl)Cl)Cl)Cl)O
674,C([C@@H]1[C@H]([C@@H]([C@](O1)(CO)OC[C@@H]2[C@H]([C@@H]([C@](O2)(CO)OC[C@@H]3[C@H]([C@@H]([C@](O3)(CO)O)O)O)O)O)O)O)O
675,C1=CC=C(C=C1)C2=C(C(=C(S2)C(=O)O)OCC(=O)O)Br
676,CSCC[C@@H](C(=O)O)NC=O
677,CC1=C(SC(=N1)C)C2=NC(=NC=C2)NC3=CC=C(C=C3)N(C)C
678,C1=NC2=C(C(=N1)N)N=CN2C3C(C(C(O3)COP(=O)(CP(=O)(O)OCC4C(C(C(O4)O)O)O)O)O)O
679,CN(C)S(=O)(=O)C1=CC\2=C(C=C1)NC(=O)/C2=C\C3=CC4=C(N3)CCCC4
680,C1CCC(CC1)C(CCN2CCCCC2)(C3=CC=CC=C3)O
681,CN(C)CCOC(C1=CC=CC=C1)C2=CC=CC=C2
682,B1(OCCO1)OCCCC[NH3+]
683,C[N+]1(CCCC1C(=O)[O-])C
684,C1=NC2=C(C(=N1)N)N=CN2[C@H]3[C@@H]([C@@H]([C@H](O3)CO)O)O
685,CC(C)([C@@H](C(=O)O)N)S
686,CCC1C(C2=NC1=CC3=C(C4=C(N3)C(=C5[C@H]([C@@H](C(=N5)C=C6C(=C(C(=C2)N6)C(=O)C)C)C)CCC(=O)O)[C@H](C4=O)C(=O)OC)C)C
687,CC(=C)[C@@H]1CC[C@]2([C@H]1[C@H]3CC[C@@H]4[C@]5(CC[C@@H](C([C@@H]5CC[C@]4([C@@]3(CC2)C)C)(C)C)O)C)CO
688,C[C@]12CC[C@H]3C([C@@H]1CCC2=O)CCC4=CC(=O)CC[C@]34CC#C
689,CC[C@H](C)C(=O)O[C@H]1C[C@H](C=C2[C@H]1[C@H]([C@H](C=C2)C)CC[C@H](C[C@H](CC(=O)O)O)O)C
690,CCCCCC
691,CC(=O)[C@H]1CCC2[C@@]1(CCC3C2CC[C@@H]4[C@@]3(CC[C@@](C4)(COC)O)C)C
692,CC(C)NCC(COC1=CC=CC2=C1C3=CC=CC=C3N2)O
693,CCCCC/C=C\C/C=C\C/C=C\C/C=C\CCCC(=O)OCC
694,C[C@@H](/C=C(\C)/C=C/[C@@H]([C@H](C)C(=O)O)N)[C@H](CC1=CC=CC=C1)OC
695,CCCCC1=C2C(=NC=CN2)NC1=C3C=CC(=O)C=C3
696,OS(=O)(=O)O.O=S(=O)=O
697,CC(C)(COP(=O)(O)OP(=O)(O)OC[C@@H]1[C@H]([C@H]([C@@H](O1)N2C=NC3=C2N=CN=C3N)O)OP(=O)(O)O)C(C(=O)NCCC(=O)NCCSC(=O)CCCC(=O)O)O
698,C1=NC2=C(C(=N1)N)N=CN2[C@H]3[C@@H]([C@@H]([C@H](O3)COP(=S)(O)O)O)O
699,CCCCCCCCCCCCCCCC(=O)OCC(=O)[C@]1([C@@H](C[C@@H]2[C@@]1(C[C@@H]([C@]3([C@H]2CCC4=CC(=O)C=C[C@@]43C)F)O)C)C)O
700,C(C(=O)O)C(=O)O
701,CNS(=O)(=O)C1=CC=C(C=C1)C2=CC=C(O2)/C=C\3/C(=O)N=C(S3)N
702,C[C@H]1C[C@H]2[C@@H]3CCC4=CC(=O)C=C[C@@]4([C@]3([C@H](C[C@@]2([C@]1(C(=O)CO)O)C)O)Cl)C
703,CC(C)C1=CN(C(=O)NC1=O)C2CC(C(O2)CO)O
704,[OH3+].[OH3+].O.O.O.O.O.O.O.O.O.O.O.[OH2+]O.OO.OO.[V].[V].[V].[V].[V].[V].[V]
705,CC1(C(=O)N(C(=O)O1)C)C
706,C1CC1(C(=O)O)N
707,C1=CC=C(C=C1)CCCCOCCCCCCNCC(C2=CC(=C(C=C2)O)CO)O
708,[Cl]
709,CC1=CC2=C(C=C1)N=C(N3N2C(=O)[C@@H](C3=O)CC=C)N(C)C
710,C1=CC2=C3C(=C1)C=CC4=C3C(=CC5=C4C6C(O6)[C@H]([C@H]5O)O)C=C2
711,CCCCCCCCCCCCCCCCCCCCCCCCCC(=O)O
712,CC/C=C\C/C=C\C/C=C\CCCCCCCCCC(=O)O
713,CC1=C(C(=O)N2CCCCC2=N1)CCN3CCC(CC3)C4=NOC5=C4C=CC(=C5)F
714,CC1[C@@H](CC(=C/C=C/2\CCC[C@]3(C2CCC3[C@H](C)CCCC(C)(C)O)C)C[C@H]1O)O
715,C1C(=O)NC(=O)[C@]12C3=C(C=CC(=C3)F)C(=O)N(C2=O)CC4=C(C=C(C=C4)Br)F
716,CC1=CC=C(C=C1)C2=CC(=NN2C3=CC=C(C=C3)S(=O)(=O)N)C(F)(F)F
717,C1=CC2=C(C=C1F)C(=CN2)CC(C(=O)O)N
718,C(C1C([C@H]([C@@H]([C@H](O1)O)O)O)O)O.OS(=O)(=O)O
719,[12CH4]
720,C1CCS(=O)(=O)N(C1)C2=CC=C(C=C2)S(=O)(=O)N
721,C=C1[C@H]([C@H]([C@](O1)(CO)N2C=NC3=C2N=CN=C3N)O)O
722,CC(=O)[C@H]1CC[C@@H]2[C@@]1(CC[C@H]3[C@H]2CCC4=CC(=O)CC[C@H]34)C
723,[173Ta]
724,C1=C(C=C2C(=C1Cl)C(=C(N2)C(=O)O)CCC(=O)O)Cl
725,CC(=C)[C@@H]1CC[C@]2([C@H]1[C@H]3CC[C@@H]4[C@]5(CC[C@@H](C([C@@H]5CC[C@]4([C@@]3(CC2)C)C)(C)C)O)C)C(=O)O
726,[C]
727,CN(C)C1=CC=CC2=C1C=CC=C2S(=O)(=O)O
728,CN1C2=NC(=NC=C2C=C(C1=O)C3=C(C=CC=C3Cl)Cl)NC4=CC(=CC=C4)SC
729,C1CNCCN1
730,CCCOC1=C(C=CC(=C1)[C@@]2(CNC(=O)O2)C)OC
731,[SiH2]
732,C(C1C(C(C(C(O1)OC2C(OC(C(C2O)O)OC3C(OC(C(C3O)O)O)CO)CO)O)O)O)O
733,C(C#N)C(C(=O)O)N
734,CCCCCC(=O)O[C@@]1(CC[C@@H]2[C@@]1(CC[C@H]3[C@H]2CCC4=CC(=O)CC[C@]34C)C)C(=O)C
735,CC(C)[C@H](C(=O)NO)N(CC1=CN=CC=C1)S(=O)(=O)C2=CC=C(C=C2)OC
736,C[N+](C)(C)CCOC(=O)CBr
737,C([C@H](CN)O)C(=O)O
738,CC[C@@H]1[C@@]([C@@H]([C@H](C(=O)[C@@H](C[C@@]([C@@H]([C@H]([C@@H]([C@H](C(=O)O1)C)O[C@H]2C[C@@]([C@H]([C@@H](O2)C)O)(C)OC)C)O[C@H]3[C@@H]([C@H](C[C@H](O3)C)N(C)C)O)(C)O)C)C)O)(C)O
739,CCC1=NN(C(=O)N1CCOC2=CC=CC=C2)CCCN3CCN(CC3)C4=CC(=CC=C4)Cl
740,[O-]S(=O)(=O)[O-].[Ba+2]
741,CC(CC=O)O
742,C1CN[C@@H]1C(=O)O
743,C1=CC(=C(C(=C1)Cl)CC(=O)N=C(N)N)Cl
744,CCNC1=NC(=NC(=N1)Cl)NC(C)(C)C
745,CC(=O)OC(C)(C)/C=C/C(=O)[C@@](C)([C@H]1[C@@H](C[C@@]2([C@@]1(CC(=O)[C@@]3([C@H]2CC=C4[C@H]3C[C@@H](C(=O)C4(C)C)O)C)C)C)O)O
746,CC(=O)CC(=O)CCC(=O)O
747,C[C@]12CCC(=O)C=C1CC[C@@H]3[C@@H]2[C@H](C[C@]4([C@H]3CC[C@@]4(C(=O)COP(=O)([O-])[O-])O)C)O.[Na+].[Na+]
748,C1=CC(=CC=C1C[C@@H](C(=O)O)N)OP(=O)(O)O
749,CC(=O)[O-].CC(=O)[O-].[Ni+2]
750,CC(=O)N1CCN(CC1)C2=CC=C(C=C2)OC[C@H]3CO[C@@](O3)(CN4C=CN=C4)C5=C(C=C(C=C5)Cl)Cl
751,CC(C)C[C@H](C(=O)NO)N(CC1=CC=CC=C1)[P@@](=O)(C)C2=CC=CC=C2
752,C1=CC=C(C=C1)C(C#N)O[C@H]2[C@@H]([C@H]([C@@H]([C@H](O2)CO[C@H]3[C@@H]([C@H]([C@@H]([C@H](O3)CO)O)O)O)O)O)O
753,C[C@H](CCC(=O)O)[C@H]1CC[C@@H]2[C@@]1(CC[C@H]3[C@H]2C[C@H]([C@H]4[C@@]3(CC[C@H](C4)O)C)O)C
754,CC(C)C[C@H](CC(=O)O)C(=O)N[C@H]1CC2=CN(CCCCCCNC1=O)C3=CC=CC=C23
755,C1=CN(C2=C1C(=NC=N2)N)[C@H]3[C@@H]([C@@H]([C@H](O3)CO)O)O
756,COC1=CC(=C(C=C1CCN)OC)Br
757,CC12CCC3C(C1CCC2=O)CCC4=CC(=O)CCC34CO
758,CCCCCCCCCCCCCC(=O)SCCNC(=O)CCNC(=O)[C@H](C(C)(C)COP(=O)(O)OP(=O)(O)OC[C@@H]1[C@H]([C@H]([C@@H](O1)N2C=NC3=C2N=CN=C3N)O)OP(=O)(O)O)O
759,C1[C@@H](N(CC2=CC=CC=C21)S(=O)(=O)C3=CC=C(C=C3)C4=CC=CC=C4)C(=O)O
760,C(C(=O)[O-])C(CC(=O)[O-])(C(=O)[O-])O.O.[K+].[K+].[K+]
761,CC(=O)CC(=O)OC
762,[O-]S(=O)(=O)[O-].[Co+2]
763,C(C[C@H](C(=O)O)N)CN=C(N)N.C(C(C(=O)O)N)C(=O)O
764,COC1=C(C=CC(=C1)[C@@H]2[C@@H](OC3=C(O2)C=C(C=C3)[C@H]4C(C(=O)C5=C(C=C(C=C5O4)O)O)O)CO)O
765,C(CSSC[C@@H](C(=O)O)N)O
766,COC1=CC=C(C=C1)S(=O)(=O)N2CCN(CC2)S(=O)(=O)C3=CC4=C(C=C3)OCCO4
767,COC1=CC=C(C=C1)CCN2CCC(CC2)NC3=NC4=CC=CC=C4N3CC5=CC=C(C=C5)F
768,CCCCCCCCCCCCCCCC=O
769,C[C@H]1CC(=O)C[C@H]2[C@]1([C@H]3CC[C@]4([C@H]([C@@H]3CC2)CC[C@@H]4O)C)C
770,C(F)(F)Cl
771,C1=CC=C(C=C1)C2=CN3C(=CN=C3C(=C2)NCC4=CN=CN=C4)Br
772,C(=O)=S
773,C1=CC=C2C(=C1)C=C(N2)O
774,C1=NC2=C(C(=N1)N)N=CN2C3[C@H]([C@H]([C@H](O3)CC(CC[C@@H](C(=O)O)N)N)O)O
775,C(I)(I)I
776,CC1=CC=C(C=C1)N(CC2=NCCN2)C3=CC(=CC=C3)O
777,CS(=O)(=O)C1=CC=CC(=C1)NC2=NC=CC(=N2)NC3=C(C=CC4=C3OCO4)Cl
778,CC(C)NCC(C1=CC(=C(C=C1)O)OC)O
779,CC(C[N+](C)(C)C)OC(=O)C
780,CCCC(=O)C1=CN=CC=C1
781,C1=CC=C(C=C1)CN(CC2=CC=CC=C2)C(=O)[C@H](CC(=O)N(CC(=O)O)N)O
782,COC1=C(C=C2C(=C1)C(=NC=N2)N3CC[C@H](C3)OC4=NC5=CC=CC=C5N=C4)OC
783,C1=CC(=CN=C1)C(=O)N
784,CC#C[C@H]1CC[C@H](N1C(=O)[C@H](C2CCCC2)N)CN
785,CC1C\2CCC(/C2=C/C3(C(CC(=C3C(C1O)OC4C(C(C(C(O4)COC(C)(C)C=C)O)OC(=O)C)O)C(C)COC(=O)C)O)C)COC
786,CC(C)OC(=O)C(C)(C)OC1=CC=C(C=C1)C(=O)C2=CC=C(C=C2)Cl
787,C1CCC2=C(CC1)C(=O)OC3=C2C=CC(=C3)OS(=O)(=O)N
788,[78Se]
789,CN1CCN(CC1)CC(=O)N2C3=CC=CC=C3C(=O)NC4=C2N=CC=C4
790,C1CN2CCC1C(C2)CN3C4=CC=CC=C4SC5=CC=CC=C53
791,COC(=O)/C=C/C1=C(C=CC(=C1)O)O
792,C1=NC2=C(C(=N1)N)N=CN2[C@H]3[C@@H]([C@@H]([C@H](O3)COP(=O)(O)OP(=O)(O)OC[C@@H]4[C@H]([C@@H]5[C@H](O4)OP(=O)(O5)O)O)O)O
793,CC(=O)[C@H]1CCC2[C@@]1(CCC3C2CC[C@@H]4[C@@]3(CC[C@@](C4)(C=C)O)C)C
794,C1=CC=C2C(=C1)C(=O)C=CO2
795,CC(C)CCC(=O)O
796,CN(CCCCCCOC1=CC2=C(C=C1)C(=NS2)C3=CC=C(C=C3)Br)CC=C
797,C1=CC=C2C(=C1)C=CC(=O)N2
798,C(CN)CSC[C@@H](CO)N
799,C12C3C(=O)O[Sb-]4(O3)OC(C5C(=O)O[Sb-](O1)(O5)OC2=O)C(=O)O4.[Na+].[Na+]
800,CC(=O)[C@H]1CC[C@@H]2[C@@]1(CC[C@@H]3[C@H]2C=CC4=CC(=O)CC[C@@]34C)C
801,C[C@]12CC[C@](C[C@@H]1C3=CC(=O)[C@@H]4[C@]5(CC[C@@H](C([C@@H]5CC[C@]4([C@@]3(CC2)C)C)(C)C)O)C)(C)C(=O)O
802,C1CCC2CCCCC2C1
803,C(CNC(CO)(CO)CO)CNC(CO)(CO)CO
804,[C@@H]1([C@H]([C@H](O[C@@H]([C@@H]1O)O[C@@H]2[C@@H]([C@H]([C@H](O[C@@H]2C(=O)O)O[C@@H]3[C@@H]([C@H](C(O[C@@H]3C(=O)O)O)O)O)O)O)C(=O)O)O)O
805,CC1(CCC2(CCC3(C(=CCC4C3(CCC5C4(CC(C(C5(C)C(=O)OC6C(C(C(C(O6)CO)O)O)O)O)O)C)C)C2C1)CO)C(=O)OC7C(C(C(C(O7)CO)O)O)O)C
806,C[N+]1(CCC(C1)OC(=O)C(C2CCCC2)(C3=CC=CC=C3)O)C
807,CC(C)C[C@H](C(=O)O)N
808,CCC(C)(C)C(=O)OC
809,[Mg+2].[Br-].[Br-]
810,[B-](CCCC[C@@H](C(=O)O)N)(O)(O)O
811,COC1=CC(=CC(=C1OC)OC)CC2=CN=C(N=C2N)N
812,C1C[C@H](N(C1)C(=O)[C@@H](CC2=CC=CC=C2)N)C(=O)NCC3=CC=CC=C3
813,C1CC(=O)O[C@H]1[C@H]2C3=CC=CC=C3CCN2C(=O)OCC4=CC=CC=C4
814,[O-]P(=O)([O-])[O-].[Mn+2]
815,C[C@@H]1C[C@H]2[C@@H]3C[C@@H](C4=CC(=O)C=C[C@@]4([C@H]3[C@H](C[C@@]2([C@H]1C(=O)CO)C)O)C)F
816,CN1C=C(C=N1)C2=NN3C(=NN=C3SC4=CC5=C(C=C4)N=CC=C5)C=C2
817,NS(=O)O
818,CCOC1=CC=CC=C1C[C@@H](C2=CC=CC=C2)N3CCNCC3.[Cl-]
819,CCCCOCCO
820,CC1(CCC2(CCC3(C(=CCC4C3(CCC5C4(CCCC5(C)C)C)C)C2C1)C)C)C
821,F[Cu]
822,CC(=C)[C@@H]1CC[C@]2([C@H]1[C@H]3CC[C@@H]4[C@]5(CC[C@@H](C([C@@H]5CC[C@]4(C3(CC2)C)C)(C)C)O)C)C
823,C1OC2=C(O1)C=C(C=C2)CCN
824,CCC1=CC=C(C=C1)NC(=O)P(=O)(O)O
825,CC(C)(C)C1=NC2=C(N1)C3=C(C=C(C=C3)F)C4=C2C=CNC4=O
826,CC1=CC(=C(C=C1Cl)S(=O)(=O)[O-])NN=C2C(=O)C=CC3=CC=CC=C32.CC1=CC(=C(C=C1Cl)S(=O)(=O)[O-])NN=C2C(=O)C=CC3=CC=CC=C32.[Ba+2]
827,C[C@H]1[C@H]([C@H](CC(O1)O[C@H]2C[C@@](CC3=C(C4=C(C(=C23)O)C(=O)C5=C(C4=O)C=CC=C5O)O)(C(=O)C)O)N)O.Cl
828,C=[CH]
829,CCCCN(CCCC)C1=CC=CC2=C1C=CC=C2S(=O)(=O)Cl
830,CC(=CCC[C@@](C)([C@H]1CC[C@@]2([C@@H]1[C@@H](C[C@H]3[C@]2(C[C@@H]([C@@H]4[C@@]3(CC[C@@H](C4(C)C)O)C)O[C@H]5[C@@H]([C@H]([C@@H]([C@H](O5)CO)O)O)O)C)O)C)O[C@H]6[C@@H]([C@H]([C@@H]([C@H](O6)CO)O)O)O)C
831,C1=CC=C2C(=C1)C3=CC=CC=C3C2=NOCCC(=O)O
832,CC(C)C[C@H](CC(=O)NO)C(=O)N[C@@H](CC1=CNC2=CC=CC=C21)C(=O)NC
833,C1=C(C=C(C(=C1Br)O)Br)C[C@@H](C(=O)O)N
834,CC(=CCC/C(=C/CC/C(=C/C=O)/C)/C)C
835,C1=CC(=C(C(=C1)Cl)C2=C3C=CC(=NN3C=NC2=O)SC4=C(C=C(C=C4)F)F)Cl
836,CC(=C)C1CCC(=CC1)C(=O)O
837,C1CNCCC1N2C=NC(=C2C3=NC(=NC=C3)N)C4=CC=C(C=C4)F
838,[125IH]
839,CC1=CC(=C(C(=C1CC2=NCCN2)C)O)C(C)(C)C
840,C1CN(CCC1C(=O)N2CCN(CC2)S(=O)(=O)C3=CC4=C(C=C3)C=C(C=C4)Cl)C5=CC=NC=C5
841,C/C(=N\OC(=O)N)/C1=CC(=C(C=C1)OC)OC2CCCC2
842,CCCCCN
843,C(CS)C(=O)O
844,CN1C2CCCC1CC(C2)NC(=O)C3=NN(C4=CC=CC=C43)C
845,C1CNCCC1NC(=O)C2=C(C=NN2)NC(=O)C3=C(C=CC=C3Cl)Cl
846,C1=CC=NC(=C1)COC2=C(C=C(C=C2)C3=CC4=C(C=C3)C=CN4)CNC5=C(N=CC=C5)N
847,C1=CC(=C(C=C1F)OCC(=O)O)C(=S)NCC2=C(C=C(C=C2)Br)F
848,C[C@]12CCCC=C1CC[C@@H]3[C@@H]2CC[C@]4([C@H]3CC[C@]4(C#C)O)C.C[C@]12CC[C@H]3[C@H]([C@@H]1CC[C@]2(C#C)O)CCC4=C3C=CC(=C4)O
849,CN(C)C1=NC=NC2=C1NC=[N+]2[C@H]3[C@@H]([C@@H]([C@H](O3)CO)O)O
850,C([C@@H](C(=O)[O-])O)[NH3+]
851,C1CC(C1)O
852,[O-]S(=O)(=O)[O-].[O-]S(=O)(=O)[O-].[O-]S(=O)(=O)[O-].[Al+3].[Al+3]
853,CC(C)C[C@H](CC(=O)NO)C(=O)N[C@H]1CC2=CN(CCCCCCNC1=O)C3=CC=CC=C23
854,CCCC[N+]#[C-]
855,C1=CC=C(C(=C1)C(=O)O)O
856,CC(C)C(C(=O)O)N
857,C1C=C[C@H]2C(=C1)C=CC3=C(N2CC4=CN=C5C(=N4)C(=NC(=N5)N)N)C=CC(=C3)O
858,CC1C(C(CC(O1)OC2CC(CC3=C(C4=C(C(=C23)O)C(=O)C5=C(C4=O)C=CC=C5OC)O)(C(=O)CO)O)NCC6=CN=CC=C6)O
859,C[C@]12C[C@@H]([C@]3([C@H]([C@@H]1C[C@H]([C@@]2(C(=O)CO)O)O)CCC4=CC(=O)C=C[C@@]43C)F)O
860,C[C@]12CC[C@H]3[C@H]([C@@H]1CC[C@]2(C)O)CCC4=CC(=O)C=C[C@]34C
861,CCCC(=O)SCC[N+](C)(C)C
862,C1=CC2=C(C=CC(=C2)C(=O)O)C=C1C(=O)O
863,CC[C@]12CC(=C)[C@H]3[C@H]([C@@H]1CC[C@]2(C#C)O)CCC4=CC(=O)CC[C@H]34
864,CCC(=O)O[C@@]1([C@H](CC2[C@@]1(C[C@@H]([C@]3(C2CCC4=CC(=O)C=C[C@@]43C)F)O)C)C)C(=O)CCl
865,CC(=CCC[C@](C)(C1CC[C@@]2([C@@H]1[C@@H](CC3[C@]2(CC[C@@H]4[C@@]3(CC[C@@H](C4(C)C)O)C)C)O)C)O)C
866,CCCCCCCCCCCCCCCCCC(=O)OCC(COP(=O)(O)OCCO)OC(=O)CCCCCCCC=CCCCCCCCC
867,C[C@]12CC[C@H]3[C@H]([C@@H]1CCC2=O)CCC4=CC(=O)C=C[C@]34C
868,CC(C)(CC(=O)O)O
869,C1CCC2(CC1)CC(=O)NC(C(=O)NC(C(=O)NC(C(=O)NC(C(=O)NC(CSS2)C(=O)N3CCCC3C(=O)NC(CCCN=C(N)N)C(=O)NCC(=O)N)CC(=O)N)CCC(=O)N)CC4=CC=CC=C4)CC5=CC=C(C=C5)O
870,C(CC(C(=O)O)N)CC(C(=O)O)N
871,C1=CN(C(=O)N=C1N)[C@@H]2[C@@H]([C@@H]([C@@H](O2)CO)OP(=O)([O-])[O-])O
872,C1=C/C(=C/N=O)/NC=C1
873,[O-]S(=O)(=O)[O-].[Ni+2]
874,CC1=C(C(=O)NO1)C[C@@H](C(=O)O)N
875,C1CCC(C1)N2C3=C(C(=N2)C4=CN=C5C(=C4)C=CN5)C(=NC=N3)N
876,CCCNC(=O)[C@@H]1[C@H](O1)C(=O)N[C@@H]([C@@H](C)CC)C(=O)N2CCC[C@H]2C(=O)OC
877,CC(C)[C@@H](C(=O)NS(=O)(=O)OC[C@@H]1[C@H]([C@H]([C@@H](O1)N2C=NC3=C2N=CN=C3N)O)O)N
878,CCCCCCCCCCC(=O)O[C@H]1CC[C@@H]2[C@@]1(CC[C@H]3[C@H]2CCC4=CC(=O)CC[C@]34C)C
879,CC1(C2CC=C(C1C2)CCO)C
880,N.N.N.N.N.N.O.O.O.O.O.O.O.O.O.O.O.O.O.O.O.O.O.O.O.O.O.O.O.O.[Mo].[Mo].[Mo].[Mo].[Mo].[Mo].[Mo]
881,C1CC(N(C1)C(=O)[C@H](CC2=CC=CC=C2)NC(=O)[C@H](CC(=O)O)NC(=O)CNC(=O)C(CCCN=C(N)N)NC(=O)[C@H](CO)NC(=O)C3=CC=CC=C3N=C(N)N)C(=O)C(CCCCN)NC(=O)C4CCCN4C(=O)[C@H](CC5=CC=CC=C5)NC(=O)[C@H](CC(=O)O)NC(=O)CNC(=O)C(CCCN=C(N)N)NC(=O)[C@H](CO)NC(=O)C6=CC=CC=C6N=C(N)N
882,CC(C)CN(CC(=O)NO)S(=O)(=O)C1=CC=C(C=C1)OC
883,[129IH]
884,CCCCCCCCCCCCCCCC(=O)OC
885,CC[C@@]1(CC[C@H]2[C@H](C1)CC[C@@H]3[C@@]2(CCCC3(C)C)C)C
886,CC(C)N
887,C1=CC2=C(C=C1S(=O)(=O)N)NC(=N2)C3=CSC=N3
888,[11B]
889,[99Mo]
890,CCN1C2=CC3=C4CCCC5=C(NNC5=C4N=C3C=C2C(C1=O)(C)C)C
891,CC(C)CC(C1(CCC1)C2=CC=C(C=C2)Cl)N(C)C
892,CN1C2=C(C=C(C=C2)NS(=O)(=O)C3=CC=CC=C3)N=C1CC4=CC=C(C=C4)C(=N)N
893,C1C(C[C@@H](C([C@H]1OC(=O)/C=C/C2=CC(=C(C=C2)O)O)O)OC(=O)/C=C/C3=CC(=C(C=C3)O)O)(O)C(=O)O
894,CC(=O)N[C@@H]1[C@H]([C@@H]([C@H](O[C@@H]1OP(=O)(O)OP(=O)(O)OC[C@@H]2[C@H]([C@H](C(O2)N3C=CC(=O)NC3=O)O)O)CO)O)O
895,C[C@@H]1CC[C@H](C2=C(CC[C@H]12)C)/C=C(\C)/C(=O)O
896,C1=CC=C2C(=C1)C3=NNC4=CC=CC(=C43)C2=O
897,C[C@H](CCC(=O)O)[C@H]1CC[C@@H]2[C@@]1([C@H](C[C@H]3[C@H]2[C@@H](C[C@H]4[C@@]3(CC[C@H](C4)O)C)O)O)C
898,C[N+](C)(C)C1=CC=CC(=C1)C(C(F)(F)F)(O)O
899,C1=CC2=C(C=C1C(=[NH2+])N)NC(=N2)C(=O)C3=NC4=C(N3)C=C(C=C4)C(=[NH2+])N
900,CCOC(=O)[C@@H]1[C@@H]([C@@H]2C(=C([C@H]1O2)C3=CC=C(C=C3)O)C4=CC=C(C=C4)O)C(=O)OCC
901,CCCC[C@@H](C(=O)C(=O)NC1=CC=NN1)NC(=O)OCC2(CCC2)CC3=CC=C(C=C3)F
902,CC(C)[C@H](NS(=O)(=O)CCC1=CC=CC=C1)P(=O)(C[C@@H](C2=CC=CC(=C2)CN)C(=O)O)O
903,C1=CC2=C3C(=C1)C=CC4=C3C(=CC5=C4[C@H]6[C@H](O6)[C@@H]([C@H]5O)O)C=C2
904,C1CN(CCN1C/C=C/C2=CC=CC=C2)C(C3=CC=C(C=C3)F)C4=CC=C(C=C4)F
905,CC1=C(C=C(C=C1)C(=O)NC2CC2)C3=CC=C(C=C3)C(=O)NCC4CC4
906,C1C[C@@H](NC1)COC2=CC=C(C=C2)C(=O)C3=CC=C(C=C3)C4=CSC=C4
907,CC(C)CCC(C(C)C1CCC2C1(CCC3C2CC=C4C3(CCC(C4)O)C)C)O
908,CCN(CC)CCOC(=O)[C@H]1C(S[C@H]2N1C(=O)[C@H]2NC(=O)CC3=CC=CC=C3)(C)C.I
909,COC1=CC(=CC(=C1OC)OC)[C@H]2[C@H]3[C@H](COC3=O)[C@H](C4=CC5=C(C=C24)OCO5)O
910,[2H]C(=O)[2H]
911,[H+].[H+].[H+].[OH-]
912,C[C@]12CC[C@H]3[C@H]([C@@H]1CC[C@@H]2OS(=O)(=O)N)CCC4=CC(=C(C=C34)OC)OS(=O)(=O)N
913,O.[Ag].[Ag]
914,CC(C)[C@H](CO)NC1=NC2=C(C(=N1)NC3=CC(=CC=C3)Cl)N=CN2C(C)C
915,CCCCCCCCCCCCCC(=O)OC1C(C2(C(C=C(CC3(C2C=C(C3=O)C)O)CO)C4C1(C4(C)C)OC(=O)C)O)C
916,CC1=CC(=CC(=C1)O)C
917,C[C@@H]([C@H](C(=O)O)N)OP(=O)(O)O
918,CC([C@@H]1CC[C@H]([C@H](O1)O[C@@H]2[C@H]([C@@H]([C@@H]([C@H]([C@H]2O)N(C)C(=O)CN)OC)O)N)N)N.OS(=O)(=O)O.OS(=O)(=O)O
919,C=CC(=O)NC1=CC2=C(C=C1)N=CN=C2NC3=CC(=CC=C3)Br
920,CCCCCCCC/C=C\CCCCCCCC(=O)OCC(CO)OC(=O)CCCCCCC/C=C\CCCCCCCC
921,C1CC(NC1)C(=O)O
922,CC12CC[C@H](C[C@@H]1CCC3C2CCC4(C3CCC4C(=O)CO)C)O
923,CC(C)NCC(COC1=CC=C(C=C1)CC(=O)N)O
924,CCCCCCO[C@H]1[C@@H]([C@H]([C@H]([C@H](O1)CO)O)O)O
925,CCCCN=C(N)N=C(N)N
926,C(C(C(C(=O)O)O)O)(C(C(=O)O)O)O
927,CC1=C(C(=O)N2CCCC(C2=N1)O)CCN3CCC(CC3)C4=NOC5=C4C=CC(=C5)F
928,C([C@H]([C@@H]([C@H]([C@H](C(=O)O)O)O)O)O)O
929,CC1=CC(=O)OC2=C1C=CC(=C2)O[C@@H]3[C@@H]([C@H]([C@H]([C@H](O3)CO)O)O)O
930,CC1=NC=C(C(=C1O)C=O)COP(=O)(O)O
931,[Li+].[Li+].[Li+].[Li+].[CH3-]
932,C/C(=C\CNC1=NC=NC2=C1N=CN2[C@H]3[C@@H]([C@@H]([C@H](O3)CO)O)O)/CO
933,CCCCCCCCCC1=CC=C(C=C1)O
934,C1CC1COC2=C(C=CC(=C2)C(=O)NC3=C(C=NC=C3Cl)Cl)OC(F)F
935,C[C@H]/1CC[C@@H]2C[C@H](C[C@@](O2)([C@@H]3CSC(=O)N3)O)OC(=O)/C=C(\CC/C=C1)/C
936,C/C=C(\CC[C@@H](C)[C@H]1CC[C@@H]2[C@@]1(CC[C@H]3[C@H]2CC=C4[C@@]3(CC[C@@H](C4)O)C)C)/C(C)C
937,CC1=NC2=C(N1)CCN(C3=CC=CC=C32)C(=O)C4=CC=C(C=C4)NC(=O)C5=CC=CC=C5C6=CC=CC=C6
938,C1[C@H](CO[C@@H]1CO)O
939,C([C@@H](C(=O)O)N)SS(=O)(=O)O
940,C1=CC=C(C=C1)CC(C(=O)O)NC(=O)C2=CC=CC=C2
941,C1=CC=C2C(=C1)NC=N2
942,C1[C@H]([C@@H]1C2=CC3=C(C=C2)C=C(C=C3)C(=N)N)C4=CC=CC=C4
943,CCS(=O)(=O)O
944,CC(=O)N[C@H]1[C@@H]([C@H]([C@@H](O[C@H]1O)CO)O)O
945,CCC(C)C(C(=O)NC(CC1=CN=CN1)C(=O)N2CCCC2C(=O)NC(CC3=CC=CC=C3)C(=O)O)NC(=O)C(CC4=CC=C(C=C4)O)NC(=O)C(C(C)C)NC(=O)C(CCCN=C(N)N)NC(=O)C(CC(=O)O)N
946,CCC(C)[C@@H](C(=O)N[C@@H](C(C)O)C(=O)N[C@@H](CC(C)C)C(=O)N[C@@H](CC1=CNC2=CC=CC=C21)C(=O)O)NC(=O)[C@H](CCC(=O)N)NC(=O)C3CCCN3C(=O)CCCCCCCCCCCCCCC(=O)N[C@@H](CO)C(=O)N[C@@H](C(C)O)C(=O)N[C@@H](CC(C)C)C(=O)N[C@@H](CC(=O)N)C(=O)N[C@@H](CSSC4=CC(=C(C=C4)[N+](=O)[O-])C(=O)O)C(=O)O
947,C1=CC(=CC=C1C[C@H](C(=O)O)N)Cl
948,CC(=O)[C@H]1CC[C@@H]2[C@@]1(CC(=O)[C@H]3[C@H]2CC[C@@H]4[C@@]3(CC[C@H](C4)O)C)C
949,C1C[C@H]([C@@H](CNC1)NC(=O)C2=CC=C(C=C2)O)OC(=O)C3=CC=C(C=C3)O
950,CN1C2=C(C(=O)N(C1=O)C)NC(=N2)C(CN)N
951,C1=NC2=C(N1)C(=O)NC(=O)N2
952,CC1=C(C2=C(N1C(=O)C3=CC=C(C=C3)Cl)C=CC(=C2)OC)CC(=O)O
953,C([C@H](C(=O)O)OP(=O)(O)O)O
954,C(C(=O)O)N
955,CCCC/C=C\CCCCCCCC(=O)O
956,C[C@]12CCC(=O)C=C1C=C[C@@H]3[C@@H]2CC[C@]4([C@H]3CC[C@@]45CCC(=O)O5)C
957,C[C@@]1(C(=O)N2[C@H](C(=O)N3CCC[C@H]3[C@@]2(O1)O)CC4=CC=CC=C4)NC(=O)[C@@H]5C[C@H]6[C@@H](CC7=CNC8=CC=CC6=C78)N(C5)C
958,CC(C(=O)O)C(=O)O
959,C1CC1C(=O)NC2=CC=CC(=C2)NC3=NC=CC(=N3)NC4=CC=CC(=C4)C(F)(F)F
960,[O-2].[O-2].[O-2].[O-2].[O-2].[O-2].[O-2].[O-2].[O-2].[O-2].[O-2].[O-2].[O-2].[O-2].[O-2].[O-2].[O-2].[O-2].[O-2].[O-2].[O-2].[O-2].[O-2].[O-2].[O-2].[O-2].[O-2].[O-2].[O-2].[O-2].[O-2].[O-2].[O-2].[O-2].[Na+].[Na+].[Na+].[Na+].[Na+].[Na+].[Na+].[Na+].[Na+].[Si+4].[W].[W].[W].[W].[W].[W].[W].[W].[W]
961,CCC(=O)[C@]1([C@@H](C[C@@H]2[C@@]1(C[C@@H]([C@H]3[C@H]2CCC4=CC(=O)C=C[C@]34C)O)C)C)C
962,C(CN)CO
963,CN1CCCCC1CCN2C3=CC=CC=C3SC4=C2C=C(C=C4)SC
964,CC(=O)N[C@@H](CC1=CC=CC=C1)C(=O)N[C@@H](CC2=CC=C(C=C2)C(F)(F)P(=O)(O)O)C(=O)N
965,C(C(CN)O)C(=O)O
966,CC(CCO)O
967,CC12CCC(=O)C=C1CCC3C2C(=O)CC4(C3CCC4C(=O)CO)C
968,[SiH3][SiH3]
969,C([C@H](C(=O)[O-])N)C(=O)O.C([C@@H](C(=O)[O-])N)C(=O)O.[Zn+2]
970,C1CCC(CC1)C(=O)O
971,COCCCCCCCCCCCC(=O)OC[C@@H](COP(=O)(O)OC[C@@H](C(=O)O)N)OC(=O)CCCCCCCCCCCOC
972,CC12CC(C3C(C1CCC2(C(=O)COP(=O)(O)O)O)CCC4=CC(=O)C=CC34C)O
973,CCCCCCCCCCCCCC(=O)OC[C@H](COP(=O)([O-])OCC[N+](C)(C)C)OC(=O)CCCCCCCCCCCNC1=C(C=C(C=C1)[N+](=O)[O-])N=[N+]=[N-]
974,C1[C@H](C[C@@H]([C@H]1CO)O)N2C=NC3=C2NC(=NC3=O)N
975,C1CN(CCC1NCC2=CC=CC=C2O)S(=O)(=O)NC3=CC(=CC=C3)OC4=CC=C(C=C4)F
976,CCCCC/C=C/CC/C=C/CCCCCCC(=O)O
977,CC(CC1=CC=CC=C1)NC2=NC=NC3=C2N=CN3[C@H]4[C@@H]([C@@H]([C@H](O4)CO)O)O
978,CC(C)OC1=CC=CC(=C1)NC(=O)C2=CC(=C(C(=C2)Cl)OCCN)Cl
979,CC[C@H](/C=C/[C@@H](C)[C@H]1CC[C@@H]2[C@@]1(CC[C@H]3C2=CC[C@@H]4[C@@]3(CC[C@@H](C4)O)C)C)C(C)C
980,CCN(CC)CC(=O)NC1=C(C=CC=C1C)C
981,CC(C)CN1C2=C(C(=O)N(C1=O)C)NC=N2
982,C1=CC=C2C(=C1)C(=C(N2)C3=C4C=CC=CC4=NC3=O)NO
983,C[C@H]1[C@H]2[C@H](C[C@@]3([C@@]2(CC[C@]45[C@H]3CC[C@@H]6[C@]4(C5)CC[C@@H](C6(C)C)O)C)C)O[C@]7([C@@H]1OC([C@H]7O)(C)C)O
984,C1CN=C(N1)NC2=C(C=CC=C2Cl)Cl
985,O.[Cu].[Cu]
986,CC(C)(C1=CC=C(C=C1)C(CCCN2CCC(CC2)C(C3=CC=CC=C3)(C4=CC=CC=C4)O)O)C(=O)O
987,CC(=O)NC1=NN=C(S1)S(=O)(=O)N
988,CC1CCCO1
989,[Ho]
990,C[C@H](CC1=CC2=C(C(=C1)C(=O)N)N(CC2)CCCO)NCCOC3=CC=CC=C3OCC(F)(F)F
991,CC[C@H]1CCCCN1CCC(=O)NC2=CC3=C(C=C2)C=C4C=CC(=CC4=N3)NC(=O)CCN5CCCC[C@H]5CC
992,CC1=C(C2=CC3=C(C(=C(N3)C=C4C(=C(C(=N4)C=C5C(=C(C(=N5)C=C1N2)C)CCC(=O)OC)CCC(=O)OC)C)C=C)C)C=C
993,CC1(C2=C(C=CC(=C2)C3=CC=C(N3C)C#N)NC(=S)O1)C
994,[O-]S(=O)(=O)[S-].[O-]S(=O)(=O)[S-].[Na+].[Na+].[Na+].[Au+]
995,C([C@@H]1[C@H]([C@@H]([C@H]([C@H](O1)OC[C@H]([C@H]([C@@H](C(=O)CO)O)O)O)O)O)O)O
996,C([C@H](COP(=O)(O)OCC(COP(=O)(O)OC[C@@H](COC=O)OC=O)O)OC=O)OC=O
997,C[N+](C)(C)CCCCCCCCCC[N+](C)(C)C
998,CCCCCCCCCCCCCC(=O)O[C@@H](CO)COC(=O)CCCCCCCC
999,CN1C(=C(C2=C1C(=O)C=C(C2=O)N3CC3)CO)CCCO
1000,C(CCN)C[C@@H](C(=O)O)N
1001,N.N.N.N.N.N.[Cl-].[Cl-].[Cl-].[Co+3]
1002,C1=CC=C(C=C1)CSC[C@@H](C(=O)O)N
1003,CN(C)C(=NCCC[C@@H](C(=O)O)N)N
1004,C1CCCC(CC1)CC2=CC3=C(S2(=O)=O)C=C(C=C3)OS(=O)(=O)N
1005,COCCOC1=C(C=C2C(=C1)C(=NC=N2)NC3=CC=CC(=C3)C#C)OCCOC
1006,COC1=CC(=CC(=C1)C2=NC(=C(C(=N2)N)CN)C3=C(C=C(C=C3)Cl)Cl)OC
1007,C[C@@H]1C[C@@H]([C@@H]2[C@H]([C@H](C=CC2=C1)C)CC[C@H](C[C@H](CC(=O)O)O)O)O
1008,C12=C(NC(=O)N1)NC(=O)NC2=O
1009,CCCCCCCCCCCCCCCC(=O)O[C@H]1CC[C@@]2([C@H]3CC[C@]4([C@H]([C@@H]3CC=C2C1)CC[C@@H]4[C@H](C)CCCC(C)C)C)C
1010,C1[C@@H]([C@H]([C@@H](N1)CO)O)O
1011,CCCCCCCCCC(=O)O[C@H]1CC[C@@H]2[C@@]1(CC[C@H]3[C@H]2CCC4=CC(=O)CC[C@H]34)C
1012,CCOCCOCCOCCOCCOCCOCC
1013,C1[C@@H]([C@H](O[C@H]1N2C=NC3=C2NC=NC3=O)COP(=O)(O)OP(=O)(O)OP(=O)(O)O)O
1014,CC(C)C1=CC(=C(C)C)CCC1O
1015,CC1=CC(=O)C[C@H]2[C@]1([C@H]3CC[C@]4([C@H]([C@@H]3CC2)CC[C@@H]4O)C)C
1016,CC1=CC(=C(C=C1)C(=O)OC)C2=NC(C(=O)N2)(C)C(C)C
1017,C[Si]C
1018,C[C@@H](/C=C/C=C/C(C)C)C1=NC(=CS1)C2=NC(=CS2)/C=C/[C@@H]([C@@H](C)/C(=C\C(=O)N)/OC)OC
1019,C1=CC2=C3C(=C1)C=CC4=C3C(=CC5=C4[C@@H]6[C@@H](O6)[C@@H]([C@H]5O)O)C=C2
1020,CC(C)C[C@H](CC(=O)NO)C(=O)N[C@@H](CC1=CC=C(C=C1)OC)C(=O)NC
1021,O=[V]=O
1022,CCCCC/C(=C/C/C=C\CCCCCCCC(=O)O)/O
1023,CCC(C)C(=O)O
1024,C[C@H]([C@@H]1CC[C@H]([C@H](O1)O[C@@H]2[C@H](C[C@H]([C@@H]([C@H]2O)O[C@@H]3[C@@H]([C@H]([C@@](CO3)(C)O)NC)O)N)N)N)NC
1025,CC1=CN(C(=O)NC1=O)[C@H]2[C@@H]([C@@H]([C@H](O2)CO)O)O
1026,CCCCCOC1=CC=C(C=C1)C2=CC(=NO2)C3=CC=C(C=C3)C(=O)NC4C[C@@H]([C@H](NC(=O)[C@H]5[C@@H]([C@@H](CN5C(=O)[C@H](NC(=O)[C@H](NC(=O)[C@H]6C[C@@H](CN6C(=O)[C@H](NC4=O)[C@@H](C)O)O)C([C@H](C7=CC(=C(C=C7)O)OS(=O)(=O)O)O)O)[C@H](CC(=O)N)O)C)O)O)O
1027,[Li+].[O-]P(=O)=O
1028,C1CCC(CC1)O
1029,CN1CC[C@]23[C@@H]4[C@@H](CC[C@]2([C@H]1CC5=C3C(=C(C=C5)O)O4)O)F
1030,C1=CC=C2C(=C1)NC(=N2)C3=CSC=N3
1031,C1C[C@H](NC1)C(=O)O
1032,CCN(C1=CC=CC=C1)S(=O)(=O)C2=CC(=C(C=C2)NC(=O)[C@](C)(C(F)(F)F)O)C
1033,CC1=C2C(=NC(=NC2=NC=C1/C=C\C3=C(C=CC(=C3)OC)OC)N)N
1034,CCCC[C@@H](C=O)NC(=O)O[C@H](CC1=CC=CC=C1)C(C)C
1035,[43Ca]
1036,C1CN(CCN1C/C=C/C2=CC=CC=C2)C(C3=CC=CC=C3)C4=CC=CC=C4
1037,C(C(=O)O)(F)F
1038,COC(=O)CN[C@H]1C(=O)NC2=C(C=C(C=C2)Cl)C(=N1)C3=CC=CC=C3Cl
1039,C1=CC=C2C(=C1)C(=O)C(=O)N2
1040,CN(C)C(=O)C(CC[N+]1(CCC(CC1)(C2=CC=C(C=C2)Cl)O)[O-])(C3=CC=CC=C3)C4=CC=CC=C4
1041,CC[C@H](C=O)[C@@H](CNS(=O)(=O)C1=CC=C(C=C1)C)C(=O)O
1042,C1[C@@H](NCC2=C1C=CC(=C2)S(=O)(=O)NC3=CC=C(C=C3)Cl)CO
1043,CCCCCCC(C)(C)C1=CC2=C([C@@H]3CC(=O)CC[C@H]3C(O2)(C)C)C(=C1)O
1044,CCC(C(=O)O)C(=O)O
1045,C1[C@H]([C@@H](C(=O)C[C@]1(C(=O)O)O)O)O
1046,C1=CC(=CC(=C1)Br)C2=CC(=[N+]3C(=N2)C=CN3)NCC4=CC=NC=C4
1047,CC(=CCC[C@@](C)([C@H]1CC[C@@]2([C@@H]1[C@@H](C[C@H]3[C@]2(CC[C@@H]4[C@@]3(CC[C@@H](C4(C)C)O)C)C)O)C)O)C
1048,C(CC(=O)O)C(=O)C(=O)O
1049,[B-](/C=C/CC[C@@H](C(=O)O)N)(O)(O)O
1050,CC(=O)N1CCC[C@H]1C(=O)N[C@@H](CCCN=C([NH3+])N)C(=O)C2=NC3=CC=CC=C3S2.C(=O)(C(F)(F)F)[O-]
1051,CN1CCN2C(C1)C3=CC=CC=C3CC4=CC=CC=C42
1052,CCCCCCCC/C=C\CCCCCCCCOCC(CO)O
1053,CCC1C(=O)N(CC(=O)N([C@@H](C(=O)N[C@@H](C(=O)N([C@@H](C(=O)N[C@@H](C(=O)N[C@@H](C(=O)N([C@H](C(=O)N([C@H](C(=O)N([C@H](C(=O)N([C@H](C(=O)N1)[C@@H]([C@H](C)C/C=C/C)O)C)C(C)C)C)CC(C)C)C)CC(C)C)C)C)C)CC(C)C)C)C(C)C)CC(C)C)C)C
1054,CC(C(=O)O)O.CC(C(=O)O)O.[Zn]
1055,C1=CC(=C2C(=C1N)C(=O)C3=C(C=CC(=C3C2=O)O)O)N
1056,CC(C)C(C1=CC=C(C=C1)Cl)C(=O)OC(C#N)C2=CC(=CC=C2)OC3=CC=CC=C3
1057,Cl[Hg+]
1058,C1=NC2=C(N1)C(=NC=N2)N
1059,CCCCCCC/C=C/C=C/C(=O)N[C@@H]([C@@H](C)O)C(=O)N[C@H]1C[C@H](CCNC(=O)/C=C\[C@@H](NC1=O)C)O
1060,COC1C(OC(C(C1O)O)OC2C(OC(C(C2O)O)OC3C(OC(C(C3O)O)OC)CO)CO)CO
1061,C1=CC=C2C(=C1)C(=O)N[C@@]2(C3=CC(=C(C=C3)Cl)S(=O)(=O)N)O
1062,CC[C@H]1CN2CCC1C[C@@H]2[C@H](C3=C4C=C(C=CC4=NC=C3)OC)O
1063,CC1=C(C=NN1)C2=CC=C(C=C2)CCN
1064,CCCCCCCCCC=O
1065,C[C@@H]1CCN([C@H](C1)C(=O)O)C(=O)[C@H](CCCN=C(N)N)NS(=O)(=O)C2=CC=CC3=C2NC[C@@H](C3)C
1066,CCO
1067,CCCCC1=C(ONC1=O)C[C@H](C(=O)O)N
1068,CC1=CC=CC=C1CNC2=NC=NC3=C2N=CN3C4[C@@H]([C@@H]([C@H](O4)CO)O)O
1069,C[N+](C)(C)C1=CC=C(C=C1)CNC(=O)C2=CC3=C(N2CC4=CC=CC(=C4)C(=N)N)C=CC(=C3)OCC5=CC=CC=C5
1070,CC[C@@H](C)C(=O)O[C@H]1C[C@H](C=C2[C@H]1[C@H]([C@H](C=C2)C)CC[C@H](C[C@H](CC(=O)[O-])O)O)C
1071,C=CC(=O)NC1=CC2=C(C=C1)N=CN=C2NC3=CC=CC=C3
1072,CCCCCCC(C)(C)C1=CC(=C(C=C1)C2CC(CC[C@H]2CCCO)O)O
1073,C1=CC(=C(C=C1[C@H](CN)O)O)O
1074,C1=CC2=C(C=C1[N+](=O)[O-])NN=C2
1075,C[C@H](CCC(=O)OC)[C@H]1CC[C@@]2([C@@]1(CC(=O)[C@H]3[C@H]2C(=O)C[C@@H]4[C@@]3(CC[C@@H](C4(C)C)OC(=O)C)C)C)C
1076,C[C@@H]([C@H](C(=O)O)N)C(=O)O
1077,C1COC(=O)N1
1078,CC(C)(C(Cl)(Cl)Cl)O
1079,CC(C)(C)NCC(C1=CC=CC=C1Cl)O
1080,CC(=O)[C@H]1CCC2[C@@]1(CCC3C2CC[C@H]4[C@@]3(CC[C@@](C4)(C=C)O)C)C
1081,C1[C@@H]([C@H](O[C@H]1N2C=C(C(=O)NC2=O)I)CN)O
1082,CC[C@H](CO)NC1=NC2=C(C=NN2C(=N1)NCC3=CC=CC=C3)C(C)C
1083,CCCCCCCCCCCCCCCC(=O)OC[C@H](COP(=O)(O)O)OC(=O)CCCCCCC[C@H]1C[C@H]1CCCCCC
1084,C1C(C(CSS1)O)O
1085,C[C@@H]1C/C=C/C=C/[C@@H]([C@@H](C[C@@H]([C@@H]([C@H]([C@@H](CC(=O)O1)OC(=O)C)OC)O[C@H]2[C@@H]([C@H]([C@@H]([C@H](O2)C)O[C@H]3C[C@@]([C@H]([C@@H](O3)C)OC(=O)CC(C)C)(C)O)N(C)C)O)CC=O)C)O
1086,CSCC[C@@H](C(=O)NCC(=O)N[C@@H](CC1=CNC2=CC=CC=C21)C(=O)N[C@@H](CCSC)C(=O)N[C@@H](CC(=O)O)C(=O)N[C@@H](CC3=CC=CC=C3)C(=O)N)NC(=O)[C@H](CC4=CC=C(C=C4)OS(=O)(=O)O)N
1087,C1[C@H](O[C@@](O1)(CCC2=CC=C(C=C2)Cl)CN3C=CN=C3)CSC4=CC=CC(=C4)N
1088,CC1=CC(=C(C=C1)C)OC[C@H](CN2CCOCC2)O
1089,CC(C)N1CCN(CC1)C2=CC=C(C=C2)OC[C@H]3CO[C@](O3)(CN4C=NC=N4)C5=C(C=C(C=C5)Cl)Cl
1090,C1=NC2=C(N1C3C(C(C(O3)COP(=O)(O)O)O)O)NC(=NC2=O)N
1091,C1=CC(=CC=C1/C=C/C(=O)O)C(=O)O
1092,C1CC[N+]2(C1)C3CCC2CC(C3)OC(=O)C(C4=CC=CC=C4)(C5=CC=CC=C5)O
1093,CC1CC2C(C(C3(C1C=CC3=O)C)OC(=O)CC(=O)OC4C5C(CC(C6C4(C(=O)C=C6)C)C)OC(=O)C5=C)C(=C)C(=O)O2
1094,COC1=CC=CC(=C1)N2C=CC3=C(S2(=O)=O)SC(=C3)S(=O)(=O)N
1095,CC(=CCC/C(=C/CC/C(=C/CCN(C)CCOP(=O)(O)OP(=O)(O)O)/C)/C)C
1096,C[C@@H]1[C@@H](C(=O)N[C@@H](C(=O)N2CCC[C@H]2C(=O)N(CC(=O)N([C@H](C(=O)O1)C(C)C)C)C)C(C)C)NC(=O)C3=C4C(=C(C=C3)C)OC5=C(C(=O)C(=C(C5=N4)C(=O)N[C@H]6[C@H](OC(=O)[C@@H](N(C(=O)CN(C(=O)[C@@H]7CCCN7C(=O)[C@H](NC6=O)C(C)C)C)C)C(C)C)C)N)C
1097,C(CCC(=O)O)CC(=O)O
1098,CCCCCCCC/C=C\CCCCCCCCO
1099,C1=CC=C(C=C1)NC(=O)C2=C(C=CC(=C2)[N+](=O)[O-])Cl
1100,CCC#N
1101,C1=CC(=C2C(=C1NCCNCCO)C(=O)C3=C(C=CC(=C3C2=O)O)O)NCCNCCO
1102,CC(=O)NCCC1=CNC2=C1C=C(C=C2)O
1103,C1=CC2=C(C(=C(C=C2Cl)I)O)N=C1
1104,CC1=CN(C(=S)NC1=O)[C@H]2[C@@H]([C@@H]([C@H](O2)CO)O)O
1105,CCCCCCCC/C=C/CCCCCCCCCCCC(=O)O
1106,CC/C(=C(/CC)\C1=CC=C(C=C1)O)/C2=CC=C(C=C2)O
1107,C[C@@H]1C[C@@H]([C@H]([C@@H](O1)O)O)N(C)C
1108,[188W]
1109,CCCCC(C)(C)[C@@H](/C=C\[C@@H]1[C@H](CC(=O)[C@H]1CCCC/C=C/C(=O)OC)O)O
1110,CN1C[C@H]2CCCC[C@H]2C[C@H]1C(=O)O
1111,C1=C(C=C(C(=C1Cl)O)Cl)C2=CC(=C(C(=C2)Cl)O)Cl
1112,C1=COC(=C1)CNC2=NC=NC3=C2N=CN3C4[C@@H]([C@@H]([C@H](O4)CO)O)O
1113,CCCCCC(/C=C/[C@H]1[C@@H](C[C@@H]([C@@H]1CC(=O)CCCCC(=O)O)O)O)O
1114,CC12C3=CC=CC=C3C[C@@H](N1)C4=CC=CC=C24
1115,CC1=CN(C(=O)NC1=O)[C@@H]2C[C@H]([C@@H](O2)[C@H](C)O)N
1116,CC(C)CCOP(=O)(O)OP(=O)(O)O
1117,COP(=O)(OC)OC
1118,C1=CC(=C(C2=C1C(=O)C3=C(C=CC(=C3C2=O)O)O)O)O
1119,[C@H]([C@@H]([C@H](C(=O)O)O)O)([C@H](C(=O)O)O)O
1120,C1[C@@H]([C@H](O[C@H]1N2C=CC(=O)NC2=O)COP(=O)(NP(=O)(O)O)O)O
1121,C1[C@@H]([C@H](CSS1)O)O
1122,C[C@]12CC[C@H](C[C@@H]1CCC3C2CC[C@]4(C3CC[C@@H]4C(=O)CO)C)O
1123,CC(C(=O)O)C(=O)SCCNC(=O)CCNC(=O)C(C(C)(C)COP(=O)(O)OP(=O)(O)OC[C@@H]1[C@H]([C@H]([C@@H](O1)N2C=NC3=C2N=CN=C3N)O)OP(=O)(O)O)O
1124,[O-]P(=O)([O-])OP(=O)([O-])[O-].[K+].[K+].[K+].[K+]
1125,C[C@@]1(C(=O)N(C(=O)O1)NC2=CC=CC=C2)C3=C(C=C(C=C3)F)F
1126,CN1[C@H]2CC(C[C@H]1[C@H]3[C@H]2O3)OC(=O)[C@H](CO)C4=CC=CC=C4
1127,CC(CN1C2=CC=CC=C2SC3=CC=CC=C31)N(C)C
1128,CC1=C(C2=C(C3(CC3)[C@](C(=O)C2=C1)(C)O)C)CO
1129,C[C@]12CC[C@H]3[C@H]([C@@H]1CCC2=O)CC[C@@H]4[C@@]3(C=CC(=O)C4)C
1130,CN1CCOCC1
1131,C[C@@]1([C@H]2C[C@H]3[C@H](C(=O)/C(=C(\N)/O)/C(=O)[C@]3(C(=O)C2=C(C4=C1C=CC=C4O)O)O)N(C)C)O.Cl
1132,CC1=CC(=CC=C1)OC(=O)CC2=C(N(C3=C2C=C(C=C3)OC)C(=O)C4=CC=C(C=C4)Cl)C
1133,CCN(CC)C(=S)SSC(=S)N(CC)CC
1134,CCCCCC(=O)CC[C@H]1[C@@H](CC(=O)[C@@H]1C/C=C\CCCC(=O)O)O
1135,[44Ca]
1136,[OH-].[OH-].[OH-].[OH-].[Ir]
1137,C(C(C(=O)[O-])[O-])(C(=O)[O-])[O-].C(C(C(=O)[O-])[O-])(C(=O)[O-])[O-].[K+].[K+].[Sb+3].[Sb+3]
1138,C(CCNCCCN)CNCCCN
1139,CNCCC1=CC=C(C=C1)O
1140,C([C@H]([C@@H]([C@@H](C(=O)CO)O)O)O)O
1141,CCCCN1C(=NC2=C1N=C(N=C2N)F)CC3=CC4=C(C=C3)OCO4
1142,C1=CC=C(C=C1)CCC2=CC=CC=C2
1143,C1=CC(=C(C(=C1)F)S(=O)(=O)N)F
1144,C1=CC=C(C=C1)C(=O)NO
1145,CCCCCCCC/C=C\CCCCCCCCCCCC(=O)O
1146,CN(C)CCC1=CC=C(C=C1)O
1147,C1=CNC2=CC(=C(C=C21)O)O
1148,CCCCCCCCCCCCCCCCCCO
1149,C1=NC2=C(C(=N1)N)N=CN2C3C(C(C(O3)COP(=O)(O)OP(=O)(O)OP(=O)(O)O)O)O
1150,C[C@@H]([C@H](C1=CC=CC=C1)O)NC
1151,CCCCCCCCCCCCCCCCCC(=O)OC[C@H](COP(=O)(O)O[C@@H]1[C@@H]([C@@H]([C@H]([C@@H]([C@H]1O)OP(=O)(O)O)OP(=O)(O)O)O)O)OC(=O)CCC/C=C\C/C=C\C/C=C\C/C=C\CCCCC
1152,C[C@@H]1C[C@@H]2[C@@H](C2(C)C)[C@H]3C=C([C@H]([C@]4([C@@]1(C3=O)C=C([C@@H]4O)C)O)O)CO
1153,C1CC[C@@H]([C@@H](C1)CCP(=O)(O)O)C[C@H](C(=O)O)N
1154,CCCCN1C[C@@H]([C@H]([C@@H]([C@H]1CO)O)O)O
1155,C(CC(=O)O)[C@H](C(=O)O)O
1156,CC(=O)C1CCC2[C@@]1(CC(C3C2CCC4=CC(=O)CC[C@]34C)O)C
1157,[O-][33P](=O)([O-])[O-]
1158,C[C@H]1C[C@H]2[C@@H]3CCC4=CC(=O)C=C[C@@]4([C@H]3C(=O)C[C@@]2([C@]1(C(=O)CO)O)C)C
1159,[C-]#[NH+]
1160,CCCCC[C@@H](/C=C/[C@H]1[C@@H](C[C@@H]([C@@H]1CCCCCCC(=O)O)O)O)O
1161,CC1=C[C@@H]2[C@](CC1)([C@]3([C@@H]([C@H]([C@H]([C@]34CO4)O2)O)OC(=O)C)C)COC(=O)C
1162,CCCCCCCCCCCCCC(=O)OC[C@H](COP(=O)(O)OCCN)OC(=O)CCCCCCCCCCCCC
1163,C1=CC=C(C(=C1)C=O)C=O
1164,CCCCCO
1165,C[C@@H]1CC[C@@]2(CC[C@@]3(C(=CC(=O)[C@H]4[C@]3(CC[C@@H]5[C@@]4(CC[C@H]([C@]5(C)C(=O)O)OC(=O)C)C)C)[C@@H]2[C@H]1C)C)C
1166,C[C@]12CC[C@H]3[C@H]([C@@H]1CC[C@]2(C#C)O)CCC4=CC(=O)CC[C@H]34
1167,C[C@]12CC[C@H]3[C@H]([C@@H]1CC[C@@H]2C(=O)O)CCC4=CC(=O)CC[C@]34C
1168,C[C@H](CCC(=O)NCCS(=O)(=O)O)C1CCC2[C@@]1(CCC3C2[C@@H](CC4[C@@]3(CC[C@H](C4)O)C)O)C
1169,CCCC1=NN(C2=C1NC(=NC2=O)C3=C(C=CC(=C3)S(=O)(=O)N4CCN(CC4)C)OCC)C
1170,C1CN=C(N1)CC2=CC=CC3=CC=CC=C32
1171,CCC1=C(C=CC(=C1)CCN)O
1172,CC1C(C(CC(O1)OC2CCC3(C(C2)CCC4C3CC(C5(C4(CCC5C6=CC(=O)OC6)O)C)O)C)O)OC7CC(C(C(O7)C)OC8CC(C(C(O8)C)OC9C(C(C(C(O9)CO)O)O)O)OC(=O)C)O
1173,COC1=CC(=CC(=C1OC)OC)NC2=NC=C3C=CN(C3=N2)C4=CC=CC=N4
1174,C[C@H]1[C@@H]([C@H]([C@H]([C@H](O1)OP(=O)(N[C@H](CC(C)C)C(=O)N[C@@H](CC2=CNC3=CC=CC=C32)C(=O)O)O)O)O)O
1175,[O-]S(=O)(=O)[O-].[Zn+2]
1176,C[C@]12CC[C@](C[C@H]1C3=CC(=O)[C@@H]4[C@]5(CC[C@@H](C(C5CC[C@]4([C@@]3(CC2)C)C)(C)C)O)C)(C)C(=O)O
1177,C1=COC(=C1)CNC2=CC(=C(C=C2C(=O)O)S(=O)(=O)N)Cl
1178,CC(=O)CC(=O)C
1179,CC[C@H](C)[C@@H](C(=O)N[C@@H](C)C(=O)O)NC(=O)[C@@H]1[C@H](O1)C(=O)OCC
1180,C1=CC=C(C=C1)COC2=CC=C(C=C2)NC(=O)CC[C@@H](C(=O)O)N
1181,C1=CC(=CC=C1CCN)S(=O)(=O)F
1182,[125Sb]
1183,C1[C@H]([C@@H]([C@H]([C@@H]([C@H]1N)O[C@@H]2[C@@H]([C@H]([C@@H]([C@H](O2)CN)O)O)N)O[C@H]3[C@@H]([C@@H]([C@H](O3)CO)OC4[C@@H]([C@H]([C@@H]([C@@H](O4)CN)O)O)N)O)O)N.OS(=O)(=O)O
1184,CCCCCC1=CC2=C([C@@H]3C=C(CC[C@H]3C(O2)(C)C)C)C(=C1)O
1185,COC1=C(C=C2C(=C1)C(=NC(=N2)N3CCN(CC3)C(=O)C4CCCO4)N)OC
1186,C([C@H]([C@@H]([C@@H]([C@H](C=O)N)O)O)O)O.Cl
1187,CC(=O)O[C@]1(CC[C@@H]2[C@@]1(CC[C@H]3[C@H]2CCC4=CC(=O)CCC34)C)C#C.C[C@]12CC[C@H]3[C@H]([C@@H]1CC[C@]2(C#C)O)CCC4=C3C=CC(=C4)O
1188,C[C@H]1[C@@H]2CCC3=C([C@]2(CC[C@@H]1O)C)CC[C@]4([C@]3(CC[C@@H]4[C@H](C)CCC(=C)C(C)C)C)C
1189,O.O.[Zn]
1190,CCCCCCCC/C=C\CCCCCCCC(=O)SCCNC(=O)CCNC(=O)[C@@H](C(C)(C)COP(=O)(O)OP(=O)(O)OC[C@@H]1[C@H]([C@H]([C@@H](O1)N2C=NC3=C2N=CN=C3N)O)OP(=O)(O)O)O
1191,CCCCCCCC(=O)OC[C@@H]1[C@H]([C@@H]([C@](O1)(CO)O[C@@H]2[C@@H]([C@H]([C@@H]([C@H](O2)CO)O)O)O)O)O
1192,CCNC(=O)[C@@H]1[C@H]([C@H](C(O1)N2C=NC3=C2N=C(N=C3N)NCCC4=CC=C(C=C4)CCC(=O)O)O)O
1193,C1C[C@](C[C@H]1C(=O)O)(C(=O)O)N
1194,CC(=O)[C@H]1CC[C@@H]2[C@@]1(CC[C@@H]3[C@H]2CCC4=CC(=O)CC[C@@]34C)C
1195,CCCN(CCC)CCC1=C2CC(=O)NC2=CC=C1
1196,C[C@@H](CC1=CC2=C(C=C1)OCO2)NC
1197,CC#CC1=CN(C(=O)NC1=O)[C@H]2C[C@@H]([C@H](O2)CO)O
1198,CC(=O)CC(=O)CC(=O)O
1199,CC1=C(C=C(C=C1)C(=O)NC2CC2)C3=CC4=CN=C(N=C4C=C3)NCCN5CCOCC5
1200,[F-].[F-].[Ca+2]
1201,CN1C=C(C2=C1C=CC(=C2)F)C3=C(C(=O)NC3=O)C4=CC(=CC=C4)NC[C@@H](CO)O
1202,C1COCCN1C2=CC(=O)C3=C(O2)C(=CC=C3)C4=CC=CC=C4
1203,C=CCCNC1=NN=C(CS1)C2=CC=C(C=C2)Cl
1204,C([C@@H](C(=O)O)N=C(N)N)C(=O)O
1205,C1[C@@H](CN[C@@H]1C(=O)O)O
1206,CC(=O)[C@H]1CC[C@@H]2[C@@]1(CC[C@H]3[C@H]2CCC4=CC(=O)CC[C@]34C)C
1207,C(C(C(=O)O)F)[NH3+].[Cl-]
1208,C1=NC2=C(C(=N1)N)N=CN2[C@H]3[C@@H]([C@@H]([C@@H](O3)CN)O)O
1209,CC1=CC=CC(=N1)C2=NC3=CC=CC=C3C(=N2)NC4=CC5=C(C=C4)NN=C5
1210,C[C@]12CCC(=O)C=C1CC[C@@H]3[C@@H]2CC[C@]4([C@H]3CC[C@@H]4C(=O)CO)CO
1211,C#CC(CCC(=O)O)N
1212,C[C@@H]1[C@H]([C@H](O[C@@H]1C2=CC(=C(C=C2)OC(C)C(C3=CC(=C(C=C3)OC)OC)O)OC)C4=CC(=C(C=C4)OC(C)C(C5=CC(=C(C=C5)OC)OC)O)OC)C
1213,C1CCC(CC1)NC2=NC=NC3=C2N=CN3C4[C@@H]([C@@H](C(O4)CO)O)O
1214,C1CCC(C1)NC2=NC=NC3=C2N=CN3[C@H]4C([C@H]([C@H](O4)CO)O)O
1215,CC(C)CC(C(=O)O)N
1216,CC1=C(C=C(C=C1)O)NC2=C3C=CC(=CC3=NC=C2)C4=CSC(=N4)C=O
1217,C1[C@@H]([C@H](O[C@H]1N2C=CC(=O)NC2=O)COP(=O)(O)O)O
1218,CC(=O)N=C1N(N=C(S1)S(=O)(=O)N)C
1219,C[C@H]1/C=C/C=C/C=C/C=C/C=C/C=C/C=C/[C@@H](C[C@@H]2[C@@H]([C@H](C[C@](O2)(C[C@H](C[C@H]([C@@H](CC[C@H](C[C@H](CC(=O)O[C@H]([C@@H]([C@@H]1O)C)C)O)O)O)O)O)O)O)C(=O)O)O[C@H]3[C@H]([C@H]([C@@H]([C@H](O3)C)O)N)O
1220,CCC(=O)O[C@@]1(CC[C@@H]2[C@@]1(C[C@@H]([C@H]3[C@H]2C[C@@H](C4=CC(=O)C=C[C@]34C)C)O)C)C(=O)COC(=O)C
1221,C[C@@H]1C[C@H]2[C@@H]3CCC4=CC(=O)C=C[C@@]4([C@]3([C@H](C[C@@]2([C@H]1C(=O)CO)C)O)F)C
1222,C[C@]12CC[C@H](C[C@H]1CC[C@@H]3[C@@H]2CC[C@]4([C@H]3CCC4=O)C)O
1223,COC1=C(C=C2C(=C1)C(=NC(=N2)N3CCN(CC3)C(=O)C4COC5=CC=CC=C5O4)N)OC
1224,C1CC[C@H]([C@H](C1)CCP(=O)(O)O)C[C@@H](C(=O)O)N
1225,COC1=CC=CC(=C1)C(=O)N
1226,CC(=O)CC(=O)O
1227,CC1=NC(=O)C2=C(N1)CCSC2
1228,C[C@H]1CC[C@]2(C(C1(C)C)CCC3=C2CC[C@]4([C@]3(CC[C@@H]4[C@H](C)CCC(=C)C(C)C)C)C)C
1229,C1=CC(=C(C=C1C2=C(C=C(C=C2)Cl)Cl)C(=O)O)O
1230,[205Pb]
1231,C1CCC(C1)NC2=NC=NC3=C2N=CN3C4[C@H]([C@H]([C@H](O4)CO)O)O
1232,[O-]S(=O)(=O)[O-].[Tl+].[Tl+]
1233,CC(=O)OCC(=O)[C@]1([C@@H](C[C@@H]2[C@@]1(C[C@@H]([C@]3([C@H]2CCC4=CC(=O)C=C[C@@]43C)F)O)C)OC(=O)C)O
1234,CCCCCC1=CC=C(C=C1)C(=O)NC2=CC=C(C=C2)S(=O)(=O)N(CCN3CCOCC3)[C@H](C(C)C)C(=O)NO
1235,C[C@]12CC[C@H]3[C@H]([C@@H]1CC[C@@H]2O)CCC4=CC(=O)CC[C@]34C
1236,CCCC1(CCC1)[C@@H](C/C=C/[C@H]2[C@@H](CC(=O)[C@@H]2CCCCCCC(=O)OC)O)O
1237,C[C@@H]1O[C@@H](CS1)C[N+](C)(C)C
1238,C1=C(C(=O)NC(=O)N1[C@H]2[C@H]([C@@H]([C@H](O2)CO)O)F)I
1239,C[C@]12CCC3=C([C@@H]1CC[C@@]2(C)O)C=CC4=C3C=CC(=C4)O
1240,C/C=C/C1=CC=C(C=C1)OC.C[C@H]1[C@@H]([C@H]([C@H]([C@@H](O1)OCC2[C@H]([C@@H]([C@@H]([C@@H](O2)O)O)O)O)O)O)O.C1=CC=C2C(=C1)C=CC(=O)O2.C1=CC(=C(C=C1C2=C(C(=O)C3=C(C=C(C=C3O2)O)O)O)O)O
1241,C.C.C.C.C.C.O.O.O.O.O.O.O
1242,CC(C1C(C(C(C(O1)OC2C(CC(C(C2O)OC3C(C(C(CO3)O)NC)O)N)N)N)O)O)O
1243,CC(=O)O[C@@H]1[C@@H](SC2=CC=CC=C2N(C1=O)CCN(C)C)C3=CC=C(C=C3)OC
1244,C(=O)C(=O)O
1245,[2H]C([2H])[2H]
1246,CC(C)C[C@@H](C(=O)O)NC(=O)[C@H]([C@H](CC1=CC=CC=C1)N)O
1247,C1=CC=C(C=C1)O
1248,C1=C(C2=C(N1[C@H]3[C@@H]([C@@H]([C@H](O3)CO)O)O)N=CN=C2N)I
1249,C1=CC2=C(NOC2=CC1=O)C3=CC(=C(C=C3O)O)Br
1250,CC1=CC=CC(=C1N(CC2=CN=CC=C2)S(=O)(=O)C3=CC=C(C=C3)OC)C(=O)NO
1251,CC[C@H](C)C(=O)O[C@H]1C[C@H](C=C2[C@H]1[C@H]([C@H](C=C2)C)CC[C@@H]3C[C@H](CC(=O)O3)O)C
1252,C1CCC(CC1)C[C@H](C(=O)N2CCC[C@H]2C(=O)NCC3=CC(=CC=C3)Cl)N
1253,C[N+](C)(C)C.OP(=O)(O)[O-]
1254,CC/C(=C(/C1=CC=CC=C1)\C2=CC=C(C=C2)OCCN(C)C)/C3=CC=CC=C3
1255,CC1=CC=C(C=C1)C(=O)NC2=CC(=CC(=C2)C(=O)N(C)C)C3=CC=C(C=C3)C(=O)NO
1256,[23Na]
1257,CC(C1=CC=CC=C1)O
1258,CNC[C@H](C1=CC(=C(C=C1)O)O)O
1259,C[C@H]1[C@@H]([C@@H](CC(O1)O)O)O
1260,CC(C)(C)C1=C(C(=NS1)[O-])C[C@@H](C(=O)O)[NH3+]
1261,C1C(=O)NS(=O)(=O)N1C2=CC=CC=C2
1262,C1C2C(C(C(O2)N3C=NC4=C3N=CN(C4=N)O)O)OP(=O)(O1)[O-]
1263,C[C@H](CCCC(C)C)[C@H]1CC[C@@H]2[C@@]1(CC[C@H]3[C@H]2C(=O)C=C4[C@@]3(CC[C@@H](C4)O)C)C
1264,O.O.O.[Co]
1265,C1CCC(CC1)NC(=O)NC2=CC=C(C=C2)I
1266,C1=CC=C(C=C1)C2=NN3C=CC=CC3=C2C4=CC5=C(NN=C5N=N4)N
1267,CC(C)(C)C1=CC(=NN1)NC(=O)NC2=CC(=C(C=C2)Cl)COC3=CN=CC=C3
1268,CN1C2=C(C(=N1)C3=CC4=CC=CC=C4C=C3)C(=NC=N2)N
1269,C([C@@H]1[C@H]([C@@H]([C@H]([C@@H](O1)O[C@@H]2[C@H](O[C@H]([C@@H]([C@H]2O)O)O[C@@H]3[C@H](OC([C@@H]([C@H]3O)F)[O-])CO)CO)O)O)O)O
1270,CCC(=O)C(CC(C)N(C)C)(C1=CC=CC=C1)C2=CC=CC=C2
1271,CCCCCCCCCCCO
1272,CN(CC1=C(C=CC(=C1)OC)OC)C2=CN=C3C(=C2)C(=NC(=N3)N)N
1273,C1C2=CC(=CC(=C2OCO1)CN3C4=CC=CC(=C4/C(=N/O)/C3=O)C5=CC=CC=C5)F
1274,CC1([C@H]([C@H]1C(=O)OC(C#N)C2=CC(=CC=C2)OC3=CC=CC=C3)C=C(Cl)Cl)C
1275,C1=CC2=C(C=C1C(=[NH2+])N)NC(=N2)CC3=NC4=C(N3)C=C(C=C4)C(=[NH2+])N
1276,C[C@H](CCC(=O)NCC(=O)O)C1CCC2[C@@]1(CCC3C2[C@@H](CC4[C@@]3(CC[C@H](C4)O)C)O)C
1277,C[C@H](C(C)(C)C)O[P@H](=O)C
1278,CN(C)CCC1=CC(=C(C2=C1C=CC3=CC=CC=C32)OC)OC
1279,C[C@@H]1C[C@@H]2[C@H]([C@@H]([C@]3([C@H]1C=CC3=O)C)OC(=O)C)C(=C)C(=O)O2
1280,CC(=O)[O-].CC(=O)[O-].[Co+2]
1281,CC1=C(SC(=N1)C)C2=NC(=NC=C2)NC3=CC=C(C=C3)C(F)(F)F
1282,CC(C)(C(=O)O)NC
1283,CCCCC(C(=O)NC1CC(=O)NCCCCC(NC(=O)C(NC(=O)C(NC(=O)C(NC(=O)C(NC1=O)CC2=CN=CN2)CC3=CC=CC=C3)CCCN=C(N)N)CC4=CNC5=CC=CC=C54)C(=O)N)NC(=O)C
1284,CC1=CC(=CC(=C1CC2=NCCN2)C)C(C)(C)C
1285,C1=CC=C2C(=C1)C(=CN2)C[C@@H](C(=O)O)N
1286,C1=C([C@H]([C@@H]([C@H](O1)CO)O)O)O
1287,C.[Ti]
1288,CC(OC(=O)C)OC(=O)C1=C(CS[C@H]2N1C(=O)[C@H]2NC(=O)/C(=N\OC)/C3=CC=CO3)COC(=O)N
1289,C1CC(=O)C[C@H]1O
1290,C1CC1CN2CC[C@]34[C@@H]5C(=O)CC[C@]3([C@H]2CC6=C4C(=C(C=C6)O)O5)O
1291,CCCC1=C(C=C(C=C1)NC(=O)C2=CC=CC=C2NCC3=CNC(=O)C=C3)C(F)(F)F
1292,CC1=CN(C(=O)NC1=O)[C@H]2C[C@@H]([C@H](O2)CO)N=[N+]=[N-].C1[C@H](O[C@H](S1)CO)N2C=CC(=NC2=O)N
1293,CCCCCCCCO[C@H]1[C@H](C([C@@H](C(O1)CO)O)O)O
1294,C(C[NH+]=C(N)N)CO
1295,CCC(=O)N(C1=CC=CC=C1)C2(CCN(CC2)CCC3=CC=CS3)COC
1296,CC(=C)[C@@H]1CC[C@]2([C@H]1[C@H]3CC[C@@H]4[C@]5(CC[C@@H](C([C@@H]5CC[C@]4([C@@]3(CC2)C)C)(C)C)O)C)C
1297,CC(C)C(=O)OC[C@@H]1[C@H]([C@@H]([C@](O1)(COC(=O)C)O[C@@H]2[C@@H]([C@H]([C@@H]([C@H](O2)COC(=O)C)OC(=O)C(C)C)OC(=O)C(C)C)OC(=O)C(C)C)OC(=O)C(C)C)OC(=O)C(C)C
1298,CNCCC=C1C2=CC=CC=C2CCC3=CC=CC=C31
1299,C(C(C(=O)[O-])[O-])(C(=O)[O-])[O-].C(C(C(=O)[O-])[O-])(C(=O)[O-])[O-].[Sb+3].[Sb+3]
1300,CC1=CC(=C(C=C1)O)O
1301,CCN(CC)CCC1=CNC2=CC=CC=C21
1302,CC1=NC2=CC=CC=C2C(=C1)COC3=CC=C(C=C3)[C@@]4(CCN(C4=O)[C@H](C)C(=O)NO)C
1303,[H-].[Li+]
1304,CC1=C(C(=CC=C1)C)NC2=NC=C(N3C2=CN=C3)C4=CC=CC=C4
1305,CC1C2(C(=O)OC3(C(C4=C(C5(CCC4(C2(C3=C)C(=O)O1)C)C=CC(=O)OC5(C)C)C)OC(=O)C)C)O
1306,CN(C1CCC(CC1)C2=CC=C(C=C2)CN3CCCCC3)C(=O)OC4=CC=C(C=C4)Cl
1307,CC(C)(C1=CC=CC=C1CC[C@H](C2=CC=CC(=C2)/C=C/C3=NC4=C(C=CC(=C4)Cl)C=C3)SCC5(CC5)CC(=O)O)O
1308,C1=CC2=C(N=C1)SC(=C2OCC(=O)O)C(=O)O
1309,CNCC(=O)C1=CC(=C(C=C1)O)O
1310,CCCCC(C)(C/C=C/[C@H]1[C@@H](CC(=O)[C@@H]1CC/C=C\CCC(=O)OC)O)O
1311,[60Fe]
1312,C[C@H](CC1=C(C=CC(=C1)OC)OC)N
1313,CCN(CC)C(C)OC(=O)C1=CC=CC=C1OC(=O)C
1314,C1CCCC(CCC1)NCC(=O)N2CCC[C@H]2C(=O)NCC3=CC=C(C=C3)C(=N)N
1315,C1=C(C(=C(C(=C1I)NC(=O)CCCCC(=O)NC2=C(C=C(C(=C2I)C(=O)O)I)I)I)C(=O)O)I
1316,CCN(CC)CCOC(=O)C1(CCCCC1)C2CCCCC2
1317,CC(C)[C@@H]1CC[C@]2([C@H]1[C@H]3CC[C@@H]4[C@]5(CCCC([C@@H]5CC[C@]4([C@@]3(CC2)C)C)(C)C)C)C
1318,CC(=O)N[C@@H]1[C@H]([C@@H]([C@H](OC1=O)CO)O)O
1319,CCCCCCC(C/C=C\CCCCCCCC(=O)[O-])O
1320,C1=CC(=CC=C1[C@@H](CN)O)O
1321,CO/C=C(\C1=CC=CC=C1/C=C/C2=CC=CC=C2)/C(=O)OC
1322,CN1[C@@H]2CCC[C@H]1CC2
1323,C1=CC(=CC(=C1)Cl)C(=O)O
1324,CC1=CCC(C=C1)C(C)C
1325,CC(C(=O)NCC(=O)N(C)C(CC1=CC=CC=C1)C(=O)NCCO)NC(=O)C(CC2=CC=C(C=C2)O)N
1326,C(CCCN)CCCNC(N)N
1327,C([C@@H]1[C@@H]([C@@H]([C@H]([C@@H](O1)O[C@H]([C@@H](CO)O)[C@@H]([C@H](C(=O)O)O)O)O)O)O)O
1328,C[C@H](CCCCN1C(=O)C2=C(N=CN2C)N(C1=O)C)O
1329,C[C@H]([C@@H](C(=O)N[C@@H](CC(C)C)C(=O)N[C@@H](CC(=O)N)C(=O)N[C@@H](CO)C(=O)N[C@@H](C)C(=O)NCC(=O)N[C@@H](CC1=CC=C(C=C1)O)C(=O)N[C@@H](CC(C)C)C(=O)N[C@@H](CC(C)C)C(=O)NCC(=O)N2CCC[C@H]2C(=O)N[C@@H](CCC(=O)N)C(=O)N[C@@H](CCC(=O)N)C(=O)N[C@@H](CC3=CC=CC=C3)C(=O)N[C@@H](CC4=CC=CC=C4)C(=O)NCC(=O)N[C@@H](CC(C)C)C(=O)N[C@@H](CCSC)C(=O)N)NC(=O)[C@H](CC5=CNC6=CC=CC=C65)NC(=O)CN)O
1330,C[C@@]12CCC[C@@]([C@H]1CC[C@]34[C@H]2CC[C@H](C3)C(=C)C4)(C)C(=O)O
1331,CC1([C@@H](N2[C@H](S1(=O)=O)CC2=O)C(=O)O)C
1332,CC[C@]1(CC[C@@H](O1)[C@@]2(CC[C@@]3(O2)C[C@@H]([C@H]([C@H](O3)[C@@H](C)[C@H]([C@H](C)C(=O)O)OC)C)O)C)[C@H]4[C@H](C[C@@H](O4)[C@@H]5[C@H](C[C@H]([C@@](O5)(CO)O)C)C)C
1333,C1=CC=C(C(=C1)O)O
1334,O.O.[O-]S(=O)(=O)[O-].[Ca+2]
1335,CC(C(C(C(C=O)O)O)O)O
1336,CCCCCCCC/C=C\CCCCCCCC(=O)OC[C@@H](CO)O
1337,B([C@H](CC(C)C)NC(=O)[C@H](CC1=CC=CC=C1)NC(=O)C2=NC=CN=C2)(O)O
1338,C1C[C@@H]2[C@H](C[C@H]1N2)C3=CN=C(C=C3)Cl
1339,CN1CCC[C@H]1CCN2C=C(C3=CC=CC=C32)C4=C(C(=O)NC4=O)C5=CNC6=CC=CC=C65
1340,C/C=C(/C(=O)O)\N
1341,CC(=C)[C@@H]1[C@@H]2[C@@H]3[C@@]4([C@]([C@H]1C(=O)O2)(C[C@@H]5[C@]4(O5)C(=O)O3)O)C
1342,C1=CC2=C(C(=C1)OP(=O)(O)O)N=C(C=C2)C#N
1343,CC[C@@]1(CC2=CC=CC=C2O1)C3=NCCN3
1344,C[C@H]([C@@H](C1=NC=C(C=C1)O)O)[C@@H](C(=O)N[C@@H]([C@@H]2[C@H]([C@H]([C@@H](O2)N3C=CC(=O)NC3=O)O)O)C(=O)O)N
1345,COC1=CC=C(C=C1)S(=O)(=O)N2CN(C(=O)C[C@@H]2C(=O)NO)CC3=CC=CC=C3
1346,CC(C)(C)CN
1347,CC(C)N1C2=C(C(=N1)C3=CC4=C(C=C3)N=CC=C4)C(=NC=N2)N
1348,C(C(C(=O)O)S)(C(=O)O)S
1349,C[C@@H]1C2[C@H](C3[C@@H](C(=O)/C(=C(\N)/O)/C(=O)[C@]3(C(=O)C2=C(C4=C1C=CC=C4O)O)O)N(C)C)O
1350,CCCCCCCCCCCCCCCCCCCCCC(=O)O
1351,C1=CC(=CC=C1C(C(F)(F)F)(C(F)(F)F)O)NCC(F)(F)F
1352,C1CN(CCN1CCCN2C3=CC=CC=C3C=CC4=CC=CC=C42)CCO
1353,C([C@@H]1[C@H]([C@@H]([C@H]([C@H](O1)OC[C@H]([C@H]([C@@H](C(CO)O)O)O)O)O)O)O)O
1354,CN(C)CC(C1=CC=C(C=C1)OC)C2(CCCCC2)O
1355,CC1=C(C=C(C(=O)N1)C#N)C2=CC=NC=C2
1356,C(CCN)C[C@@H](C(=O)N[C@@H](CCCCN)C(=O)O)N
1357,CC(CC1=CC=CC=C1)N(C)CC2=CC=CC=C2
1358,CCC[C@@H](C(=O)C(=O)NC1CC1)NC(=O)[C@@H]2[C@H]3CCC[C@H]3CN2C(=O)[C@H](C(C)(C)C)NC(=O)[C@H](C4CCCCC4)NC(=O)C5=NC=CN=C5
1359,CCC1=CNC(=O)NC1=O
1360,CC/C=C\C/C=C\C/C=C\C/C=C\CCCCCCC(=O)O
1361,C[C@]12CC[C@H]3[C@H]([C@@H]1CCC2=O)CC(=C)C4=CC(=O)C=C[C@]34C
1362,C1=NC2=C(C(=N1)N)N=CN2[C@H]3[C@@H]([C@@H]([C@H](O3)COP(=O)([O-])OP(=O)([O-])OC4[C@@H]([C@H]([C@@H]([C@H](O4)CO)O)O)O)O)O.[Na+].[Na+]
1363,CC(C)(CC1=CC=C(C=C1)Cl)N
1364,C(C[C@@H](C(=O)O)N)CN
1365,C(=O)([O-])[O-].[Ag+].[Ag+]
1366,C(CSSCCO)O
1367,CC1=C(N(C(=C1)CC(=O)O)C)C(=O)C2=CC=C(C=C2)Cl
1368,CC(=O)N[C@@H]1[C@H]([C@@H]([C@H](O[C@H]1O[C@@H]2[C@H](OC([C@@H]([C@H]2O)NC(=O)C)O)CO)CO)O[C@H]3[C@H]([C@H]([C@@H]([C@H](O3)CO[C@@H]4[C@H]([C@H]([C@@H]([C@H](O4)CO)O)O)O)O)O[C@@H]5[C@H]([C@H]([C@@H]([C@H](O5)CO)O)O)O[C@H]6[C@@H]([C@H]([C@@H](CO6)O)O)O)O)O
1369,CC1=C(C=CN=C1CS(=O)C2=NC3=CC=CC=C3N2)OCCCOC
1370,C(COP(=O)(O)OCC(CO)O)N
1371,[NH4+].F.[F-]
1372,CCCN1CCC[C@H]2C1CC3=C(C2)NN=C3.Cl
1373,[C@H]([C@@H](C(=O)N)O)(C(=O)O)N
1374,C1=CC=C2C(=C1)/C(=C/C3=CC=C(C=C3)O)/C(=O)N2
1375,CC1([C@@H](N(CCS1)S(=O)(=O)C2=CC=C(C=C2)OCC#CCN)C(=O)NO)C
1376,C[C@@H](C(=O)O)NC(=O)OCC1=CC=CC=C1
1377,C[C@@]1(CCC2C1(CCC3C2CC=C4C3(CCC(C4)O)C)C)O
1378,C1=CC=C(C=C1)C2=C(C(=CC=C2)C3=CC4=CC(=C(C=C4N3)Cl)C(=[NH2+])N)O
1379,COC1=CC=CC=C1N2CCN(CC2)CC(COC3=CC=CC4=CC=CC=C43)O
1380,CCOC(=O)[C@H](CCC1=CC=CC=C1)N[C@@H](C)C(=O)N2[C@H]3CCCC[C@@H]3C[C@H]2C(=O)O
1381,C1=CC(=CC=C1N=C(N)NO)Cl
1382,C1C[C@@H]2CN[C@H](C[C@@H]2C[C@@H]1CCC3=NNN=N3)C(=O)O
1383,[O-][Si]([O-])([O-])[O-].[Zr+4]
1384,CC(=O)NCCC1=CC=CC2=C1C=C(C=C2)OC
1385,CC1=CNC(=C1CCC(=O)O)/C=C\2/C3=CC=CC=C3NC2=O
1386,CNCC1=CC=C(C=C1)C2=C3C(=NC=N2)N=CN3
1387,C(CC(=O)O)[C@@H](C(=O)N)N
1388,C#C
1389,CCCC/C=C\C/C=C\CCCCCCCC(=O)O
1390,CC(C)(C)C1=CC=C(C=C1)C(CCCN2CCC(CC2)C(C3=CC=CC=C3)(C4=CC=CC=C4)O)O
1391,COC1=C(C=C(C=C1)C2(CCC(CC2)C(=O)O)C#N)OC3CCCC3
1392,C1CCC(CC1)CCCCCO[C@H]2[C@@H]([C@H]([C@@H]([C@H](O2)CO)O[C@@H]3[C@@H]([C@H]([C@@H]([C@H](O3)CO)O)O)O)O)O
1393,CC(=CCC[C@@](C)([C@H]1CC[C@@]2(C1[C@@H](CC3[C@]2(CCC4[C@@]3(CC[C@@H](C4(C)C)OC5C(C(C(C(O5)CO)O)O)O)C)C)O)C)O)C
1394,CCOC(=O)N1CCC(CC1)NC2=NC=CC(=C2)C
1395,CCCNCC(COC1=CC=CC=C1C(=O)CCC2=CC=CC=C2)O
1396,C1=C[C@@H]([C@H]([C@@H]1N2C=NC3=C2N=CN=C3N)O)O
1397,CC[C@H](C)[C@@H](C(=O)O)NC
1398,CC(CO)N
1399,CCCCC/C=C\C/C=C\CCCCCCCC(=O)SCCNC(=O)CCNC(=O)C(C(C)(C)COP(=O)(O)OP(=O)(O)OC[C@@H]1[C@H]([C@H]([C@@H](O1)N2C=NC3=C2N=CN=C3N)O)OP(=O)(O)O)O
1400,CC1=C(C(=NC(=N1)N)N)C2=CC(=C(C=C2)Cl)Cl
1401,C(C(=O)[O-])Br
1402,C1[C@@H]([C@H](O[C@H]1N2C=NC3=C2NC(=NC3=O)N)COP(=O)(O)O[C@H]4C[C@@H](O[C@@H]4CO)N5C=NC6=C5N=CN=C6N)O
1403,CC1CC2C3CCC4=CC(=O)C=CC4(C3C(=O)CC2([C@]1(C(=O)CO)O)C)C
1404,C1=CC=C(C=C1)CCC(=O)NC2=CC3=C(C=C2)C=CN3CC[C@H](CO)N4C=C(N=C4)C(=O)N
1405,CC(C)(C)C(C(CC1=C(C=C(C=C1)Cl)Cl)N2C=NC=N2)O
1406,C[C@H](CCC(=O)O)[C@H]1CC[C@@H]2[C@@]1(C(=O)C[C@H]3[C@H]2C(=O)C[C@H]4[C@@]3(CCC(=O)C4)C)C
1407,CC1(C([C@H](C2=C(O1)C=CC(=C2)OCCCC(F)(F)F)N(C)S(=O)(=O)C)O)C
1408,C[C@]12[C@H]([C@H](C[C@H](O1)N3C4=CC=CC=C4C5=C6C(=C7C8=CC=CC=C8N2C7=C53)CNC6=O)NC)OC
1409,C/C(=C\C=C\C(=C\C=C\C(=C\C=C\C=C(/C)\C=C\C=C(\C)/C=C/C=C(\C)/C=C/CC(C)(C)OC)\C)\C)/C=C/CC(C)(C)OC
1410,CC1=C(C(=NO1)C2=CC=CC=C2)C3=CC=C(C=C3)S(=O)(=O)N
1411,C(C(F)(F)F)O
1412,C(=O)[O-].[K+]
1413,C1=CC(=CC=C1C2=C(C(=O)C3=C(C=C(C=C3O2)O)O)OC4[C@@H]([C@H]([C@H]([C@H](O4)CO)O)O)O)O
1414,CC1=CC(=C(C=C1)NC2=C(C=CC=C2Cl)F)CC(=O)O
1415,CCCC(=O)O[C@@]1(CC[C@@H]2[C@@]1(C[C@@H]([C@H]3[C@H]2CCC4=CC(=O)CC[C@]34C)O)C)C(=O)CO
1416,CC(C)CC(C(=O)N)N
1417,C1COCCN1C(=O)N[C@@H](CC2=CC=CC=C2)C(=O)N[C@@H](CSCC3=CC=CC=C3)C=O
1418,C[C@]12CC[C@H](C[C@H]1CCC3C2CC[C@]4(C3CC[C@@H]4C(=O)CO)C)O
1419,CC1=CC(=O)OC2=C1C=CC(=C2)O[C@H]3[C@@H]([C@H]([C@@H]([C@H](O3)CO)O)O)O
1420,C1C(=O)NC=N1
1421,C1CN(CC=C1N2C3=CC=CC=C3NC2=O)CCCC(=O)C4=CC=C(C=C4)F
1422,C[N+](C)(C)C[C@@H](CC(=O)[O-])N
1423,CC1=CC(=CC(=C1CC2=CC(=C(C=C2)O)CC3=CC=CC=C3)C)OCC(=O)O
1424,C[As+](C)(C)CC(=O)[O-]
1425,CC(=CCC[C@@]1(C=CC2=C(O1)C(=C3C(=C2O)C(=O)C4=C[C@H]5CC6[C@]4(O3)[C@@](C5=O)(OC6(C)C)C/C=C(/C)\C(=O)O)CC=C(C)C)C)C
1426,C1CN=C(N1)NC2=C(C=CC3=NSN=C32)Cl
1427,C(=O)(C(=O)O)O
1428,C(C(CC(=O)O)C(=O)O)C(=O)O
1429,CO/C=C(\C1=CC=CC=C1OC2=NC=NC(=C2)OC3=CC=CC=C3C#N)/C(=O)OC
1430,C1CN(C[C@@H](N1)CC2=CC=CC=C2)C3=NN=C(C(=C3)C4=CC=NC=C4)C5=CC6=CC=CC=C6C=C5
1431,CS(=O)(=O)C1=CC=CC(=C1)C2=CC(=NC=N2)N3C[C@@H]([C@H](C3)N)C4=CC(=C(C=C4F)F)F
1432,COC1=CC(=C(C=C1C(=O)NC[C@H]2CCN3[C@@H]2CCC3)Cl)N
1433,CC1=C(SCCO1)C(=O)NC2=CC=CC=C2
1434,C1[C@@H]([C@H](O[C@H]1N2C=C(C(=O)NC2=O)/C=C/Br)CO)O
1435,C1CN2CCC1[C@@H](C2)OC(=O)N3CCC4=CC=CC=C4[C@H]3C5=CC=CC=C5
1436,CN1C2=C(N=CC(=C2)C3=CC=C(C=C3)O)N=C1N
1437,CC(C)(C)NC[C@@H](C1=CC(=C(C=C1)O)CO)O
1438,C[C@@H]1CCN(C[C@@H]1N(C)C2=NC=NC3=C2C=CN3)C(=O)CC#N
1439,C1=CC(=CC(=C1)[N+](=O)[O-])C(=O)NC2=CC(=C(C=C2)OC3=CC(=C(C=C3)C(=O)O)C(=O)O)NC(=O)C4=CC(=CC=C4)[N+](=O)[O-]
1440,C[C@H]([C@@H](C(=O)NS(=O)(=O)OC[C@@H]1[C@H]([C@H]([C@@H](O1)N2C=NC3=C2N=CN=C3N)O)O)N)O
1441,CC(=O)[C@H]1CC[C@@H]2[C@@]1(CC[C@H]3[C@H]2CC[C@@H]4[C@@]3(CCC(=O)C4)C)C
1442,C(CCN)C[C@H](C(=O)O)N
1443,CN(C)C[C@@H](COC1=CC=C(C=C1)NC2=NC=CC(=N2)NC3=C(C=CC(=C3)Cl)Cl)O
1444,CC1=C(C=C(C=C1)NC(=O)C2=CC=C(C=C2)CN3CCN(CC3)C)NC4=NC=CC(=N4)C5=CN=CC=C5
1445,CCCCCCCCCCCCCCCCCC(=O)OCC(COC(=O)CCCCCCCCCCCCCCCCC)OC(=O)CCCCCCCCCCCCCCCCC
1446,C1=CC(=C(C=C1Cl)Cl)COC(CN2C=CN=C2)C3=C(C=C(C=C3)Cl)Cl
1447,C1CN(CCC1(CN)C2=CC=C(C=C2)Cl)C3=NC=NC4=C3C=CN4
1448,CC1=C(N2C=CC=CC2=N1)C3=NC(=NC=C3)NC(=O)C
1449,CC(C)[C@@H](C(=O)C(F)(F)F)NC(=O)CN1C(=CC=C(C1=O)NS(=O)(=O)NC)C2=CC=CC=C2
1450,C1CCNC(=O)C1
1451,C1=C(NC=N1)C[C@@H](C(=O)O)N
1452,C1=CC(=C(C=C1[C@@H]2C(C(=O)C3=C(C=C(C=C3O2)O)O)O)O)O
1453,CC(CCCN)NC1=C2C(=CC(=C1)OC)C=CC=N2
1454,C1=CC=C(C=C1)OC(=O)C2=CC=CC=C2O
1455,C(C1C(C(C(O1)O)O)O)O
1456,C[C@H]1[C@H]([C@H]([C@@H]([C@@H](O1)OC)O)O)O
1457,C1CCC(CC1)OC2=NC3=NC=NN3C(=C2)NC4=CC=C(C=C4)S(=O)(=O)N
1458,C1C(C(OC1N2C3=C(C(=O)N=C(N3)N)NC2=O)COP(=O)(O)OP(=O)(O)OP(=O)(O)O)O
1459,CC(=O)OC1=CC2=CC=CC=C2C=C1
1460,C(CC(=O)N)C(=O)N
1461,CC[C@@H]1[C@@]([C@@H]([C@H](N(C[C@@H](C[C@@]([C@@H](C([C@@H]([C@H](C(=O)O1)C)O[C@H]2C[C@@]([C@H]([C@@H](O2)C)O)(C)OC)C)O[C@H]3[C@@H]([C@H](C[C@H](O3)C)N(C)C)O)(C)O)C)C)C)O)(C)O
1462,CCCCC(C)(C/C=C/[C@H]1[C@@H](CC(=O)[C@@H]1CCCCCCCO)O)O
1463,C1=CC(=CC=C1CCCC(=O)O)N(CCCl)CCCl
1464,C1=CC(=CC=C1C2=C(C=NN2)C3=CC=NC=C3)F
1465,[Li+].CCCC(=O)O.[OH-]
1466,CC1([C@@H](N[C@H](S1)[C@@H](C(=O)O)NC(=O)[C@@H](C2=CC=CC=C2)N)C(=O)O)C
1467,C(C(=O)[O-])F
1468,CCC[N+]#[C-]
1469,CC1=CN(C(=O)NC1=O)C2CC(C(O2)COP(=O)(O)OP(=O)(O)O)N=[N+]=[N-]
1470,C[C@]12CC[C@H](C[C@H]1CCC3C2CC[C@]4([C@@]3(CC[C@@H]4C5=CC(=O)OC5)O)C)O
1471,CCCCO
1472,O.O.O.O.O.O.O.O.O.O.O.O.O.O.O.O.O.O.O.O.O.O.O.O.O.O.O.O.O.O.O.O.O.O.O.O.O.O.O.O.O.[Si].[K].[K].[K].[K].[K].[Cu].[W].[W].[W].[W].[W].[W].[W].[W].[W].[W].[W]
1473,C1=CC(=C[N+](=C1)[C@H]2[C@@H]([C@@H]([C@H](O2)COP(=O)(O)OP(=O)(O)OC[C@@H]3[C@H]([C@H]([C@@H](O3)N4C=NC5=C4N=CN=C5N)O)O)O)[O-])C(=S)N
1474,CN1CCC2=C(C1)SC(=N2)C(=O)N[C@@H]3CCCC[C@H]3NC(=O)C4=CC5=C(N4)C=CC(=C5)Cl
1475,C1C[C@H](NC1)CN
1476,C[C@H](CO)O
1477,C=C.C=C.[Na+].[Na+]
1478,C1CN(CCC1N2C3=C(C=C(C=C3)Cl)NC2=O)CCCN4C5=CC=CC=C5NC4=O
1479,C1CCC2=NC3=CC=CC=C3C(=C2C1)N
1480,C1=CC(=CC(=C1)[N+](=O)[O-])C2=NOC(=N2)CCCC(=O)O
1481,CN(C)CC(COC1=CC=C(C=C1)NC2=CC(=NC=N2)NC3=C(C=CC=C3F)F)O
1482,CC1=C(C2=CC3=NC(=CC4=C(C(=C([N-]4)C=C5C(=C(C(=N5)C=C1[N-]2)C)CCC(=O)O)C)CCC(=O)O)C(=C3CCC(=O)O)C)CCC(=O)O.[Fe+2]
1483,CC(C)N1C2=C(C(=N1)C3=CC(=CC=C3)O)C(=NC=N2)N
1484,CC1C(C(C(C(O1)OP(=O)(O)OP(=O)(O)OCC2C(C(C(O2)N3C=NC4=C3NC(=NC4=O)N)O)O)O)O)O
1485,[183W]
1486,CCN(CC)C1=CC=CC=C1
1487,C([C@@H]([C@H]([C@@H](C(=O)CO)O)O)O)O
1488,[127IH]
1489,C/C=C(\C)/CC/C=C(\C)/CCC=C(C)C
1490,C1=NC2=C(N1CC(CO)OCP(=O)(O)O)N=C(N=C2N)N
1491,CC1=N/C(=N\NC2=C(C=C(C=C2)S(=O)(=O)O)S(=O)(=O)O)/C(=C(C1=O)C=O)COP(=O)(O)O
1492,CC(=O)OCC1=C(N2[C@@H]([C@@H](C2=O)NC(=O)CCC[C@H](C(=O)O)N)SC1)C(=O)O
1493,COC1=C(C=CC(=C1)/C=C/C=O)O
1494,CCOC1=CC=CC=C1OCCN[C@H](C)CC2=CC(=C(C=C2)OC)S(=O)(=O)N
1495,CC1=C(C(=O)OC2=C1C=CC(=C2)O)CCO
1496,CC(C)NNC(=O)C1=CC=NC=C1
1497,CC(C1=CC=CC(=C1)C(=O)C2=CC=CC=C2)C(=O)O
1498,CC/C=C\C=C\C=C\CCCCCCCCCC(=O)O
1499,C(CCCCC(=O)O)CCCC(=O)O
1500,CCC(=O)N(C1CCN(CC1)CCC2=CC=CC=C2)C3=CC=CC=C3
1501,C1=NC2=C(C(=N1)N)N=CN2C3[C@@H]([C@@H](/C(=C\F)/O3)O)O
1502,C1=CC=C(C=C1)C2=CC3=C(C=C2)NN=C3N
1503,C1=CN=C(N=C1)NC2=C3C=C(C=CC3=CC(=C2)C(=O)NC4=CC=C(C=C4)CN)C(=N)N
1504,CC(C)NCCO
1505,CN(C1CCNCC1)C(=O)N2CC(=C[C@H]2C3=CC=CC=C3)C4=C(C=CC(=C4)F)F
1506,C[C@@]12CC[C@@]3([C@@H]([C@@H]1CC(CC2)(C)C)CC[C@H]4[C@]3(CC[C@@H]5[C@@]4(CCCC5(C)C)C)C)C
1507,CC1=CC(=O)C2=CC=CC=C2C1=O
1508,COC1=CC=CC(=C1)C2=CC(=CC=C2)CCC3=NC(=CC=C3)N
1509,C(=O)([O-])[O-].[Ba+2]
1510,CCCO.CCCO.CCCO.CCCO.C(C1C2C(C(C(O1)OC3C(OC(C(C3O)O)OC4C(OC(C(C4O)O)OC5C(OC(C(C5O)O)OC6C(OC(C(C6O)O)OC7C(OC(C(C7O)O)OC8C(OC(O2)C(C8O)O)CO)CO)CO)CO)CO)CO)O)O)O
1511,CCCCC=O
1512,CCCCCCCCCCCCCCCCCCCCCCCCCC(C(CCCCCCCCCCC1CC1CCCCCCCCCCCCCCCCCC)C(=O)OCC2C(C(C(C(O2)OC3C(C(C(C(O3)COC(=O)C(CCCCCCCCCCCCCCCCCCCCCCCC)C(CCCCCCCCCCCC4CC4CCCCCCCCCCCCCCCCCC)O)O)O)O)O)O)O)O
1513,CC(C)C[C@@H](C(=O)N[C@@H]1CCN(C1)C#N)NC(=O)OCC2=CC=CC=C2
1514,C1=CC=C(C=C1)C(=O)CC2=CC=C(C=C2)N=C(N)N
1515,C1=CC=C(C=C1)CNC=O
1516,C1=C(C=C(C(=C1O)O)O)C2=C(C(=O)C3=C(C=C(C=C3O2)O)O)O
1517,C#CCO
1518,CC(C)[C@H](C[C@@H]([C@H](CC1CCCCC1)N)O)C(=O)O
1519,C1=CC=C2C(=C1)C(=C3N2C4=CC=CC=C4C(=O)N3)CC(=O)O
1520,C1CCC(CC1)NC2=NC=NC3=C2N=CN3C4[C@@H]([C@@H]([C@H](O4)CO)O)O
1521,CN(CCOC1=CC=C(C=C1)C2=CC=C(C=C2)C#N)C(=O)NO
1522,CC(=O)[O-].CC(=O)[O-].CC(=O)[O-].[Cr+3]
1523,C1=CC=C(C=C1)C2=CC=C(C=C2)CN3C=CN=C3
1524,C1=CC=C(C(=C1)NC(=O)C2=CC=C(C=C2)N3C=CC=CC3=O)S(=O)(=O)NC4=NC=C(C=C4)Cl
1525,[NH2-].[Cl-].[Hg+2]
1526,Cl[Co]Cl
1527,C([C@@H]1[C@H]([C@@H]([C@H]([C@H](O1)OC[C@@H]2[C@H]([C@@H]([C@H]([C@H](O2)OC[C@@H]3[C@H]([C@@H]([C@H](C(O3)O)O)O)O)O)O)O)O)O)O)O
1528,C1=CC(=CC=C1CSC[C@@H](C(=O)O)NC(=O)N[C@@H](CCC(=O)O)C(=O)O)F
1529,CC1=CC[C@]2(C[C@@H]1[C@H](OC2)C3=CC=C(C=C3)O)CO
1530,CCCCCCCC(=O)OCC
1531,C=CC(=O)[O-].[Na+]
1532,C[C@H](CCC1=CC=C(C=C1)O)NC(=O)CC2=C(NC3=CC=CC=C32)C4=CC=CC=C4
1533,CC1=C(C2=C(N1C)C(=O)C=C(C2=O)OC)COC3=CC=CC=C3
1534,CNC1=NC=NC2=C1N=CN2[C@H]3CC[C@H](O3)CO
1535,CC(C)(C)OC(=O)N1CC2=C(C[C@@H]1C(=O)NC)C=CC(=C2)NS(=O)(=O)O
1536,CCC(C1=CC=CC=C1)C(=O)O
1537,CC(=O)[C@H]1CCC2[C@@]1(CCC3C2CC[C@H]4[C@@]3(CC[C@@](C4)(CC#C)O)C)C
1538,[Si+4]
1539,CC(=O)N[C@@H]1[C@H]([C@@H]([C@H](OC1OP(=O)(O)O)CO)O)O
1540,C([C@H]([C@H]([C@H]([C@H](C=O)O)O)O)O)O
1541,COC(=O)CC(=O)OC
1542,C1[C@H](N[C@@H]1C(=O)O)C(=O)O
1543,C1CCC(CC1)OCC(=O)N2CCC[C@H]2C(=O)NCC3=CC=C(C=C3)C(=N)N
1544,C(C1C(C(C(C(O1)OC2C(OC(C(C2O)O)OC(C(CO)O)C(C(CO)O)O)CO)O)O)O)O
1545,C1=CC(=CC=C1CBr)CBr
1546,CCCCCCCCCCCCCCO
1547,CCC1=C(C(=CC=C1)CC)O
1548,CN1C2=C(C=CC(=C2)Cl)C3=C1C(=O)NC4([C@@H]3C#N)CCNCC4
1549,O=[V]
1550,CCN(CC)CCNC(=O)C1=CC(=C(C=C1OC)N)Cl
1551,C[C@H](CO)C(=O)O
1552,C([C@@H]1[C@H]([C@@H]([C@@H]([C@H](O1)O[C@H](C=O)[C@H]([C@@H]([C@@H](CO)O)O)O[C@@H]2[C@H]([C@H]([C@@H]([C@H](O2)CO)O)O)O)O)O)O)O
1553,CS(=O)(=O)C1=CC=C(C=C1)NC2=CC(=NC3=CC=NN32)Cl
1554,CN1CC[C@@H]([C@@H](C1)F)N(C)C(=O)N2CC(=C[C@@]2(CO)C3=CC=CC=C3)C4=C(C=CC(=C4)F)F
1555,C(C[C@@H](C(=O)N)N)C[NH+]=C(N)N
1556,C[C@@H](CC1=CC=C(C=C1)O)NC[C@H](C2=CC(=CC(=C2)O)O)O
1557,CC(C)N=C(N)NO
1558,[C@@H]([C@H](C(=O)[O-])O)(C(=O)[O-])O.[K+].[K+]
1559,C1=NC2=C(N1[C@H]3[C@@H]([C@@H]([C@H](O3)CO)O)O)N=C(N=C2N)F
1560,CC(C)CC[C@H]([C@@](C)(C1CC[C@@]2([C@@]1(C[C@H](C3C2=CC(=O)[C@]4([C@@]3(C[C@@H]([C@@H](C4)O)O)C)O)O)C)O)O)O
1561,[109Cd]
1562,CC(C)(C1=CN=CC=C1)C(=O)C2=CN=CC=C2
1563,C[C@@H]1C[C@@H]([C@@H]([C@H](/C=C(/[C@H]([C@@H](/C=C/C=C(\C(=O)NC2=CC(=O)C(=C(C1)C2=O)NCC=C)/C)OC)OC(=O)N)\C)C)O)OC
1564,CN1CCN(CC1)CC/C=C\2/C3=CC=CC=C3SC4=C2C=C(C=C4)S(=O)(=O)N(C)C
1565,C1=CC(=C(C=C1C(=O)O)OC(F)(F)F)NC(=O)NC(=O)C2=CC(=C(C=C2Cl)F)F
1566,CCN1CCCC1CNC(=O)C2=CC(=C(C=C2OC)N)S(=O)(=O)CC
1567,CCCCCCCCCC[N+](C)(C)[O-]
1568,C[C@@H]1[C@H]([C@@H]2[C@H](OC1O[C@@H]3[C@H](O[C@@H]([C@@H]([C@H]3O)O)O[C@@H]4[C@H](O[C@@H]([C@@H]([C@H]4O)O)O[C@@H]5[C@H](OC(O2)[C@@H]([C@H]5O)O)CO)CO)CO)OO)O
1569,CC(C)SC(=N)N
1570,CC(C)(C)C(C)([C@H]1C[C@@]23CC[C@]1(C4[C@@]25CCN([C@@H]3CC6=C5C(=C(C=C6)O)O4)CC7CC7)OC)O.C=CCN1CC[C@]23[C@@H]4C(=O)CC[C@]2([C@H]1CC5=C3C(=C(C=C5)O)O4)O
1571,CCCS(=O)(=O)N[C@H]([C@H](C)O)C(=O)N[C@@H](CCSC)C(=O)NCC1=CC=C(C=C1)C(=N)N
1572,C1C(C(OC1N2C=NC3=C2N=CN=C3N)COP(=O)(O)OC4CC(OC4COP(=O)(O)O)N5C=NC6=C5N=CN=C6N)O
1573,CC(=O)O[C@@H](CC(=O)[O-])C[N+](C)(C)C
1574,C[C@H]1[C@@H]([C@H]([C@H]([C@@H](O1)O[C@H]2C[C@H]([C@@]3([C@@H]4[C@@H](CC[C@@]3(C2)O)[C@]5(CC[C@@H]([C@]5(C[C@H]4O)C)C6=CC(=O)OC6)O)CO)O)O)O)O
1575,[F]
1576,CC(C)NCC(COC1=CC=C(C=C1)CCOCC2CC2)O
1577,C1=CC(=CC=C1C(=O)NCC2=CC(=C(C(=C2)F)F)F)S(=O)(=O)N
1578,C1CNCCN(C1)S(=O)(=O)C2=CC=CC3=C2C=CNC3=O
1579,COC1=C(C=CC(=C1)C(C(=O)O)O)O
1580,C1CCC2=NC3=CC=CC=C3C(=C2C1)NCCCCCCCCNC4=CC=NC5=CC=CC=C54
1581,CC1=CC(=O)OC2=C1C=CC(=C2)OC3[C@@H]([C@H]([C@@H]([C@H](O3)CO)O)O)O
1582,CC(=O)N[C@@H](CC1=CC=CC=C1)C(=O)N[C@@H](CC2=CC=C(C=C2)[C@@H]3CC(=O)NS3(=O)=O)C(=O)N
1583,C1=CC=C(C=C1)C(C2=CC=CC=C2)(C3=CC=CC=C3Cl)N4C=CN=C4
1584,C1[C@H]([C@@H]([C@H](C([C@H]1N)O[C@@H]2[C@@H]([C@H]([C@@H]([C@H](O2)CO)O)O)N)OC3[C@@H]([C@@H]([C@H](O3)CO)O[C@@H]4[C@@H]([C@H]([C@@H]([C@@H](O4)CN)O)O)N)O)O)N
1585,CCCC1=NC(=C2N1NC(=NC2=O)C3=C(C=CC(=C3)S(=O)(=O)N4CCN(CC4)CC)OCC)C
1586,C[C@H](C1=CC=CC=C1Cl)OC2=C(SC(=C2)N3C=NC4=CC(=C(C=C43)OC)OC)C(=O)N
1587,C.OS(=O)(=O)O
1588,CCCC[C@@H](C=O)NC(=O)[C@H](CC(C)C)NC(=O)[C@H](CC(C)C)NC(=O)C
1589,C1=C(C(=CC(=C1Cl)Cl)Cl)OCC#CI
1590,CNC=O
1591,CC[C@@H]1[C@@]([C@@H]([C@H](/C(=N\OCOCCOC)/[C@@H](C[C@@]([C@@H]([C@H]([C@@H]([C@H](C(=O)O1)C)O[C@H]2C[C@@]([C@H]([C@@H](O2)C)O)(C)OC)C)O[C@H]3[C@@H]([C@H](C[C@H](O3)C)N(C)C)O)(C)O)C)C)O)(C)O
1592,CC(C)(COP(=O)(O)OP(=O)(O)OC[C@@H]1[C@H]([C@H]([C@@H](O1)N2C=NC3=C2N=CN=C3N)O)OP(=O)(O)O)[C@@H](C(=O)NCCC(=O)NCCS)O
1593,C[C@H](CCC(=O)O)N
1594,CC(C(=O)O)NC(=O)C1CCCN1C(=O)CN
1595,C([C@@H]([C@H]([C@@H]([C@H](C=O)O)O)O)O)O
1596,C1=CC(=O)N(C=C1)C2=CC=C(C=C2)C(=O)NCCNC(=O)C3=CC=C(S3)Cl
1597,C1=CC(=NC(=C1)C(=O)O)C(=O)O
1598,C1=C2C(=CC(=C1O)O)OC3=CC(=C(C(=C3C2=O)O)C4[C@@H]([C@H]([C@@H]([C@H](O4)CO)O)O)O)O
1599,C1=CNC(=O)NC1=O
1600,C(CC(CO)(O)O)[C@@H](C(=O)O)N
1601,C1=CC(=CC(=C1)N)N
1602,CS(=O)(=O)NC1=CC=C(C=C1)OC[C@@H](CNCCC2=CC(=C(C=C2)Cl)Cl)O
1603,CC(C(C(=O)O)N)O
1604,CC(=O)[C@]1(CC[C@@H]2[C@@]1(CC[C@H]3[C@H]2C=C(C4=CC(=O)CC[C@]34C)Cl)C)OC(=O)C
1605,CCNC(C)CC1=CC(=CC=C1)C(F)(F)F
1606,CC(C)NCC(C1=CC2=CC=CC=C2C=C1)O
1607,C1COCCC1(C(=O)NO)S(=O)(=O)C2=CC=C(C=C2)OC3=CC=C(C=C3)C(F)(F)F
1608,COC1=CC=C(C=C1)C[C@@H](C(=O)O)N
1609,C[C@@H]([C@H]1CC[C@@H]2[C@@]1(CC[C@H]3[C@H]2CC[C@H]4[C@@]3(CC[C@H](C4)O)C)C)O
1610,C(C(C(C(=O)CO)O)O)O
1611,C[C@H](N)P(=O)(C[C@H](CC(=O)O)C(=O)O)O
1612,C(C(=O)COP(=O)(O)O)O
1613,CC(=O)NC(C(CC(=O)C(=O)O)O)C(C(C(CO)O)O)O.C(C(C(C(C(C(CO)O)O)O)N)O)C(=O)C(=O)O
1614,C1=CC(=CC(=C1)Cl)COC2=CC3=C(C=C2)C(=CC(=O)O3)C=O
1615,C1=C(C=C(C2=C1O[Bi]O2)O)C(=O)O.O
1616,C[C@]12CC[C@H](C[C@@H]1CC[C@@H]3[C@@H]2CC[C@]4([C@H]3CCC4=O)C)O
1617,C([C@@H]([C@@H]([C@H]([C@H](C(=O)O)O)O)O)O)O.C([C@@H]([C@@H]([C@H]([C@H](C(=O)O)O)O)O)O)O.[Fe]
1618,C1[C@@H]([C@@H]([C@H]([C@@H]([C@]1(CO)O)O)O)O)NC(CO)CO
1619,CC12CCC(=O)CC1CCC3C2C(CC4(C3CC[C@@]4(C(=O)CO)O)C)O
1620,CN(CC1=CN=C2C(=N1)C(=NC(=N2)N)N)C3=CC=C(C=C3)C(=O)N[C@@H](CCC(=O)O)C(=O)O
1621,CCCCCCCO[C@H]1[C@@H]([C@H]([C@@H]([C@H](O1)CO)O)O)O
1622,C1=C(C=C(C(=C1I)O)I)C[C@@H](C(=O)O)N
1623,C1=CC=C(C=C1)C2=CC(=O)C3=C(O2)C4=CC=CC=C4C=C3
1624,CC1(O[C@@H]2CO[C@@]3([C@H]([C@@H]2O1)OC(O3)(C)C)COS(=O)(=O)N)C
1625,CC1C(C(C(C(O1)OC2C#C/C=C\C#CC\3(C(C(=O)C(=C2/C3=C\CSSSC)NC(=O)OC)OC4CC(C(C(O4)C)O)OC(=O)C5=CC(=C(C=C5NC(=O)C(=C)OC)OC)OC)O)OC6CC(C(CO6)NC(C)C)OC)O)NOC7CC(C(C(O7)C)SC)O
1626,[OH3+].[OH3+].O.[OH2+]O.[Ca].[Mn].[Mn].[Mn].[Mn]
1627,[252Cf]
1628,CC#CCOC1=CC=C(C=C1)S(=O)(=O)N2CCSC([C@@H]2C(=O)NO)(C)C
1629,C[C@H]1C(=O)N2CCC[C@@H]2C(=O)N[C@H](CC(=O)NCC(=O)N[C@@H](C(=O)N[C@H](C(=O)N[C@@H](C(=O)NCC(=O)N[C@@H](C(=O)N1)[C@@H](C)O)CC3=CNC=N3)CC4=CNC5=CC=CC=C54)CC(=O)N)C(=O)N[C@@H](CC6=CNC7=CC=CC=C76)C(=O)N[C@@H](CC8=CC=CC=C8)C(=O)N[C@@H](CC9=CC=CC=C9)C(=O)N[C@@H](CC(=O)N)C(=O)N[C@@H](CC1=CC=C(C=C1)O)C(=O)N[C@@H](CC1=CC=C(C=C1)O)C(=O)N[C@H](CC1=CNC2=CC=CC=C21)C(=O)O
1630,C[C@]1(CC(=O)N(C(=N1)N)C)C2=CC=CC(=C2)C3=CC(=CC=C3)OC
1631,CCCCC/C=C\C/C=C\C/C=C\CCCCCCC(=O)O
1632,C[C@H]1[C@@H]([C@@](C[C@@H](O1)O)(C)O)OC(=O)C
1633,CC(C)C[C@H](C(=O)O)O
1634,C1=CC(=CC=C1C(=O)O)N=[N+]=[N-]
1635,C[C@]12CC[C@@H](C[C@H]1CCC3C2CC[C@]4([C@@]3(CCC4C5=CC(=O)OC5)O)C)O
1636,C[N@+]1(CC[C@]23[C@@H]4C(=O)CC[C@]2([C@H]1CC5=C3C(=C(C=C5)O)O4)O)CC=C
1637,C1C(=C(N2[C@H](S1)[C@@H](C2=O)NC(=O)C(C3=CC=CC=C3)N)C(=O)O)Cl
1638,C1=CC(=CC=C1C(=N)N)NC(=O)NC2=CC=C(C=C2)Cl
1639,CC(C)(C(C)(C)O)O
1640,C[C@H](CC=O)O
1641,CC1=CC=CC=C1N2CCN(CC2)CCC3=NN=C4N3CCCC4
1642,C(C[C@@H](C(=O)O)N)CNC(=O)N
1643,C1=CC2=C(C=CN=C2)C(=C1)S(=O)(=O)NCCNC/C=C/C3=CC=C(C=C3)Br
1644,C1=CC=C(C=C1)NC(=O)C2=CC=NN2
1645,C1CCC(CC1)(CC(=O)O)CN
1646,CNC(=O)OC1=CC=CC2=CC=CC=C21
1647,C[C@H]([C@@H]([C@@H](C#CC1=C(C=CC2=C1/C(=C/C3=C(C=CN3)OC)/C(=O)N2)F)O)N)O
1648,CC(=O)[C@H]1CC[C@@H]2[C@@]1(CC[C@H]3[C@H]2CC[C@H]4[C@@]3(CCC(=O)C4)C)C
1649,CCCCN(CCCC)C(=O)CN1C[C@@H]([C@H]([C@H]1C2=CC=C(C=C2)OC)C(=O)O)C3=CC4=C(C=C3)OCO4
1650,C1=CC(=CC=C1C2=CC3=C(C=C2)C(=C(C=C3)O)Cl)O
1651,C[C@]12CC[C@H]3[C@H]([C@@H]1CCC2=O)CCC4=C3C=CC(=C4)O
1652,C1CC1N2C=C(C(=O)C3=CC(=C(C=C32)N4CCNCC4)F)C(=O)O
1653,C[C@H](CCCC(C)C)[C@H]1CC[C@@H]2[C@@]1(CC[C@H]3[C@H]2CCC4=CC(=O)CC[C@]34C)C
1654,C[C@@H]1C[C@@H]([C@@H]([C@H](/C=C(/[C@@H]([C@H](/C=C\C=C(\C(=O)NC2=CC(=O)C(=C(C1)C2=O)OC)/C)OC)OC(=O)N)\C)C)O)OC
1655,CCC/C(=C/C1=CC=C(O1)C2=CC(=CC=C2)C(=O)O)/[N+](=O)[O-]
1656,CC1=C(C(CCC1)(C)C)/C=C/C(=C/C=C/C(=C\C(=O)O)/C)/C
1657,C[C@H](CCCC(C)C)[C@H]1CC[C@@H]2[C@@]1(C=CC[C@H]2C/C=C/3\C[C@H](CCC3=C)O)C
1658,C1=CC=C(C=C1)OP(=O)(O)O
1659,C1=CC(=C(C=C1C2=C(C(=O)C3=C(C=C(C=C3O2)O)O)O)O)O
1660,C1[C@H](N([C@H](C(=N1)NCCC2=CC=CC=N2)O)CC(=O)NCC3=CSC4=C3C=C(C=C4)Cl)Cl
1661,CCOS(=O)(=O)CC
1662,[121Sn]
1663,CCOC(=O)C1=CC=CC=C1
1664,C[C@@H]1[C@H]([C@@H]([C@@H]([C@H](O1)O)O)O)O
1665,C1[C@H]([C@H](C(O1)(CO)O)O)O
1666,C[C@H]([C@H]1C(=O)N[C@@H](CSSC[C@H](C(=O)N[C@H](C(=O)N[C@H](C(=O)N[C@H](C(=O)N1)CCCCN)CC2=CNC3=CC=CC=C32)CC4=CC=CC=C4)NC(=O)[C@@H](CC5=CC=C(C=C5)O)NC)C(=O)N[C@@H]([C@@H](C)O)C(=O)N)O
1667,CC(=C)C(=O)N
1668,CCCCCCCCC[C@H](CC(=O)O)O
1669,C1CO[C@H](C2=C1C(=C(S2)NC(=O)C(=O)O)C(=O)O)COC3=NS(=O)(=O)C4=CC=CC=C43
1670,C[N+]1([C@@H]2CC(CC1[C@H]3[C@@H]2O3)OC(=O)[C@H](CO)C4=CC=CC=C4)C.[Br-]
1671,CC[C@H](CO)NC1=NN2C(=NC=C2C3=CC=C(C=C3)C(=O)O)C=C1
1672,CN1C=C(C2=CC=CC=C21)C3=C(C(=O)NC3=O)C4=C5C[C@@H](CCN5C6=CC=CC=C64)CN(C)C
1673,O.OP(=O)(O)O.O=[W](=O)=O.O=[W](=O)=O.O=[W](=O)=O.O=[W](=O)=O.O=[W](=O)=O.O=[W](=O)=O.O=[W](=O)=O.O=[W](=O)=O.O=[W](=O)=O.O=[W](=O)=O.O=[W](=O)=O.O=[W](=O)=O
1674,C1=NC2=C(C(=N1)N)N=CN2[C@@H]3C([C@@H]([C@@H](O3)COP(=O)(O)OP(=O)([O-])OP(=O)([O-])OP(=O)([O-])OC[C@@H]4[C@@H](C([C@@H](O4)N5C=NC6=C5N=CN=C6N)O)O)O)O.[NH4+].[NH4+].[NH4+]
1675,C1[C@H](C(=O)NC2=CC=CC=C21)NC(=O)C3=CC4=C(N3)SC(=C4)Cl
1676,CC(=O)[C@H]1CCC2[C@@]1(CCC3C2CC[C@H]4[C@@]3(CC[C@@](C4)(COC)O)C)C
1677,CC(=O)O.CC(=O)O.CC(=O)O.CC(=O)O.CC(=O)O.CC(=O)O.O.[Zn].[Zn].[Zn].[Zn]
1678,C1=CC=C(C=C1)C(C(=O)O)N
1679,CN1CCC([C@H](C1)O)C2=C(C=C(C3=C2OC(=CC3=O)C4=CC=CC=C4Cl)O)O
1680,CC(=O)N[C@@H]1[C@H]([C@H]([C@H](O[C@@H]1OP(=O)(O)OP(=O)(O)OC[C@@H]2[C@H]([C@H]([C@@H](O2)N3C=CC(=O)NC3=O)O)O)CO)O)O
1681,C1=NC2=C(C(=N1)N)N=CN2[C@H]3[C@@H]([C@@H]([C@H](O3)COP(=O)(O)O[C@@H]4[C@@H]([C@H](O[C@H]4N5C=NC6=C5N=CN=C6N)COP(=O)(O)O[C@@H]7[C@@H]([C@H](O[C@H]7N8C=NC9=C8N=CN=C9N)COP(=O)(O)O)O)O)O)O
1682,C[C@@H](CCC(=O)O)N
1683,C[C@H](CC1=CC=CC=C1)NC2=NC=NC3=C2N=CN3C4C([C@H](C(O4)CO)O)O
1684,CCCCCCCCCC1=CC=C(C=C1)OCCOCCO
1685,C[C@@H](C1=CC=CN1)C2=C3C=C(C=CC3=NC2=O)NC(=O)N
1686,[C@@H]1([C@H]([C@H](O[C@@H]([C@@H]1O)O[C@@H]2[C@@H]([C@H](C(O[C@@H]2C(=O)O)O)O)O)C(=O)O)O)O
1687,C1C(C(C(N1)CO)O)O
1688,C1CCC2(C1)CC(=O)N(C(=O)C2)CCCCN3CCN(CC3)C4=NC=CC=N4
1689,C[C@]12CC[C@H]3[C@H]([C@@H]1CC[C@@H]2OC(=O)CCC4CCCC4)CCC5=CC(=O)CC[C@]35C
1690,C1CCC(CC1)NC(=O)NCC(=O)O
1691,C([C@@H]1[C@H]([C@@H]([C@H]([C@H](O1)O[C@@H]2[C@H](O[C@@H]([C@@H]([C@H]2O)O)O[C@@H]3[C@H](O[C@@H]([C@@H]([C@H]3O)O)O[C@@H]4[C@H](O[C@@H]([C@@H]([C@H]4O)O)O[C@@H]5[C@H](O[C@@H]([C@@H]([C@H]5O)O)O[C@@H]6[C@H](OC([C@@H]([C@H]6O)O)O)CO)CO)CO)CO)CO)O)O)O)O
1692,C1[C@@H]([C@H](O[C@H]1N2C=NC3=C2NC=NC[C@H]3O)CO)O
1693,C1COCCC1(CS(=O)(=O)C2=CC=C(C=C2)OC3=CC=C(C=C3)Cl)C(=O)NO
1694,O=S=O
1695,C([C@@H](C(=O)O)N)C(=O)OP(=O)(O)O
1696,C1=C(C=C(C(=C1Cl)O)SC2=CC(=CC(=C2O)Cl)Cl)Cl
1697,CCCC1=C(C=CC2=C1ON=C2C(F)(F)F)OCCCOC3=CC4=C(C=C3)N(C=C4)CC(=O)O
1698,C[C@@H](CC1=CC=CC=C1)NC2=NC=NC3=C2N=CN3[C@H]4[C@@H]([C@@H]([C@H](O4)CO)O)O
1699,C1=CC(=C(C=C1[C@@H](CN)O)O)O
1700,CC1(C(=O)NC(=O)NC1=O)C2=CC=C(C=C2)OC3=CC=CC=C3
1701,CC1=CNC2=CC=CC=C12
1702,CCCCC1C(=O)NC(=O)N(C1=O)C2CCCCC2
1703,CCN[C@@H]1C[C@@H]([C@H]([C@@H]([C@H]1O[C@@H]2[C@@H]([C@H]([C@@](CO2)(C)O)NC)O)O)O[C@@H]3[C@@H](CC=C(O3)CN)N)N.CCN[C@@H]1C[C@@H]([C@H]([C@@H]([C@H]1O[C@@H]2[C@@H]([C@H]([C@@](CO2)(C)O)NC)O)O)O[C@@H]3[C@@H](CC=C(O3)CN)N)N.OS(=O)(=O)O.OS(=O)(=O)O.OS(=O)(=O)O.OS(=O)(=O)O.OS(=O)(=O)O
1704,C1CCC(C1)[C@@H](/C=C/[C@H]2[C@@H](C[C@H]3[C@@H]2C/C(=C/CCCC(=O)O)/C3)O)O
1705,CC(C)C[C@@H](C(=O)O)N
1706,CC(C(=O)OC)N
1707,C1=NC2=C(C(=N1)N)N=CN2[C@H]3[C@H]([C@@H]([C@H](O3)COP(=O)(O)O)O)O
1708,C1=CC=C(C(=C1)C(=O)O)NC2=CC=CC(=C2)C(F)(F)F
1709,[O-2].[O-2].[O-2].[Y+3].[Y+3]
1710,CC(=O)[C@H]1CCC2[C@@]1(CCC3C2CC[C@H]4[C@@]3(CC[C@@](C4)(CCl)O)C)C
1711,C([C@@H]1[C@H]([C@@H]([C@H]([C@H](O1)OP(=O)(O)O)F)O)O)O
1712,C[C@]12CC[C@H]3[C@H]([C@@H]1CC=C2)CCC4=CC(=O)CC[C@]34C
1713,C[C@@]1(CCCN1)C2=NC3=C(C=CC=C3N2)C(=O)N
1714,C(C1=C(C(=C(C(=C1F)F)F)F)F)O
1715,C1=CC(=CC=C1CCC2=CC(=CC(=C2)O)O)O
1716,CCCCCCCCCCC[14CH2]O[C@H]1[C@@H]([C@H]([C@@H]([C@H](O1)CO)O[C@@H]2[C@@H]([C@H]([C@@H]([C@H](O2)CO)O)O)O)O)O
1717,CC(CC1=CC=C(C=C1)O)(C(=O)O)N
1718,C1=CC=C2C(=C1)C(=C(OC2=O)Cl)Cl
1719,CC(=O)[C@H]1CCC2[C@@]1(CCC3C2CC[C@@H]4[C@@]3(CC[C@@](C4)(C#C)O)C)C
1720,C1[C@H]([C@@H]([C@H]([C@@H](O1)O)O)O)O
1721,C[C@H](C(=O)O)NC(=O)N
1722,C([C@@H](C(=O)O)N)SCC(=O)N
1723,[33SH2]
1724,C1=CC=C2C(=C1)C=CC=C2N(C3=CC=CC=C3C(=O)O)C(=O)C(=O)O
1725,CC1=CC(=C2C(=C1)C(=O)C3=CC(=CC(=C3C2=O)O)O)O
1726,C[C@]12CC[C@H]3[C@H]([C@@H]1CCC2(C#C)O)CCC4=C3C=CC(=C4O)O
1727,[C@H]([C@@H]([C@@H](C(=O)O)O)O)([C@H](C(=O)O)O)O
1728,CCCCC/C=C\C/C=C\CCCCC[C@H](CCCC(=O)O)O
1729,C(CO)N(CCO)CC(=O)O
1730,C(C1C2C(C(C(O1)OC3C(OC(C(C3O)O)OC4C(OC(C(C4O)O)OC5C(OC(C(C5O)O)OC6C(OC(C(C6O)O)OC7C(OC(C(C7O)O)OC8C(OC(C(C8O)O)OC9C(OC(O2)C(C9O)O)CO)CO)CO)CO)CO)CO)CO)O)O)O
1731,CC1=C(C=CC(=C1)C2=CC(=C(C=C2)N/N=C/3\C=CC4=C(C3=O)C(=C(C=C4S(=O)(=O)O)S(=O)(=O)O)N)C)NN=C5C=CC6=C(C5=O)C(=C(C=C6S(=O)(=O)O)S(=O)(=O)O)N.[Na+]
1732,C[C@]12CCC(=O)C=C1CC[C@@H]3[C@@H]2[C@H](C[C@]4([C@H]3CC[C@@]4(C(=O)COC(=O)CCC(=O)O)O)C)O
1733,C1=NC2=C(N1C3[C@@H]([C@@H]([C@H](O3)CO)O)OP(=O)(O)O)NC(=NC2=O)N
1734,C1=CC=C(C=C1)C(=O)CO
1735,C[C@@H]1C([C@@H](C[C@@H](O1)OC2CCC3(C4CCC5(C(CC[C@]5(C4CCC3(C2)O)O)C6=CC(=O)OC6)C)C=O)OC)O[C@H]7C[C@H]([C@@H]([C@H]([C@@H]7O)O)O)CO
1736,CC(COCC1C(C(C(C(O1)OC)OCC(C)O)OCC(C)O)OC2C(C(C(C(O2)COC)OC3C(C(C(C(O3)CO)OC)O)O)OC)OC)O
1737,C[C@]12CC[C@](C[C@@H]1C3=CC(=O)[C@@H]4[C@]5(CC[C@@H](C(C5CC[C@]4([C@@]3(CC2)C)C)(C)C)O)C)(C)C(=O)O
1738,C1=CC(=CC=C1C2=C(C3=C(C2=O)C=C(C=C3)O)Br)O
1739,C(C(=O)[O-])C(CC(=O)[O-])(C(=O)[O-])O.N.[Fe+3]
1740,C1CCC2=C(C1)C(=C(S2)NC(=O)C3=CC=CC=C3F)C#N
1741,CC12CC(C3C(C1CCC2(C(=O)COC(=O)CCC(=O)O)O)CCC4=CC(=O)C=CC34C)O
1742,C[C@]12CC[C@@H](C[C@@H]1CC[C@@H]3[C@@H]2CC[C@]4([C@H]3CCC4=O)C)O
1743,CC(CN1C2=CC=CC=C2CCC3=CC=CC=C31)CN(C)C
1744,C(=O)Cl
1745,CN(C)C1=CC2=C(C=C1)C(=C3C=CC(=[N+](C)C)C=C3O2)C4=C(C=C(C=C4)SC#N)C(=O)O.[Cl-]
1746,CC1=NC2=CC=CC=C2C=C1
1747,CCNC(=O)/C=C(\C)/C=C/C=C(\C)/C=C/C1=C(CCCC1(C)C)C
1748,C1CC2CNC(CC2CC1CP(=O)(O)O)C(=O)O
1749,C=C1CC1CC(C(=O)O)N
1750,C1=CC(=CC=C1CN)NC(=O)C2=CC3=C(C=C2)C=C(C=C3)C(=N)N
1751,C1CN(CCC1C2CCN(CC2)CCCl)CCCl
1752,CC(=C)[C@@H]1CC[C@]2(C1C3CCC4[C@]5(CC[C@@H](C(C5CC[C@]4([C@@]3(CC2)C)C)(C)C)OC(=O)CN(C6[C@@H]([C@H]([C@H]([C@H](O6)CO)O)O)O)OC)C)C(=O)O
1753,[2H]
1754,CC(=O)O.C[Hg]
1755,[O-][Se](=O)(=O)[O-].[Na+].[Na+]
1756,CC(C)OP(=O)(O)O
1757,CCC1=CN=C(C(=C1)C(=O)O)C2=NC(C(=O)N2)(C)C(C)C
1758,CC(=O)OCC[N+](C)(C)C
1759,C(=NN)(N)N
1760,CN(C)S(=O)(=O)C1=CC2=C(C=C1)SC3=CC=CC=C3N2CCCN4CCC(CC4)CCO
1761,C(=O)([O-])[O-].[OH-].[OH-].[Cu+2].[Cu+2]
1762,CCNC(=O)C1C(C(C(O1)N2C=NC3=C2N=CN=C3N(C(=O)NC4=NC=C(C=C4)Cl)C(=O)NC5=NC=C(C=C5)Cl)O)O
1763,CC(COC[C@@H]1[C@@H]2[C@@H]([C@H]([C@H](O1)O[C@@H]3[C@H](O[C@@H]([C@@H]([C@H]3O)O)O[C@@H]4[C@H](O[C@@H]([C@@H]([C@H]4O)O)O[C@@H]5[C@H](O[C@@H]([C@@H]([C@H]5O)O)O[C@@H]6[C@H](O[C@@H]([C@@H]([C@H]6O)O)O[C@@H]7[C@H](O[C@@H]([C@@H]([C@H]7O)O)O[C@@H]8[C@H](O[C@H](O2)[C@@H]([C@H]8O)O)COCC(C)O)COCC(C)O)COCC(C)O)COCC(C)O)COCC(C)O)COCC(C)O)O)O)O
1764,C([C@@H]1[C@@H]([C@@H]([C@H]([C@H](O1)O[C@H]2[C@H](O[C@@H]([C@@H]([C@H]2O)O)O[C@@H]3[C@H](O[C@H]([C@@H]([C@H]3O)O)O)CO)CO)O)O)O)O
1765,CC(=C)C(=O)O
1766,CCCC(=O)O[C@H](COC(=O)CC)COP(=O)(O)OC[C@H](C(=O)O)N
1767,C1=C(N(C(=O)NC1=O)[C@H]2[C@@H]([C@@H]([C@H](O2)CO)O)O)C(=O)O
1768,O[32P](=O)([O-])[O-].[Na+].[Na+]
1769,CC(=O)N[C@@H](CC1=CC(=C(C(=C1)I)O)I)C(=O)NCC(=O)O
1770,CC1=CC=CC=C1
1771,CCCCCCCCCCCCCCCCCC(=O)OC[C@@H](COP(=O)(O)OCC[N+](C)(C)C)OC(=O)CCCCCCCCCCCCCCCCC
1772,C[C@]12CC[C@@H](C([C@@H]1CC[C@@]3([C@@H]2CC=C4[C@]3(CC[C@@]5([C@H]4CC(CC5)(C)C)C(=O)O)C)C)(C)C)O
1773,[13NH3]
1774,C1CC[N+]2(C1)[C@@H]3CC[C@H]2CC(C3)OC(=O)C(C4=CC=CC=C4)(C5=CC=CC=C5)O.[Cl-]
1775,CC(=O)[O-].[K+]
1776,CC(C)CC(C)CC(C)C1=CC=C(C=C1)O
1777,CC1=C(C=CC(=C1)C2=CC(=C(C=C2)N/N=C\3/C=CC4=C(C3=O)C(=C(C=C4S(=O)(=O)[O-])S(=O)(=O)[O-])N)C)N/N=C/5\C=CC6=C(C5=O)C(=C(C=C6S(=O)(=O)[O-])S(=O)(=O)[O-])N.[Na+].[Na+].[Na+].[Na+]
1778,C1[C@@H]([C@H](O[C@H]1N2C=NC3=C2N=C(N=C3N)Cl)CO)O
1779,C1[C@H]([C@@H]([C@H]([C@@H]([C@H]1N)O[C@@H]2[C@@H]([C@H]([C@@H]([C@H](O2)CN)O)O)N)O[C@H]3[C@@H]([C@@H]([C@H](O3)CO)O)O)O)N
1780,C1=C([C@H]([C@@H]([C@H]([C@H]1N)O)O)O)CO
1781,C[C@H](CCCC(C)C)[C@H]1CC[C@@H]2[C@@]1(CC[C@H]3[C@H]2CC=C4[C@@]3(CC[C@@H](C4)O[C@H]5[C@@H]([C@H]([C@@H]([C@H](O5)CO)O)O)O)C)C
1782,CCCCCCCCCCCCCC(CC(=O)O)O
1783,C(C(C(C(C(C(=O)O)O)O)O)O)O
1784,C1=CC=C(C=C1)COC2=C(N=CC=C2)N
1785,CCCCC(=O)OCC(=O)[C@]1(C[C@@H](C2=C(C3=C(C(=C2C1)O)C(=O)C4=C(C3=O)C(=CC=C4)OC)O)O[C@H]5C[C@@H]([C@@H]([C@@H](O5)C)O)NC(=O)C(F)(F)F)O
1786,CCN1C2=NC=C(C(=C2C=N1)NC3CCOCC3)C(=O)NCC4=CC=CC=C4
1787,CC(C)(C1=CC=CC=C1)OO
1788,CC1=CC(=C(C(=C1S(=O)(=O)NC[C@H]([C@H](CC2=CC=CC=C2)N)O)C)C)OC
1789,CCCCCC(=O)OC1C2C(=C(C1OC(=O)/C(=C/C)/C)C)C3C(C(CC2(C)OC(=O)C)OC(=O)CCC)(C(C(=O)O3)(C)O)O
1790,C[C@@H]1CN(C(=O)[C@@H]1N)O
1791,C[C@@H](C(=O)O)NC
1792,C1CCC(C1)OC2=CC=C/C(=C/3\NC4=C(N3)C=C(C=C4)C(=N)N)/C2=O
1793,[Br]
1794,CSC[C@@H](C(=O)O)N
1795,C(CCN)CN
1796,CC(=O)N
1797,[Ge].[Fr]
1798,C1=CC=[NH+]C=C1.[Cl-]
1799,C(CO)C(C(=O)O)N
1800,CC(C)CC1=CC=C(C=C1)C(C)C(=O)O
1801,C1C[C@H]([C@H](CNC1)NC(=O)C2=CC=C(C=C2)O)OC(=O)C3=CC(=C(C(=C3)O)C(=O)C4=C(C=CC=C4O)C(=O)O)O
1802,C=CCN1CC[C@]23[C@@H]4C(=O)CC[C@]2([C@H]1CC5=C3C(=C(C=C5)O)O4)O
1803,C1=CC(=CC=C1C2=COC3=CC(=CC(=C3C2=O)O)O)O
1804,CC(C)C[C@H](N)P(=O)(O)O
1805,C1=CC=C(C=C1)C[C@@H](C(=O)O)O
1806,CCCCCCCCCCCCCCCC(=O)OCC(CO)OC(=O)CCCCCCC/C=C\CCCCCCCC
1807,C[C@]12CC[C@H]3[C@H]([C@@H]1CC[C@@H]2CC#N)CCC4=CC(=C(C=C34)OC)OS(=O)(=O)N
1808,C(C(=O)O)O.[NH2-].[NH2-].[Pt+2]
1809,CCCCCCCCCCCCCCCCCC(=O)OC
1810,C([C@@H](C(=O)[O-])N)[Se-]
1811,CC1(C2CCC(O1)(CC2)C)C
1812,CC1=NC=C(C(=C1O)C=O)CO
1813,CC1=CC(=C(C=C1)OC)OCC2=CC=CC=N2
1814,C/C=C/C(=O)O
1815,CN1CC[C@@H]([C@@H](C1)O)C2=C(C=C(C3=C2OC(=CC3=O)C4=CC=CC=C4Cl)O)O
1816,CCCCCCCCCCCCCCCCCC(=O)OC[C@H](COP(=O)(O)OC[C@@H](C(=O)O)N)OC(=O)CCCCCCC/C=C\CCCCCCCC
1817,CCCCC(C(=O)O)N
1818,C1C(C(C(C1O)O)O)N
1819,C1=CC(=CC=C1C2=CC3=C(O2)C(=CC(=C3)O)C#N)O
1820,C1CC(=O)N[C@@H]1CS(=O)(=O)C[C@@H](C(=O)NC2(CC2)C#N)N[C@@H](C3=CC=C(C=C3)F)C(F)(F)F
1821,C[C@@H]([C@@H](CCC1=C(C(=CC=C1)Cl)Cl)N2C=C(N=C2)C(=O)N)O
1822,CCO[C@@H](CC1=CC=C(C=C1)OCCN2C3=CC=CC=C3C4=CC=CC=C42)C(=O)O
1823,C1=CN(C=C(C1=O)C(=O)N)[C@H]2[C@@H]([C@@H]([C@H](O2)COP(=O)(O)OP(=O)(O)OC[C@@H]3[C@H]([C@H]([C@@H](O3)N4C=NC5=C4N=CN=C5N)OP(=O)(O)O)O)O)O
1824,CCCCCCCCCCCCCCCCCCCCCCCCCCCCO
1825,[B]=O
1826,C1=CC2=C(C=C1/C=C\3/C(=O)NC(=O)S3)OC(O2)(F)F
1827,C[C@H](CCC(=O)O)[C@H]1CC[C@@H]2[C@@]1(CC[C@H]3[C@H]2[C@@H](C[C@@H]4[C@@]3(CC[C@H](C4)O)C)O)C
1828,CC1=CC(=NO1)NS(=O)(=O)C2=CC=C(C=C2)N
1829,C[C@@H]1CC[C@@]2(CC[C@@]3(C(=CC[C@H]4[C@]3(CCC5[C@@]4(C[C@H]([C@H](C5(C)C)O)O)C)C)[C@H]2[C@]1(C)O)C)C(=O)O
1830,CCCCCCCCCCCCCCCC(C(CCCCCCCCCCCCCC)C(=O)OC[C@@H]1[C@H]([C@@H]([C@H]([C@@H](O1)OC2[C@@H]([C@H]([C@@H]([C@H](O2)COC(=O)C(CCCCCCCCCCCCCC)C(CCCCCCCCCCCCCCC)O)O)O)O)O)O)O)O
1831,CC1COC2=C3N1C=C(C(=O)C3=CC(=C2N4CCN(CC4)C)F)C(=O)O
1832,C[C@@]12CC[C@@]3(C(=CC[C@H]4[C@]3(CC[C@@H]5[C@@]4(CC[C@@H](C5(C)C)O)C)C)[C@@H]1CC(CC2)(C)C)C
1833,CCCCCCCC/C=C\CCCCCCCC(=O)OC[C@H](COP(=O)(O)OCCN)OC(=O)CCCCCCC/C=C\CCCCCCCC
1834,CCCCCCC(=O)O
1835,CC(C)C(CCCN(C)CCC1=CC(=C(C=C1)OC)OC)(C#N)C2=CC(=C(C=C2)OC)OC
1836,C(C(=O)N)N
1837,OS(=O)(=O)OS(=O)(=O)O
1838,CCCCC/C=C/C/C=C/CCCCCCCC(=O)O
1839,CC1=C(C[C@H](CC1)O)/C=C\C2=CCCC3(C2CCC3[C@H](C)CCCC(C)C)C
1840,CC#C[C@@]1(CC[C@@H]2[C@@]1(C[C@@H](C3=C4CCC(=O)C=C4CC[C@@H]23)C5=CC=C(C=C5)N(C)C)C)O
1841,C1C[C@@H](NC1)C(=O)O
1842,CC(C)C(=O)COC1=NC(=NC2=C1NC=N2)N
1843,C1=CC2=NC(N=C2C=C1)N
1844,[2H]C1=C(C(=C2C(=C(C(=C(C2=C1[2H])[2H])[2H])[2H])[2H])[2H])[2H]
1845,C[C@@H]1C(=O)O[C@@H]2[C@]1([C@@]34C(=O)O[C@H]5[C@]3([C@H]2O)[C@@]6([C@@H](C5)C(C)(C)C)[C@H](C(=O)O[C@H]6O4)O)O
1846,C(CC(=O)O)C(C(=O)O)N
1847,C1CCN(CC1)CCC(C2CC3CC2C=C3)(C4=CC=CC=C4)O
1848,C1=CC(=CC=C1[C@H](CO)O)NC(=O)C2=CC3=C(N2)C=CC(=C3)Cl
1849,C1CCN(C1)C(=O)[C@@H]2CN(C[C@@H]2N)C(=O)C3=NC4=CC=CC=C4N=C3
1850,C1CCC(CC1)CCCCCCO[C@H]2[C@@H]([C@H]([C@@H]([C@H](O2)CO)O[C@@H]3[C@@H]([C@H]([C@@H]([C@H](O3)CO)O)O)O)O)O
1851,CC(C)(C)O
1852,CC(CC1=CC=C(C=C1)OC)N
1853,C[C@H](CCCC(C)(C)O)[C@H]1CC[C@@H]2[C@@]1(CC[C@H]3[C@H]2CC=C4[C@@]3(CC[C@@H](C4)O)C)C
1854,COC(=O)CCC(=O)OC
1855,CC(C)(C)C1=NN(C(=C1)NC(=O)NC2=CC=CC3=CC=CC=C32)C4=CC(=CC=C4)N
1856,C1=C(N=C([Se]1)C2[C@H]([C@H]([C@@H](O2)COP(=O)(O)OP(=O)(O)OC[C@@H]3[C@H]([C@H](C(O3)N4C=NC5=C4N=CN=C5N)O)O)O)O)C(=O)N
1857,C1=CC=C2C(=C1)C(=O)OC23C4=CC(=C(C(=C4OC5=C(C(=C(C=C35)[N+](=O)[O-])O)Br)Br)O)[N+](=O)[O-]
1858,C1=CC=C2C(=C1)C(=CN2)CCN
1859,C1=CC=C(C=C1)C2=CC3=C(C4=C(N3CCC(=O)O)C=CC(=C4)O)C5=C2C(=O)NC5=O
1860,C1[C@@H](O[C@@H](C2=C1C(=C(C=C2)O)O)CN)C3=CC=CC=C3
1861,C[C@]12CCC(=O)C=C1CC[C@@H]3[C@@H]2[C@H](C[C@]4([C@H]3CC[C@@H]4C(=O)CO)C)O
1862,C1=CC(=CC=C1CCNC2=NC=NC3=C2N=CN3C4C(C(C(O4)CO)O)O)N
1863,C[C@H](C[C@@H]([C@@H]1C(O1)(C)C)OC(=O)C)C2=C3C[C@@H](C4[C@]5(CCC(=O)C(C5CC[C@@]4([C@]3(CC2)C)C)(C)C)C)O.CC(=O)[O-]
1864,CC(=O)C1[C@@H](C[C@@H]2[C@@]1(CC[C@H]3[C@H]2CCC4=CC(=O)CC[C@]34C)C)O
1865,C=C(C(=O)O)OP(=O)(O)O
1866,C[C@@H]1CC([C@]2([C@@H](O1)O[C@@H]3[C@H]([C@@H]([C@@H]([C@@H]([C@H]3O2)NC)O)NC)O)O)(O)O
1867,C1=CC(=CC=C1/C=C/C2=CC(=CC(=C2)O)O)O
1868,C([C@H](C(=O)O)N)C(=O)O
1869,O.O.O.O.[V]
1870,CN1C=NC=C1[C@@H](C2=CC=C(C=C2)C#N)OCC3=C(C=C(C(=N3)Cl)C#N)C4=CC(=CC=C4)Cl
1871,C[C@@H]1C(=O)N[C@H](C(=O)N2CCC[C@@H]2C(=O)N[C@H](C(=O)N1)C)CCCCCC(=O)[C@@H]3CO3
1872,CC(C)[C@H](C=O)[C@H]1[C@@H](CCN1C(=O)/C=C/CN2CCCCC2)NS(=O)(=O)C
1873,CC(C)(C)NC[C@@H](COC1=CC=CC2=C1CCCC2=O)O
1874,C1CC1(CN)NC(=O)[C@H](CS(=O)(=O)CC2=CC=CC=C2)N[C@@H](C3=CC=C(C=C3)O)C(F)(F)F
1875,C(C1C(C(C(C(O1)OCC(C(C(C(C=O)O)O)O)O)O)O)O)O
1876,CN1C[C@H](C2=CC(=O)C(=O)C=C21)O
1877,C[C@]12CCC(=O)C=C1C=C[C@@H]3[C@@H]2CC[C@]4([C@H]3CC[C@]4(CCC(=O)O)O)C
1878,CCCCCCCC/C=C\CCCCCCCC(=O)OCC(CO)OC(=O)C
1879,CC1=CC=CC=C1O
1880,CCCCCC(=O)C
1881,C1CCC2=NC3=CC=CC=C3C(=C2C1)NCCN4C(=CN=N4)CCCCCC[N+]5=C6C=C(C=CC6=C7C=CC(=CC7=C5C8=CC=CC=C8)N)N
1882,C1[C@@H]([C@H](O[C@H]1N2C=CC(=O)NC2=O)COP(=O)(O)OP(=O)(O)O)F
1883,C1(=C(C2=NNN=C2C(=C1Br)Br)Br)Br
1884,C1CC1
1885,CS(=O)(=O)C1=CC=C(C=C1)C2=C(C(=O)OC2)C3=CC=CC=C3
1886,CC(CCCCN1C(=O)C2=C(N=CN2C)N(C1=O)C)O
1887,CC1=CN(C(=O)NC1=O)[C@@H]2C[C@H]([C@@H](O2)CO)O
1888,B1(OCCO1)OCC2=CC=C(C=C2)C(=[NH2+])N
1889,C[C@H](CC1=CC=CC=C1)NC2=NC=NC3=C2N=CN3[C@H]4C([C@H]([C@H](O4)CO)O)O
1890,CC#C[C@@]1(CC[C@@H]2[C@]1(C[C@@H](C3=C4CCC(=O)C=C4CC[C@@H]23)C5=CC=C(C=C5)N(C)C)C)O
1891,C1=CC(=C(C=C1C[C@@H](C(=O)O)N)[N+](=O)[O-])O
1892,CC1=C2[C@H](C(=O)[C@@]3([C@H](C[C@@H]4[C@]([C@H]3[C@@H]([C@@](C2(C)C)(C[C@@H]1OC(=O)[C@@H]([C@H](C5=CC=CC=C5)NC(=O)C6=CC=CC=C6)O)O)OC(=O)C7=CC=CC=C7)(CO4)OC(=O)C)O)C)OC(=O)C
1893,C[C@]12CC[C@H]3[C@H]([C@@H]1CC[C@@H]2C(=O)CO)CCC4=CC(=O)CC[C@H]34
1894,C1=CC2=C(C=CC(=C2N=C1)O)[N+](=O)[O-]
1895,CCCCCC=CCC=CCCCCCCCC(=O)O
1896,C1=NC2=C(C(=N1)N)N=CN2[C@H]3[C@@H]([C@@H]([C@H](O3)COP(=O)(O)OP(=O)(O)O[32P](=O)(O)O)O)O
1897,CC(C)NCC(C1=CC=C(C=C1)NS(=O)(=O)C)O
1898,C([C@@H]1[C@H]([C@@H]([C@H]([C@H](O1)O)O)O[C@H]2[C@@H]([C@H]([C@@H]([C@H](O2)CO)O)O[C@H]3[C@@H]([C@H]([C@@H]([C@H](O3)CO)O)O)O)O)O)O
1899,O=P
1900,CNCCNS(=O)(=O)C1=CC=CC2=C1C=CN=C2
1901,C1(C(C(C2C(C1O)O2)O)O)O
1902,C([C@@H]1[C@@H]([C@@H]([C@@H]([C@H](O1)O)O)O)O)O
1903,C1=CC(=CC=C1C(=N)N)OCCCCCOC2=CC=C(C=C2)C(=N)N
1904,C[C@H](C1=CC=CC=C1)NC2=C(C(=O)C2=O)NC3=CC=NC=C3
1905,C1=CC=C(C=C1)CN2C=CN=C2
1906,[C@H]1([C@H]([C@@H]([C@H]([C@H]([C@H]1OP(=O)(O)O)O)OP(=O)(O)O)OP(=O)(O)O)O)O
1907,C[C@@H](C(=O)N[C@@H](C)NC=O)NC(=O)OC(C)(C)C
1908,C1=CC=C2C(=C1)C3=C4C5=C2C6=CC=CC=C6C7=C5C8=C(C9=CC=CC=C97)C1=CC=CC=C1C1=C8C4=C(C2=CC=CC=C23)C2=CC=CC=C21
1909,CC1=C(C2=C(N1CC3=CC=CC=C3)C=CC(=C2)OC)CC(=O)O
1910,[77BrH]
1911,CC(=O)NCCC1=CNC2=C1C=C(C=C2)OC
1912,CC1([C@@H]([C@@H]1C(=O)OC(C#N)C2=CC(=CC=C2)OC3=CC=CC=C3)/C=C(/C(F)(F)F)\Cl)C
1913,CC(C)C[C@@H](C(=O)N[C@@H](COCC1=CC=CC=C1)C#N)NC(=O)N2CCOCC2
1914,C1=CC(=CC=C1C2=CC(=O)C3=C(C(=C(C=C3O2)O)C4=C(C=CC(=C4)C5=CC(=O)C6=C(C=C(C=C6O5)O)O)O)O)O
1915,CCCCCCCC/C=C\CCCCCCC(CO)(C(=O)[O-])[NH3+]
1916,C1=CC=C2C=C(C(=CC2=C1)C(=O)O)NC(=O)C(=O)O
1917,C1=CC(=NC(=C1)N)CCC2=CC3=C(C=C2)C=CN3
1918,CC12CCC(=O)C=C1CCC3C2CCC4(C3CC[C@@]4(C(=O)CO)O)C
1919,C1=CC(=C(C=C1[N+](=O)[O-])Cl)NC(=O)C2=C(C=CC(=C2)Cl)O
1920,CCOC(=O)[C@H](C)NC(=O)[C@H](CC(C)C)NC(=O)[C@H](CC(C)C)CC(=O)NO
1921,C1CNCC2=CC=CC=C21
1922,C1=CC(=C(C=C1N)O)C(=O)O
1923,C(C(=O)O)NC(CO)(CO)CO
1924,CC1=CC(=NC(=N1)OC2=CC=C(C=C2)N3C=CN=C3)OC4=CC5=C(C=C4)OCO5
1925,C1NC2=C(C=C(C(=C2)C(F)(F)F)S(=O)(=O)N)S(=O)(=O)N1
1926,[C@H](C(F)(F)F)(Cl)Br
1927,C1=CC=C(C=C1)C(CNC2=C(C(=C(C=C2)Cl)CC(=O)NCCON=C(N)N)F)(F)F
1928,CCOCCOCCOC
1929,CCNC(=O)COC1=C(C=C(C=C1)Cl)CNC(=O)[C@@H]2CCCN2C(=O)[C@@H](C3CCCCC3)N
1930,[Be+2].[O-]S(=O)(=O)[O-]
1931,CN(C)C(=O)[C@H]([C@H](CC1=CC=CC=C1)NC(=O)C2=CC3=C(N2)C=CC(=C3)Cl)O
1932,C(CN)CNCCSP(=O)(O)O
1933,CC1=CC(=NC(=C1)N)C[C@H]2CNC[C@@H]2NCCNCC3=CC(=CC=C3)Cl
1934,CC(=O)O[C@H]1CC[C@@H]2[C@H]3CC[C@]4([C@H]([C@@H]3CCC2=C1)CC[C@]4(C#C)OC(=O)C)C.C[C@]12CC[C@H]3[C@H]([C@@H]1CC[C@]2(C#C)O)CCC4=C3C=CC(=C4)O
1935,CN[C@@H](CCC(=O)N)C(=O)O
1936,CC(CN1CCOCC1)C(C2=CC=CC=C2)(C3=CC=CC=C3)C(=O)N4CCCC4
1937,CC1=C(C=C(C=C1)C(=O)NC)NC2=NC=NC3=C2C=NN3C4=CC=CC=C4
1938,C1[C@@H]([C@H]([C@H](N1)CO)O)O
1939,C1=CC=C(C=C1)C2=CC(=O)C3=C(C=C(C=C3O2)O)O
1940,CC(=O)CCO
1941,C[C@@H]1CC[C@@]2(CC[C@@]3(C(=CC(=O)C4[C@]3(CCC5[C@@]4(CC[C@H]([C@]5(C)C(=O)O)OC(=O)C)C)C)C2[C@H]1C)C)C
1942,C[C@H](CCO)O
1943,C[C@H]1C[C@H]2[C@@H]3CCC4=CC(=O)C=C[C@@]4([C@]3([C@H](C[C@@]2([C@]1(C(=O)CO)O)C)O)F)C
1944,CNC(=C)C(=O)O
1945,C1CCC(CC1)NC(=O)NCCCC(=O)O
1946,C(C(=O)O)(C(=O)O)N
1947,C1=CC=C(C(=C1)C=O)Cl
1948,C1CCN(CC1)CCOC2=CC=CC3=C2OCCO3.Cl
1949,COCCNC1=C(C=CC(=C1)N2C3=C(C(=O)CCC3)C4=CC=CC=C42)C(=O)N
1950,OBr
1951,CC(=O)N[C@@H](CO)C(=O)O
1952,C1=C(N(C(=O)NC1=O)[C@H]2[C@@H]([C@@H]([C@H](O2)COP(=O)(O)O)O)O)CO
1953,C1=CN(C(=O)NC1=O)[C@H]2[C@@H]([C@@H]([C@H](O2)COP(=O)(O)OP(=O)(O)O[C@@H]3[C@@H]([C@H]([C@H]([C@H](O3)CO)O)O)O)O)O
1954,CCC(=O)C
1955,B(C1=CC=CC=C1)(O)O
1956,C[C@H](CCCC(C)C)[C@H]1CC[C@@H]2[C@@]1(CC[C@H]3[C@H]2C[C@H]4[C@@]5([C@@]3(CC[C@@H](C5)O)C)O4)C
1957,C1[C@@H]([C@H](O[C@H]1N2C=C(C(=O)NC2=O)F)COP(=O)(O)O)O
1958,[63Cu]
1959,CN1CC(=O)N2[C@H](C1=O)CC3=C([C@H]2C4=CC5=C(C=C4)OCO5)NC6=CC=CC=C36
1960,CC(C)(CO)[C@H](C(=O)O)O
1961,CCCCCCCCCCCC(=O)O.CN1C=CN=C1.C=O
1962,CN1CCN2C(C1)C3=CC=CC=C3CC4=C2N=CC=C4
1963,CCC[C@](C)([C@H]1C[C@@]23CC[C@@]1([C@H]4[C@@]25CCN([C@@H]3CC6=C5C(=C(C=C6)O)O4)C)OC)O
1964,CC(=O)NC(CC1=CNC2=CC=CC=C21)C(=O)O
1965,C1=CC=C(C(=C1)C(=O)NO)O
1966,C1CCN(CC1)C2(CCN(CC2)CCCN3C4=CC=CC=C4CCC5=CC=CC=C53)C(=O)N
1967,CCC(C)[C@@H]1[C@H](C=C[C@@]2(O1)C[C@@H]3C[C@H](O2)C/C=C(/[C@H]([C@H](/C=C/C=C/4\CO[C@H]5[C@@]4([C@@H](C=C([C@H]5O)C)C(=O)O3)O)C)O[C@H]6C[C@@H]([C@H]([C@@H](O6)C)O[C@H]7C[C@@H]([C@H]([C@@H](O7)C)O)OC)OC)\C)C.C[C@H]1/C=C/C=C/2\CO[C@H]3[C@@]2([C@@H](C=C([C@H]3O)C)C(=O)O[C@H]4C[C@@H](C/C=C(/[C@H]1O[C@H]5C[C@@H]([C@H]([C@@H](O5)C)O[C@H]6C[C@@H]([C@H]([C@@H](O6)C)O)OC)OC)\C)O[C@]7(C4)C=C[C@@H]([C@H](O7)C(C)C)C)O
1968,CN1CCN(CC1)C2=CC=C(C=C2)C(=O)NC3=NNC4=CN(C=C43)C(=O)CC5=CC=CS5
1969,CC1=C(C=C(C=C1)OC)OCC2=CC=NC=C2
1970,C(=O)=O.N#N.O=O.[Ar]
1971,[H-].[Na+]
1972,C[C@@H]([C@H](C(=O)O)N)O
1973,CC1=C(N=C2C=CC(=CC2=C1C(=O)O)F)C3=CC=C(C=C3)C4=CC=CC=C4F
1974,CC[C@]1(CC[C@]2([C@H](C1)CCC3C2CC[C@]4(C3CC[C@@H]4C(=O)C)C)C)O
1975,C1=CC=C(C=C1)C2C(=O)N=C(O2)N
1976,C[C@H](CC(=O)O)[C@H]1CC[C@@H]\2[C@@]1(CCC/C2=C\C=C/3\C[C@H](C[C@@H](C3=C)O)O)C
1977,C(CCN)CC(=O)O
1978,C(CS[C@@H](CC(=O)O)C(=O)O)N=C(N)N
1979,C1=CC2=C(C=C1Cl)N=C(S2)CN3C(=O)C=CN(C3=O)CC(=O)O
1980,C1CCC(CC1)N
1981,CC(CCC(=O)NCCS(=O)(=O)O)[C@H]1CC[C@@H]2[C@@]1(CC[C@H]3[C@H]2[C@@H](C[C@H]4[C@@]3(CC[C@H](C4)O)C)O)C
1982,[C@@H]([C@@H]([C@H](C(=O)O)O)O)([C@@H](C(=O)O)O)O
1983,C[C@@H](C(=O)N1CCOCC1)N2CC[C@@H](C2=O)NS(=O)(=O)C3=CC4=C(C=C3)C=C(C=C4)Cl
1984,[F-].[F-].[K+].[K+]
1985,C[C@@H]1[C@]([C@@H]([C@H](O1)O[C@@H]2[C@H]([C@@H]([C@H]([C@@H]([C@H]2O)O)N=C(N)N)O)N=C(N)N)O[C@@H]3[C@@H]([C@H]([C@@H]([C@H](O3)CO)O)O)NC)(C=O)O
1986,C([C@@H]1[C@@H]([C@@H]([C@H](C(O1)O)O)O)O)OP(=O)(O)O
1987,C1=CC(=CC=C1C#N)N(CC2=CC(=C(C=C2)OS(=O)(=O)N)Br)N3C=NN=C3
1988,[NH4+].[Br-]
1989,[9Li]
1990,CCCOC1=CC2=C(C=C1)NC=C2C[C@H](C(=O)N[C@@H](CCC(=O)N)C(=O)NCC3=CC=C(C=C3)C(=N)N)NS(=O)(=O)CC
1991,C[C@]12CC[C@H]3[C@H]([C@@H]1CC[C@@H]2O)CCC4=C3C=CC(=C4OC)O
1992,C(=O)([O-])[O-].[Na+].[Na+]
1993,C1=CC(=CC=C1C[C@@H](C(=O)N)NC(=O)CSC2=CC=C(C=C2)Cl)N=C(N)N
1994,[128IH]
1995,CCOC1=CC=CC=C1O[C@H]([C@@H]2CNCCO2)C3=CC=CC=C3
1996,C1[C@@H]([C@H](C2=C1C=CC(=C2)C3=CC=C(C=C3)O)[C@@H](CCCCC(=N)N)C(=O)O)O
1997,C1COCCN1[C@@H]2C[C@H](C=C(C2)C(=O)NC3=CC(=C(C=C3)Cl)COC4=CN=CC=C4)F
1998,CN1CC(=O)N2[C@@H](C1=O)CC3=C([C@H]2C4=CC5=C(C=C4)OCO5)NC6=CC=CC=C36
1999,CC[C@H]1C(=O)N(CC(=O)N([C@H](C(=O)N([C@@H](C(=O)N([C@H](C(=O)N[C@H](C(=O)N[C@@H](C(=O)N([C@H](C(=O)N([C@H](C(=O)N([C@H](C(=O)N(C(C(=O)N1)[C@@H]([C@H](C)C/C=C/C)O)C)C(C)C)C)CC(C)C)C)CC(C)C)C)C)C)CC(C)C)C)C(C)C)C)CC(C)C)C)C
2000,CC(C(=O)O)N
2001,CC(=O)C1=CC=CC(=C1)C2=CN=C3N2N=C(C=C3)NCC4CC4
2002,C1=CC=C(C(=C1)C(=O)N)NC2=NC(=NC=C2)NC3=CC(=CC=C3)O
2003,CCCCC/C=C/C/C=C/CCCCCCC(C(=O)O)OO
2004,C1=CC=C(C=C1)C2=CN=C(C3=CN=CN32)NC4=CC=CC=C4Cl
2005,[NH4+].[I-]
2006,C1=CC=C2C(=C1)C(=CN2)OS(=O)(=O)O
2007,C1C[C@H](N(C1)C(=O)[C@H](CO)NC(=O)[C@H](CCC(=O)O)NC(=O)CNC(=O)[C@H](CCCN=C(N)N)NC(=O)CN)C(=O)O
2008,C([C@@H]1[C@H]([C@@H]([C@H]([C@@H](O1)O[C@@H]2[C@H](O[C@H]([C@@H]([C@H]2O)O)O[C@@H]3[C@H](O[C@@H]([C@@H]([C@H]3O)O)O)CO)CO)O)O)O)O
2009,CC(C)(C)NS(=O)(=O)C1=CC=C(C=C1)C2=CN=C3C=CC=C(C3=C2)NC4=CC=CC=N4
2010,CC[C@@]1(C2=C(COC1=O)C(=O)N3CC4=CC5=CC=CC=C5N=C4C3=C2)O
2011,CC(C)[C@@H](C(=O)N[C@@H](CC1=CC=C(C=C1)O)C(=O)N[C@H](CCCCN)C(=O)O)NC(=O)[C@H](CC2=CC=CC=C2)NC(=O)[C@H](CC3=CC=CC=C3)NC(=O)[C@H](CC4=CN=CN4)NC(=O)[C@H](CC5=CC=CC=C5)NC(=O)[C@H]6CCCN6C(=O)[C@H](CC7=CN=CN7)NC(=O)[C@H]8CCCN8
2012,C(C(C(=O)O)O)(C(=O)O)O
2013,CC(C)C[C@H](C(=O)N1CCC[C@H]1C(=O)NCC2=CC=C(C=C2)C(=N)N)N
2014,C[C@@H](C=O)O
2015,C(C(=O)O)N.Cl
2016,C1C2=CC=CC=C2C3=C1C(=NN3)C4=CC=NC=C4
2017,CC12CCC(=O)C=C1CCC3C2C(CC4(C3CC[C@@]4(C(=O)COP(=O)(O)O)O)C)O
2018,CC(=N)N1CCC(CC1)OC2=CC3=C(C=C2)C4=CC=CC=C4N3CC5=CC6=C(C=C5)C=CC(=C6)C(=N)N
2019,CCCCCCCCCCCCCCC1(CO1)C(=O)O
2020,C([C@H]([C@H]([C@@H]([C@H](CO)O)O)O)O)O
2021,C(CO)NCCO
2022,CC1=C(C=CC(=C1)C2=CC(=C(C=C2)N/N=C/3\C(=O)C4=C(C=C(C=C4C=C3S(=O)(=O)O)S(=O)(=O)O)N)C)N/N=C/5\C(=O)C6=C(C=C(C=C6C=C5S(=O)(=O)O)S(=O)(=O)O)N
2023,CCCCCCO[C@H]1[C@@H]([C@H]([C@H]([C@H](O1)CO)O)N)O
2024,C1=CN(C(=O)NC1=O)C2[C@@H]([C@@H]([C@H](O2)COP(=O)(O)OP(=O)(O)O[C@@H]3[C@@H]([C@H]([C@H]([C@H](O3)CO)O)O)O)O)O
2025,CC(C)[C@H]1C(=O)N[C@H](C(=O)N[C@@H](CSSCCC(=O)N[C@H](C(=O)N[C@H](C(=O)N1)CC2=CC=CC=C2)CC3=CC=C(C=C3)O)C(=O)N4CCC[C@H]4C(=O)N[C@H](CCCN=C(N)N)C(=O)NCC(=O)N)CC(=O)N
2026,C1CN(CC1(F)F)C(=O)[C@@H]2C[C@@H](CN2)N3CCN(CC3)C4=NC=CC=N4
2027,C[C@H](CC(=O)SCCNC(=O)CCNC(=O)C(C(C)(C)COP(=O)(O)OP(=O)(O)OC[C@@H]1[C@H]([C@H]([C@@H](O1)N2C=NC3=C2N=CN=C3N)O)OP(=O)(O)O)O)O
2028,CC1=CN(C(=O)NC1=O)[C@H]2C=C[C@H](O2)CO
2029,CC1=C(N2C=CC=CC2=N1)C3=NC(=NC=C3)NC4=CC=C(C=C4)OC[C@H](CN(C)C)O
2030,C[C@H](CCC(=O)O)[C@H]1CC[C@@H]2[C@@]1([C@H](C[C@H]3[C@H]2[C@@H](C[C@@H]4[C@@]3(CC[C@H](C4)O)C)O)O)C
2031,CCCCN1C(=NC2=C1N=CN=C2N)CC3=CC4=C(C=C3)OCO4
2032,C1C=CC2=C(C=NC2=C1)C[C@@H](COC3=CN=CC(=C3)C4=NCC5=NN=CC5=C4)N
2033,CC1(CCCC(N1C)(C)C)C
2034,C1=CC(=C(C(=C1)F)C2=CC=C(C=C2)C(=O)O)F
2035,C1CN(CCC12NC3=C(C=CC(=C3C(=N2)N)F)F)C(=O)C4=CN=C(C=C4)C#N
2036,CC[C@H]1[C@@H]2C[C@H]3[C@H]4[C@@]5(C[C@@H](C2[C@H]5O)N3[C@@H]1O)C6=CC=CC=C6N4C
2037,O([Si])[Si]
2038,CCC(=O)NS(=O)(=O)C1=CC=C(C=C1)C2=C(ON=C2C3=CC=CC=C3)C
2039,C1=CC=C(C=C1)C(=O)C2=C(C(=C(C=C2)O)O)[N+](=O)[O-]
2040,C(CCNC1=N[C@@H]([C@H]([C@@H]([C@H]1O)O)O)CO)CN
2041,CC1([C@H](C(=O)NCC(=O)N[C@H](C(=O)N[C@H](C(SS1)(C)C)C(=O)O)CC2=CC=CC=C2)NC(=O)[C@H](CC3=CC=C(C=C3)O)N)C
2042,C(=O)(C(=O)[O-])[O-].O.O.[Fe+2]
2043,CCCCCCCCCCCCCCCC(C(CO)N)O
2044,CC1=CC=C(C=C1)C(=O)C2=CC(=C(C(=C2)O)O)[N+](=O)[O-]
2045,COC1=NC=C(C=C1)C2=CC(=CC3=C2OC(=N3)NS(=O)(=O)C4=C(C=CC(=C4)Cl)Cl)OC
2046,C1CN=C(N1)CC2=CC=CC=C2
2047,C1C(C(C(C(O1)O)O)O)O
2048,C1=NC2=C(N1)C(=O)N=CN2
2049,C1=NC2=C(C(=N1)N)N=CN2[C@H]3[C@@H]([C@@H]([C@H](O3)CN)O)O
2050,C1=CC=C(C=C1)C(=O)NC(CCCN=C(N)N)C(=O)N
2051,C/C=C/C1=CC(=C(C=C1)O)OC
2052,C1CN(CCN1CCCN2C3=CC=CC=C3SC4=C2C=C(C=C4)Cl)CCO
2053,CN[C@H]1C[C@H]([C@@H]([C@H]([C@@H]1O)O[C@H]2[C@H]3[C@H](C([C@H](O2)CO)O)O[C@@]4(O3)[C@@H]([C@@H]([C@H]([C@@H](O4)[C@H](CO)N)O)O)O)O)N
2054,CC(=CCCC(C)([C@H]1CC[C@@]2([C@@H]1[C@@H](C[C@H]3[C@]2(CC[C@@H]4[C@@]3(CC[C@@H](C4(C)C)O[C@H]5[C@@H]([C@H]([C@@H]([C@H](O5)CO)O)O)O[C@H]6[C@@H]([C@H]([C@@H]([C@H](O6)CO)O)O)O)C)C)O)C)O[C@H]7[C@@H]([C@H]([C@@H]([C@H](O7)COC8[C@@H]([C@H]([C@@H]([C@H](O8)CO)O)O)O)O)O)O)C
2055,CC1(CCC2(CCC3(C(=CCC4C3(CCC5C4(CCC(C5(C)C)O)C)C)C2C1)C)C)C
2056,CC(C[N+](C)(C)C)OC(=O)N
2057,C([C@@H]1[C@@H]([C@@H]([C@H]([C@H](O1)OC[C@@H]2[C@H]([C@@H]([C@@H]([C@@H](O2)O)O)O)O[C@H]3[C@H]([C@H]([C@@H]([C@H](O3)CO)O)O)O)O)O)O)O
2058,C[C@]12CCC(=O)C=C1CC[C@@H]3[C@@H]2CC[C@]4([C@H]3CCC4=O)C
2059,COC1=C2C(=CC3=C1OC=C3)C=CC(=O)O2
2060,CCCCCCC=CCCCCCCCC(=O)O
2061,CN1C2=C(C=C(C=C2)C#CCC3=CC=CC=C3)C(=O)N(C1=O)CC4=CC=C(C=C4)C(=O)O
2062,CC[C@H](CC[C@@H](C)[C@H]1CC[C@@H]2[C@@]1(CC[C@H]3[C@H]2CC=C4[C@@]3(CC[C@@H](C4)O)C)C)C(C)C
2063,C[C@H](CCC=C(C)C)[C@H]1CC[C@@H]2[C@@]1(CC[C@H]3[C@H]2CC=C4[C@@]3(CC[C@@H](C4)O)C)C
2064,C[C@](CC1=CC=C(C=C1)O)(C(=O)O)N
2065,CC[C@H](C)[C@@H](C(=O)N[C@@H]([C@@H](C)CC)C(=O)N[C@@H](CC1=CNC2=CC=CC=C21)C(=O)O)NC(=O)[C@H](CC(=O)O)NC(=O)[C@H](CC(C)C)NC(=O)[C@H](CC3=CNC=N3)NC(=O)[C@H]4CSSC[C@H](C(=O)N[C@@H](C(=O)N[C@H]5CSSC[C@@H](C(=O)N[C@@H](C(=O)N[C@H](C(=O)N[C@@H](C(=O)N4)CC6=CC=CC=C6)CC7=CC=C(C=C7)O)C(C)C)NC(=O)[C@H](NC(=O)[C@@H](NC(=O)[C@H](NC(=O)[C@@H](NC(=O)[C@H](NC(=O)[C@@H](NC(=O)[C@H](NC5=O)CO)CO)CC(C)C)CCSC)CC(=O)O)CCCCN)CCC(=O)O)CO)N
2066,C1C[C@H](N(C1)C(=O)[C@@H]2CCCN2C(=O)OCC3=CC=CC=C3)C=O
2067,C1C(OC(=N1)N)C2=CC=CC=C2
2068,CC(C)CC(=O)O
2069,CC(=O)NO
2070,C[C@]1(CCC[C@@]2([C@@H]1CC[C@]34[C@H]2CC[C@H](C3)C(=C)C4)C)CO
2071,CC(=O)[C@H]1CC[C@@H]2[C@@]1(CC[C@H]3[C@H]2CC[C@@H]4[C@@]3(CC[C@H](C4)O)C)C
2072,CCCCS(=O)(=O)O
2073,C1=C(C(=O)NC(=O)N1[C@H]2[C@@H]([C@@H]([C@H](O2)[C@@H](C(=O)O)NC(=O)[C@H]([C@@H]([C@H](COC(=O)N)O)O)N)O)O)C(=O)O
2074,C1=CC2=C(C=CC=C2S(=O)(=O)N)C(=C1)O
2075,CC1=NC(=NC2=C1CSCC2)N
2076,CC(=O)OCC(=O)[C@H]1CC[C@@H]2[C@@]1(C[C@@H]([C@H]3[C@H]2CCC4=CC(=O)CC[C@]34C)O)C
2077,CN1CC(C2=C(C1)C(=CC=C2)N)C3=CC=CC=C3
2078,C[C@@H](CC1=CC=CC=C1)NC2=NC=NC3=C2N=CN3C4[C@H]([C@H]([C@H](O4)CO)O)O
2079,C1CCCCCC1
2080,C1=CC=C(C=C1)NC2=CC=CC3=C2C(=CC=C3)S(=O)(=O)O
2081,CC1=CNC(=O)NC1=O
2082,C1CN(CCN1CCCN2C(=O)N3C=CC=CC3=N2)C4=CC(=CC=C4)Cl
2083,C1=CC(=CC=C1C#N)C2=CC=C(C=C2)OCCC(=O)NO
2084,C/C=C(/C(=O)O)\NC
2085,C1=C(C=C(C=C1C(=O)O)C(=O)O)C(=O)O
2086,C1[C@@H](C2=C(C=C(N2)C3=NC(=NC=C3)N)C(=O)N1)CCF
2087,CC1=C(C2=CC=CC=C2N1)CCNC(=O)C3=CC=CS3
2088,CC1([C@@H](N2[C@H](S1)[C@@H](C2=O)NC(=O)[C@@H](C3=CC=CC=C3)N)C(=O)O)C
2089,C[C@@H]1C[C@H]2[C@@H]3C[C@@H](C4=CC(=O)C=C[C@@]4([C@]3([C@H](C[C@@]2([C@]1(C(=O)CO)O)C)O)F)C)F
2090,CN(C)CCOC(=O)C(C1=CC=CC=C1)C2(CCCC2)O
2091,CC(C)[C@H](C(=O)NS(=O)(=O)OC[C@@H]1[C@H]([C@H]([C@@H](O1)N2C=NC3=C2N=CN=C3N)O)O)N
2092,CC#CCNC1=CC=C(C=C1)S(=O)(=O)CC2(CCN(CC2)C(=O)OC(C)(C)C)C(=O)NO
2093,C1CC2=C(C=CC(=C2)Cl)C(=C3CCNCC3)C4=C1C=CC=N4
2094,O.O.O.O.O.O.[Cl-].[Cl-].[Ni+2]
2095,CC(=O)[C@H]1CC[C@@H]2[C@@]1(CC[C@H]3[C@H]2C=CC4[C@@]3(CC[C@@H](C4)O)C)C
2096,CCCCC1=C(ONC1=O)CC(C(=O)O)N
2097,C1=CC2=C(C=C1Cl)C=C(N2)C(=O)NCCOCCOCCNC(=O)C3=CC4=C(N3)C=CC(=C4)Cl
2098,CCSC(=N)N
2099,[84BrH]
2100,CC1=CC=NC=C1
2101,C1CC(=NC1)C(=O)O
2102,CC1=C2C(=NC(=NC2=NC=C1CC3=C(C=CC(=C3)OC)OC)N)N
2103,COC1=CC2=NC=CC(=C2C=C1)OCC3=NN=C4N3N=C(C=C4)C5=CC=CC=C5
2104,C(=S)(NN)NN
2105,C(CCC=CCC(C=CC=CC=CC(CCCC(=O)O)O)O)CCO
2106,C=CCN1C2=C(C=CC=C2C(F)(F)F)/C(=C\3/C=CC(=O)C=C3O)/N1
2107,C1=CC=C(C=C1)C[C@@H](C(=O)O)OC2=CC=C(C=C2)C3=CC=CC=C3
2108,C=O
2109,CC1=C(C(=CC=C1)C)NC(=O)CN(CC(=O)O)CC(=O)O
2110,C1=CC2=C(NN=C2C(=C1)[N+](=O)[O-])Br
2111,CC(=NCCCCC(C(=O)O)N)N
2112,C1=CN(C(=O)NC1=O)[C@H]2[C@@H]([C@@H]([C@H](O2)COP(=O)(O)O)O)O.C1=NC2=C(C(=N1)N)N=CN2[C@H]3[C@@H]([C@@H]([C@H](O3)COP(=O)(O)O)O)O
2113,CC1=CC2=C(S1)C3=C(N2C)C(=O)N(N=C3)CC4=CC=CC=C4F
2114,C([C@H](C=O)O)OP(=O)(O)O
2115,C1=C(C=C(C(=C1S(=O)(=O)N)Cl)Cl)S(=O)(=O)N
2116,CN1CCC23CCCCC2[C@@H]1CC4=C3C=C(C=C4)OC
2117,CN1[C@H](CNC2=C1C(=O)N=C(N2)N)CNC3=CC=C(C=C3)C(=O)N[C@@H](CCC(=O)O)C(=O)O
2118,CNC(=O)C1=NC=CC(=C1)OC2=CC3=C(C=C2)N=C(N3)NC4=CC(=C(C=C4)Cl)C(F)(F)F
2119,C1[C@@H](ONC1=O)CN
2120,CCCC[C@@]12CCC(=O)C(=C1C3=C(C2)C=C(C=C3)O)Br
2121,C(C[C@@H](C(=O)O)N)CO
2122,CC1=CN(C(=O)NC1=O)[C@H]2C[C@@H]([C@](O2)(CO)N=[N+]=[N-])O
2123,CC1=NN=C(N1C2C[C@H]3CC[C@@H](C2)N3CC[C@@H](C4=CC=CC=C4)NC(=O)C5CCC(CC5)(F)F)C(C)C
2124,[OH3+].O.O.O.O.O.O.O.O.O.O.OP(=O)(O)O.[Zr].[Zr].[Zr]
2125,C(CO)N
2126,CC(=O)NC1=CC=C(C=C1)OC(=O)C2=CC=CC=C2O
2127,C[Hg+]
2128,CCCC(C(=O)O)N
2129,C(C(=O)[O-])C(CC(=O)[O-])(C(=O)[O-])O.[Al+3]
2130,C1=NC2=C(C(=N1)N)N=CN2[C@H]3[C@@H]([C@@H]([C@H](O3)COP(=O)(N)O)O)O
2131,C([C@H](CS)O)O
2132,C1=CC=C(C=C1)[C@H](C(=O)NC2=CC=C(C=C2)C3=CC=CC=C3S(=O)(=O)N)NC(=O)C4=CC=CC(=C4)C(=N)N
2133,C(CO)N(CCO)CCS(=O)(=O)O
2134,C1C(CN1C(=O)[C@H](CC2=CC=CC=C2)NC(=O)C3=CC4=C(N3)C=CC(=C4)Cl)C(=O)O
2135,C1CCN(CC1)CCOC2=CC=C(C=C2)C(=O)C3=C(SC4=C3C=CC(=C4)O)C5=CC=C(C=C5)O
2136,CC(C)[C@@H](C(=O)O)N
2137,[Cl-].[Cl-].[Ni+2]
2138,C(CO)CS
2139,C1COC2=C([C@]13C(=O)NC(=O)N3)C=C(C=C2)F
2140,CCCN1CCC(CC1)C2=NC3=C(C=CC=C3N2)C(=O)N
2141,CC(=O)[C@H]1CCC2[C@@]1(CCC3C2CC[C@H]4[C@@]3(CC[C@@](C4)(C#C)O)C)C
2142,CCCCC[C@@H](C(=O)N[C@@H](CC1=CC=CC=C1)C(=O)N[C@@H](C)C(=O)O)S
2143,C([C@H]([C@H]1C(=O)C(=C(O1)O)O)O)O
2144,CCCCC[N+](CCCCC)(CCCCC)CCCCC.[I-]
2145,CC(C)(C)C(=O)NC1=C(N=CC=C1)C(=O)NC2=NC=CS2
2146,C[C@@H]1C[C@H]2[C@@H](C[C@]3([C@H](O2)C[C@H]4[C@H](O3)C(=CC(=O)O4)C)C)O[C@@H]5[C@@H]1O[C@H]6C[C@@H]7[C@](C[C@@H]8[C@@H](O7)C/C=C\[C@@H]9[C@@H](O8)C[C@@H]1[C@@H](O9)C[C@@H]2[C@@](O1)([C@H](C[C@H](O2)CC(=C)C=O)O)C)(O[C@@]6(CC5)C)C
2147,CC(=O)[O-].CC(=O)[O-].[Pb+2]
2148,C1=NC2=C(C(=N1)N)N=CN2C3C(C(C(O3)COP(=O)(O)OP(=O)(O)OCC4C(C(C(O4)O)O)O)O)O
2149,CN1C2=C(CCC3=CN=C(N=C32)NC4=CC=CC=C4)C(=N1)C(=O)O
2150,CCOC(=O)OC(C)OC(=O)[C@H]1C(S[C@H]2N1C(=O)[C@H]2NC(=O)[C@@H](C3=CC=CC=C3)N)(C)C
2151,CCCCCCC(=O)O[C@H]1CC[C@@H]2[C@@]1(CC[C@H]3[C@H]2CCC4=CC(=O)CC[C@]34C)C
2152,C[C@]12CCC(=O)C(=C1CC[C@@H]3[C@@H]2CC[C@]4([C@H]3CCC4=O)C)O
2153,CP(=O)O
2154,CCCCC/C=C\C/C=C\C/C=C\C/C=C\CCCC(=O)SCCNC(=O)CCNC(=O)C(C(C)(C)COP(=O)(O)OP(=O)(O)OC[C@@H]1[C@H]([C@H]([C@@H](O1)N2C=NC3=C2N=CN=C3N)O)OP(=O)(O)O)O
2155,CC(C)(C)NCC(C1=CC(=C(C=C1)O)CO)O
2156,CCCCCCC1=CC=C(C=C1)C(=O)C=C
2157,CCC(C)(C(=O)O)N
2158,O.Cl[Ce](Cl)Cl
2159,C1[C@@H]2COC(=O)N2C3=C(N1)NC(=NC3=O)N
2160,C(CCCC=O)CCCC(=O)O
2161,C1=CC=C(C(=C1)CO)N
2162,C(CN)C(C(=O)O)N
2163,CCC1=C(C(=NC(=N1)N)N)C2=CC3=C(C=C2)SC(C(=O)N3CCNC(=O)C)(C)C
2164,C1CNCCC1(C2=CC=C(C=C2)C3=CNN=C3)C4=CC=C(C=C4)Cl
2165,CCSC(=NC1=CC=CC=C1)N
2166,CN1CCC2=CC=CC3=C2[C@@H]1CC4=C3C(=C(C=C4)O)O
2167,[C](Cl)Cl
2168,C1C=CC(=C1C(=O)O)C(=O)NC2=C(C(=C(C(=C2F)F)C3=CC(=CC=C3)OC(F)(F)F)F)F
2169,CC(C)C[C@@H](C(=O)NCC(=O)O)NC(=O)[C@@H]1CCCN1
2170,C1C=CC=C\2C1=N/C(=C\3/C4=CC=CCC4=NC3=O)/C2=N/OCC(=O)O
2171,CCCCCCCCCCCC(=O)OC[C@H](COP(=O)(O)OC[C@@H](C(=O)O)N)OC(=O)CCCCCCCCCCC
2172,C([C@H]([C@H]([C@H](C(=O)CO)O)O)O)O
2173,COCCl
2174,C1=CC(=CC=C1CCNC2=NC=NC3=C2N=CN3C4[C@@H]([C@@H]([C@H](O4)CO)O)O)N
2175,C1=CC=C(C(=C1)C(=O)NC2=CC=C(C=C2)Cl)NCC3=CC=NC=C3
2176,C1=NC2=C(C(=N1)N)N=CN2[C@H]3[C@@H]([C@@H]([C@H](O3)COS(=O)(=O)NC(=O)CN)O)O
2177,CN1CCN(CC1)NC(=S)NC2=CC=C(C=C2)S(=O)(=O)N
2178,C1[C@@H]([C@H]([C@@H](CN1)O)O)CO
2179,C[C@]12CC[C@H]3[C@H]([C@@H]1CC[C@@H]2OC(=O)C4=CC=CC=C4)CCC5=C3C=CC(=C5)O
2180,C([C@@H](C(=O)O)N)C(=O)N
2181,C[C@H]1[C@@H]2CC[C@]3(C(=O)CCC(=C3[C@H]2OC1=O)C)C
2182,COC(=O)C1=C(C=CC=C1OC/C=C/C2=CC=CC(=C2)C3=C(C(=NO3)C(=O)O)CO)O
2183,CN(C)S(=O)(=O)N1CCN(CC1)C2=NC(=NC=C2)CO
2184,CSC1=NC=NC2=C1N=CN2[C@H]3[C@@H]([C@@H]([C@H](O3)CO)O)O
2185,CC1=NC=C(C=C1)C2=NC=C(C=C2C3=CC=C(C=C3)S(=O)(=O)C)Cl
2186,[B]([OH2+])[O-]
2187,CC(=O)S[C@@H]1CC2=CC(=O)CC[C@@]2([C@@H]3[C@@H]1[C@@H]4CC[C@]5([C@]4(CC3)C)CCC(=O)O5)C
2188,CC[C@](CCC(=O)O)(C(=O)O)N
2189,C1=CC=C2C=C3C4=C5C(=CC3=CC2=C1)C=CC6=C5C(=CC=C6)C=C4
2190,C1=NC2=C(C(=N1)N)N=CN2[C@H]3[C@@H]([C@@H]([C@H](O3)COP(=O)(O)OP(=O)(O)OP(=O)(O)OP(=O)(O)O)O)O
2191,CCCCC1=C(ONC1=O)C[C@@H](C(=O)O)N
2192,COC1=C(C=C(C=C1)C2=CC3=C(C=C2)C=C(C=C3)C(=O)O)C45CC6CC(C4)CC(C6)C5
2193,C1=CN=C(N=C1C2=C(SC(=C2)Cl)Cl)N
2194,CC(=O)C1=CCC2C1(CCC3C2CC=C4C3(CCC(C4)O)C)C
2195,CCCC1(CCC1)[C@H](C/C=C/[C@H]2[C@@H](CC(=O)[C@@H]2C/C=C\CCCC(=O)O)O)O
2196,[O-]P(=O)([O-])[O-].[O-]P(=O)([O-])[O-].[Pb+2].[Pb+2].[Pb+2]
2197,CC[C@@]1(C[C@@H]2C3=CC(=C(C=C3CCN2C[C@H]1CC(C)C)OC)OC)O
2198,CC[O-].[Na+]
2199,CC1=C(C(CCC1)(C)C)/C=C/C(=C/C=C/C(=C/C=C/C=C(\C)/C=C/C=C(\C)/C=C/C2=C(C[C@H](CC2(C)C)O)C)/C)/C
2200,C1C[C@H](N(C1)C(=O)CNC23CC4CC(C2)CC(C4)(C3)O)C#N
2201,C1=CC(=CC=C1NC2=CN=CC(=N2)Cl)S(=O)(=O)N
2202,C1=CC=C2C(=C1)C=CC=C2CC(=O)O
2203,C1CCC(CC1)C2=C(C=CC(=C2)CCN)O
2204,C1C[C@@H](NC1)COC2=CC=C(C=C2)NCC3=CC=CC=C3
2205,C1CCC(C1)NC2=NC=NC3=C2N=CN3C4[C@@H]([C@@H]([C@H](O4)CO)O)O
2206,CC(C)C1(C(=O)NC(=N1)C2=NC=C(C=C2C(=O)O)COC)C
2207,C(C(=O)O)C(CC(=O)O)(C(=O)O)O.[Cu+2]
2208,CC(CN)N
2209,CCCCCCCCCCCCCCCC(=O)OCC(COC(=O)CCCCCCCCCCCCCCC)OC(=O)CCCCCCCCCCCCCCC
2210,CC1=CC(=CC=C1)C[C@@H](C(=O)O)N
2211,C1=CC2=C(C=C1Cl)N=C(O2)NS(=O)(=O)C3=C(C=CC(=C3)Cl)Cl
2212,C(CN)C(CN)O
2213,C[C@@H]1CCCN(C1)C(=O)C
2214,[89Sr+2]
2215,C1=CC(=C(C=C1OC2=C(C=C(C=C2I)C[C@@H](C(=O)O)N)I)I)O
2216,C1C[C@@H](O[C@@H]1COP(=O)(O)O)N2C=CC(=NC2=O)N
2217,C[C@]12CCC(=O)C=C1C=C[C@@H]3[C@@H]2CC[C@]4([C@H]3CC[C@@]4(CCC(=O)O)O)C
2218,CO[C@@H]1C[C@@H](N(C1)C(=O)NC2=CC=C(C=C2)Cl)C(=O)NC3=C(C=C(C=C3)N4C=CC=CC4=O)F
2219,C1=CC=C2C(=C1)C(=NN2)C(=O)NC3=CC=C(C=C3)S(=O)(=O)N
2220,C([C@H]1[C@@H]([C@H]([C@@H](N1)CO)O)O)O
2221,CC1=NC=CN1CC2CCC3=C(C2=O)C4=C5N3CCCC5=CC=C4
2222,C1C[C@H](N(C1)C(=O)C[C@@H](CC2=CC=CC=C2F)N)CNC(=O)C3=CC=CC=C3
2223,C(=C(\O)/[O-])\[C@H](C(=O)[O-])O
2224,C1=CC(=CC(=C1)CNC2=C(N=CC=C2)N)C3=CC4=C(C=C3)C=CN4
2225,CNC1=NC=CC(=N1)C2=CC=C(S2)C(=O)N[C@@H](CC3=C(C=C(C=C3)Cl)Cl)CN
2226,C1CC1CN2C=NC(=C2C3=CC=NC=C3)C4=CC=C(C=C4)F
2227,C(=O)(C(F)(F)F)O
2228,C[C@]12CCC(=O)C=C1[C@H](C[C@@H]3[C@@H]2[C@H](C[C@]4([C@H]3C[C@@H]5[C@]4(OC(O5)(C)C)C(=O)CO)C)O)F
2229,CCN(CC)C(=O)C1=C(SC2=C1C[C@@H](CC2)C)NC(=O)C3=CC=CS3
2230,CC(=O)N[C@@H]1[C@H]([C@@H]([C@H](O[C@H]1O[C@H]2[C@H]([C@H](O[C@H]([C@@H]2O)O[C@@H]3[C@H](OC([C@@H]([C@H]3O)O)O)CO)CO)O)CO)O[C@H]4[C@@H]([C@H]([C@H]([C@H](O4)CO)O)O)O)O
2231,C1[C@H](CN2[C@@H]1[C@H]3[C@@H]([C@@H]2C4=CC=C(C=C4)C(=N)N)C(=O)N(C3=O)CC5=CC6=C(C=C5)OCO6)O
2232,C1CNCC2=C1C=CC(=C2)S(=O)(=O)NC3=CC=C(C=C3)Cl
2233,C[C@]12CC[C@H]3[C@H]([C@@H]1CC[C@]2(C#C)O)CCC4=C3C=CC(=C4)O
2234,C#CCN[C@@H]1CCC2=C1C=C(C=C2)O
2235,CC(C)(C)C1=CC=C(C=C1)S(=O)(=O)NC2=C(C(=NC(=N2)C3=NC=CC=N3)OCCO)OC4=CC=CC=C4OC
2236,C1CCC(CC1)COC2=NC(=NC3=C2NC=N3)NC4=CC=CC=C4
2237,C1=CC(=CC(=C1)Cl)C\2=CNN/C2=C/3\C=C(N=C3)C(=O)N[C@H](CO)C4=CC(=C(C=C4)F)Cl
2238,C(CCl)O
2239,CCCCCCCCOC1[C@@H]([C@H]([C@@H]([C@H](O1)CO)O)O)O
2240,CC1=CC(NC2=CC=CC=C12)(C)C
2241,C(C(C(C(C(C(C=O)O)O)O)O)O)O
2242,C1=CC(=CC=C1CCSC(=N)N)CCSC(=N)N
2243,COC1=C(C=C2C(=C1)C(=NC=N2)N3CC[C@H](C3)OC4=CC5=CC=CC=C5C=C4)OC
2244,CO[C@H]1[C@@H]([C@H]([C@@H](O1)C(CO)O)O)O
2245,C(=O)(C(=O)O)N
2246,CCCCC/C=C\C/C=C\CCCCCCCC(=O)OCC(COP(=O)(O)OCC[N+](C)(C)C)OC(=O)CCCCCCC/C=C\C/C=C\CCCCC
2247,C[C@H](CSSCC(C)C(=O)N1CCC[C@H]1C(=O)O)C(=O)N2CCC[C@H]2C(=O)O
2248,C1[C@@H]([C@H]([C@@H]([C@H]([C@@H]1N)O[C@@H]2[C@H]([C@@H]([C@H]([C@@H](O2)CN)O)O)N)O[C@H]3[C@@H]([C@H]([C@@H](O3)CO)O)O)O)N
2249,CC1=NC(=O)C2=C(N1)C=CC(=C2)CN(C)C3=CC=C(S3)C(=O)N[C@@H](CCC(=O)O)C(=O)O
2250,CC1=C[C@@H]2[C@]([C@@H](C1=O)O)([C@]3(C[C@H]([C@H](C34CO4)O2)OC(=O)C)C)CO
2251,CC1=CC=C(C=C1)NNC(=O)[C@H]([C@@H](CC2CCCCC2)N)O
2252,COC1=CC=C(C=C1)S(=O)(=O)N2C=C(C3=C2C=CC(=C3)OC)CCC(=O)O
2253,CNC(CC(=O)O)C(=O)O
2254,C1CNCCC1OC2=CC=CC(=C2)C(=O)C3=C(N(N=C3)C4=CC=C(C=C4)F)N
2255,C(CC(=O)O)CC(=O)O
2256,CC1=C[C@H]2[C@@](C[C@H]1OC(=O)CC(C)C)([C@@]3([C@@H]([C@H]([C@@H]([C@]34CO4)O2)O)O)C)COC(=O)C
2257,CCCC[C@@H]1CC(=O)[C@]2([C@@H](O1)O[C@@H]3[C@H]([C@@H]([C@@H]([C@@H]([C@H]3O2)NC)O)NC)O)O
2258,C1=C(C(=O)NC(=O)N1C2[C@@H]([C@@H]([C@H](O2)COP(=O)(O)OP(=O)(O)OP(=O)(O)O)O)O)F
2259,CC[N+](C)(CC)CCN1C2=CC=CC=C2SC3=CC=CC=C31.[I-]
2260,C(CNCC(=O)[O-])NCC(=O)[O-].[Na+].[Na+]
2261,C[C@]12CC[C@H]3[C@H]([C@@H]1C[C@H]([C@@H]2O)O)CCC4=C3C=CC(=C4)O
2262,C1C2[C@@H]([C@@H](C(O2)N3C=NC4=C3N=CN=C4N)O)OP(=S)(O1)O
2263,C1=NC2=C(C(=N1)N)N=CN2[C@H]3[C@@H]([C@@H]([C@H](O3)COP(=O)(O)OP(=O)(O)O)O)O.O=[V]=O
2264,CCCC(=O)O[C@@]1(CC[C@@H]2[C@@]1(C[C@@H](C3[C@H]2CCC4=CC(=O)CC[C@]34C)O)C)C(=O)COC(=O)CC
2265,C1=CC=C(C=C1)C2=CC3=C(C4=C(N3)C=CC(=C4)O)C5=C2C(=O)NC5=O
2266,CC(C)[C@@H](C(=O)N[C@@H](CC1=CC=C(C=C1)O)C(=O)N[C@@H](C(C)C)C(=O)N[C@@H](CC2=CN=CN2)C(=O)N3CCC[C@H]3C(=O)N[C@@H](CC4=CC=CC=C4)C(=O)O)NC(=O)[C@H](CCCN=C(N)N)NC(=O)[C@H](CC(=O)O)N
2267,CCOC(=O)C1=C(N(N=C1C)C2=CC(=CC=C2)[N+](=O)[O-])C
2268,[2H]N=O
2269,C1C[C@H](N([C@H]1C2=CC=CC=C2)C(=O)CNC(=O)[C@H](CC3=CC=CC=C3)S)C(=O)O
2270,COC1=CC2=C(C(=C1)C3=CC(=CC=C3)N)OC(=N2)NS(=O)(=O)C4=C(C=CC(=C4)Cl)Cl
2271,[Si]
2272,C1CCC(CC1)C[C@@H](C(=O)O)N
2273,C1CCC(CC1)COC2=NC(=NC3=C2NC=N3)NC4=CC(=CC=C4)S(=O)(=O)N
2274,CCC\1=C(C(=O)N/C1=C/C2=C(C(=C(N2)/C=C\3/C(=C(/C(=C/C4=NC(=O)C(=C4CC)C)/N3)CCC(=O)O)C)C)CCC(=O)O)C
2275,C(C1[C@@H](C(C([C@H](O1)O)N)O)O)O
2276,C1[C@H](CN[C@@H]1CNS(=O)(=O)C2=CC=CC3=C2C=CN=C3)OCC4=CC=C(C=C4)Cl
2277,C1CN(CCN1C(=O)C2=CC3=C(S2)C=CC=[N+]3[O-])S(=O)(=O)C4=CC5=C(N4)C=CC(=C5)Cl
2278,[I]
2279,CCCCCCCCO[C@@H]1[C@H]([C@@H]([C@H](O[C@H]1O)CO)O)O
2280,C1=CC=C2C3=C4C(=CC2=C1)C=CC5=CC6=CC=CC=C6C(=C54)C=C3
2281,C1=CC(=C(C=C1CCN)O)O
2282,[Li+].[OH-]
2283,C1=C(N=C(S1)C2[C@H]([C@H]([C@@H](O2)COP(=O)(O)OP(=O)(O)OC[C@@H]3[C@H]([C@H](C(O3)N4C=NC5=C4N=CN=C5N)O)O)O)O)C(=O)N
2284,COC1=C(C=CC(=C1)NS(=O)(=O)C)NC2=C3C=CC=CC3=NC4=CC=CC=C42
2285,CC(=O)[C@]1(CC[C@@H]2[C@@]1(CC[C@H]3[C@H]2CC=C4[C@@]3(CC[C@@H](C4)O)C)C)O
2286,CCOC1=C(C(=CC(=N1)NC(=O)CC2=CC(=C(C=C2OC)Br)OC)N)C#N
2287,C1=NC2=C(C(=N1)N)N=CN2[C@H]3[C@@H]([C@@H]([C@H](O3)COS(=O)(=O)NC(=O)[C@H](CCC(=O)O)N)O)O
2288,C1=CC(=C(C=C1S)C(=O)O)[N+](=O)[O-]
2289,C[C@H](CCC(=O)O)[C@H]1CC[C@@H]2[C@@]1(CC[C@H]3[C@H]2[C@@H]([C@H]([C@H]4[C@@]3(CC[C@H](C4)O)C)O)O)C
2290,CC1=C(C(=NC(=N1)C2=CC=CC=N2)NCCC3=CC=CC=C3)Cl
2291,C1=CC(=C(C=C1C2C(C(=O)C3=C(O2)C=C(C=C3)O)O)O)O
2292,CCCCC[C@@H](/C=C/[C@H]1[C@@H](CC(=O)[C@@H]1CCCCCCC(=O)O)O)O
2293,C1CNCCN(C1)C(=O)C2=C(C=CC(=C2)CC3=NNC(=O)C4=CC=CC=C43)F
2294,C1[C@@H]([C@H](O[C@H]1N2C=CC(=NC2=O)N)COP(=O)(O)OP(=O)(O)O)O
2295,C1=CC(=CC=C1CN(C2=CC=C(C=C2)C#N)N3C=NN=C3)OS(=O)(=O)N
2296,C[C@H](CC1=CC=CC=C1)NC2=NC=NC3=C2N=CN3[C@H]4[C@@H]([C@H]([C@H](O4)CO)O)O
2297,C[C@]12CC[C@@H](C[C@@H]1CC[C@@H]3[C@@H]2CC[C@]4([C@H]3CC[C@H]4O)C)O
2298,C([C@@H]1[C@H]([C@@H]([C@H]([C@@H](O1)O[C@@H]2[C@H](O[C@H]([C@@H]([C@H]2O)O)O[C@@H]3[C@H](O[C@H]([C@@H]([C@H]3O)O)O)CO)CO)O)O)O)O
2299,CC(=O)C1=C[N+](=CC=C1)[C@H]2[C@@H]([C@@H]([C@H](O2)COP(=O)([O-])OP(=O)(O)OC[C@@H]3[C@H]([C@H]([C@@H](O3)N4C=NC5=C4N=CN=C5N)OP(=O)(O)O)O)O)O
2300,C1[C@H](O[C@H](S1)CO)N2C=CC(=NC2=O)N
2301,CC(C)[C@H](NC(=O)OCC1=CC=CC=C1)P(=O)(C[C@@H](C2=CC=CC(=C2)CN)C(=O)O)O
2302,C[C@H]1[C@@H]([C@H](C[C@@H](O1)O[C@H]2CC[C@]3(C(C2)CCC4C3CC[C@]5([C@@]4(C[C@@H]([C@@H]5C6=CC(=O)OC6)OC(=O)C)O)C)C)OC)O
2303,CCCCC/C=C/C/C=C/CCCC/C=C/CCCC(=O)O
2304,CCCC1=C(C=CC2=C1C=CC(=C2)C(=O)C3=CC=CC=C3)OCCCOC4=CC5=C(C=C4)N(C=C5)CC(=O)O
2305,CN1CCC=C(C1)C(=O)OC
2306,C1=CN=C(C=C1N)N
2307,C1=NC2=C(C(=N1)N)N=CN2[C@H]3[C@@H]([C@@H]([C@H](O3)COP(=O)(O)OP(=O)(O)OC[C@@H]4[C@H]([C@H]([C@H](O4)O)O)O)O)O
2308,CC(=O)[O-].CC(=O)[O-].[Hg+2]
2309,C1COCCC1(CC(=O)NO)S(=O)(=O)C2=CC=C(C=C2)OC3=CC=C(C=C3)Cl
2310,CCC1=C(C(=NC1=O)/C=C\2/C(=C(/C(=C/C3=C(C(=C(N3)/C=C\4/C(=C\C)/[C@H](C(=O)N4)C)C)CCC(=O)O)/N2)CCC(=O)O)C)C
2311,CC1N2C3=CC(=C(C=C3C(=O)C(=C2S1)C(=O)O)F)N4CCN(CC4)CC5=C(OC(=O)O5)C
2312,C1=CN=CC=C1CO
2313,[11CH4]
2314,CCC1C(=NN=C(C2=CC(=C(C=C12)OC)OC)C3=CC(=C(C=C3)OC)OC)C
2315,CC(=O)NC1=C(NN=C1)C(=O)NC2=CC=C(C=C2)F
2316,C1=CC(=CC=C1C2=CC=C(O2)/C=C\3/C(=O)NC(=O)S3)S(=O)(=O)N
2317,CCCC[C@@H](C(=O)N[C@@H]1CC(=O)NCCCCC(NC(=O)[C@@H](NC(=O)[C@H](NC(=O)[C@H](NC(=O)[C@H](NC1=O)CC2=CN=CN2)CC3=CC=CC=C3)CCCN=C(N)N)CC4=CNC5=CC=CC=C54)C(=O)N)NC(=O)C
2318,C1=CC(=C[N+](=C1)[C@@H]2[C@@H]([C@@H]([C@H](O2)COP(=O)([O-])OP(=O)(O)OC[C@@H]3[C@H]([C@H]([C@@H](O3)N4C=NC5=C4N=CN=C5N)O)O)O)O)C(=O)N
2319,C[C@H]([C@@H](C1=NC=C(C=C1)O)O)[C@@H](C(=O)N[C@@H]([C@@H]2[C@H](C([C@@H](O2)N3C=CC(=O)NC3=O)O)O)C(=O)O)N
2320,C[S@@](=O)C1=CC=C(C=C1)C2=NC(=C(N2)C3=CC=NC=C3)C4=CC(=CC=C4)I
2321,[79Br-]
2322,C1=CC(=CC=C1C(=O)N[C@@H](CCC(=O)O)C(=O)O)NCC2=CN=C3C(=N2)C(=O)N=C(N3)N
2323,C1=CC(=CC=C1[C@H](CN=[N+]=[N-])O)[N+](=O)[O-]
2324,CCCCN1C=NC2=C1NC=NC2=S
2325,CCCC1=NC2=C(C=C(C=C2N1CC3=CC=C(C=C3)C4=CC=CC=C4C(=O)O)C5=NC6=CC=CC=C6N5C)C
2326,[C@H]1([C@H]([C@H](O[C@@H]([C@@H]1OC2[C@@H]([C@H]([C@H]([C@H](O2)C(=O)O)OC3[C@@H]([C@H]([C@H]([C@H](O3)C(=O)O)O)O)O)O)O)C(=O)O)O)O)O
2327,C1=CC=C(C=C1)C2=CC(=O)OC3=C2C=CC(=C3O)O
2328,C1C[C@H](N(C1)C(=O)CCC2=CC=CC=C2)C(=O)NCC3=CC=C(C=C3)C(=N)N
2329,C([C@@H](C(=O)[O-])N)C(=O)O.C(C(C(=O)[O-])N)C(=O)O.C(C(C(=O)[O-])N)C(=O)O.[Mg+2].[K+]
2330,C([C@@H]1[C@@H]2[C@@H]([C@H]([C@H](O1)O[C@@H]3[C@H](O[C@@H]([C@@H]([C@H]3O)O)O[C@@H]4[C@H](O[C@@H]([C@@H]([C@H]4O)O)O[C@@H]5[C@H](O[C@@H]([C@@H]([C@H]5O)O)O[C@@H]6[C@H](O[C@@H]([C@@H]([C@H]6O)O)O[C@@H]7[C@H](O[C@H](O2)[C@@H]([C@H]7O)O)CO)CO)CO)CO)CO)O)O)O
2331,C1[C@H]([C@@H]([C@H]([C@@H](O1)O[C@@H]2CO[C@H]([C@@H]([C@H]2OS(=O)(=O)O)OS(=O)(=O)O)O)OS(=O)(=O)O)OS(=O)(=O)O)O
2332,C[C@@H](CNS(=O)(=O)C)C1=CC=C(C=C1)C2=CC=C(C=C2)[C@@H](C)CNS(=O)(=O)C
2333,C[C@H]1C[C@@H]2[C@H](CC[C@]3([C@H]2CC[C@@]3(C(=O)C)O)C)[C@@]4(C1=CC(=O)CC4)C
2334,COC1=CC=C(C=C1)NC2=NN=C(S2)C3=CC=C(C=C3)NC(=S)NC4=CC=CC=C4
2335,C1=[N+](C2=C(N1)C(=NC=N2)SP(=O)(O)O)[C@H]3[C@@H]([C@@H]([C@H](O3)COP(=O)(O)O)O)O
2336,C1=CC=C(C=C1)C2=CC=C/C(=C/3\NC4=C(N3)C=C(C=C4)C(=N)N)/C2=O
2337,CC1CC2C(CC(=O)O2)OC3CC4C(CC(C5C(O4)C/C=C\CC6C(O5)C/C=C\C7C(O6)CCCC8C(O7)(CC9C(O8)CC2C(O9)C(CC(O2)CC(=C)C=O)O)C)C)OC3(C1)C
2338,C([C@@H]1[C@H]([C@@H]([C@H]([C@H](O1)O[C@@H]2[C@H](O[C@@H]([C@@H]([C@H]2O)O)O[C@@H]3[C@H](O[C@@H]([C@@H]([C@H]3O)O)O[C@@H]4[C@H](O[C@@H]([C@@H]([C@H]4O)O)O[C@@H]5[C@H](O[C@@H]([C@@H]([C@H]5O)O)O[C@@H]6[C@H](O[C@@H]([C@@H]([C@H]6O)O)O[C@@H]7[C@H](O[C@H]([C@@H]([C@H]7O)O)O)CO)CO)CO)CO)CO)CO)O)O)O)O
2339,CC1([C@@H](N2C(S1)[C@@H](C2=O)NC(=O)CC3=CC=CC=C3)C(=O)O)C
2340,CCC[C@@H](C(=O)O)N
2341,C[C@@H](C1=CC2=C(C=C1)C=C(C=C2)OC)C(=O)O
2342,C1[C@@H]([C@H]([C@H]([C@@H]1N2C=NC3=C2N=CN=C3N)O)O)CO
2343,C/C=C/1\[C@@H]2CC3=C([C@]1(CC(=C2)C)N)C=CC(=O)N3
2344,COC1=C(C=C2C(=C1)N=CN=C2NC3=CC(=C(C=C3)F)Cl)OCCCN4CCOCC4
2345,C[C@@](C(=O)NC1=C(C=C(C=C1)S(=O)(=O)C2=CC=C(C=C2)C(=O)N(C)C)Cl)(C(F)(F)F)O
2346,CCOCCOCCOCC
2347,C([C@H]([C@@H]([C@@H]([C@H](C(=O)O)O)O)O)O)O
2348,[2H]C([2H])([2H])O
2349,C1CN2C(=N1)C3=CC=CC=C3C2(C4=CC=C(C=C4)Cl)O
2350,C1[C@H](OC2=CC(=CC(=C2C1=O)O)O)C3=CC=C(C=C3)O
2351,C1=CC(=C(C=C1[C@@H]([C@H](C(=O)O)N)O)O)O
2352,C1CN=C(N1)NC2=C(C3=NC=CN=C3C=C2)Br
2353,CC(CC(=O)O)O.C(CC(=O)O)CO
2354,C(CCNC(=O)O)C[C@@H](C(=O)O)N
2355,C[C@]12CCC(=O)C=C1CC[C@@H]3[C@@]2([C@H](C[C@]4([C@H]3CC[C@]4(C)O)C)O)F
