drug_id,smiles,vector_length,fingerprint_type
DB00191,CC(C)(CC1=CC=CC=C1)N,2048,morgan
DB01177,CC1C(C(CC(O1)OC2CC(CC3=C2C(=C4C(=C3O)C(=O)C5=CC=CC=C5C4=O)O)(C(=O)C)O)N)O,2048,morgan
DB00546,CN(C)CC1=NN=C2N1C3=C(C=C(C=C3)Cl)C(=NC2)C4=CC=CC=C4,2048,morgan
DB00210,COC1=C(C=C(C=C1)C2=CC3=C(C=C2)C=C(C=C3)C(=O)O)C45CC6CC(C4)CC(C6)C5,2048,morgan
DB01029,CCCCC1=NC2(CCCC2)C(=O)N1CC3=CC=C(C=C3)C4=CC=CC=C4C5=NNN=N5,2048,morgan
DB00325,[C-]#N.[C-]#N.[C-]#N.[C-]#N.[C-]#N.[N-]=O.[Fe+4],2048,morgan
DB00144,CCCC(=O)OC(COC(=O)CC)COP(=O)(O)OCC(C(=O)O)N,2048,morgan
DB00890,CC=C(C1=CC=C(C=C1)O)C(=CC)C2=CC=C(C=C2)O,2048,morgan
DB01137,CC1COC2=C3N1C=C(C(=O)C3=CC(=C2N4CCN(CC4)C)F)C(=O)O,2048,morgan
DB01243,C1=CC2=C(C(=C(C=C2Cl)Cl)O)N=C1,2048,morgan
DB08912,CC(C)(C)C1=NC(=C(S1)C2=NC(=NC=C2)N)C3=C(C(=CC=C3)NS(=O)(=O)C4=C(C=CC=C4F)F)F,2048,morgan
DB01586,CC(CCC(=O)O)C1CCC2C1(CCC3C2C(CC4C3(CCC(C4)O)C)O)C,2048,morgan
DB00421,CC(=O)SC1CC2=CC(=O)CCC2(C3C1C4CCC5(C4(CC3)C)CCC(=O)O5)C,2048,morgan
DB00542,CCOC(=O)C(CCC1=CC=CC=C1)NC2CCC3=CC=CC=C3N(C2=O)CC(=O)O,2048,morgan
DB01221,CNC1(CCCCC1=O)C2=CC=CC=C2Cl,2048,morgan
DB00120,C1=CC=C(C=C1)CC(C(=O)O)N,2048,morgan
DB00907,"CN1C2CCC1C(C(C2)OC(=O)C3=CC=CC=C3)C(=O)OC
CCCCNC(=O)C1=CC=C(C=C1)N2CCOCC2",2048,morgan
DB00358,C1CCNC(C1)C(C2=CC(=NC3=C2C=CC=C3C(F)(F)F)C(F)(F)F)O,2048,morgan
DB00496,C1CN(CC1C(C2=CC=CC=C2)(C3=CC=CC=C3)C(=O)N)CCC4=CC5=C(C=C4)OCC5,2048,morgan
DB01022,CC1=C(C(=O)C2=CC=CC=C2C1=O)CC=C(C)CCCC(C)CCCC(C)CCCC(C)C,2048,morgan
DB00242,C1C(C(OC1N2C=NC3=C(N=C(N=C32)Cl)N)CO)O,2048,morgan
DB00247,CCC(CO)NC(=O)C1CN(C2CC3=CN(C4=CC=CC(=C34)C2=C1)C)C,2048,morgan
DB01035,CCN(CC)CCNC(=O)C1=CC=C(C=C1)N,2048,morgan
DB00128,C(C(C(=O)O)N)C(=O)O,2048,morgan
DB01000,CC1(C(N2C(S1)C(C2=O)NC(=O)C3(CCCCC3)N)C(=O)O)C,2048,morgan
DB00430,CC1=CC(=O)C(=CN1)C(=O)NC(C2=CC=C(C=C2)O)C(=O)NC3C4N(C3=O)C(=C(CS4)CSC5=NN=NN5C)C(=O)O,2048,morgan
DB01236,C(OC(C(F)(F)F)C(F)(F)F)F,2048,morgan
DB00215,CN(C)CCCC1(C2=C(CO1)C=C(C=C2)C#N)C3=CC=C(C=C3)F,2048,morgan
DB00738,C1=CC(=CC=C1C(=N)N)OCCCCCOC2=CC=C(C=C2)C(=N)N,2048,morgan
DB01382,COCCOC1=CN=C(N=C1)NS(=O)(=O)C2=CC=CC=C2,2048,morgan
DB00145,C(C(=O)O)N,2048,morgan
DB01251,CC1(C2=C(C=C(C=C2)OC)C(=O)N(C1=O)CCC3=CC=C(C=C3)S(=O)(=O)NC(=O)NC4CCCCC4)C,2048,morgan
DB01198,CN1CCN(CC1)C(=O)OC2C3=NC=CN=C3C(=O)N2C4=NC=C(C=C4)Cl,2048,morgan
DB01594,C1=CC=C(C(=C1)C2=NC(C(=O)N(C3=C2C=C(C=C3)Cl)CCC#N)O)F,2048,morgan
DB00543,C1CN(CCN1)C2=NC3=CC=CC=C3OC4=C2C=C(C=C4)Cl,2048,morgan
DB00185,CC1OC2(CN3CCC2CC3)CS1,2048,morgan
DB00408,CN1CCN(CC1)C2=NC3=CC=CC=C3OC4=C2C=C(C=C4)Cl,2048,morgan
DB01403,CC(CN1C2=CC=CC=C2SC3=C1C=C(C=C3)OC)CN(C)C,2048,morgan
DB08970,CC12CC(C3(C(C1CC(=C)C2(C(=O)CO)O)CCC4=CC(=O)C=CC43C)F)O,2048,morgan
DB00143,C(CC(=O)NC(CS)C(=O)NCC(=O)O)C(C(=O)O)N,2048,morgan
DB01324,CN1C(NC2=CC(=C(C=C2S1(=O)=O)S(=O)(=O)N)Cl)CSCC(F)(F)F,2048,morgan
DB01331,COC1(C2N(C1=O)C(=C(CS2)COC(=O)N)C(=O)O)NC(=O)CC3=CC=CS3,2048,morgan
DB06714,CC(CC1CCCCC1)NC,2048,morgan
DB01113,COC1=C(C=C(C=C1)CC2=NC=CC3=CC(=C(C=C32)OC)OC)OC,2048,morgan
DB00736,CC1=CN=C(C(=C1OC)C)CS(=O)C2=NC3=C(N2)C=C(C=C3)OC,2048,morgan
DB08820,CC(C)(C)C1=CC(=C(C=C1NC(=O)C2=CNC3=CC=CC=C3C2=O)O)C(C)(C)C,2048,morgan
DB00478,CC(C12CC3CC(C1)CC(C3)C2)N,2048,morgan
DB00457,COC1=C(C=C2C(=C1)C(=NC(=N2)N3CCN(CC3)C(=O)C4=CC=CO4)N)OC,2048,morgan
DB06738,CCC(=O)C1(CCN(CC1)C)C2=CC(=CC=C2)O,2048,morgan
DB00163,CC1=C(C2=C(CCC(O2)(C)CCCC(C)CCCC(C)CCCC(C)C)C(=C1O)C)C,2048,morgan
DB01250,C1=CC(=C(C=C1N=NC2=CC(=C(C=C2)O)C(=O)O)C(=O)O)O,2048,morgan
DB01068,C1C(=O)NC2=C(C=C(C=C2)[N+](=O)[O-])C(=N1)C3=CC=CC=C3Cl,2048,morgan
DB01567,CN1C(=O)CN=C(C2=C1C=CC(=C2)Cl)C3=CC=CC=C3F,2048,morgan
DB00679,CN1CCCCC1CCN2C3=CC=CC=C3SC4=C2C=C(C=C4)SC,2048,morgan
DB00320,CC1(C(=O)N2C(C(=O)N3CCCC3C2(O1)O)CC4=CC=CC=C4)NC(=O)C5CC6C(CC7=CNC8=CC=CC6=C78)N(C5)C,2048,morgan
DB00155,C(CC(C(=O)O)N)CNC(=O)N,2048,morgan
DB00575,C1CN=C(N1)NC2=C(C=CC=C2Cl)Cl,2048,morgan
DB00784,CC1=C(C(=CC=C1)NC2=CC=CC=C2C(=O)O)C,2048,morgan
DB01201,CC1C=CC=C(C(=O)NC2=C(C(=C3C(=C2O)C(=C(C4=C3C(=O)C(O4)(OC=CC(C(C(C(C(C(C1O)C)O)C)OC(=O)C)C)OC)C)C)O)O)C=NN5CCN(CC5)C6CCCC6)C,2048,morgan
DB00438,CC(C)(C(=O)O)ON=C(C1=CSC(=N1)N)C(=O)NC2C3N(C2=O)C(=C(CS3)C[N+]4=CC=CC=C4)C(=O)[O-],2048,morgan
DB01264,CC(C)CN(CC(C(CC1=CC=CC=C1)NC(=O)OC2COC3C2CCO3)O)S(=O)(=O)C4=CC=C(C=C4)N,2048,morgan
DB06637,C1=CN=CC=C1N,2048,morgan
DB00675,CCC(=C(C1=CC=CC=C1)C2=CC=C(C=C2)OCCN(C)C)C3=CC=CC=C3,2048,morgan
DB00626,CCC(C)C1C(=O)NC(C(=O)NC(C(=O)NC(C(=O)NC(C(=O)NCCCCC(C(=O)NC(C(=O)N1)CCCN)NC(=O)C(C(C)CC)NC(=O)C(CCC(=O)O)NC(=O)C(CC(C)C)NC(=O)C2CSC(=N2)C(C(C)CC)N)CC(=O)N)CC(=O)O)CC3=CN=CN3)CC4=CC=CC=C4,2048,morgan
DB01338,CC(=O)OC1CC2CCC3C(C2(CC1N4CC[N+](CC4)(C)C)C)CCC5(C3CC(C5OC(=O)C)N6CC[N+](CC6)(C)C)C,2048,morgan
DB00313,CCCC(CCC)C(=O)O,2048,morgan
DB01366,CCC(C(C1=C2C=CC(=O)NC2=C(C=C1)O)O)NC(C)C,2048,morgan
DB00714,CN1CCC2=C3C1CC4=C(C3=CC=C2)C(=C(C=C4)O)O,2048,morgan
DB00967,C1CC2=C(C=CC(=C2)Cl)C(=C3CCNCC3)C4=C1C=CC=N4,2048,morgan
DB06144,C1CN(CCC1C2=CN(C3=C2C=C(C=C3)Cl)C4=CC=C(C=C4)F)CCN5CCNC5=O,2048,morgan
DB01126,CC12CCC3C(C1CCC2C(=O)NC4=C(C=CC(=C4)C(F)(F)F)C(F)(F)F)CCC5C3(C=CC(=O)N5)C,2048,morgan
DB01396,CC1C(C(CC(O1)OC2C(OC(CC2O)OC3C(OC(CC3O)OC4CCC5(C(C4)CCC6C5CCC7(C6(CCC7C8=CC(=O)OC8)O)C)C)C)C)O)O,2048,morgan
DB00334,CC1=CC2=C(S1)NC3=CC=CC=C3N=C2N4CCN(CC4)C,2048,morgan
DB01437,CCC1(CCC(=O)NC1=O)C2=CC=CC=C2,2048,morgan
DB05039,CCC1=C(C=C2CC(CC2=C1)NCC(C3=C4C=CC(=O)NC4=C(C=C3)O)O)CC,2048,morgan
DB00368,C1=CC(=C(C=C1C(CN)O)O)O,2048,morgan
DB04855,CCCCC1=C(C2=C(O1)C=CC(=C2)NS(=O)(=O)C)C(=O)C3=CC=C(C=C3)OCCCN(CCCC)CCCC,2048,morgan
DB00316,CC(=O)NC1=CC=C(C=C1)O,2048,morgan
DB00899,CCC(=O)N(C1=CC=CC=C1)C2(CCN(CC2)CCC(=O)OC)C(=O)OC,2048,morgan
DB06694,CC1=CC(=CC(=C1CC2=NCCN2)C)C(C)(C)C,2048,morgan
DB00477,CN(C)CCCN1C2=CC=CC=C2SC3=C1C=C(C=C3)Cl,2048,morgan
DB00761,[Cl-].[K+],2048,morgan
DB01399,C1=CC=C(C(=C1)C(=O)OC2=CC=CC=C2C(=O)O)O,2048,morgan
DB00676,C1=CC=C(C=C1)COC(=O)C2=CC=CC=C2,2048,morgan
DB00706,CCOC1=CC=CC=C1OCCNC(C)CC2=CC(=C(C=C2)OC)S(=O)(=O)N,2048,morgan
DB01071,C1CN2CCC1C(C2)CN3C4=CC=CC=C4SC5=CC=CC=C53,2048,morgan
DB00156,CC(C(C(=O)O)N)O,2048,morgan
DB00581,C(C1C(C(C(C(O1)OC2C(OC(C2O)(CO)O)CO)O)O)O)O,2048,morgan
DB00116,C1C(NC2=C(N1)N=C(NC2=O)N)CNC3=CC=C(C=C3)C(=O)NC(CCC(=O)O)C(=O)O,2048,morgan
DB01583,C1=CC(=C(C=C1OC2=C(C=C(C=C2I)CC(C(=O)[O-])N)I)I)O.C1=C(C=C(C(=C1I)OC2=CC(=C(C(=C2)I)O)I)I)CC(C(=O)[O-])N.[Na+].[Na+],2048,morgan
DB00171,C1=NC(=C2C(=N1)N(C=N2)C3C(C(C(O3)COP(=O)(O)OP(=O)(O)OP(=O)(O)O)O)O)N,2048,morgan
DB00739,CC1(C(N2C(S1)C(C2=O)N3C(=O)C(NC3(C)C)C4=CC=CC=C4)C(=O)O)C,2048,morgan
DB01133,C1=CC(=CC=C1SC(P(=O)(O)O)P(=O)(O)O)Cl,2048,morgan
DB06717,CC(C1=CC(=CC(=C1)C(F)(F)F)C(F)(F)F)OC2C(N(CCO2)CC3=NN(C(=O)N3)P(=O)(O)O)C4=CC=C(C=C4)F,2048,morgan
DB00599,CCCC(C)C1(C(=O)NC(=S)NC1=O)CC,2048,morgan
DB00204,CN(CCC1=CC=C(C=C1)NS(=O)(=O)C)CCOC2=CC=C(C=C2)NS(=O)(=O)C,2048,morgan
DB00674,CN1CCC23C=CC(CC2OC4=C(C=CC(=C34)C1)OC)O,2048,morgan
DB00291,C1=CC(=CC=C1CCCC(=O)O)N(CCCl)CCCl,2048,morgan
DB06716,CC(C)C1=C(C(=CC=C1)C(C)C)OCOP(=O)(O)O,2048,morgan
DB01085,CCC1C(COC1=O)CC2=CN=CN2C,2048,morgan
DB00727,C(C(CO[N+](=O)[O-])O[N+](=O)[O-])O[N+](=O)[O-],2048,morgan
DB02703,CC1C2CCC3(C(C2(CCC1O)C)C(CC4C3(CC(C4=C(CCC=C(C)C)C(=O)O)OC(=O)C)C)O)C,2048,morgan
DB01031,C#CC1(CCCCC1)OC(=O)N,2048,morgan
DB06802,C1=CC=C(C=C1)C(=O)C2=CC=CC(=C2N)CC(=O)N,2048,morgan
DB01593,[Zn],2048,morgan
DB08901,CC1=C(C=C(C=C1)C(=O)NC2=CC(=C(C=C2)CN3CCN(CC3)C)C(F)(F)F)C#CC4=CN=C5N4N=CC=C5,2048,morgan
DB01180,COC1C(CC2CN3CCC4=C(C3CC2C1C(=O)OC)NC5=C4C=CC(=C5)OC)OC(=O)C=CC6=CC(=C(C(=C6)OC)OC)OC,2048,morgan
DB01359,CC(C)(C)NCC(COC1=CC=CC=C1C2CCCC2)O,2048,morgan
DB01608,C1CN(CCC1O)CCCN2C3=CC=CC=C3SC4=C2C=C(C=C4)C#N,2048,morgan
DB00277,CN1C2=C(C(=O)N(C1=O)C)NC=N2,2048,morgan
DB01280,COC1=NC(=NC2=C1N=CN2C3C(C(C(O3)CO)O)O)N,2048,morgan
DB00370,CN1CCN2C(C1)C3=CC=CC=C3CC4=C2N=CC=C4,2048,morgan
DB01618,CCC1=C(NC2=C1C(=O)C(CC2)CN3CCOCC3)C,2048,morgan
DB00616,COCCOCC(CC1(CCCC1)C(=O)NC2CCC(CC2)C(=O)O)C(=O)OC3=CC4=C(CCC4)C=C3,2048,morgan
DB00938,C1=CC=C(C=C1)CCCCOCCCCCCNCC(C2=CC(=C(C=C2)O)CO)O,2048,morgan
DB00482,CC1=CC=C(C=C1)C2=CC(=NN2C3=CC=C(C=C3)S(=O)(=O)N)C(F)(F)F,2048,morgan
DB00622,CC1=C(C(C(=C(N1)C)C(=O)OCCN(C)CC2=CC=CC=C2)C3=CC(=CC=C3)[N+](=O)[O-])C(=O)OC,2048,morgan
DB01321,CC1CC=CC=CC(C(CC(C(C(C(CC(=O)O1)OC(=O)C)OC)OC2C(C(C(C(O2)C)OC3CC(C(C(O3)C)OC(=O)CC(C)C)(C)O)N(C)C)O)CC=O)C)O,2048,morgan
DB00270,CC1=C(C(C(=C(N1)C)C(=O)OC(C)C)C2=CC=CC3=NON=C32)C(=O)OC,2048,morgan
DB01055,C1=CN(C=C(C1=O)O)CC(C(=O)O)N,2048,morgan
DB06288,CCN1CCCC1CNC(=O)C2=CC(=C(C=C2OC)N)S(=O)(=O)CC,2048,morgan
DB00831,CN1CCN(CC1)CCCN2C3=CC=CC=C3SC4=C2C=C(C=C4)C(F)(F)F,2048,morgan
DB00536,C(=N)(N)N,2048,morgan
DB00158,C1=CC(=CC=C1C(=O)NC(CCC(=O)O)C(=O)O)NCC2=CN=C3C(=N2)C(=O)NC(=N3)N,2048,morgan
DB00755,CC1=C(C(CCC1)(C)C)C=CC(=CC=CC(=CC(=O)O)C)C,2048,morgan
DB01248,CC1=C2C(C(=O)C3(C(CC4C(C3C(C(C2(C)C)(CC1OC(=O)C(C(C5=CC=CC=C5)NC(=O)OC(C)(C)C)O)O)OC(=O)C6=CC=CC=C6)(CO4)OC(=O)C)O)C)O,2048,morgan
DB00795,C1=CC=NC(=C1)NS(=O)(=O)C2=CC=C(C=C2)N=NC3=CC(=C(C=C3)O)C(=O)O,2048,morgan
DB00417,CC1(C(N2C(S1)C(C2=O)NC(=O)COC3=CC=CC=C3)C(=O)O)C,2048,morgan
DB00801,C1C(=O)N(C2=C(C=C(C=C2)Cl)C(=N1)C3=CC=CC=C3)CC(F)(F)F,2048,morgan
DB00285,CN(C)CC(C1=CC=C(C=C1)OC)C2(CCCCC2)O,2048,morgan
DB01136,COC1=CC=CC=C1OCCNCC(COC2=CC=CC3=C2C4=CC=CC=C4N3)O,2048,morgan
DB00598,CC(CCC1=CC=CC=C1)NCC(C2=CC(=C(C=C2)O)C(=O)N)O,2048,morgan
DB00852,CC(C(C1=CC=CC=C1)O)NC,2048,morgan
DB00931,CN(C)C1C2C(C3C(=C)C4=C(C(=CC=C4)O)C(=C3C(=O)C2(C(=C(C1=O)C(=O)N)O)O)O)O,2048,morgan
DB00237,CCC(C)C1(C(=O)NC(=O)NC1=O)CC,2048,morgan
DB04574,CC12CCC3C(C1CCC2=O)CCC4=C3C=CC(=C4)OS(=O)(=O)O,2048,morgan
DB00207,CCC1C(C(C(N(CC(CC(C(C(C(C(C(=O)O1)C)OC2CC(C(C(O2)C)O)(C)OC)C)OC3C(C(CC(O3)C)N(C)C)O)(C)O)C)C)C)O)(C)O,2048,morgan
DB01069,CC(CN1C2=CC=CC=C2SC3=CC=CC=C31)N(C)C,2048,morgan
DB00198,CCC(CC)OC1C=C(CC(C1NC(=O)C)N)C(=O)OCC,2048,morgan
DB08979,C1CN(CCC12CNC(=O)O2)CCC3=CC=CC=C3,2048,morgan
DB08897,C1C[N+]2(CCC1C(C2)OC(=O)C(C3=CC=CS3)(C4=CC=CS4)O)CCCOC5=CC=CC=C5,2048,morgan
DB00403,CC(C(C(=O)NCC(=O)NC(CC1=CNC2=CC=CC=C21)C(=O)NC(CCSC)C(=O)NC(CC(=O)O)C(=O)NC(CC3=CC=CC=C3)C(=O)N)NC(=O)C(CC4=CC=C(C=C4)OS(=O)(=O)O)NC(=O)C(CC(=O)O)NC(=O)C(CCC(=O)N)NC(=O)C5CCC(=O)N5)O,2048,morgan
DB00410,CC(C1C(O1)CC2COC(C(C2O)O)CC(=CC(=O)OCCCCCCCCC(=O)O)C)C(C)O,2048,morgan
DB00479,C1C(C(C(C(C1NC(=O)C(CCN)O)OC2C(C(C(C(O2)CO)O)N)O)O)OC3C(C(C(C(O3)CN)O)O)O)N,2048,morgan
DB00398,CNC(=O)C1=NC=CC(=C1)OC2=CC=C(C=C2)NC(=O)NC3=CC(=C(C=C3)Cl)C(F)(F)F,2048,morgan
DB00935,CC1=CC(=C(C(=C1CC2=NCCN2)C)O)C(C)(C)C,2048,morgan
DB00399,C1=CN(C=N1)CC(O)(P(=O)(O)O)P(=O)(O)O,2048,morgan
DB00337,CCC1C=C(CC(CC(C2C(CC(C(O2)(C(=O)C(=O)N3CCCCC3C(=O)OC(C(C(CC1=O)O)C)C(=CC4CCC(C(C4)OC)Cl)C)O)C)OC)OC)C)C,2048,morgan
DB00488,CN(C)C1=NC(=NC(=N1)N(C)C)N(C)C,2048,morgan
DB00473,CC(CNC1CCCCC1)OC(=O)C2=CC=CC=C2,2048,morgan
DB00492,CCC(=O)OC(C(C)C)OP(=O)(CCCCC1=CC=CC=C1)CC(=O)N2CC(CC2C(=O)O)C3CCCCC3,2048,morgan
DB05294,CN1CCC(CC1)COC2=C(C=C3C(=C2)N=CN=C3NC4=C(C=C(C=C4)Br)F)OC,2048,morgan
DB00882,CCN(CC)CCOC1=CC=C(C=C1)C(=C(C2=CC=CC=C2)Cl)C3=CC=CC=C3,2048,morgan
DB00708,CCC(=O)N(C1=CC=CC=C1)C2(CCN(CC2)CCC3=CC=CS3)COC,2048,morgan
DB04896,CCN(CC)C(=O)C1(CC1CN)C2=CC=CC=C2,2048,morgan
DB01066,CC1=C(SC=N1)C=CC2=C(N3C(C(C3=O)NC(=O)C(=NOC)C4=CSC(=N4)N)SC2)C(=O)O,2048,morgan
DB00179,CC(CC1=CC(=C(C=C1)O)O)C(C)CC2=CC(=C(C=C2)O)O,2048,morgan
DB01120,CC1=CC=C(C=C1)S(=O)(=O)NC(=O)NN2CC3CCCC3C2,2048,morgan
DB00684,C1C(C(C(C(C1N)OC2C(C(C(C(O2)CO)O)N)O)O)OC3C(CC(C(O3)CN)O)N)N,2048,morgan
DB00934,CNCCCC12CCC(C3=CC=CC=C31)C4=CC=CC=C24,2048,morgan
DB01283,CC1=CC(=C(C=C1)NC2=C(C=CC=C2Cl)F)CC(=O)O,2048,morgan
DB03147,CC1=CC2=C(C=C1C)N(C3=NC(=O)NC(=O)C3=N2)CC(C(C(COP(=O)(O)OP(=O)(O)OCC4C(C(C(O4)N5C=NC6=C(N=CN=C65)N)O)O)O)O)O,2048,morgan
DB00557,C1CN(CCN1CCOCCO)C(C2=CC=CC=C2)C3=CC=C(C=C3)Cl,2048,morgan
DB01333,CC1=C(N2C(C(C2=O)NC(=O)C(C3=CCC=CC3)N)SC1)C(=O)O,2048,morgan
DB00614,C1COC(=O)N1N=CC2=CC=C(O2)[N+](=O)[O-],2048,morgan
DB00716,CCCC1=C2C(=CC3=C1OC(=CC3=O)C(=O)O)C(=O)C=C(N2CC)C(=O)O,2048,morgan
DB06709,CC(C[N+](C)(C)C)OC(=O)C,2048,morgan
DB00436,C1=CC=C(C=C1)CC2NC3=C(C=C(C(=C3)C(F)(F)F)S(=O)(=O)N)S(=O)(=O)N2,2048,morgan
DB01070,CC1CCC(CC1=CC=C2CCCC3(C2CCC3C(C)C=CC(C)C(C)C)C)O,2048,morgan
DB00483,CC[N+](CC)(CC)CCOC1=C(C(=CC=C1)OCC[N+](CC)(CC)CC)OCC[N+](CC)(CC)CC.[I-].[I-].[I-],2048,morgan
DB01602,CCOC(=O)OC(C)OC(=O)C1C(SC2N1C(=O)C2NC(=O)C(C3=CC=CC=C3)N)(C)C,2048,morgan
DB01256,CC1CCC23CCC(=O)C2C1(C(CC(C(C3C)O)(C)C=C)OC(=O)CSC4CC5CCC(C4)N5C)C,2048,morgan
DB00686,C1C(C(C(C(O1)OC2COC(C(C2OS(=O)(=O)O)OS(=O)(=O)O)O)OS(=O)(=O)O)OS(=O)(=O)O)O,2048,morgan
DB01122,CC[N+](CC)(CCNC(=O)C(=O)NCC[N+](CC)(CC)CC1=CC=CC=C1Cl)CC2=CC=CC=C2Cl,2048,morgan
DB00246,C1CN(CCN1CCC2=C(C=C3C(=C2)CC(=O)N3)Cl)C4=NSC5=CC=CC=C54,2048,morgan
DB00278,CC1CCN(C(C1)C(=O)O)C(=O)C(CCCN=C(N)N)NS(=O)(=O)C2=CC=CC3=C2NCC(C3)C,2048,morgan
DB01588,C1CC1CN2C(=O)CN=C(C3=C2C=CC(=C3)Cl)C4=CC=CC=C4,2048,morgan
DB01228,CN1CCCCC1CCC2=CC=CC=C2NC(=O)C3=CC=C(C=C3)OC,2048,morgan
DB00589,CCN(CC)C(=O)NC1CN(C2CC3=CNC4=CC=CC(=C34)C2=C1)C,2048,morgan
DB01189,C(C(F)(F)F)(OC(F)F)F,2048,morgan
DB00384,C1=CC=C(C=C1)C2=NC3=C(N=C(N=C3N=C2N)N)N,2048,morgan
DB01190,CCCC1CC(N(C1)C)C(=O)NC(C2C(C(C(C(O2)SC)O)O)O)C(C)Cl,2048,morgan
DB00837,C1=CC(=CC=C1C(=NCCCC(=O)N)C2=C(C=CC(=C2)F)O)Cl,2048,morgan
DB01067,CC1=CN=C(C=N1)C(=O)NCCC2=CC=C(C=C2)S(=O)(=O)NC(=O)NC3CCCCC3,2048,morgan
DB00289,CC1=CC=CC=C1OC(CCNC)C2=CC=CC=C2,2048,morgan
DB00231,CN1C2=C(C=C(C=C2)Cl)C(=NC(C1=O)O)C3=CC=CC=C3,2048,morgan
DB00162,CC1=C(C(CCC1)(C)C)C=CC(=CC=CC(=CCO)C)C,2048,morgan
DB00561,CCN1CC(C(C1=O)(C2=CC=CC=C2)C3=CC=CC=C3)CCN4CCOCC4,2048,morgan
DB01213,CC1=CNN=C1,2048,morgan
DB02546,C1=CC=C(C=C1)NC(=O)CCCCCCC(=O)NO,2048,morgan
DB01154,CCCC(C)C1(C(=O)NC(=S)NC1=O)CC=C,2048,morgan
DB00401,CC1=C(C(C(=C(N1)C)C(=O)OCC(C)C)C2=CC=CC=C2[N+](=O)[O-])C(=O)OC,2048,morgan
DB01613,C(C(C(CO[N+](=O)[O-])O[N+](=O)[O-])O[N+](=O)[O-])O[N+](=O)[O-],2048,morgan
DB00273,CC1(OC2COC3(C(C2O1)OC(O3)(C)C)COS(=O)(=O)N)C,2048,morgan
DB04838,CC1CC(CC(C1)(C)C)OC(=O)C(C2=CC=CC=C2)O,2048,morgan
DB00659,CC(=O)NCCCS(=O)(=O)O,2048,morgan
DB08827,C1CN(CCC1NC(=O)C2=CC=CC=C2C3=CC=C(C=C3)C(F)(F)F)CCCCC4(C5=CC=CC=C5C6=CC=CC=C64)C(=O)NCC(F)(F)F,2048,morgan
DB08860,C1CC1C2=NC3=CC=CC=C3C(=C2C=CC(CC(CC(=O)O)O)O)C4=CC=C(C=C4)F,2048,morgan
DB00668,CNCC(C1=CC(=C(C=C1)O)O)O,2048,morgan
DB00420,CN(C)CCCN1C2=CC=CC=C2SC3=CC=CC=C31,2048,morgan
DB06589,CC1=C(C=C(C=C1)NC2=NC=CC(=N2)N(C)C3=CC4=NN(C(=C4C=C3)C)C)S(=O)(=O)N,2048,morgan
DB00663,CC1CC2C3CC(C4=CC(=O)C=CC4(C3(C(CC2(C1(C(=O)CO)O)C)O)F)C)F,2048,morgan
DB01598,CC(C1C2CC(=C(N2C1=O)C(=O)O)SCCN=CN)O,2048,morgan
DB00733,C[N+]1=CC=CC=C1C=NO,2048,morgan
DB00376,C1CCC(CC1)C(CCN2CCCCC2)(C3=CC=CC=C3)O,2048,morgan
DB00798,CC(C1CCC(C(O1)OC2C(CC(C(C2O)OC3C(C(C(CO3)(C)O)NC)O)N)N)N)NC,2048,morgan
DB05013,CC=C(C)C(=O)OC1C(=CC23C1(C(C(=CC(C2=O)C4C(C4(C)C)CC3C)CO)O)O)C,2048,morgan
DB01581,CC1=NC(=NC=C1)NS(=O)(=O)C2=CC=C(C=C2)N,2048,morgan
DB00631,C1=NC2=C(N=C(N=C2N1C3C(C(C(O3)CO)O)F)Cl)N,2048,morgan
DB01390,C(=O)(O)[O-].[Na+],2048,morgan
DB00255,CCC(=C(CC)C1=CC=C(C=C1)O)C2=CC=C(C=C2)O,2048,morgan
DB00623,C1CN(CCN1CCCN2C3=CC=CC=C3SC4=C2C=C(C=C4)C(F)(F)F)CCO,2048,morgan
DB00895,CC1(C(NC(S1)C(C(=O)NCCCCC(C(=O)O)N)NC(=O)CC2=CC=CC=C2)C(=O)O)C.C(CCN)CC(C(=O)O)N,2048,morgan
DB00135,C1=CC(=CC=C1CC(C(=O)O)N)O,2048,morgan
DB00950,CC(C)(C1=CC=C(C=C1)C(CCCN2CCC(CC2)C(C3=CC=CC=C3)(C4=CC=CC=C4)O)O)C(=O)O,2048,morgan
DB01599,CC(C)(C)C1=CC(=CC(=C1O)C(C)(C)C)SC(C)(C)SC2=CC(=C(C(=C2)C(C)(C)C)O)C(C)(C)C,2048,morgan
DB00639,C1=CC(=C(C(=C1)Cl)SC(CCC2=CC=C(C=C2)Cl)CN3C=CN=C3)Cl,2048,morgan
DB01158,CC[N+](C)(C)CC1=CC=CC=C1Br,2048,morgan
DB01145,C1=CC(=CC=C1NCS(=O)O)S(=O)(=O)C2=CC=C(C=C2)NCS(=O)O,2048,morgan
DB00862,CCCC1=NC(=C2N1N=C(NC2=O)C3=C(C=CC(=C3)S(=O)(=O)N4CCN(CC4)CC)OCC)C,2048,morgan
DB00153,CC(C)C(C)C=CC(C)C1CCC2C1(CCCC2=CC=C3CC(CCC3=C)O)C,2048,morgan
DB01603,CC1(C(N2C(S1)C(C2=O)NC(=O)C3=C(C=CC=C3OC)OC)C(=O)O)C,2048,morgan
DB00200,CC1=CC2=C(C=C1C)N(C=N2)C3C(C(C(O3)CO)OP(=O)([O-])OC(C)CNC(=O)CCC4(C(C5C6(C(C(C(=N6)C(=C7C(C(C(=N7)C=C8C(C(C(=N8)C(=C4[N-]5)C)CCC(=O)N)(C)C)CCC(=O)N)(C)CC(=O)N)C)CCC(=O)N)(C)CC(=O)N)C)CC(=O)N)C)O.O.[Co],2048,morgan
DB00956,CN1CCC23C4C1CC5=C2C(=C(C=C5)OC)OC3C(=O)CC4,2048,morgan
DB01040,C1=CC(=CC=C1C=CC2=C(C=C(C=C2)C(=N)N)O)C(=N)N.C(CS(=O)(=O)O)O.C(CS(=O)(=O)O)O,2048,morgan
DB01558,C1C(=O)NC2=C(C=C(C=C2)Br)C(=N1)C3=CC=CC=N3,2048,morgan
DB01420,CCC(=O)OC1CCC2C1(CCC3C2CCC4=CC(=O)CCC34C)C,2048,morgan
DB01023,CCOC(=O)C1=C(NC(=C(C1C2=C(C(=CC=C2)Cl)Cl)C(=O)OC)C)C,2048,morgan
DB00254,CC1C2C(C3C(C(=O)C(=C(C3(C(=O)C2=C(C4=C1C=CC=C4O)O)O)O)C(=O)N)N(C)C)O,2048,morgan
DB01352,CC(C)C1(C(=O)NC(=O)NC1=O)CC=C,2048,morgan
DB00635,CC12CC(=O)C3C(C1CCC2(C(=O)CO)O)CCC4=CC(=O)C=CC34C,2048,morgan
DB01149,CCC1=NN(C(=O)N1CCOC2=CC=CC=C2)CCCN3CCN(CC3)C4=CC(=CC=C4)Cl,2048,morgan
DB00828,CC1C(O1)P(=O)(O)O,2048,morgan
DB00530,COCCOC1=C(C=C2C(=C1)C(=NC=N2)NC3=CC=CC(=C3)C#C)OCCOC,2048,morgan
DB01375,CCCCCCCCCCCCCCCCCC(=O)O[Al].O.O,2048,morgan
DB00323,CC1=CC=C(C=C1)C(=O)C2=CC(=C(C(=C2)O)O)[N+](=O)[O-],2048,morgan
DB00696,CC1(C(=O)N2C(C(=O)N3CCCC3C2(O1)O)CC4=CC=CC=C4)NC(=O)C5CN(C6CC7=CNC8=CC=CC(=C78)C6=C5)C,2048,morgan
DB09016,CC(CC1C2=CC=CC=C2CCC3=CC=CC=C13)CN(C)C,2048,morgan
DB00373,CC(C)(C)NCC(COC1=NSN=C1N2CCOCC2)O,2048,morgan
DB00199,CCC1C(C(C(C(=O)C(CC(C(C(C(C(C(=O)O1)C)OC2CC(C(C(O2)C)O)(C)OC)C)OC3C(C(CC(O3)C)N(C)C)O)(C)O)C)C)O)(C)O,2048,morgan
DB00810,C1CCN(CC1)CCC(C2CC3CC2C=C3)(C4=CC=CC=C4)O,2048,morgan
DB01021,C1=C2C(=CC(=C1Cl)S(=O)(=O)N)S(=O)(=O)NC(N2)C(Cl)Cl,2048,morgan
DB00141,CC(=O)NC(C=O)C(C(C(CO)O)O)O,2048,morgan
DB00703,CC(=O)N=C1N(N=C(S1)S(=O)(=O)N)C,2048,morgan
DB01215,C1C2=NN=CN2C3=C(C=C(C=C3)Cl)C(=N1)C4=CC=CC=C4,2048,morgan
DB00348,C1CC(=O)C(C(=O)C1)C(=O)C2=C(C=C(C=C2)C(F)(F)F)[N+](=O)[O-],2048,morgan
DB01354,CCC1(C(=O)NC(=O)NC1=O)C2=CCCCCC2,2048,morgan
DB00978,CCN1C=C(C(=O)C2=CC(=C(C(=C21)F)N3CCNC(C3)C)F)C(=O)O,2048,morgan
DB00335,CC(C)NCC(COC1=CC=C(C=C1)CC(=O)N)O,2048,morgan
DB00434,CN1CCC(=C2C3=CC=CC=C3C=CC4=CC=CC=C42)CC1,2048,morgan
DB00184,CN1CCCC1C2=CN=CC=C2,2048,morgan
DB01607,CC1(C(N2C(S1)C(C2=O)NC(=O)C(C3=CSC=C3)C(=O)O)C(=O)O)C,2048,morgan
DB00619,CC1=C(C=C(C=C1)NC(=O)C2=CC=C(C=C2)CN3CCN(CC3)C)NC4=NC=CC(=N4)C5=CN=CC=C5,2048,morgan
DB01200,CC(C)CC1C(=O)N2CCCC2C3(N1C(=O)C(O3)(C(C)C)NC(=O)C4CN(C5CC6=C(NC7=CC=CC(=C67)C5=C4)Br)C)O,2048,morgan
DB00632,CCCCCCCCCCCCCCCCCCCCCCO,2048,morgan
DB00451,C1=C(C=C(C(=C1I)OC2=CC(=C(C(=C2)I)O)I)I)CC(C(=O)O)N,2048,morgan
DB01139,CC(=O)OCC1=C(N2C(C(C2=O)NC(=O)CSC3=CC=NC=C3)SC1)C(=O)O,2048,morgan
DB00193,CN(C)CC1CCCCC1(C2=CC(=CC=C2)OC)O,2048,morgan
DB01218,CCCCN(CCCC)CCC(C1=C2C=CC(=CC2=C3C=C(C=C(C3=C1)Cl)Cl)C(F)(F)F)O,2048,morgan
DB01244,CC(C)COCC(CN(CC1=CC=CC=C1)C2=CC=CC=C2)N3CCCC3,2048,morgan
DB00547,CC1CC2C3CCC4=CC(=O)C=CC4(C3(C(CC2(C1C(=O)CO)C)O)F)C,2048,morgan
DB00139,C(CC(=O)O)C(=O)O,2048,morgan
DB00450,C1CN(CC=C1N2C3=CC=CC=C3NC2=O)CCCC(=O)C4=CC=C(C=C4)F,2048,morgan
DB01223,CN1C2=C(C(=O)N(C1=O)C)NC=N2.CN1C2=C(C(=O)N(C1=O)C)NC=N2.C(CN)N,2048,morgan
DB01423,CC(C(=O)NCC(=O)O)SC(=O)C1=CC=CS1,2048,morgan
DB00250,C1=CC(=CC=C1N)S(=O)(=O)C2=CC=C(C=C2)N,2048,morgan
DB00423,COC1=CC=CC=C1OCC(COC(=O)N)O,2048,morgan
DB01600,CC(C1=CC=C(S1)C(=O)C2=CC=CC=C2)C(=O)O,2048,morgan
DB01084,CCOCCN1C2=CC=CC=C2N=C1N3CCCN(CC3)C,2048,morgan
DB01041,C1CC(=O)NC(=O)C1N2C(=O)C3=CC=CC=C3C2=O,2048,morgan
DB00900,C1CC(OC1CO)N2C=NC3=C2N=CNC3=O,2048,morgan
DB00680,CCOC(=O)NC1=CC2=C(C=C1)SC3=CC=CC=C3N2C(=O)CCN4CCOCC4,2048,morgan
DB01110,C1=CC(=C(C=C1Cl)Cl)COC(CN2C=CN=C2)C3=C(C=C(C=C3)Cl)Cl,2048,morgan
DB01011,CC(C)(C1=CN=CC=C1)C(=O)C2=CN=CC=C2,2048,morgan
DB01059,CCN1C=C(C(=O)C2=CC(=C(C=C21)N3CCNCC3)F)C(=O)O,2048,morgan
DB01061,CC1(C(N2C(S1)C(C2=O)NC(=O)C(C3=CC=CC=C3)NC(=O)N4CCNC4=O)C(=O)O)C,2048,morgan
DB00292,CCOC(=O)C1=CN=CN1C(C)C2=CC=CC=C2,2048,morgan
DB01141,CCCCCOC1=CC=C(C=C1)C2=CC(=NO2)C3=CC=C(C=C3)C(=O)NC4CC(C(NC(=O)C5C(C(CN5C(=O)C(NC(=O)C(NC(=O)C6CC(CN6C(=O)C(NC4=O)C(C)O)O)C(C(C7=CC(=C(C=C7)O)OS(=O)(=O)O)O)O)C(CC(=O)N)O)C)O)O)O,2048,morgan
DB01587,CC1=CC(=O)N2CC(=O)N(C3=C(C2(O1)C4=CC=CC=C4)C=C(C=C3)Cl)C,2048,morgan
DB00161,CC(C)C(C(=O)O)N,2048,morgan
DB02300,CC(C=CC(C1CC1)O)C2CCC3C2(CCCC3=CC=C4CC(CC(C4=C)O)O)C,2048,morgan
DB00814,CC1=CN=C(S1)NC(=O)C2=C(C3=CC=CC=C3S(=O)(=O)N2C)O,2048,morgan
DB01452,CC(=O)OC1C=CC2C3CC4=C5C2(C1OC5=C(C=C4)OC(=O)C)CCN3C,2048,morgan
DB00992,COC(=O)CCC(=O)CN,2048,morgan
DB00330,CCC(CO)NCCNC(CC)CO,2048,morgan
DB00997,CC1C(C(CC(O1)OC2CC(CC3=C2C(=C4C(=C3O)C(=O)C5=C(C4=O)C(=CC=C5)OC)O)(C(=O)CO)O)N)O,2048,morgan
DB00608,CCN(CC)CCCC(C)NC1=C2C=CC(=CC2=NC=C1)Cl,2048,morgan
DB00908,COC1=CC2=C(C=CN=C2C=C1)C(C3CC4CCN3CC4C=C)O,2048,morgan
DB00122,C[N+](C)(C)CCO,2048,morgan
DB00909,C1=CC=C2C(=C1)C(=NO2)CS(=O)(=O)N,2048,morgan
DB00797,C1CN=C(N1)CC2=CC=CC=C2,2048,morgan
DB01148,CC1=C(OC2=C(C1=O)C=CC=C2C(=O)OCCN3CCCCC3)C4=CC=CC=C4,2048,morgan
DB00723,CC(C(C1=C(C=CC(=C1)OC)OC)O)N,2048,morgan
DB00321,CN(C)CCC=C1C2=CC=CC=C2CCC3=CC=CC=C31,2048,morgan
DB00773,CC1OCC2C(O1)C(C(C(O2)OC3C4COC(=O)C4C(C5=CC6=C(C=C35)OCO6)C7=CC(=C(C(=C7)OC)O)OC)O)O,2048,morgan
DB00610,CC(C(C1=CC(=CC=C1)O)O)N,2048,morgan
DB01275,C1=CC=C2C(=C1)C=NN=C2NN,2048,morgan
DB00586,C1=CC=C(C(=C1)CC(=O)O)NC2=C(C=CC=C2Cl)Cl,2048,morgan
DB01238,C1CC(=O)NC2=C1C=CC(=C2)OCCCCN3CCN(CC3)C4=C(C(=CC=C4)Cl)Cl,2048,morgan
DB01609,C1=CC=C(C(=C1)C2=NN(C(=N2)C3=CC=CC=C3O)C4=CC=C(C=C4)C(=O)O)O,2048,morgan
DB00160,CC(C(=O)O)N,2048,morgan
DB00444,COC1=CC(=CC(=C1O)OC)C2C3C(COC3=O)C(C4=CC5=C(C=C24)OCO5)OC6C(C(C7C(O6)COC(O7)C8=CC=CS8)O)O,2048,morgan
DB00276,COC1=C(C=CC(=C1)NS(=O)(=O)C)NC2=C3C=CC=CC3=NC4=CC=CC=C42,2048,morgan
DB00248,CCNC(=O)N(CCCN(C)C)C(=O)C1CC2C(CC3=CNC4=CC=CC2=C34)N(C1)CC=C,2048,morgan
DB01611,CCN(CCCC(C)NC1=C2C=CC(=CC2=NC=C1)Cl)CCO,2048,morgan
DB01169,O=[As]O[As]=O,2048,morgan
DB00646,CC1C=CC=CCCC=CC=CC=CC=CC(CC2C(C(CC(O2)(CC(C(CCC(CC(CC(CC(=O)OC(C(C1O)C)C)O)O)O)O)O)O)O)C(=O)O)OC3C(C(C(C(O3)C)O)N)O,2048,morgan
DB00802,CCC(=O)N(C1=CC=CC=C1)C2(CCN(CC2)CCN3C(=O)N(N=N3)CC)COC,2048,morgan
DB00129,C(CC(C(=O)O)N)CN,2048,morgan
DB00397,CC(C(C1=CC=CC=C1)O)N,2048,morgan
DB00500,CC1=CC=C(C=C1)C(=O)C2=CC=C(N2C)CC(=O)O,2048,morgan
DB00371,CCCC(C)(COC(=O)N)COC(=O)N,2048,morgan
DB01395,CC12CCC(=O)C=C1C3CC3C4C2CCC5(C4C6CC6C57CCC(=O)O7)C,2048,morgan
DB08932,CCCNS(=O)(=O)NC1=C(C(=NC=N1)OCCOC2=NC=C(C=N2)Br)C3=CC=C(C=C3)Br,2048,morgan
DB00849,CCC1(C(=O)NC(=O)N(C1=O)C)C2=CC=CC=C2,2048,morgan
DB00409,CCN1CCCC1CNC(=O)C2=C(C=CC(=C2OC)Br)OC,2048,morgan
DB01229,CC1=C2C(C(=O)C3(C(CC4C(C3C(C(C2(C)C)(CC1OC(=O)C(C(C5=CC=CC=C5)NC(=O)C6=CC=CC=C6)O)O)OC(=O)C7=CC=CC=C7)(CO4)OC(=O)C)O)C)OC(=O)C,2048,morgan
DB00343,CC(=O)OC1C(SC2=CC=CC=C2N(C1=O)CCN(C)C)C3=CC=C(C=C3)OC,2048,morgan
DB00119,CC(=O)C(=O)O,2048,morgan
DB00678,CCCCC1=NC(=C(N1CC2=CC=C(C=C2)C3=CC=CC=C3C4=NNN=N4)CO)Cl,2048,morgan
DB06594,CC(=O)NCCC1=CC=CC2=C1C=C(C=C2)OC,2048,morgan
DB00317,COC1=C(C=C2C(=C1)N=CN=C2NC3=CC(=C(C=C3)F)Cl)OCCCN4CCOCC4,2048,morgan
DB01764,CCN(CC)CCS(=O)(=O)C1CCN2C1C(=O)OC(C(C=CC(=O)NCC=CC(=CC(CC(=O)CC3=NC(=CO3)C2=O)O)C)C)C(C)C,2048,morgan
DB00725,C[N+]1(C2CCC1CC(C2)OC(=O)C(C3=CC=CC=C3)O)C.[Br-],2048,morgan
DB01170,C1CCCN(CCC1)CCN=C(N)N,2048,morgan
DB01337,CC(=O)OC1CC2CCC3C(C2(CC1[N+]4(CCCCC4)C)C)CCC5(C3CC(C5OC(=O)C)[N+]6(CCCCC6)C)C,2048,morgan
DB00149,CC(C)CC(C(=O)O)N,2048,morgan
DB00910,CC(C=CC(C)C(C)(C)O)C1CCC2C1(CCCC2=CC=C3CC(CC(C3)O)O)C,2048,morgan
DB00781,CCC(C)CCCCC(=O)NC(CCN)C(=O)NC(C(C)O)C(=O)NC(CCN)C(=O)NC1CCNC(=O)C(NC(=O)C(NC(=O)C(NC(=O)C(NC(=O)C(NC(=O)C(NC1=O)CCN)CC2=CC=CC=C2)CC(C)C)CCN)CCN)C(C)O,2048,morgan
DB01410,CC(C)C(=O)OCC(=O)C12C(CC3C1(CC(C4C3CCC5=CC(=O)C=CC45C)O)C)OC(O2)C6CCCCC6,2048,morgan
DB01054,CCOC(=O)C1=C(NC(=C(C1C2=CC(=CC=C2)[N+](=O)[O-])C(=O)OC)C)C,2048,morgan
DB00293,CC1=NC2=C(C=C(C=C2)CN(C)C3=CC=C(S3)C(=O)NC(CCC(=O)O)C(=O)O)C(=O)N1,2048,morgan
DB00919,CC1CC(=O)C2(C(O1)OC3C(C(C(C(C3O2)NC)O)NC)O)O,2048,morgan
DB00396,CC(=O)C1CCC2C1(CCC3C2CCC4=CC(=O)CCC34C)C,2048,morgan
DB08944,CC(C)C(CC(C)N(C)C)(C#N)C1=CC=CC=C1,2048,morgan
DB00783,CC12CCC3C(C1CCC2O)CCC4=C3C=CC(=C4)O,2048,morgan
DB00374,CCCCCC(CCC1C(CC2C1CC3=C(C2)C(=CC=C3)OCC(=O)O)O)O,2048,morgan
DB01024,CC1=C2COC(=O)C2=C(C(=C1OC)CC=C(C)CCC(=O)O)O,2048,morgan
DB01001,CC(C)(C)NCC(C1=CC(=C(C=C1)O)CO)O,2048,morgan
DB00929,CCCCC(C)(CC=CC1C(CC(=O)C1CCCCCCC(=O)OC)O)O,2048,morgan
DB00607,CCOC1=C(C2=CC=CC=C2C=C1)C(=O)NC3C4N(C3=O)C(C(S4)(C)C)C(=O)O,2048,morgan
DB00228,C(C(OC(F)F)(F)F)(F)Cl,2048,morgan
DB00808,CC1CC2=CC=CC=C2N1NC(=O)C3=CC(=C(C=C3)Cl)S(=O)(=O)N,2048,morgan
DB00596,CC1CC2C3CC(C4=CC(=O)C=CC4(C3(C(CC2(C1(C(=O)CCl)O)C)O)F)C)F,2048,morgan
DB00892,CCCCOC1=C(C=CC(=C1)C(=O)OCCN(CC)CC)N,2048,morgan
DB01392,COC(=O)C1C(CCC2C1CC3C4=C(CCN3C2)C5=CC=CC=C5N4)O,2048,morgan
DB00887,CCCCNC1=C(C(=CC(=C1)C(=O)O)S(=O)(=O)N)OC2=CC=CC=C2,2048,morgan
DB00562,C1=CC=C(C=C1)CSCC2=NS(=O)(=O)C3=CC(=C(C=C3N2)Cl)S(=O)(=O)N,2048,morgan
DB00620,CC12CC(C3(C(C1CC(C2(C(=O)CO)O)O)CCC4=CC(=O)C=CC43C)F)O,2048,morgan
DB05260,[N+](=O)([O-])[O-].[N+](=O)([O-])[O-].[N+](=O)([O-])[O-].[Ga+3],2048,morgan
DB01142,CN(C)CCC=C1C2=CC=CC=C2COC3=CC=CC=C31,2048,morgan
DB00275,CCCC1=NC(=C(N1CC2=CC=C(C=C2)C3=CC=CC=C3C4=NNN=N4)C(=O)O)C(C)(C)O,2048,morgan
DB00936,C1=CC=C(C(=C1)C(=O)O)O,2048,morgan
DB01196,CC12CCC3C(C1CCC2O)CCC4=C3C=CC(=C4)OC(=O)N(CCCl)CCCl,2048,morgan
DB04865,CC(C)(CCCC(CC(=O)OC)(C(=O)OC1C2C3=CC4=C(C=C3CCN5C2(CCC5)C=C1OC)OCO4)O)O,2048,morgan
DB00651,CN1C2=C(C(=O)N(C1=O)C)N(C=N2)CC(CO)O,2048,morgan
DB00454,CCOC(=O)C1(CCN(CC1)C)C2=CC=CC=C2,2048,morgan
DB01018,C1=CC(=C(C(=C1)Cl)CC(=O)N=C(N)N)Cl,2048,morgan
DB01209,CC12CCCCCC(C1N)CC3=C2C=C(C=C3)O,2048,morgan
DB00921,CC(C)(C)C(C)(C1CC23CCC1(C4C25CCN(C3CC6=C5C(=C(C=C6)O)O4)CC7CC7)OC)O,2048,morgan
DB01291,CC(C)(C)NCC(C1=NC(=C(C=C1)O)CO)O,2048,morgan
DB00794,CCC1(C(=O)NCNC1=O)C2=CC=CC=C2,2048,morgan
DB01592,[Fe],2048,morgan
DB00389,CCOC(=O)N1C=CN(C1=S)C,2048,morgan
DB01219,C1C(=O)NC(=O)N1N=CC2=CC=C(O2)C3=CC=C(C=C3)[N+](=O)[O-],2048,morgan
DB08906,CC1CC2C3CC(C4=CC(=O)C=CC4(C3(C(CC2(C1(C(=O)SCF)OC(=O)C5=CC=CO5)C)O)F)C)F,2048,morgan
DB00526,C1CCC(C(C1)N)N.C(=O)(C(=O)O)O.[Pt+2],2048,morgan
DB00487,CCN1C=C(C(=O)C2=CC(=C(C=C21)N3CCN(CC3)C)F)C(=O)O,2048,morgan
DB00903,CCC(=C)C(=O)C1=C(C(=C(C=C1)OCC(=O)O)Cl)Cl,2048,morgan
DB01220,CC1C=CC=C(C(=O)NC2=C(C3=C(C4=C(C(=C3O)C)OC(C4=O)(OC=CC(C(C(C(C(C(C1O)C)O)C)OC(=O)C)C)OC)C)C5=C2N6C=CC(=CC6=N5)C)O)C,2048,morgan
DB04898,CCOC(=O)CNC(C1CCCCC1)C(=O)N2CCC2C(=O)NCC3=CC=C(C=C3)C(=NO)N,2048,morgan
DB00990,CC12CCC3C(C1CCC2=O)CC(=C)C4=CC(=O)C=CC34C,2048,morgan
DB00131,C1=NC(=C2C(=N1)N(C=N2)C3C(C(C(O3)COP(=O)(O)O)O)O)N,2048,morgan
DB00346,CN(CCCNC(=O)C1CCCO1)C2=NC3=CC(=C(C=C3C(=N2)N)OC)OC,2048,morgan
DB08865,CC(C1=C(C=CC(=C1Cl)F)Cl)OC2=C(N=CC(=C2)C3=CN(N=C3)C4CCNCC4)N,2048,morgan
DB00690,CCN(CC)CCN1C(=O)CN=C(C2=C1C=CC(=C2)Cl)C3=CC=CC=C3F,2048,morgan
DB00824,CCCN1C2=C(C(=O)NC1=O)NC=N2,2048,morgan
DB08908,COC(=O)C=CC(=O)OC,2048,morgan
DB00673,CC(C1=CC(=CC(=C1)C(F)(F)F)C(F)(F)F)OC2C(N(CCO2)CC3=NNC(=O)N3)C4=CC=C(C=C4)F,2048,morgan
DB08992,CCC1=CC=C(C=C1)C(=O)C(C)CN2CCCCC2,2048,morgan
DB01191,CCNC(C)CC1=CC(=CC=C1)C(F)(F)F,2048,morgan
DB00979,CN(C)CCOC(=O)C(C1=CC=CC=C1)C2(CCCC2)O,2048,morgan
DB00209,C1CC[N+]2(C1)C3CCC2CC(C3)OC(=O)C(C4=CC=CC=C4)(C5=CC=CC=C5)O,2048,morgan
DB00511,CC1C(C(CC(O1)OC2C(OC(CC2O)OC3C(OC(CC3O)OC4CCC5(C(C4)CCC6C5CCC7(C6(CCC7C8=CC(=O)OC8)O)C)C)C)C)OC(=O)C)O,2048,morgan
DB00425,CC1=CC=C(C=C1)C2=C(N3C=C(C=CC3=N2)C)CC(=O)N(C)C,2048,morgan
DB00239,C1=CC(=C(C=C1Cl)Cl)CON=C(CN2C=CN=C2)C3=C(C=C(C=C3)Cl)Cl,2048,morgan
DB06196,C1CCC2C(C1)CC(N2C(=O)C3CC4=CC=CC=C4CN3C(=O)C(CO)NC(=O)C(CC5=CC=CS5)NC(=O)CNC(=O)C6CC(CN6C(=O)C7CCCN7C(=O)C(CCCN=C(N)N)NC(=O)C(CCCN=C(N)N)N)O)C(=O)NC(CCCN=C(N)N)C(=O)O,2048,morgan
DB01595,C1C(=O)NC2=C(C=C(C=C2)[N+](=O)[O-])C(=N1)C3=CC=CC=C3,2048,morgan
DB00208,C1CN(CC2=C1SC=C2)CC3=CC=CC=C3Cl,2048,morgan
DB06216,CN1CC2C(C1)C3=C(C=CC(=C3)Cl)OC4=CC=CC=C24.C(=CC(=O)O)C(=O)O,2048,morgan
DB00811,C1=NC(=NN1C2C(C(C(O2)CO)O)O)C(=O)N,2048,morgan
DB01161,CCN(CC)CCOC(=O)C1=C(C=C(C=C1)N)Cl,2048,morgan
DB00314,CC1C(=O)NC(C(=O)NC(=CNC(=O)N)C(=O)NC(C(=O)NCC(C(=O)N1)N)C2CCNC(=N2)N)CNC(=O)CC(CCCN)N.C1CNC(=NC1C2C(=O)NCC(C(=O)NC(C(=O)NC(C(=O)NC(=CNC(=O)N)C(=O)N2)CNC(=O)CC(CCCN)N)CO)N)N,2048,morgan
DB01192,CN1CCC23C4C(=O)CCC2(C1CC5=C3C(=C(C=C5)O)O4)O,2048,morgan
DB00906,CC1=C(SC=C1)C(=CCCN2CCCC(C2)C(=O)O)C3=C(C=CS3)C,2048,morgan
DB01156,CC(C(=O)C1=CC(=CC=C1)Cl)NC(C)(C)C,2048,morgan
DB00540,CNCCC=C1C2=CC=CC=C2CCC3=CC=CC=C31,2048,morgan
DB00688,CC1=C2COC(=O)C2=C(C(=C1OC)CC=C(C)CCC(=O)OCCN3CCOCC3)O,2048,morgan
DB05271,CCCN(CCC1=CC=CS1)C2CCC3=C(C2)C=CC=C3O,2048,morgan
DB00677,CC(C)OP(=O)(OC(C)C)F,2048,morgan
DB00657,CC1(C2CCC(C2)C1(C)NC)C,2048,morgan
DB00920,CN1CCC(=C2C3=C(C(=O)CC4=CC=CC=C42)SC=C3)CC1,2048,morgan
DB01172,C1C(C(C(C(C1N)OC2C(C(C(C(O2)CN)O)O)O)O)OC3C(C(C(C(O3)CO)O)N)O)N,2048,morgan
DB08946,CCC(CC1=C(C(=C(C=C1I)I)N)I)C(=O)O,2048,morgan
DB00465,C1CN2C(=CC=C2C(=O)C3=CC=CC=C3)C1C(=O)O,2048,morgan
DB08995,CC1C(C(C(C(O1)OCC2C(C(C(C(O2)OC3=CC(=C4C(=C3)OC(=CC4=O)C5=CC(=C(C=C5)OC)O)O)O)O)O)O)O)O,2048,morgan
DB01224,C1CN(CCN1CCOCCO)C2=NC3=CC=CC=C3SC4=CC=CC=C42,2048,morgan
DB00666,CC(C)CC(C(=O)NC(CCCN=C(N)N)C(=O)N1CCCC1C(=O)NCC(=O)N)NC(=O)C(CC2=CC3=CC=CC=C3C=C2)NC(=O)C(CC4=CC=C(C=C4)O)NC(=O)C(CO)NC(=O)C(CC5=CNC6=CC=CC=C65)NC(=O)C(CC7=CN=CN7)NC(=O)C8CCC(=O)N8,2048,morgan
DB01625,CC(C)[N+](C)(CCC(C1=CC=CC=C1)(C2=CC=CC=C2)C(=O)N)C(C)C,2048,morgan
DB01125,COC1=CC=C(C=C1)C2C(=O)C3=CC=CC=C3C2=O,2048,morgan
DB00268,CCCN(CCC)CCC1=C2CC(=O)NC2=CC=C1,2048,morgan
DB00203,CCCC1=NN(C2=C1N=C(NC2=O)C3=C(C=CC(=C3)S(=O)(=O)N4CCN(CC4)C)OCC)C,2048,morgan
DB00618,CN(C)C1C2CC3C(C4=C(C=CC(=C4C(=C3C(=O)C2(C(=C(C1=O)C(=O)N)O)O)O)O)Cl)O,2048,morgan
DB00381,CCOC(=O)C1=C(NC(=C(C1C2=CC=CC=C2Cl)C(=O)OC)C)COCCN,2048,morgan
DB00264,CC(C)NCC(COC1=CC=C(C=C1)CCOC)O,2048,morgan
DB01173,CC1=CC=CC=C1C(C2=CC=CC=C2)OCCN(C)C,2048,morgan
DB00349,CN1C(=O)CC(=O)N(C2=C1C=CC(=C2)Cl)C3=CC=CC=C3,2048,morgan
DB00306,CCC(C)C1(C(=O)NC(=O)NC1=O)CC=C,2048,morgan
DB08990,CCOC(CN1CCN(CC1)CC(C)C(=O)C2=CC=CC=C2)C3=CC=CC=C3,2048,morgan
DB01254,CC1=C(C(=CC=C1)Cl)NC(=O)C2=CN=C(S2)NC3=CC(=NC(=N3)C)N4CCN(CC4)CCO,2048,morgan
DB01064,CC(C)NCC(C1=CC(=C(C=C1)O)O)O,2048,morgan
DB01007,C1=CC(=C(C=C1Cl)Cl)C(CN2C=CN=C2)OCC3=C(SC=C3)Cl,2048,morgan
DB00458,CN(C)CCCN1C2=CC=CC=C2CCC3=CC=CC=C31,2048,morgan
DB01413,C[N+]1(CCCC1)CC2=C(N3C(C(C3=O)NC(=O)C(=NOC)C4=CSC(=N4)N)SC2)C(=O)[O-],2048,morgan
DB00720,C(P(=O)(O)O)(P(=O)(O)O)(Cl)Cl,2048,morgan
DB00490,C1CCC2(C1)CC(=O)N(C(=O)C2)CCCCN3CCN(CC3)C4=NC=CC=N4,2048,morgan
DB00383,CN1CCCN=C1COC(=O)C(C2CCCCC2)(C3=CC=CC=C3)O,2048,morgan
DB05389,O.[O-]Cl=O.[O-]Cl=O.[O-]Cl=O.[O-]Cl=O.O=O,2048,morgan
DB00360,CC(C(C1CNC2=C(N1)C(=O)NC(=N2)N)O)O,2048,morgan
DB01078,CC1C(C(CC(O1)OC2CCC3(C(C2)CCC4C3CC(C5(C4(CCC5C6=CC(=O)OC6)O)C)O)C)O)OC7CC(C(C(O7)C)OC8CC(C(C(O8)C)OC9C(C(C(C(O9)CO)O)O)O)O)O,2048,morgan
DB06810,CC1C(C(CC(O1)OC2CC(OC(C2O)C)OC3=CC4=CC5=C(C(=O)C(C(C5)C(C(=O)C(C(C)O)O)OC)OC6CC(C(C(O6)C)O)OC7CC(C(C(O7)C)O)OC8CC(C(C(O8)C)O)(C)O)C(=C4C(=C3C)O)O)O)O,2048,morgan
DB00512,CC1C(C(CC(O1)OC2C(C(C(OC2OC3=C4C=C5C=C3OC6=C(C=C(C=C6)C(C(C(=O)NC(C(=O)NC5C(=O)NC7C8=CC(=C(C=C8)O)C9=C(C=C(C=C9O)O)C(NC(=O)C(C(C1=CC(=C(O4)C=C1)Cl)O)NC7=O)C(=O)O)CC(=O)N)NC(=O)C(CC(C)C)NC)O)Cl)CO)O)O)(C)N)O,2048,morgan
DB01353,CCCCC1(C(=O)NC(=O)NC1=O)CC,2048,morgan
DB01004,C1=NC2=C(N1COC(CO)CO)N=C(NC2=O)N,2048,morgan
DB00912,CCOC1=C(C=CC(=C1)CC(=O)NC(CC(C)C)C2=CC=CC=C2N3CCCCC3)C(=O)O,2048,morgan
DB00529,C(=O)(O)P(=O)(O)O,2048,morgan
DB08828,CS(=O)(=O)C1=CC(=C(C=C1)C(=O)NC2=CC(=C(C=C2)Cl)C3=CC=CC=N3)Cl,2048,morgan
DB00945,CC(=O)OC1=CC=CC=C1C(=O)O,2048,morgan
DB00878,C1=CC(=CC=C1NC(=NC(=NCCCCCCN=C(N)N=C(N)NC2=CC=C(C=C2)Cl)N)N)Cl,2048,morgan
DB01135,C[N+]1(CCC2=CC(=C(C(=C2C1CC3=CC(=C(C(=C3)OC)OC)OC)OC)OC)OC)CCCOC(=O)CCC(=O)OCCC[N+]4(CCC5=CC(=C(C(=C5C4CC6=CC(=C(C(=C6)OC)OC)OC)OC)OC)OC)C,2048,morgan
DB01075,CN(C)CCOC(C1=CC=CC=C1)C2=CC=CC=C2,2048,morgan
DB00284,CC1C(C(C(C(O1)OC2C(OC(C(C2O)O)OC(C(CO)O)C(C(C=O)O)O)CO)O)O)NC3C=C(C(C(C3O)O)O)CO,2048,morgan
DB00721,CCN(CC)CCOC(=O)C1=CC=C(C=C1)N,2048,morgan
DB01057,CCOP(=O)(OCC)SCC[N+](C)(C)C,2048,morgan
DB01076,CC(C)C1=C(C(=C(N1CCC(CC(CC(=O)O)O)O)C2=CC=C(C=C2)F)C3=CC=CC=C3)C(=O)NC4=CC=CC=C4,2048,morgan
DB00233,C1=CC(=C(C=C1N)O)C(=O)O,2048,morgan
DB00390,CC1C(C(CC(O1)OC2C(OC(CC2O)OC3C(OC(CC3O)OC4CCC5(C(C4)CCC6C5CC(C7(C6(CCC7C8=CC(=O)OC8)O)C)O)C)C)C)O)O,2048,morgan
DB00786,CC(C)CC(C(C(=O)NO)O)C(=O)NC(C(=O)NC)C(C)(C)C,2048,morgan
DB01036,CC1=CC(=C(C=C1)O)C(CCN(C(C)C)C(C)C)C2=CC=CC=C2,2048,morgan
DB01511,C1C(=O)NC2=C(C=C(C=C2)Cl)C(=N1)C3=CC=CC=C3Cl,2048,morgan
DB00468,COC1=CC2=C(C=CN=C2C=C1)C(C3CC4CCN3CC4C=C)O,2048,morgan
DB09020,CC(=O)OC1=CC=C(C=C1)C(C2=CC=C(C=C2)OC(=O)C)C3=CC=CC=N3,2048,morgan
DB00860,CC12CC(C3C(C1CCC2(C(=O)CO)O)CCC4=CC(=O)C=CC34C)O,2048,morgan
DB00897,CC1=NN=C2N1C3=C(C=C(C=C3)Cl)C(=NC2)C4=CC=CC=C4Cl,2048,morgan
DB00566,C(C(C(=O)O)S)(C(=O)O)S,2048,morgan
DB00989,CCN(C)C(=O)OC1=CC=CC(=C1)C(C)N(C)C,2048,morgan
DB00655,CC12CCC3C(C1CCC2=O)CCC4=C3C=CC(=C4)O,2048,morgan
DB00172,C1CC(NC1)C(=O)O,2048,morgan
DB00249,C1C(C(OC1N2C=C(C(=O)NC2=O)I)CO)O,2048,morgan
DB08947,CC(C(=O)NC1=C(C(=C(C(=C1I)C(=O)NC(CO)CO)I)C(=O)NC(CO)CO)I)O,2048,morgan
DB08819,CC(C)OC(=O)CCCC=CCC1C(CC(C1C=CC(COC2=CC=CC=C2)(F)F)O)O,2048,morgan
DB00847,C(CS)N,2048,morgan
DB08868,CCCCCCCCC1=CC=C(C=C1)CCC(CO)(CO)N,2048,morgan
DB08896,CNC(=O)C1=NC=CC(=C1)OC2=CC(=C(C=C2)NC(=O)NC3=CC(=C(C=C3)Cl)C(F)(F)F)F,2048,morgan
DB05246,CC1(CC(=O)N(C1=O)C)C2=CC=CC=C2,2048,morgan
DB00800,C1CNCC(C2=CC(=C(C(=C21)Cl)O)O)C3=CC=C(C=C3)O,2048,morgan
DB00187,CC(C)NCC(COC1=CC=C(C=C1)CCC(=O)OC)O,2048,morgan
DB00366,CC(C1=CC=CC=C1)(C2=CC=CC=N2)OCCN(C)C,2048,morgan
DB00442,C=C1C(CC(C1CO)O)N2C=NC3=C2N=C(NC3=O)N,2048,morgan
DB00839,CC1=CC=C(C=C1)S(=O)(=O)NC(=O)NN2CCCCCC2,2048,morgan
DB08864,CC1=CC(=CC(=C1NC2=NC(=NC=C2)NC3=CC=C(C=C3)C#N)C)C=CC#N,2048,morgan
DB01210,CC(C)(C)NCC(COC1=CC=CC2=C1CCCC2=O)O,2048,morgan
DB06148,CN1CCN2C(C1)C3=CC=CC=C3CC4=CC=CC=C42,2048,morgan
DB06335,C1C2CC2N(C1C#N)C(=O)C(C34CC5CC(C3)CC(C5)(C4)O)N,2048,morgan
DB01051,CC1=C(C=CC2=C1OC(=O)C(=C2O)NC(=O)C3=CC(=C(C=C3)O)CC=C(C)C)OC4C(C(C(C(O4)(C)C)OC)OC(=O)N)O,2048,morgan
DB01589,C1C(=S)N(C2=C(C=C(C=C2)Cl)C(=N1)C3=CC=CC=C3F)CC(F)(F)F,2048,morgan
DB04920,CCCC(=O)OCOC(=O)C1=C(NC(=C(C1C2=C(C(=CC=C2)Cl)Cl)C(=O)OC)C)C,2048,morgan
DB00186,C1=CC=C(C(=C1)C2=NC(C(=O)NC3=C2C=C(C=C3)Cl)O)Cl,2048,morgan
DB00379,CC1=C(C(=CC=C1)C)OCC(C)N,2048,morgan
DB01179,COC1=CC(=CC(=C1OC)OC)C2C3C(COC3=O)C(C4=CC5=C(C=C24)OCO5)O,2048,morgan
DB00260,C1C(C(=O)NO1)N,2048,morgan
DB00328,CC1=C(C2=C(N1C(=O)C3=CC=C(C=C3)Cl)C=CC(=C2)OC)CC(=O)O,2048,morgan
DB00380,CC(CN1CC(=O)NC(=O)C1)N2CC(=O)NC(=O)C2,2048,morgan
DB00431,C1(C(C(C(C(C1Cl)Cl)Cl)Cl)Cl)Cl,2048,morgan
DB01050,CC(C)CC1=CC=C(C=C1)C(C)C(=O)O,2048,morgan
DB01026,CC(=O)N1CCN(CC1)C2=CC=C(C=C2)OCC3COC(O3)(CN4C=CN=C4)C5=C(C=C(C=C5)Cl)Cl,2048,morgan
DB09006,CCC(C)(C(=O)O)OC1=CC=C(C=C1)C2(CCCCC2)C3=CC=C(C=C3)OC(C)(CC)C(=O)O,2048,morgan
DB06706,CC(CCC=C(C)C)NC,2048,morgan
DB01107,CCC1(C(=O)C(CNC1=O)C)CC,2048,morgan
DB00863,CNC(=C[N+](=O)[O-])NCCSCC1=CC=C(O1)CN(C)C,2048,morgan
DB01656,C1CC1COC2=C(C=CC(=C2)C(=O)NC3=C(C=NC=C3Cl)Cl)OC(F)F,2048,morgan
DB00283,CC(C1=CC=CC=C1)(C2=CC=C(C=C2)Cl)OCCC3CCCN3C,2048,morgan
DB00307,CC1=CC2=C(C=C1C(=C)C3=CC=C(C=C3)C(=O)O)C(CCC2(C)C)(C)C,2048,morgan
DB00904,CC1=NC=CN1CC2CCC3=C(C2=O)C4=CC=CC=C4N3C,2048,morgan
DB01088,CC#CCC(C)C(C=CC1C(CC2C1CC(=CCCCC(=O)O)C2)O)O,2048,morgan
DB00475,CN=C1CN(C(=C2C=C(C=CC2=N1)Cl)C3=CC=CC=C3)O,2048,morgan
DB00241,CC(C)CC1(C(=O)NC(=O)NC1=O)CC=C,2048,morgan
DB01393,CC(C)(C(=O)O)OC1=CC=C(C=C1)CCNC(=O)C2=CC=C(C=C2)Cl,2048,morgan
DB01056,CC1=C(C(=CC=C1)C)NC(=O)C(C)N,2048,morgan
DB01624,C1CN(CCN1CCC=C2C3=CC=CC=C3SC4=C2C=C(C=C4)Cl)CCO,2048,morgan
DB00363,CN1CCN(CC1)C2=NC3=C(C=CC(=C3)Cl)NC4=CC=CC=C42,2048,morgan
DB00567,CC1=C(N2C(C(C2=O)NC(=O)C(C3=CC=CC=C3)N)SC1)C(=O)O,2048,morgan
DB01028,COC(C(Cl)Cl)(F)F,2048,morgan
DB01083,CCCCCCCCCCCC(CC1C(C(=O)O1)CCCCCC)OC(=O)C(CC(C)C)NC=O,2048,morgan
DB00133,C(C(C(=O)O)N)O,2048,morgan
DB00568,C1CN(CCN1CC=CC2=CC=CC=C2)C(C3=CC=CC=C3)C4=CC=CC=C4,2048,morgan
DB00132,CCC=CCC=CCC=CCCCCCCCC(=O)O,2048,morgan
DB01100,C1CN(CCC1N2C3=CC=CC=C3NC2=O)CCCC(C4=CC=C(C=C4)F)C5=CC=C(C=C5)F,2048,morgan
DB01047,CC(=O)OCC(=O)C12C(CC3C1(CC(C4(C3CC(C5=CC(=O)C=CC54C)F)F)O)C)OC(O2)(C)C,2048,morgan
DB00125,C(CC(C(=O)O)N)CN=C(N)N,2048,morgan
DB00537,C1CC1N2C=C(C(=O)C3=CC(=C(C=C32)N4CCNCC4)F)C(=O)O,2048,morgan
DB06255,C1CCCC(CC1)NC(P(=O)(O)O)P(=O)(O)O,2048,morgan
DB00713,CC1=C(C(=NO1)C2=CC=CC=C2)C(=O)NC3C4N(C3=O)C(C(S4)(C)C)C(=O)O,2048,morgan
DB00762,CCC1=C2CN3C(=CC4=C(C3=O)COC(=O)C4(CC)O)C2=NC5=C1C=C(C=C5)OC(=O)N6CCC(CC6)N7CCCCC7,2048,morgan
DB00694,CC1C(C(CC(O1)OC2CC(CC3=C2C(=C4C(=C3O)C(=O)C5=C(C4=O)C(=CC=C5)OC)O)(C(=O)C)O)N)O,2048,morgan
DB00641,CCC(C)(C)C(=O)OC1CC(C=C2C1C(C(C=C2)C)CCC3CC(CC(=O)O3)O)C,2048,morgan
DB00963,C1=CC(=C(C(=C1)C(=O)C2=CC=C(C=C2)Br)N)CC(=O)O,2048,morgan
DB01296,C(C1C(C(C(C(O1)O)N)O)O)O,2048,morgan
DB00870,CC(C1=CC=C(C=C1)C(=O)C2=CC=CS2)C(=O)O,2048,morgan
DB00266,C1=CC=C2C(=C1)C(=C(C(=O)O2)CC3=C(C4=CC=CC=C4OC3=O)O)O,2048,morgan
DB00413,CCCNC1CCC2=C(C1)SC(=N2)N,2048,morgan
DB00658,C=CCN.C1C(O1)CCl,2048,morgan
DB00456,CC(=O)OCC1=C(N2C(C(C2=O)NC(=O)CC3=CC=CS3)SC1)C(=O)O,2048,morgan
DB08890,CC1C(=O)NC2CSSCC3C(=O)NC(C(=O)NC(C(=O)NC(CSSCC(NC(=O)CNC(=O)C(NC2=O)C(C)O)C(=O)NC(CC4=CC=C(C=C4)O)C(=O)O)C(=O)NC(CSSCC(C(=O)N3)N)C(=O)NC(C(=O)N5CCCC5C(=O)N1)CC(=O)N)CC6=CC=C(C=C6)O)CCC(=O)O,2048,morgan
DB06696,C1CC(C(OC1CN)OC2C(CC(C(C2O)OC3C(C(C(C(O3)CO)O)N)O)NC(=O)C(CCN)O)N)N,2048,morgan
DB00665,CC1(C(=O)N(C(=O)N1)C2=CC(=C(C=C2)[N+](=O)[O-])C(F)(F)F)C,2048,morgan
DB00585,CNC(=C[N+](=O)[O-])NCCSCC1=CSC(=N1)CN(C)C,2048,morgan
DB00796,CCOC1=NC2=CC=CC(=C2N1CC3=CC=C(C=C3)C4=CC=CC=C4C5=NNN=N5)C(=O)OC(C)OC(=O)OC6CCCCC6,2048,morgan
DB01096,CC(C)NCC1CCC2=CC(=C(C=C2N1)[N+](=O)[O-])CO,2048,morgan
DB00035,C1CC(N(C1)C(=O)C2CSSCCC(=O)NC(C(=O)NC(C(=O)NC(C(=O)NC(C(=O)N2)CC(=O)N)CCC(=O)N)CC3=CC=CC=C3)CC4=CC=C(C=C4)O)C(=O)NC(CCCN=C(N)N)C(=O)NCC(=O)N,2048,morgan
DB09014,CCCCSC1=CC=C(C=C1)C(C2=CC=CC=C2)SCCN(C)C,2048,morgan
DB00404,CC1=NN=C2N1C3=C(C=C(C=C3)Cl)C(=NC2)C4=CC=CC=C4,2048,morgan
DB01604,CC1(C(N2C(S1)C(C2=O)NC(=O)C(C3=CC=CC=C3)N)C(=O)OCOC(=O)C(C)(C)C)C,2048,morgan
DB00486,CCCCCCC(C)(C)C1=CC(=C2C3CC(=O)CCC3C(OC2=C1)(C)C)O,2048,morgan
DB06701,COC(=O)C(C1CCCCN1)C2=CC=CC=C2,2048,morgan
DB01364,CC(C(C1=CC=CC=C1)O)NC,2048,morgan
DB00548,C(CCCC(=O)O)CCCC(=O)O,2048,morgan
DB09028,C1C2CNCC1C3=CC=CC(=O)N3C2,2048,morgan
DB01053,CC1(C(N2C(S1)C(C2=O)NC(=O)CC3=CC=CC=C3)C(=O)O)C,2048,morgan
DB01273,C1C2CNCC1C3=CC4=NC=CN=C4C=C23,2048,morgan
DB00923,C1C(=C(N2C(S1)C(C2=O)NC(=O)CC3=CC=CC=C3CN)C(=O)O)CSC4=NN=NN4CC(=O)O,2048,morgan
DB01183,C=CCN1CCC23C4C(=O)CCC2(C1CC5=C3C(=C(C=C5)O)O4)O,2048,morgan
DB00820,CN1CC(=O)N2C(C1=O)CC3=C(C2C4=CC5=C(C=C4)OCO5)NC6=CC=CC=C36,2048,morgan
DB00628,C1=CC=C(C=C1)C2=NC(C(=O)NC3=C2C=C(C=C3)Cl)C(=O)O,2048,morgan
DB00535,C=CC1=C(N2C(C(C2=O)NC(=O)C(=NO)C3=CSC(=N3)N)SC1)C(=O)O,2048,morgan
DB00222,CCC1=C(CN(C1=O)C(=O)NCCC2=CC=C(C=C2)S(=O)(=O)NC(=O)NC3CCC(CC3)C)C,2048,morgan
DB00933,CN1CCCCC1CCN2C3=CC=CC=C3SC4=C2C=C(C=C4)S(=O)C,2048,morgan
DB00280,CC(C)N(CCC(C1=CC=CC=C1)(C2=CC=CC=N2)C(=O)N)C(C)C,2048,morgan
DB01252,C1CCC2CN(CC2C1)C(=O)CC(CC3=CC=CC=C3)C(=O)O,2048,morgan
DB00835,CN(C)CCC(C1=CC=C(C=C1)Br)C2=CC=CC=N2,2048,morgan
DB00746,CC(=O)N(CCCCCNC(=O)CCC(=O)N(CCCCCNC(=O)CCC(=O)N(CCCCCN)O)O)O,2048,morgan
DB00170,CC1=CC(=O)C2=CC=CC=C2C1=O,2048,morgan
DB06151,CC(=O)NC(CS)C(=O)O,2048,morgan
DB00484,C1CN=C(N1)NC2=C(C3=NC=CN=C3C=C2)Br,2048,morgan
DB01298,CCN1C=CC(=NC1=O)NS(=O)(=O)C2=CC=C(C=C2)N,2048,morgan
DB01043,CC12CC3CC(C1)(CC(C3)(C2)N)C,2048,morgan
DB00274,CN1C(=NN=N1)SCC2=C(N3C(C(C3=O)(NC(=O)CSCC#N)OC)SC2)C(=O)O,2048,morgan
DB01267,CC1=C(C(=O)N2CCCC(C2=N1)O)CCN3CCC(CC3)C4=NOC5=C4C=CC(=C5)F,2048,morgan
DB01159,C(C(F)(F)F)(Cl)Br,2048,morgan
DB00953,CN(C)CCC1=CNC2=C1C=C(C=C2)CN3C=NC=N3,2048,morgan
DB00595,CC1(C2C(C3C(C(=O)C(=C(C3(C(=O)C2=C(C4=C1C=CC=C4O)O)O)O)C(=O)N)N(C)C)O)O,2048,morgan
DB00212,CC(C)(C)S(=O)(=O)CC(CC1=CC=CC=C1)C(=O)NC(CC2=CN=CN2)C(=O)NC(CC3CCCCC3)C(C(C4CC4)O)O,2048,morgan
DB00832,CN1C(=O)CC(C1=O)C2=CC=CC=C2,2048,morgan
DB01089,COC1C(CC2CN3CCC4=C(C3CC2C1C(=O)OC)NC5=CC=CC=C45)OC(=O)C6=CC(=C(C(=C6)OC)OC)OC,2048,morgan
DB06804,CCCCCCCCCC1=CC=C(C=C1)OCCOCCOCCOCCOCCOCCOCCOCCOCCO,2048,morgan
DB09015,CC12CCC(=O)C=C1C=CC3C2CCC4(C3CCC4(CCC(=O)O)O)C,2048,morgan
DB00174,C(C(C(=O)O)N)C(=O)N,2048,morgan
DB01112,CON=C(C1=CC=CO1)C(=O)NC2C3N(C2=O)C(=C(CS3)COC(=O)N)C(=O)O,2048,morgan
DB01174,CCC1(C(=O)NC(=O)NC1=O)C2=CC=CC=C2,2048,morgan
DB00302,C1CC(CCC1CN)C(=O)O,2048,morgan
DB02959,C1=CC2=C(C=C1O)C(=CN2)CC(C(=O)O)N,2048,morgan
DB00459,CC1=CC(=C(C(=C1C=CC(=CC=CC(=CC(=O)O)C)C)C)C)OC,2048,morgan
DB01380,CC(=O)OCC(=O)C1(CCC2C1(CC(=O)C3C2CCC4=CC(=O)CCC34C)C)O,2048,morgan
DB01408,CC(C)(C)NCC(C1=CC(=CC(=C1)OC(=O)N(C)C)OC(=O)N(C)C)O,2048,morgan
DB00777,CCC(=O)C1=CC2=C(C=C1)SC3=CC=CC=C3N2CC(C)N(C)C,2048,morgan
DB00712,CC(C1=CC(=C(C=C1)C2=CC=CC=C2)F)C(=O)O,2048,morgan
DB01093,CS(=O)C,2048,morgan
DB01185,CC12CCC(=O)C=C1CCC3C2(C(CC4(C3CCC4(C)O)C)O)F,2048,morgan
DB00485,CC1=C(C(=NO1)C2=C(C=CC=C2Cl)Cl)C(=O)NC3C4N(C3=O)C(C(S4)(C)C)C(=O)O,2048,morgan
DB01147,CC1=C(C(=NO1)C2=CC=CC=C2Cl)C(=O)NC3C4N(C3=O)C(C(S4)(C)C)C(=O)O,2048,morgan
DB00281,CCN(CC)CC(=O)NC1=C(C=CC=C1C)C,2048,morgan
DB06274,CC1CN(CCC1(C)C2=CC(=CC=C2)O)CC(CC3=CC=CC=C3)C(=O)NCC(=O)O,2048,morgan
DB04786,CC1=C(C=C(C=C1)C(=O)NC2=C3C(=CC(=CC3=C(C=C2)S(=O)(=O)O)S(=O)(=O)O)S(=O)(=O)O)NC(=O)C4=CC(=CC=C4)NC(=O)NC5=CC=CC(=C5)C(=O)NC6=C(C=CC(=C6)C(=O)NC7=C8C(=CC(=CC8=C(C=C7)S(=O)(=O)O)S(=O)(=O)O)S(=O)(=O)O)C,2048,morgan
DB01295,CC1=CC(=CC=C1)OCC(CNCCC2=CC(=C(C=C2)OC)OC)O,2048,morgan
DB00754,CCN1C(=O)C(NC1=O)C2=CC=CC=C2,2048,morgan
DB00788,CC(C1=CC2=C(C=C1)C=C(C=C2)OC)C(=O)O,2048,morgan
DB00244,C1=CC(=C(C=C1N)C(=O)O)O,2048,morgan
DB00970,CC1C(C(=O)NC(C(=O)N2CCCC2C(=O)N(CC(=O)N(C(C(=O)O1)C(C)C)C)C)C(C)C)NC(=O)C3=C4C(=C(C=C3)C)OC5=C(C(=O)C(=C(C5=N4)C(=O)NC6C(OC(=O)C(N(C(=O)CN(C(=O)C7CCCN7C(=O)C(NC6=O)C(C)C)C)C)C(C)C)C)N)C,2048,morgan
DB01242,CN(C)CCCN1C2=CC=CC=C2CCC3=C1C=C(C=C3)Cl,2048,morgan
DB00943,C1CC(OC1CO)N2C=CC(=NC2=O)N,2048,morgan
DB01351,CCC1(C(=O)NC(=O)NC1=O)CCC(C)C,2048,morgan
DB00394,CCC(=O)OCC(=O)C1(C(CC2C1(CC(C3(C2CCC4=CC(=O)C=CC43C)Cl)O)C)C)OC(=O)CC,2048,morgan
DB00503,CC(C)C1=NC(=CS1)CN(C)C(=O)NC(C(C)C)C(=O)NC(CC2=CC=CC=C2)CC(C(CC3=CC=CC=C3)NC(=O)OCC4=CN=CS4)O,2048,morgan
DB01086,CCOC(=O)C1=CC=C(C=C1)N,2048,morgan
DB00705,CC(C)NC1=C(N=CC=C1)N2CCN(CC2)C(=O)C3=CC4=C(N3)C=CC(=C4)NS(=O)(=O)C,2048,morgan
DB01091,CC(C)(C)C1=CC=C(C=C1)CN(C)CC2=CC=CC3=CC=CC=C32,2048,morgan
DB00944,CN(CCCCCCCCCCN(C)C(=O)OC1=CC=CC(=C1)[N+](C)(C)C)C(=O)OC2=CC=CC(=C2)[N+](C)(C)C,2048,morgan
DB00775,CCCCS(=O)(=O)NC(CC1=CC=C(C=C1)OCCCCC2CCNCC2)C(=O)O,2048,morgan
DB08905,CC12CCC(=O)C(=C1CCC3C2CCC4(C3CCC4=O)C)O,2048,morgan
DB00182,CC(CC1=CC=CC=C1)N,2048,morgan
DB06228,C1COCC(=O)N1C2=CC=C(C=C2)N3CC(OC3=O)CNC(=O)C4=CC=C(S4)Cl,2048,morgan
DB00166,C1CSSC1CCCCC(=O)O,2048,morgan
DB00418,CCCC(C)C1(C(=O)NC(=O)NC1=O)CC=C,2048,morgan
DB01194,CCNC1CN(S(=O)(=O)C2=C1C=C(S2)S(=O)(=O)N)CCCOC,2048,morgan
DB08889,CC(C)CC(C(=O)C1(CO1)C)NC(=O)C(CC2=CC=CC=C2)NC(=O)C(CC(C)C)NC(=O)C(CCC3=CC=CC=C3)NC(=O)CN4CCOCC4,2048,morgan
DB00888,CN(CCCl)CCCl,2048,morgan
DB00868,CCCCNC1=CC=C(C=C1)C(=O)OCCOCCOCCOCCOCCOCCOCCOCCOCCOC,2048,morgan
DB00140,CC1=CC2=C(C=C1C)N(C3=NC(=O)NC(=O)C3=N2)CC(C(C(CO)O)O)O,2048,morgan
DB00356,C1=CC2=C(C=C1Cl)NC(=O)O2,2048,morgan
DB00294,CCC12CC(=C)C3C(C1CCC2(C#C)O)CCC4=CC(=O)CCC34,2048,morgan
DB00267,CN1C(=NN=N1)SCC2=C(N3C(C(C3=O)NC(=O)C(=NOC)C4=CSC(=N4)N)SC2)C(=O)O,2048,morgan
DB08984,C1=CC=C(C(=C1)C(=O)OCCOCCO)NC2=CC=CC(=C2)C(F)(F)F,2048,morgan
DB01226,C[N+]1(CCC2=CC(=C(C=C2C1CC3=CC(=C(C(=C3)OC)OC)OC)OC)OC)CCCOC(=O)CCC=CCCC(=O)OCCC[N+]4(CCC5=CC(=C(C=C5C4CC6=CC(=C(C(=C6)OC)OC)OC)OC)OC)C,2048,morgan
DB06781,CCCC(=O)OC1(CCC2C1(CC(C3(C2CC(C4=CC(=O)C=CC43C)F)F)O)C)C(=O)COC(=O)C,2048,morgan
DB08811,CCC1C(=NN=C(C2=CC(=C(C=C12)OC)OC)C3=CC(=C(C=C3)OC)OC)C,2048,morgan
DB00818,CC(C)C1=C(C(=CC=C1)C(C)C)O,2048,morgan
DB00869,CCNC1CC(S(=O)(=O)C2=C1C=C(S2)S(=O)(=O)N)C,2048,morgan
DB06751,CCOC1=C(C=C(C=C1)C=C2C3=CC(=C(C=C3CCN2)OCC)OCC)OCC,2048,morgan
DB00341,C1CN(CCN1CCOCC(=O)O)C(C2=CC=CC=C2)C3=CC=C(C=C3)Cl,2048,morgan
DB00664,COC1=NC=CN=C1NS(=O)(=O)C2=CC=C(C=C2)N,2048,morgan
DB00332,CC(C)[N+]1(C2CCC1CC(C2)OC(=O)C(CO)C3=CC=CC=C3)C,2048,morgan
DB00327,CN1CCC23C4C1CC5=C2C(=C(C=C5)O)OC3C(=O)CC4,2048,morgan
DB00695,C1=COC(=C1)CNC2=CC(=C(C=C2C(=O)O)S(=O)(=O)N)Cl,2048,morgan
DB01559,CCC1=CC2=C(S1)N(C(=O)CN=C2C3=CC=CC=C3Cl)C,2048,morgan
DB00476,CNCCC(C1=CC=CS1)OC2=CC=CC3=CC=CC=C32,2048,morgan
DB01102,C1=CC(=CC=C1CCCCNCC(C2=CC(=C(C=C2)O)O)O)O,2048,morgan
DB00121,C1C2C(C(S1)CCCCC(=O)O)NC(=O)N2,2048,morgan
DB00780,C1=CC=C(C=C1)CCNN,2048,morgan
DB00194,C1=NC(=C2C(=N1)N(C=N2)C3C(C(C(O3)CO)O)O)N,2048,morgan
DB08874,CCC1C=C(C(CC=CC=C(C(=O)OC(CC=C(C=C(C1OC2C(C(C(C(O2)(C)C)OC(=O)C(C)C)O)O)C)C)C(C)O)COC3C(C(C(C(O3)C)OC(=O)C4=C(C(=C(C(=C4O)Cl)O)Cl)CC)O)OC)O)C,2048,morgan
DB00872,CC1=NC2=C(N1)CCN(C3=CC=CC=C32)C(=O)C4=CC=C(C=C4)NC(=O)C5=CC=CC=C5C6=CC=CC=C6,2048,morgan
DB04842,C1CN(CCC12C(=O)NCN2C3=CC=CC=C3)CCCC(C4=CC=C(C=C4)F)C5=CC=C(C=C5)F,2048,morgan
DB00508,CN(C)CCCN1C2=CC=CC=C2SC3=C1C=C(C=C3)C(F)(F)F,2048,morgan
DB00579,C1CN2C(=N1)C3=CC=CC=C3C2(C4=CC=C(C=C4)Cl)O,2048,morgan
DB00844,C1CC(C1)CN2CCC34C5C(CCC3(C2CC6=C4C(=C(C=C6)O)O5)O)O,2048,morgan
DB00570,CCC1(CC2CC(C3=C(CCN(C2)C1)C4=CC=CC=C4N3)(C5=C(C=C6C(=C5)C78CCN9C7C(C=CC9)(C(C(C8N6C)(C(=O)OC)O)OC(=O)C)CC)OC)C(=O)OC)O,2048,morgan
DB01151,CNCCCN1C2=CC=CC=C2CCC3=CC=CC=C31,2048,morgan
DB00558,CC(=O)NC1C(C=C(OC1C(C(CO)O)O)C(=O)O)N=C(N)N,2048,morgan
DB00539,CN(C)CCOC1=CC=C(C=C1)C(=C(CCCl)C2=CC=CC=C2)C3=CC=CC=C3,2048,morgan
DB06697,CC1CCC2C(C(OC3C24C1CCC(O3)(OO4)C)OC)C,2048,morgan
DB00894,CC12CCC3C(C1CCC(=O)O2)CCC4=CC(=O)C=CC34C,2048,morgan
DB00318,CN1CCC23C4C1CC5=C2C(=C(C=C5)OC)OC3C(C=C4)O,2048,morgan
DB00201,CN1C=NC2=C1C(=O)N(C(=O)N2C)C,2048,morgan
DB00954,CCC1C(C2C(C(C(CC(C(C(C(C(C(=O)O1)C)OC3CC(C(C(O3)C)O)(C)OC)C)OC4C(C(CC(O4)C)N(C)C)O)(C)O)C)NC(O2)COCCOC)C)(C)O,2048,morgan
DB00630,C(CC(O)(P(=O)(O)O)P(=O)(O)O)CN,2048,morgan
DB01346,CCC1(C(=O)NC(=O)NC1=O)C2=CC=CC=C2.COC1=CC2=C(C=CN=C2C=C1)C(C3CC4CCN3CC4C=C)O,2048,morgan
DB06663,C1C(CN2C1C(=O)NC(C(=O)NC(C(=O)NC(C(=O)NC(C(=O)NC(C2=O)CC3=CC=CC=C3)CC4=CC=C(C=C4)OCC5=CC=CC=C5)CCCCN)CC6=CNC7=CC=CC=C76)C8=CC=CC=C8)OC(=O)NCCN,2048,morgan
DB01329,CCN1CCN(C(=O)C1=O)C(=O)NC(C2=CC=C(C=C2)O)C(=O)NC3C4N(C3=O)C(=C(CS4)CSC5=NN=NN5C)C(=O)O,2048,morgan
DB06725,CN1C(=C(C2=C(S1(=O)=O)C=C(S2)Cl)O)C(=O)NC3=CC=CC=N3,2048,morgan
DB00426,CC(=O)OCC(CCN1C=NC2=CN=C(N=C21)N)COC(=O)C,2048,morgan
DB00592,C1CNCCN1,2048,morgan
DB00136,CC(CCCC(C)(C)O)C1CCC2C1(CCCC2=CC=C3CC(CC(C3=C)O)O)C,2048,morgan
DB01367,C#CCNC1CCC2=CC=CC=C12,2048,morgan
DB00126,C(C(C1C(=C(C(=O)O1)O)O)O)O,2048,morgan
DB01577,CC(CC1=CC=CC=C1)NC,2048,morgan
DB05266,CC(C)C1=NN2C=CC=CC2=C1C(=O)C(C)C,2048,morgan
DB00489,CC(C)NCC(C1=CC=C(C=C1)NS(=O)(=O)C)O,2048,morgan
DB09008,C1C(=C(N2C(S1)C(C2=O)NC(=O)CC3=CC=CS3)C(=O)[O-])C[N+]4=CC=CC=C4,2048,morgan
DB00495,CC1=CN(C(=O)NC1=O)C2CC(C(O2)CO)N=[N+]=[N-],2048,morgan
DB00722,C1CC(N(C1)C(=O)C(CCCCN)NC(CCC2=CC=CC=C2)C(=O)O)C(=O)O,2048,morgan
DB00460,CC1=C(C2=CC3=NC(=CC4=C(C(=C(N4)C=C5C6(C(C(=CC=C6C(=N5)C=C1N2)C(=O)OC)C(=O)OC)C)C)CCC(=O)OC)C(=C3C)CCC(=O)O)C=C,2048,morgan
DB00312,CCCC(C)C1(C(=O)NC(=O)NC1=O)CC,2048,morgan
DB00745,C1=CC=C(C=C1)C(C2=CC=CC=C2)S(=O)CC(=O)N,2048,morgan
DB06287,CC1CCC2CC(C(=CC=CC=CC(CC(C(=O)C(C(C(=CC(C(=O)CC(OC(=O)C3CCCCN3C(=O)C(=O)C1(O2)O)C(C)CC4CCC(C(C4)OC)OC(=O)C(C)(CO)CO)C)C)O)OC)C)C)C)OC,2048,morgan
DB00842,C1=CC=C(C=C1)C2=NC(C(=O)NC3=C2C=C(C=C3)Cl)O,2048,morgan
DB01039,CC(C)OC(=O)C(C)(C)OC1=CC=C(C=C1)C(=O)C2=CC=C(C=C2)Cl,2048,morgan
DB01009,CC(C1=CC(=CC=C1)C(=O)C2=CC=CC=C2)C(=O)O,2048,morgan
DB00474,CCC#CC(C)C1(C(=O)NC(=O)N(C1=O)C)CC=C,2048,morgan
DB00816,CC(C)NCC(C1=CC(=CC(=C1)O)O)O,2048,morgan
DB06616,CN1CCN(CC1)CCCOC2=C(C=C3C(=C2)N=CC(=C3NC4=CC(=C(C=C4Cl)Cl)OC)C#N)OC,2048,morgan
DB00594,C1(=C(N=C(C(=N1)Cl)N)N)C(=O)N=C(N)N,2048,morgan
DB01176,CN1CCN(CC1)C(C2=CC=CC=C2)C3=CC=CC=C3,2048,morgan
DB00336,C1=C(OC(=C1)[N+](=O)[O-])C=NNC(=O)N,2048,morgan
DB00671,C=CC1=C(N2C(C(C2=O)NC(=O)C(=NOCC(=O)O)C3=CSC(=N3)N)SC1)C(=O)O,2048,morgan
DB00173,C1=NC2=NC=NC(=C2N1)N,2048,morgan
DB04572,C1CN1P(=S)(N2CC2)N3CC3,2048,morgan
DB00395,CCCC(C)(COC(=O)N)COC(=O)NC(C)C,2048,morgan
DB06795,C1=CC(=CC=C1CN)S(=O)(=O)N,2048,morgan
DB00481,C1CCN(CC1)CCOC2=CC=C(C=C2)C(=O)C3=C(SC4=C3C=CC(=C4)O)C5=CC=C(C=C5)O,2048,morgan
DB00560,CC(C)(C)NCC(=O)NC1=CC(=C2CC3CC4C(C(=O)C(=C(C4(C(=O)C3=C(C2=C1O)O)O)O)C(=O)N)N(C)C)N(C)C,2048,morgan
DB01255,CC(CC1=CC=CC=C1)NC(=O)C(CCCCN)N,2048,morgan
DB00435,[N]=O,2048,morgan
DB00469,CN1C(=C(C2=C(S1(=O)=O)C=CS2)O)C(=O)NC3=CC=CC=N3,2048,morgan
DB01626,CN(CC#C)CC1=CC=CC=C1,2048,morgan
DB01205,CCOC(=O)C1=C2CN(C(=O)C3=C(N2C=N1)C=CC(=C3)F)C,2048,morgan
DB01422,C1=CC2=C(C=CC(=C2N=C1)O)[N+](=O)[O-],2048,morgan
DB00449,CC(C)(C)C(=O)OC1=C(C=C(C=C1)C(CNC)O)OC(=O)C(C)(C)C,2048,morgan
DB00647,CCC(=O)OC(CC1=CC=CC=C1)(C2=CC=CC=C2)C(C)CN(C)C,2048,morgan
DB00452,C1C(C(C(C(C1N)OC2C(C(C(C(O2)CN)O)O)N)OC3C(C(C(O3)CO)OC4C(C(C(C(O4)CN)O)O)N)O)O)N,2048,morgan
DB01208,CC1CN(CC(N1)C)C2=C(C(=C3C(=C2F)N(C=C(C3=O)C(=O)O)C4CC4)N)F,2048,morgan
DB01098,CC(C)C1=NC(=NC(=C1C=CC(CC(CC(=O)O)O)O)C2=CC=C(C=C2)F)N(C)S(=O)(=O)C,2048,morgan
DB00590,COC1=C(C=C2C(=C1)C(=NC(=N2)N3CCN(CC3)C(=O)C4COC5=CC=CC=C5O4)N)OC,2048,morgan
DB00998,CNC1CCC2=C(C1)C3=C(N2)C=CC(=C3)C(=O)N,2048,morgan
DB00440,COC1=CC(=CC(=C1OC)OC)CC2=CN=C(N=C2N)N,2048,morgan
DB01065,CC(=O)NCCC1=CNC2=C1C=C(C=C2)OC,2048,morgan
DB08910,C1CC(=O)NC(=O)C1N2C(=O)C3=C(C2=O)C(=CC=C3)N,2048,morgan
DB00734,CC1=C(C(=O)N2CCCCC2=N1)CCN3CCC(CC3)C4=NOC5=C4C=CC(=C5)F,2048,morgan
DB00825,CC1CCC(C(C1)O)C(C)C,2048,morgan
DB00643,COC(=O)NC1=NC2=C(N1)C=C(C=C2)C(=O)C3=CC=CC=C3,2048,morgan
DB01325,CCC1NC2=CC(=C(C=C2C(=O)N1)S(=O)(=O)N)Cl,2048,morgan
DB00988,C1=CC(=C(C=C1CCN)O)O,2048,morgan
DB00925,CC(COC1=CC=CC=C1)N(CCCl)CC2=CC=CC=C2,2048,morgan
DB01025,CC(C)C1=CC2=C(C=C1)OC3=NC(=C(C=C3C2=O)C(=O)O)N,2048,morgan
DB00364,C(C1C(C(C(C(O1)OC2(C(C(C(O2)COS(=O)(=O)O[Al])OS(=O)(=O)O[Al])OS(=O)(=O)O[Al])COS(=O)(=O)O[Al])OS(=O)(=O)O[Al])OS(=O)(=O)O[Al])OS(=O)(=O)O[Al])OS(=O)(=O)O[Al].O.O.O.O.O.O.O.O.O.O.O.O.O.O.O.O.O.O.O.O.[Al],2048,morgan
DB00669,CNS(=O)(=O)CC1=CC2=C(C=C1)NC=C2CCN(C)C,2048,morgan
DB01407,CC(C)(C)NCC(C1=CC(=C(C(=C1)Cl)N)Cl)O,2048,morgan
DB06782,C(C(CS)S)O,2048,morgan
DB00189,CCC(C=CCl)(C#C)O,2048,morgan
DB01233,CCN(CC)CCNC(=O)C1=CC(=C(C=C1OC)N)Cl,2048,morgan
DB08604,C1=CC(=C(C=C1Cl)O)OC2=C(C=C(C=C2)Cl)Cl,2048,morgan
DB00731,CC(C)C1CCC(CC1)C(=O)NC(CC2=CC=CC=C2)C(=O)O,2048,morgan
DB01619,CN1CCC2=C(C1)C(C3=CC=CC=C23)C4=CC=CC=C4,2048,morgan
DB01414,CC(=O)OCC1=C(N2C(C(C2=O)NC(=O)CC#N)SC1)C(=O)O,2048,morgan
DB01394,CC(=O)NC1CCC2=CC(=C(C(=C2C3=CC=C(C(=O)C=C13)OC)OC)OC)OC,2048,morgan
DB00205,CCC1=C(C(=NC(=N1)N)N)C2=CC=C(C=C2)Cl,2048,morgan
DB00354,CC(C)(C)C1=CC=C(C=C1)CN2CCN(CC2)C(C3=CC=CC=C3)C4=CC=C(C=C4)Cl,2048,morgan
DB00779,CCN1C=C(C(=O)C2=C1N=C(C=C2)C)C(=O)O,2048,morgan
DB04841,C1CN(CCN1CC=CC2=CC=CC=C2)C(C3=CC=C(C=C3)F)C4=CC=C(C=C4)F,2048,morgan
DB01544,CN1C(=O)CN=C(C2=C1C=CC(=C2)[N+](=O)[O-])C3=CC=CC=C3F,2048,morgan
DB01409,C[N+]1(C2CC(CC1C3C2O3)OC(=O)C(C4=CC=CS4)(C5=CC=CS5)O)C,2048,morgan
DB05109,CC1=CC2=C(C3C4C5C6=C(C(=C7C(=C6C(N4C(C(C2)N3C)O)COC(=O)C8(CS5)C9=CC(=C(C=C9CCN8)O)OC)OCO7)C)OC(=O)C)C(=C1OC)O,2048,morgan
DB01197,CC(CS)C(=O)N1CCCC1C(=O)O,2048,morgan
DB00309,CCC1(CC2CC(C3=C(CCN(C2)C1)C4=CC=CC=C4N3)(C5=C(C=C6C(=C5)C78CCN9C7C(C=CC9)(C(C(C8N6C)(C(=O)N)O)O)CC)OC)C(=O)OC)O,2048,morgan
DB01119,CC1=NS(=O)(=O)C2=C(N1)C=CC(=C2)Cl,2048,morgan
DB01427,C1=CN=CC=C1C2=CNC(=O)C(=C2)N,2048,morgan
DB01430,C=CCNC1=NC(=NC(=N1)N2CCN(CC2)C(C3=CC=C(C=C3)F)C4=CC=C(C=C4)F)NCC=C,2048,morgan
DB00939,CC1=C(C(=C(C=C1)Cl)NC2=CC=CC=C2C(=O)O)Cl,2048,morgan
DB00724,CC(C)CN1C=NC2=C1C3=CC=CC=C3N=C2N,2048,morgan
DB00218,COC1=C2C(=CC(=C1N3CC4CCCNC4C3)F)C(=O)C(=CN2C5CC5)C(=O)O,2048,morgan
DB00995,CC[PH+](CC)CC.CC(=O)OCC1C(C(C(C(O1)[S-])OC(=O)C)OC(=O)C)OC(=O)C.[Au],2048,morgan
DB00806,CC(=O)CCCCN1C(=O)C2=C(N=CN2C)N(C1=O)C,2048,morgan
DB00091,CCC1C(=O)N(CC(=O)N(C(C(=O)NC(C(=O)N(C(C(=O)NC(C(=O)NC(C(=O)N(C(C(=O)N(C(C(=O)N(C(C(=O)N(C(C(=O)N1)C(C(C)CC=CC)O)C)C(C)C)C)CC(C)C)C)CC(C)C)C)C)C)CC(C)C)C)C(C)C)CC(C)C)C)C,2048,morgan
DB00905,CCNC(=O)CCCC=CCC1C(CC(C1C=CC(CCC2=CC=CC=C2)O)O)O,2048,morgan
DB00367,CCC12CCC3C(C1CCC2(C#C)O)CCC4=CC(=O)CCC34,2048,morgan
DB00514,CN1CCC23CCCCC2C1CC4=C3C=C(C=C4)OC,2048,morgan
DB01433,CCC(C(CC(C)N(C)C)(C1=CC=CC=C1)C2=CC=CC=C2)OC(=O)C,2048,morgan
DB00689,CC(=O)OCC1=C(N2C(C(C2=O)NC(=O)C(C3=CC=CC=C3)N)SC1)C(=O)O,2048,morgan
DB00518,CCCSC1=CC2=C(C=C1)N=C(N2)NC(=O)OC,2048,morgan
DB01347,CCC1=NC(=C(N1CC2=CC3=C(C=C2)OC(=C3Br)C4=CC=CC=C4NS(=O)(=O)C(F)(F)F)C(=O)N)C5CC5,2048,morgan
DB01094,COC1=C(C=C(C=C1)C2CC(=O)C3=C(C=C(C=C3O2)O)O)O,2048,morgan
DB00854,CN1CCC23CCCCC2C1CC4=C3C=C(C=C4)O,2048,morgan
DB00911,CCS(=O)(=O)CCN1C(=NC=C1[N+](=O)[O-])C,2048,morgan
DB01365,CC(C)(CC1=CC=CC=C1)NC,2048,morgan
DB06809,C1CNCCNCCCN(CCNC1)CC2=CC=C(C=C2)CN3CCCNCCNCCCNCC3,2048,morgan
DB00528,CC1=C(C(C(=C(N1)C)C(=O)OC(C)(C)CN(C)CCC(C2=CC=CC=C2)C3=CC=CC=C3)C4=CC(=CC=C4)[N+](=O)[O-])C(=O)OC,2048,morgan
DB00240,CC1CC2C3C(CC4=CC(=O)C=CC4(C3C(CC2(C1(C(=O)CO)O)C)O)C)Cl,2048,morgan
DB00813,CCC(=O)N(C1CCN(CC1)CCC2=CC=CC=C2)C3=CC=CC=C3,2048,morgan
DB00217,CNC(=NC)NCC1=CC=CC=C1,2048,morgan
DB00951,C1=CN=CC=C1C(=O)NN,2048,morgan
DB00740,C1=CC2=C(C=C1OC(F)(F)F)SC(=N2)N,2048,morgan
DB06707,CC(C(C1=CC(=C(C=C1)O)O)O)N,2048,morgan
DB00340,CN1CCCC(C1)CC2C3=CC=CC=C3SC4=CC=CC=C24,2048,morgan
DB01590,CC1CCC2CC(C(=CC=CC=CC(CC(C(=O)C(C(C(=CC(C(=O)CC(OC(=O)C3CCCCN3C(=O)C(=O)C1(O2)O)C(C)CC4CCC(C(C4)OC)OCCO)C)C)O)OC)C)C)C)OC,2048,morgan
DB00361,CCC1=CC2CC(C3=C(CN(C2)C1)C4=CC=CC=C4N3)(C5=C(C=C6C(=C5)C78CCN9C7C(C=CC9)(C(C(C8N6C)(C(=O)OC)O)OC(=O)C)CC)OC)C(=O)OC,2048,morgan
DB00262,C(CCl)NC(=O)N(CCCl)N=O,2048,morgan
DB00819,CC(=O)NC1=NN=C(S1)S(=O)(=O)N,2048,morgan
DB00957,CCC12CCC3C(C1CCC2(C#C)OC(=O)C)CCC4=CC(=NO)CCC34,2048,morgan
DB09019,CN(CC1=C(C(=CC(=C1)Br)Br)N)C2CCCCC2,2048,morgan
DB00588,CCC(=O)OC1(C(CC2C1(CC(C3(C2CC(C4=CC(=O)C=CC43C)F)F)O)C)C)C(=O)SCF,2048,morgan
DB01294,C1=CC=C2C(=C1)C(=O)O[Bi]O2.O,2048,morgan
DB00927,C1=C(N=C(S1)N=C(N)N)CSCCC(=NS(=O)(=O)N)N,2048,morgan
DB00877,CC1CCC2CC(C(=CC=CC=CC(CC(C(=O)C(C(C(=CC(C(=O)CC(OC(=O)C3CCCCN3C(=O)C(=O)C1(O2)O)C(C)CC4CCC(C(C4)OC)O)C)C)O)OC)C)C)C)OC,2048,morgan
DB01553,C1COC2(N1CC(=O)NC3=C2C=C(C=C3)Cl)C4=CC=CC=C4Cl,2048,morgan
DB01074,C1CCC(CC1)C(CC2CCCCN2)C3CCCCC3,2048,morgan
DB00298,CC1=CC=CC=C1N2CCN(CC2)CCC3=NN=C4N3CCCC4,2048,morgan
DB01010,CC[N+](C)(C)C1=CC(=CC=C1)O,2048,morgan
DB01117,C1CC(CCC1C2=CC=C(C=C2)Cl)C3=C(C4=CC=CC=C4C(=O)C3=O)O,2048,morgan
DB01082,CC1C(C(C(O1)OC2C(C(C(C(C2O)O)N=C(N)N)O)N=C(N)N)OC3C(C(C(C(O3)CO)O)O)NC)(C=O)O,2048,morgan
DB08804,CCCCCCCCCC(=O)OC1CCC2C1(CCC3C2CCC4=CC(=O)CCC34)C,2048,morgan
DB01289,CC1=CC(=NO1)C(=O)NCCC2=CC=C(C=C2)S(=O)(=O)NC(=O)NN3CCCCCC3,2048,morgan
DB00428,CN(C(=O)NC1C(C(C(OC1O)CO)O)O)N=O,2048,morgan
DB08998,CNCCON=C1C2=CC=CC=C2C=CC3=CC=CC=C31,2048,morgan
DB00234,CCOC1=CC=CC=C1OC(C2CNCCO2)C3=CC=CC=C3,2048,morgan
DB00941,C[N+](C)(CCCCCC[N+](C)(C)C1C2=CC=CC=C2C3=CC=CC=C13)C4C5=CC=CC=C5C6=CC=CC=C46,2048,morgan
DB08918,CCN(CC)C(=O)C1(CC1CN)C2=CC=CC=C2,2048,morgan
DB00778,CCC1C(C(C(C(=NOCOCCOC)C(CC(C(C(C(C(C(=O)O1)C)OC2CC(C(C(O2)C)O)(C)OC)C)OC3C(C(CC(O3)C)N(C)C)O)(C)O)C)C)O)(C)O,2048,morgan
DB00672,CCCNC(=O)NS(=O)(=O)C1=CC=C(C=C1)Cl,2048,morgan
DB00743,C1=CC=C(C=C1)COCC(C(=O)O)N(CCN(CCN(CC(=O)[O-])CC(=O)[O-])CC(=O)[O-])CC(=O)O.[Gd+3],2048,morgan
DB06290,CC1=C(C=CC2=C1N=C(C=C2OC3CC4C(C3)C(=O)N(CCCCC=CC5CC5(NC4=O)C(=O)NS(=O)(=O)C6CC6)C)C7=NC(=CS7)C(C)C)OC,2048,morgan
DB00922,CC1CC(=O)NN=C1C2=CC=C(C=C2)NN=C(C#N)C#N,2048,morgan
DB00148,CN(CC(=O)O)C(=N)N,2048,morgan
DB00704,C1CC1CN2CCC34C5C(=O)CCC3(C2CC6=C4C(=C(C=C6)O)O5)O,2048,morgan
DB00996,C1CCC(CC1)(CC(=O)O)CN,2048,morgan
DB00853,CN1C(=O)N2C=NC(=C2N=N1)C(=O)N,2048,morgan
DB04877,CCC1CC2CC3(C1N(C2)CCC4=C3NC5=CC(=C(C=C45)OC)C6CC7C(C(CC8=C6NC9=CC=CC=C89)N(CC7=CC)C)C(=O)OC)C(=O)OC,2048,morgan
DB00999,C1NC2=CC(=C(C=C2S(=O)(=O)N1)S(=O)(=O)N)Cl,2048,morgan
DB00582,CC(C1=NC=NC=C1F)C(CN2C=NC=N2)(C3=C(C=C(C=C3)F)F)O,2048,morgan
DB00507,CC(=O)OC1=CC=CC=C1C(=O)NC2=NC=C(S2)[N+](=O)[O-],2048,morgan
DB08842,CC(=O)OC(CC(=O)[O-])C[N+](C)(C)C,2048,morgan
DB01020,C1C(C2C(O1)C(CO2)O[N+](=O)[O-])O,2048,morgan
DB01340,CCOC(=O)C(CCC1=CC=CC=C1)NC2CCCN3CCCC(N3C2=O)C(=O)O,2048,morgan
DB00221,CCC(C(C1=CC(=C(C=C1)O)O)O)NC(C)C,2048,morgan
DB08976,C1=CC=C(C(=C1)C(=O)OCC(CO)O)NC2=C3C=CC=C(C3=NC=C2)C(F)(F)F,2048,morgan
DB01127,C1=CC(=CC=C1COC(CN2C=CN=C2)C3=C(C=C(C=C3)Cl)Cl)Cl,2048,morgan
DB00636,CCOC(=O)C(C)(C)OC1=CC=C(C=C1)Cl,2048,morgan
DB00640,C1=NC(=C2C(=N1)N(C=N2)C3C(C(C(O3)CO)O)O)N,2048,morgan
DB08807,CC1=CC2=C(N1)C=CC=C2OCC(CNC(C)(C)C)OC(=O)C3=CC=CC=C3,2048,morgan
DB00513,C(CCC(=O)O)CCN,2048,morgan
DB00288,CC(=O)OCC(=O)C12C(CC3C1(CC(C4(C3CCC5=CC(=O)C=CC54C)F)O)C)OC6(O2)CCCC6,2048,morgan
DB08930,CC1CCOC2N1C(=O)C3=C(C(=O)C(=CN3C2)C(=O)NCC4=C(C=C(C=C4)F)F)O,2048,morgan
DB04946,CC(=O)C1=CC(=C(C=C1)OCCCN2CCC(CC2)C3=NOC4=C3C=CC(=C4)F)OC,2048,morgan
DB01349,CC1=C2CCC(=O)N(C2=NC(=N1)C)CC3=CC=C(C=C3)C4=CC=CC=C4C5=NNN=N5,2048,morgan
DB00265,CCN(C1=CC=CC=C1C)C(=O)C=CC,2048,morgan
DB00565,C[N+]1(CCC2=CC(=C(C=C2C1CC3=CC(=C(C=C3)OC)OC)OC)OC)CCC(=O)OCCCCCOC(=O)CC[N+]4(CCC5=CC(=C(C=C5C4CC6=CC(=C(C=C6)OC)OC)OC)OC)C,2048,morgan
DB00987,C1=CN(C(=O)N=C1N)C2C(C(C(O2)CO)O)O,2048,morgan
DB01045,CC1C=CC=C(C(=O)NC2=C(C(=C3C(=C2O)C(=C(C4=C3C(=O)C(O4)(OC=CC(C(C(C(C(C(C1O)C)O)C)OC(=O)C)C)OC)C)C)O)O)C=NN5CCN(CC5)C)C,2048,morgan
DB00347,CC1(C(=O)N(C(=O)O1)C)C,2048,morgan
DB04839,CC(=O)C1(CCC2C1(CCC3C2C=C(C4=CC(=O)C5CC5C34C)Cl)C)OC(=O)C,2048,morgan
DB00962,CCN(C1=CC=CC(=C1)C2=CC=NC3=C(C=NN23)C#N)C(=O)C,2048,morgan
DB00774,C1NC2=C(C=C(C(=C2)C(F)(F)F)S(=O)(=O)N)S(=O)(=O)N1,2048,morgan
DB00799,CCOC(=O)C1=CN=C(C=C1)C#CC2=CC3=C(C=C2)SCCC3(C)C,2048,morgan
DB00502,C1CN(CCC1(C2=CC=C(C=C2)Cl)O)CCCC(=O)C3=CC=C(C=C3)F,2048,morgan
DB00717,CC12CCC3C(C1CCC2(C#C)O)CCC4=CC(=O)CCC34,2048,morgan
DB00759,CC1(C2CC3C(C(=O)C(=C(C3(C(=O)C2=C(C4=C1C=CC=C4O)O)O)O)C(=O)N)N(C)C)O,2048,morgan
DB00279,C1=CC(=C(C=C1OC2=C(C=C(C=C2I)CC(C(=O)O)N)I)I)O,2048,morgan
DB08924,CC(CC1=CC=CC=C1)N=CC(Cl)(Cl)Cl,2048,morgan
DB00683,CC1=NC=C2N1C3=C(C=C(C=C3)Cl)C(=NC2)C4=CC=CC=C4F,2048,morgan
DB06827,C1C(N=C(NC1O)N)C2C(=O)NCC(C(=O)NC(C(=O)NC(C(=O)NC(=CNC(=O)N)C(=O)N2)CO)CO)NC(=O)CC(CCCN)N,2048,morgan
DB00600,C1=CC=C(C=C1)COC2=CC=C(C=C2)O,2048,morgan
DB00308,CCCCCCCN(CC)CCCC(C1=CC=C(C=C1)NS(=O)(=O)C)O,2048,morgan
DB01207,C1=CC(=CC(=C1)C(F)(F)F)C(=NOCCCCC(=O)O)C2=CN=CC=C2,2048,morgan
DB00735,CN(CC=CC1=CC=CC=C1)CC2=CC=CC3=CC=CC=C32,2048,morgan
DB00980,CCC(=O)NCCC1CCC2=C1C3=C(C=C2)OCC3,2048,morgan
DB00726,CC(CN1C2=CC=CC=C2CCC3=CC=CC=C31)CN(C)C,2048,morgan
DB08974,COC(=O)NC1=NC2=C(N1)C=C(C=C2)C(=O)C3=CC=C(C=C3)F,2048,morgan
DB00587,CCC(CC)(CC(=O)NC1=CC=CC(=C1)C=CC2=NC(=CS2)C3CCC3)C(=O)O,2048,morgan
DB01146,CN1CCC(CC1)OC(C2=CC=CC=C2)C3=CC=CC=C3,2048,morgan
DB00509,C1=C(C=C(C(=C1I)OC2=CC(=C(C(=C2)I)O)I)I)CC(C(=O)O)N,2048,morgan
DB01579,CC1C(OCCN1C)C2=CC=CC=C2,2048,morgan
DB00768,CN(C)CCC=C1C2=CC=CC=C2COC3=C1C=C(C=C3)CC(=O)O,2048,morgan
DB00181,C1=CC(=CC=C1C(CC(=O)O)CN)Cl,2048,morgan
DB01628,CC1=NC=C(C=C1)C2=C(C=C(C=N2)Cl)C3=CC=C(C=C3)S(=O)(=O)C,2048,morgan
DB00756,C1=C(C(=C(C(=C1Cl)Cl)CC2=C(C(=CC(=C2Cl)Cl)Cl)O)O)Cl,2048,morgan
DB00741,CC12CCC(=O)C=C1CCC3C2C(CC4(C3CCC4(C(=O)CO)O)C)O,2048,morgan
DB08815,C1CCC(C(C1)CN2CCN(CC2)C3=NSC4=CC=CC=C43)CN5C(=O)C6C7CCC(C7)C6C5=O,2048,morgan
DB00602,CCC(C)C1C(CCC2(O1)CC3CC(O2)CC=C(C(C(C=CC=C4COC5C4(C(C=C(C5O)C)C(=O)O3)O)C)OC6CC(C(C(O6)C)OC7CC(C(C(O7)C)O)OC)OC)C)C.CC1CCC2(CC3CC(O2)CC=C(C(C(C=CC=C4COC5C4(C(C=C(C5O)C)C(=O)O3)O)C)OC6CC(C(C(O6)C)OC7CC(C(C(O7)C)O)OC)OC)C)OC1C(C)C,2048,morgan
DB00213,COC1=C(C(=NC=C1)CS(=O)C2=NC3=C(N2)C=C(C=C3)OC(F)F)OC,2048,morgan
DB00123,C(CCN)CC(C(=O)O)N,2048,morgan
DB09003,C1CCN(CC1)C2(CCN(CC2)CCCN3C4=CC=CC=C4CCC5=C3C=C(C=C5)Cl)C(=O)N,2048,morgan
DB00333,CCC(=O)C(CC(C)N(C)C)(C1=CC=CC=C1)C2=CC=CC=C2,2048,morgan
DB00766,C1C2N(C1=O)C(C(=CCO)O2)C(=O)O,2048,morgan
DB00661,CC(C)C(CCCN(C)CCC1=CC(=C(C=C1)OC)OC)(C#N)C2=CC(=C(C=C2)OC)OC,2048,morgan
DB00303,CC1C2C(C(=O)N2C(=C1SC3CC(NC3)C(=O)NC4=CC=CC(=C4)C(=O)O)C(=O)O)C(C)O,2048,morgan
DB01032,CCCN(CCC)S(=O)(=O)C1=CC=C(C=C1)C(=O)O,2048,morgan
DB01320,C1=CC=C(C=C1)C2(C(=O)N(C(=O)N2)COP(=O)(O)O)C3=CC=CC=C3,2048,morgan
DB00845,CC(C)N=C1C=C2C(=NC3=CC=CC=C3N2C4=CC=C(C=C4)Cl)C=C1NC5=CC=C(C=C5)Cl,2048,morgan
DB08954,CC(C(C1=CC=C(C=C1)O)O)N2CCC(CC2)CC3=CC=CC=C3,2048,morgan
DB00271,CC(=O)NC1=C(C(=C(C(=C1I)C(=O)O)I)NC(=O)C)I,2048,morgan
DB08802,CC(CN1C2=CC=CC=C2SC3=C1N=CC=C3)N(C)C,2048,morgan
DB04552,C1=CC(=CC(=C1)NC2=C(C=CC=N2)C(=O)O)C(F)(F)F,2048,morgan
DB08996,CC1(C2=CC=CC=C2N(C3=CC=CC=C31)CCCN(C)C)C,2048,morgan
DB01463,CCNC1C2CCC(C2)C1C3=CC=CC=C3,2048,morgan
DB00697,C1CN=C(N1)NC2=C(C=CC3=NSN=C32)Cl,2048,morgan
DB00224,CC(C)(C)NC(=O)C1CN(CCN1CC(CC(CC2=CC=CC=C2)C(=O)NC3C(CC4=CC=CC=C34)O)O)CC5=CN=CC=C5,2048,morgan
DB06766,CN1CCC(=C2C3=CC=CC=C3CCN4C2=NC=C4C=O)CC1,2048,morgan
DB01614,CC(=O)C1=CC2=C(C=C1)SC3=CC=CC=C3N2CCCN(C)C,2048,morgan
DB01044,CC1CN(CCN1)C2=C(C=C3C(=C2OC)N(C=C(C3=O)C(=O)O)C4CC4)F,2048,morgan
DB00339,C1=CN=C(C=N1)C(=O)N,2048,morgan
DB00494,CCN(CC)C(=O)C(=CC1=CC(=C(C(=C1)O)O)[N+](=O)[O-])C#N,2048,morgan
DB00385,CCCCC(=O)OCC(=O)C1(CC(C2=C(C1)C(=C3C(=C2O)C(=O)C4=C(C3=O)C=CC=C4OC)O)OC5CC(C(C(O5)C)O)NC(=O)C(F)(F)F)O,2048,morgan
DB00915,C1C2CC3CC1CC(C2)(C3)N,2048,morgan
DB08983,CC(C)(C(=O)OCCOC(=O)C1=CN=CC=C1)OC2=CC=C(C=C2)Cl,2048,morgan
DB01164,[Cl-].[Cl-].[Ca+2],2048,morgan
DB00749,CCC1=C2C(=CC=C1)C3=C(N2)C(OCC3)(CC)CC(=O)O,2048,morgan
DB00206,COC1C(CC2CN3CCC4=C(C3CC2C1C(=O)OC)NC5=C4C=CC(=C5)OC)OC(=O)C6=CC(=C(C(=C6)OC)OC)OC,2048,morgan
DB01115,CC1=C(C(C(=C(N1)C)C(=O)OC)C2=CC=CC=C2[N+](=O)[O-])C(=O)OC,2048,morgan
DB00807,CCCOC1=C(C=C(C=C1)C(=O)OCCN(CC)CC)N,2048,morgan
DB00245,CN1C2CCC1CC(C2)OC(C3=CC=CC=C3)C4=CC=CC=C4,2048,morgan
DB00883,C1C(C2C(O1)C(CO2)O[N+](=O)[O-])O[N+](=O)[O-],2048,morgan
DB00744,CC(C1=CC2=CC=CC=C2S1)N(C(=O)N)O,2048,morgan
DB00604,COC1CN(CCC1NC(=O)C2=CC(=C(C=C2OC)N)Cl)CCCOC3=CC=C(C=C3)F,2048,morgan
DB00866,CC(C)NCC(COC1=CC=CC=C1CC=C)O,2048,morgan
DB06800,C[N+]1(CCC23C4C(=O)CCC2(C1CC5=C3C(=C(C=C5)O)O4)O)CC6CC6,2048,morgan
DB06209,CC(=O)OC1=CC2=C(S1)CCN(C2)C(C3=CC=CC=C3F)C(=O)C4CC4,2048,morgan
DB01240,CCCCCC(C=CC1C(CC2C1CC(=CCCCC(=O)O)O2)O)O,2048,morgan
DB00202,C[N+](C)(C)CCOC(=O)CCC(=O)OCC[N+](C)(C)C,2048,morgan
DB01232,CC(C)(C)NC(=O)C1CC2CCCCC2CN1CC(C(CC3=CC=CC=C3)NC(=O)C(CC(=O)N)NC(=O)C4=NC5=CC=CC=C5C=C4)O,2048,morgan
DB08911,CC1=C2C(=C(N(C1=O)C)NC3=C(C=C(C=C3)I)F)C(=O)N(C(=O)N2C4=CC=CC(=C4)NC(=O)C)C5CC5,2048,morgan
DB04843,C[N+]1(CCCC(C1)OC(=O)C(C2=CC=CC=C2)(C3=CC=CC=C3)O)C,2048,morgan
DB00966,CCCC1=NC2=C(N1CC3=CC=C(C=C3)C4=CC=CC=C4C(=O)O)C=C(C=C2C)C5=NC6=CC=CC=C6N5C,2048,morgan
DB00700,CC12CCC(=O)C=C1CC(C3C24C(O4)CC5(C3CCC56CCC(=O)O6)C)C(=O)OC,2048,morgan
DB00315,CN(C)CCC1=CNC2=C1C=C(C=C2)CC3COC(=O)N3,2048,morgan
DB00642,C1=CC(=CC=C1CCC2=CNC3=C2C(=O)NC(=N3)N)C(=O)NC(CCC(=O)O)C(=O)O,2048,morgan
DB08967,CC(CN1C2=CC=CC=C2SC3=C1C=C(C=C3)S(=O)(=O)N(C)C)N(C)C,2048,morgan
DB08806,CC(=O)OCC(=O)NCCCOC1=CC=CC(=C1)CN2CCCCC2,2048,morgan
DB00134,CSCCC(C(=O)O)N,2048,morgan
DB08816,CCCSC1=NC(=C2C(=N1)N(N=N2)C3CC(C(C3O)O)OCCO)NC4CC4C5=CC(=C(C=C5)F)F,2048,morgan
DB00304,CCC12CC(=C)C3C(C1CCC2(C#C)O)CCC4=CCCCC34,2048,morgan
DB00836,CN(C)C(=O)C(CCN1CCC(CC1)(C2=CC=C(C=C2)Cl)O)(C3=CC=CC=C3)C4=CC=CC=C4,2048,morgan
DB08965,CC(C)C1C(=O)OC(C(=O)N(C(C(=O)OC(C(=O)N(C(C(=O)OC(C(=O)N1C)C(C)C)C(C)C)C)C(C)C)C(C)C)C)C(C)C,2048,morgan
DB00792,CN(C)CCN(CC1=CC=CC=C1)C2=CC=CC=N2,2048,morgan
DB01326,CN1C(=NN=N1)SCC2=C(N3C(C(C3=O)NC(=O)C(C4=CC=CC=C4)O)SC2)C(=O)O,2048,morgan
DB01005,C(=O)(N)NO,2048,morgan
DB00541,CCC1(CC2CC(C3=C(CCN(C2)C1)C4=CC=CC=C4N3)(C5=C(C=C6C(=C5)C78CCN9C7C(C=CC9)(C(C(C8N6C=O)(C(=O)OC)O)OC(=O)C)CC)OC)C(=O)OC)O,2048,morgan
DB00940,CC[N+](C)(CC)CCOC(=O)C1C2=CC=CC=C2OC3=CC=CC=C13,2048,morgan
DB00014,CC(C)CC(C(=O)NC(CCCN=C(N)N)C(=O)N1CCCC1C(=O)NNC(=O)N)NC(=O)C(COC(C)(C)C)NC(=O)C(CC2=CC=C(C=C2)O)NC(=O)C(CO)NC(=O)C(CC3=CNC4=CC=CC=C43)NC(=O)C(CC5=CN=CN5)NC(=O)C6CCC(=O)N6,2048,morgan
DB00393,CC1=C(C(C(=C(N1)C)C(=O)OC(C)C)C2=CC(=CC=C2)[N+](=O)[O-])C(=O)OCCOC,2048,morgan
DB01123,C1=CC(=CC2=NC3=C(C=CC(=C3)N)C=C21)N,2048,morgan
DB00613,CCN(CC)CC1=C(C=CC(=C1)NC2=C3C=CC(=CC3=NC=C2)Cl)O,2048,morgan
DB04844,CC(C)CC1CN2CCC3=CC(=C(C=C3C2CC1=O)OC)OC,2048,morgan
DB00591,CC1(OC2CC3C4CC(C5=CC(=O)C=CC5(C4(C(CC3(C2(O1)C(=O)CO)C)O)F)C)F)C,2048,morgan
DB06207,CC(CC1=CC2=C(C(=C1)C(=O)N)N(CC2)CCCO)NCCOC3=CC=CC=C3OCC(F)(F)F,2048,morgan
DB01362,CC(=O)N(CC(CO)O)C1=C(C(=C(C(=C1I)C(=O)NCC(CO)O)I)C(=O)NCC(CO)O)I,2048,morgan
DB00553,COC1=C2C(=CC3=C1OC=C3)C=CC(=O)O2,2048,morgan
DB01016,COC1=C(C=C(C=C1)Cl)C(=O)NCCC2=CC=C(C=C2)S(=O)(=O)NC(=O)NC3CCCCC3,2048,morgan
DB01332,CON=C(C1=CSC(=N1)N)C(=O)NC2C3N(C2=O)C(=CCS3)C(=O)O,2048,morgan
DB00556,C(C(F)(F)F)(C(F)(F)F)(F)F,2048,morgan
DB04890,C1CN(CCC1OC(C2=CC=C(C=C2)Cl)C3=CC=CC=N3)CCCC(=O)O,2048,morgan
DB00937,CCN(CC)C(C)C(=O)C1=CC=CC=C1,2048,morgan
DB00753,C(C(F)(F)F)(OC(F)F)Cl,2048,morgan
DB01182,CCCNCC(COC1=CC=CC=C1C(=O)CCC2=CC=CC=C2)O,2048,morgan
DB06777,CC(CCC(=O)O)C1CCC2C1(CCC3C2C(CC4C3(CCC(C4)O)C)O)C,2048,morgan
DB00791,C1=C(C(=O)NC(=O)N1)N(CCCl)CCCl,2048,morgan
DB01143,C(CN)CNCCSP(=O)(O)O,2048,morgan
DB08909,C1=CC=C(C=C1)CCCC(=O)OCC(COC(=O)CCCC2=CC=CC=C2)OC(=O)CCCC3=CC=CC=C3,2048,morgan
DB00765,CC(CC1=CC=C(C=C1)O)(C(=O)O)N,2048,morgan
DB01610,CC(C)C(C(=O)OCC(CO)OCN1C=NC2=C1N=C(NC2=O)N)N,2048,morgan
DB00427,CC1=CC=C(C=C1)C(=CCN2CCCC2)C3=CC=CC=N3,2048,morgan
DB04570,CN1C(=NN=N1)SCC2=C(N3C(C(C3=O)(NC(=O)C(C4=CC=C(C=C4)O)C(=O)O)OC)OC2)C(=O)O,2048,morgan
DB00634,CC(=O)NS(=O)(=O)C1=CC=C(C=C1)N,2048,morgan
DB06210,CC1=C(C=C(C=C1)N2C(=O)C(=C(N2)C)N=NC3=CC=CC(=C3O)C4=CC(=CC=C4)C(=O)O)C,2048,morgan
DB08881,CCCS(=O)(=O)NC1=C(C(=C(C=C1)F)C(=O)C2=CNC3=C2C=C(C=N3)C4=CC=C(C=C4)Cl)F,2048,morgan
DB01195,C1CCNC(C1)CNC(=O)C2=C(C=CC(=C2)OCC(F)(F)F)OCC(F)(F)F,2048,morgan
DB00159,CCC=CCC=CCC=CCC=CCC=CCCCC(=O)O,2048,morgan
DB01384,CC1CC2C3CC(C4=CC(=O)C=CC4(C3C(CC2(C1(C(=O)CO)O)C)O)C)F,2048,morgan
DB00629,C1=CC(=C(C(=C1)Cl)C=NN=C(N)N)Cl,2048,morgan
DB00453,CC1(C2CC3C(C(=O)C(=C(C3(C(=O)C2=C(C4=C(C=CC(=C41)Cl)O)O)O)O)C(=O)NCO)N(C)C)O,2048,morgan
DB00448,CC1=C(C=CN=C1CS(=O)C2=NC3=CC=CC=C3N2)OCC(F)(F)F,2048,morgan
DB01591,C1CN2CCC1C(C2)OC(=O)N3CCC4=CC=CC=C4C3C5=CC=CC=C5,2048,morgan
DB01095,CC(C)N1C2=CC=CC=C2C(=C1C=CC(CC(CC(=O)O)O)O)C3=CC=C(C=C3)F,2048,morgan
DB01615,CC(CN1C2=CC=CC=C2SC3=C1C=C(C=C3)C(=O)C)N(C)C,2048,morgan
DB01239,CN(C)CCC=C1C2=CC=CC=C2SC3=C1C=C(C=C3)Cl,2048,morgan
DB04967,CCN(CC)CCNC1=C2C(=C(C=C1)C)SC3=CC=CC=C3C2=O,2048,morgan
DB00190,CC(CC1=CC(=C(C=C1)O)O)(C(=O)O)NN,2048,morgan
DB08877,C1CCC(C1)C(CC#N)N2C=C(C=N2)C3=C4C=CNC4=NC=N3,2048,morgan
DB01265,CC1=CN(C(=O)NC1=O)C2CC(C(O2)CO)O,2048,morgan
DB01627,CCCC1CC(N(C1)C)C(=O)NC(C2C(C(C(C(O2)SC)O)O)O)C(C)O,2048,morgan
DB01132,CCC1=CN=C(C=C1)CCOC2=CC=C(C=C2)CC3C(=O)NC(=O)S3,2048,morgan
DB00238,CC1=C2C(=NC=C1)N(C3=C(C=CC=N3)C(=O)N2)C4CC4,2048,morgan
DB00865,CC(CC1=CC=CC=C1)N(C)CC2=CC=CC=C2,2048,morgan
DB00261,C1C2=C(C=CC(=C2Cl)Cl)N=C3N1CC(=O)N3,2048,morgan
DB00350,C1CCN(CC1)C2=NC(=N)N(C(=C2)N)O,2048,morgan
DB08928,CC(=O)NC1=C(C=CC(=C1)[As]2SCC(S2)CO)O,2048,morgan
DB00419,CCCCN1CC(C(C(C1CO)O)O)O,2048,morgan
DB00552,C1C(C(OC1N2C=NC3=C2NC=NCC3O)CO)O,2048,morgan
DB01184,C1CN(CCC1N2C3=C(C=C(C=C3)Cl)NC2=O)CCCN4C5=CC=CC=C5NC4=O,2048,morgan
DB01501,C1CN(CCC1(C2=CC=CC=C2)C(=O)O)CCC(C#N)(C3=CC=CC=C3)C4=CC=CC=C4,2048,morgan
DB03166,CC(=O)O,2048,morgan
DB00991,C1=CC=C(C=C1)C2=C(OC(=N2)CCC(=O)O)C3=CC=CC=C3,2048,morgan
DB00192,CC(C)NCCCC1(C2=CC=CC=C2C3=CC=CC=C31)C(=O)N,2048,morgan
DB01162,COC1=C(C=C2C(=C1)C(=NC(=N2)N3CCN(CC3)C(=O)C4CCCO4)N)OC,2048,morgan
DB01415,C1C=C(N2C(S1)C(C2=O)NC(=O)C(=CCC(=O)O)C3=CSC(=N3)N)C(=O)O,2048,morgan
DB01108,CC12CCC3C(C1CCC2O)CCC45C3(CC(=C(C4O5)O)C#N)C,2048,morgan
DB00472,CNCCC(C1=CC=CC=C1)OC2=CC=C(C=C2)C(F)(F)F,2048,morgan
DB01328,C1C(=C(N2C(S1)C(C2=O)NC(=O)C(C3=CC=CC=C3)O)C(=O)O)CSC4=NN=NN4CS(=O)(=O)O,2048,morgan
DB04868,CC1=C(C=C(C=C1)C(=O)NC2=CC(=CC(=C2)C(F)(F)F)N3C=C(N=C3)C)NC4=NC=CC(=N4)C5=CN=CC=C5,2048,morgan
DB00497,CN1CCC23C4C(=O)CCC2(C1CC5=C3C(=C(C=C5)OC)O4)O,2048,morgan
DB00422,COC(=O)C(C1CCCCN1)C2=CC=CC=C2,2048,morgan
DB00638,C(C1C(C(C(C(O1)OC2(C(C(C(O2)CO)O)O)COC3(C(C(C(O3)CO)O)O)COC4(C(C(C(O4)CO)O)O)COC5(C(C(C(O5)CO)O)O)COC6(C(C(C(O6)CO)O)O)COC7(C(C(C(O7)CO)O)O)COC8(C(C(C(O8)CO)O)O)COC9(C(C(C(O9)CO)O)O)COC1(C(C(C(O1)CO)O)O)COC1(C(C(C(O1)CO)O)O)COC1(C(C(C(O1)CO)O)O)COC1(C(C(C(O1)CO)O)O)COC1(C(C(C(O1)CO)O)O)COC1(C(C(C(O1)CO)O)O)COC1(C(C(C(O1)CO)O)O)COC1(C(C(C(O1)CO)O)O)COC1(C(C(C(O1)CO)O)O)COC1(C(C(C(O1)CO)O)O)COC1(C(C(C(O1)CO)O)O)COC1(C(C(C(O1)CO)O)O)COC1(C(C(C(O1)CO)O)O)COC1(C(C(C(O1)CO)O)O)COC1(C(C(C(O1)CO)O)O)COC1(C(C(C(O1)CO)O)O)COC1(C(C(C(O1)CO)O)O)COC1(C(C(C(O1)CO)O)O)COC1(C(C(C(O1)CO)O)O)COC1(C(C(C(O1)CO)O)O)COC1(C(C(C(O1)CO)O)O)COC1(C(C(C(O1)CO)O)O)COC1(C(C(C(O1)CO)O)O)COC1(C(C(C(O1)CO)O)O)COC1(C(C(C(O1)CO)O)O)COC1(C(C(C(O1)CO)O)O)COC1(C(C(C(O1)CO)O)O)COC1(C(C(C(O1)CO)O)O)COC1(C(C(C(O1)CO)O)O)CO)O)O)O)O,2048,morgan
DB00402,CN1CCN(CC1)C(=O)OC2C3=NC=CN=C3C(=O)N2C4=NC=C(C=C4)Cl,2048,morgan
DB00326,C(C(C(C(C(C(C(=O)[O-])O)O)O)O)O)O.C(C(C(C(C(C(C(=O)[O-])O)O)O)O)O)O.[Ca+2],2048,morgan
DB00146,CC(CCCC(C)(C)O)C1CCC2C1(CCCC2=CC=C3CC(CCC3=C)O)C,2048,morgan
DB00290,CC1=C(N=C(N=C1N)C(CC(=O)N)NCC(C(=O)N)N)C(=O)NC(C(C2=CN=CN2)OC3C(C(C(C(O3)CO)O)O)OC4C(C(C(C(O4)CO)O)OC(=O)N)O)C(=O)NC(C)C(C(C)C(=O)NC(C(C)O)C(=O)NCCC5=NC(=CS5)C6=NC(=CS6)C(=O)NCCC[S+](C)C)O,2048,morgan
DB00470,CCCCCC1=CC(=C2C3C=C(CCC3C(OC2=C1)(C)C)C)O,2048,morgan
DB01214,CC1=CC(=C(C(=C1OC(=O)C)C)C)OCC(CNC(C)C)O,2048,morgan
DB06702,CC(C)C(=O)OC1=C(C=C(C=C1)CO)C(CCN(C(C)C)C(C)C)C2=CC=CC=C2,2048,morgan
DB00429,CCCCCC(C)(C=CC1C(CC(C1CC=CCCCC(=O)[O-])O)O)O.C(C(CO)(CO)[NH3+])O,2048,morgan
DB00424,CN1C2CCC1CC(C2)OC(=O)C(CO)C3=CC=CC=C3,2048,morgan
DB00698,C1C(=O)NC(=O)N1N=CC2=CC=C(O2)[N+](=O)[O-],2048,morgan
DB01406,CC12CCC3C(C1CCC2(C#C)O)CCC4=CC5=C(CC34C)C=NO5,2048,morgan
DB00986,C[N+]1(CCC(C1)OC(=O)C(C2CCCC2)(C3=CC=CC=C3)O)C,2048,morgan
DB01342,CCCCC1=NN(C(=N1)CCCC)CC2=CN=C(C=C2)C3=CC=CC=C3C4=NNN=N4,2048,morgan
DB00223,CC1CC2C3CC(C4=CC(=O)C=CC4(C3(C(CC2(C1(C(=O)CO)O)C)O)F)C)F,2048,morgan
DB00898,CCO,2048,morgan
DB01193,CCCC(=O)NC1=CC(=C(C=C1)OCC(CNC(C)C)O)C(=O)C,2048,morgan
DB06712,CC1=C(C(C(=C(N1)C#N)C(=O)OC)C2=CC(=CC=C2)[N+](=O)[O-])C(=O)OC(C)C,2048,morgan
DB00554,CN1C(=C(C2=CC=CC=C2S1(=O)=O)O)C(=O)NC3=CC=CC=N3,2048,morgan
DB00563,CN(CC1=CN=C2C(=N1)C(=NC(=N2)N)N)C3=CC=C(C=C3)C(=O)NC(CCC(=O)O)C(=O)O,2048,morgan
DB00653,[O-]S(=O)(=O)[O-].[Mg+2],2048,morgan
DB00942,C1CCN(CC1)CCC(C2CCCC2)(C3=CC=CC=C3)O,2048,morgan
DB00805,CC1=CC(=NN=C1NCCN2CCOCC2)C3=CC=CC=C3,2048,morgan
DB00551,CC(=O)NO,2048,morgan
DB08982,CCOC(=O)C=C1N(C(=O)C(S1)N2CCCCC2)C,2048,morgan
DB00455,CCOC(=O)N1CCC(=C2C3=C(CCC4=C2N=CC=C4)C=C(C=C3)Cl)CC1,2048,morgan
DB06705,C1CC(CCC1OP(=O)([O-])OCC(CN(CCN(CC(=O)[O-])CC(=O)[O-])CC(=O)[O-])N(CC(=O)[O-])CC(=O)[O-])(C2=CC=CC=C2)C3=CC=CC=C3.[Na+].[Na+].[Na+].[Gd+3],2048,morgan
DB00229,CN(C)CCN1C(=NN=N1)SCC2=C(N3C(C(C3=O)NC(=O)CC4=CSC(=N4)N)SC2)C(=O)O,2048,morgan
DB01015,CC1=CC(=NO1)NS(=O)(=O)C2=CC=C(C=C2)N,2048,morgan
DB01199,CN1CCC2=CC(=C3C=C2C1CC4=CC=C(C=C4)OC5=C6C(CC7=CC(=C(C=C7)O)O3)[N+](CCC6=CC(=C5O)OC)(C)C)OC,2048,morgan
DB00670,CN1CCN(CC1)CC(=O)N2C3=CC=CC=C3C(=O)NC4=C2N=CC=C4,2048,morgan
DB00151,C(C(C(=O)O)N)S,2048,morgan
DB00949,C1=CC=C(C=C1)C(COC(=O)N)COC(=O)N,2048,morgan
DB01048,C1CC1NC2=C3C(=NC(=N2)N)N(C=N3)C4CC(C=C4)CO,2048,morgan
DB00881,CCOC(=O)C(CCC1=CC=CC=C1)NC(C)C(=O)N2CC3=CC=CC=C3CC2C(=O)O,2048,morgan
DB00827,CCN1C2=CC3=C(C=C2C(=O)C(=N1)C(=O)O)OCO3,2048,morgan
DB01400,CN(C)C(=O)OC1=CC=CC(=C1)[N+](C)(C)C,2048,morgan
DB00232,CN1C(NC2=CC(=C(C=C2S1(=O)=O)S(=O)(=O)N)Cl)CCl,2048,morgan
DB00885,CC1=CC=CN2C1=NC=C(C2=O)C3=NNN=N3,2048,morgan
DB00165,CC1=NC=C(C(=C1O)CO)CO,2048,morgan
DB00243,CC1=C(C(=CC=C1)C)NC(=O)CN2CCN(CC2)CC(COC3=CC=CC=C3OC)O,2048,morgan
DB08903,CN(C)CCC(C1=CC=CC2=CC=CC=C21)(C(C3=CC=CC=C3)C4=C(N=C5C=CC(=CC5=C4)Br)OC)O,2048,morgan
DB01606,CC1(C(N2C(S1(=O)=O)CC2=O)C(=O)O)CN3C=CN=N3,2048,morgan
DB00891,C1=CC=NC(=C1)NS(=O)(=O)C2=CC=C(C=C2)N,2048,morgan
DB01150,CC=CC1=C(N2C(C(C2=O)NC(=O)C(C3=CC=C(C=C3)O)N)SC1)C(=O)O,2048,morgan
DB01019,CC(C[N+](C)(C)C)OC(=O)N,2048,morgan
DB04573,CC12CCC3C(C1CC(C2O)O)CCC4=C3C=CC(=C4)O,2048,morgan
DB08933,C1C(SC(=C(C#N)N2C=CN=C2)S1)C3=C(C=C(C=C3)Cl)Cl,2048,morgan
DB00829,CN1C(=O)CN=C(C2=C1C=CC(=C2)Cl)C3=CC=CC=C3,2048,morgan
DB01327,CC1=NN=C(S1)SCC2=C(N3C(C(C3=O)NC(=O)CN4C=NN=N4)SC2)C(=O)O,2048,morgan
DB01235,C1=CC(=C(C=C1CC(C(=O)O)N)O)O,2048,morgan
DB02187,CC12CCC3C(=CCC4=C3C=CC(=C4)O)C1CCC2=O,2048,morgan
DB04894,CC(C)C1C(=O)NC(CSSCC(C(=O)NC(C(=O)NC(C(=O)NC(C(=O)N1)CCCCN)CC2=CNC3=CC=CC=C32)CC4=CC=C(C=C4)O)NC(=O)C(CC5=CC=CC=C5)N)C(=O)NC(CC6=CNC7=CC=CC=C76)C(=O)N,2048,morgan
DB01138,C1=CC=C(C=C1)N2C(=O)C(C(=O)N2C3=CC=CC=C3)CCS(=O)C4=CC=CC=C4,2048,morgan
DB00751,C1C2C3=CC=CC=C3CC4=CC=CC=C4N2C(=N1)N,2048,morgan
DB00501,CC1=C(N=CN1)CSCCNC(=NC)NC#N,2048,morgan
DB06711,C1CN=C(N1)CC2=CC=CC3=CC=CC=C32,2048,morgan
DB01260,CC1(OC2CC3C4CCC5=CC(=O)C=CC5(C4C(CC3(C2(O1)C(=O)CO)C)O)C)C,2048,morgan
DB01336,C[N+]1(CCC2=CC(=C3C=C2C1CC4=CC=C(C=C4)OC5=C6C(CC7=CC(=C(C=C7)OC)O3)[N+](CCC6=CC(=C5OC)OC)(C)C)OC)C,2048,morgan
DB00652,CC1C2CC3=C(C1(CCN2CC=C(C)C)C)C=C(C=C3)O,2048,morgan
DB08871,CC1CC2CCC3C(=C)CC(O3)CCC45CC6C(O4)C7C(O6)C(O5)C8C(O7)CCC(O8)CC(=O)CC9C(CC(C1=C)O2)OC(C9OC)CC(CN)O,2048,morgan
DB01431,CC12CCC3C(C1CCC2(CC=C)O)CCC4=CCCCC34,2048,morgan
DB08936,CN1CCN(CC1)C(C2=CC=CC=C2)C3=CC=C(C=C3)Cl,2048,morgan
DB01105,CC(C)CC(C1(CCC1)C2=CC=C(C=C2)Cl)N(C)C,2048,morgan
DB06218,CC(=O)NC(COC)C(=O)NCC1=CC=CC=C1,2048,morgan
DB00493,CC(=O)OCC1=C(N2C(C(C2=O)NC(=O)C(=NOC)C3=CSC(=N3)N)SC1)C(=O)O,2048,morgan
DB00709,C1C(OC(S1)CO)N2C=CC(=NC2=O)N,2048,morgan
DB01418,CC(=O)CC(C1=CC=C(C=C1)[N+](=O)[O-])C2=C(C3=CC=CC=C3OC2=O)O,2048,morgan
DB00256,CC1(C2CC3C(C(=O)C(=C(C3(C(=O)C2=C(C4=C1C=CC=C4O)O)O)O)C(=O)NCNCCCCC(C(=O)O)N)N(C)C)O,2048,morgan
DB01165,CC1COC2=C3N1C=C(C(=O)C3=CC(=C2N4CCN(CC4)C)F)C(=O)O,2048,morgan
DB01621,CN(C)S(=O)(=O)C1=CC2=C(C=C1)SC3=CC=CC=C3N2CCCN4CCC(CC4)CCO,2048,morgan
DB00850,C1CN(CCN1CCCN2C3=CC=CC=C3SC4=C2C=C(C=C4)Cl)CCO,2048,morgan
DB05265,CC(C)C1=C(C=C2C(=C1)CCC3C2(CCCC3(C)C(=O)O)C)S(=O)(=O)O,2048,morgan
DB00605,CC1=C(C2=C(C1=CC3=CC=C(C=C3)S(=O)C)C=CC(=C2)F)CC(=O)O,2048,morgan
DB00168,COC(=O)C(CC1=CC=CC=C1)NC(=O)C(CC(=O)O)N,2048,morgan
DB00517,CCCC(CCC)C(=O)OC1CC2CCC(C1)[N+]2(C)C.[Br-],2048,morgan
DB01222,CCCC1OC2CC3C4CCC5=CC(=O)C=CC5(C4C(CC3(C2(O1)C(=O)CO)C)O)C,2048,morgan
DB00656,C1CN(CCN1CCCN2C(=O)N3C=CC=CC3=N2)C4=CC(=CC=C4)Cl,2048,morgan
DB00972,CN1CCCC(CC1)N2C(=O)C3=CC=CC=C3C(=N2)CC4=CC=C(C=C4)Cl,2048,morgan
DB00747,CN1C2CC(CC1C3C2O3)OC(=O)C(CO)C4=CC=CC=C4,2048,morgan
DB00545,C[N+]1=CC=CC(=C1)OC(=O)N(C)C,2048,morgan
DB01014,C1=CC(=CC=C1C(=O)NCCC(=O)O)N=NC2=CC(=C(C=C2)O)C(=O)O,2048,morgan
DB00523,CC1=C(C(CCC1)(C)C)C=CC(=CC=CC(=CC(=O)O)C)C,2048,morgan
DB00127,C(CCNCCCN)CNCCCN,2048,morgan
DB06212,CC1=CC=CC=C1C(=O)NC2=CC(=C(C=C2)C(=O)N3CCCC(C4=C3C=CC(=C4)Cl)O)C,2048,morgan
DB01092,CC1C(C(C(C(O1)OC2CC(C3(C4C(CCC3(C2)O)C5(CCC(C5(CC4O)C)C6=CC(=O)OC6)O)CO)O)O)O)O,2048,morgan
DB06817,CC1=NN=C(O1)C(=O)NC(C)(C)C2=NC(=C(C(=O)N2C)O)C(=O)NCC3=CC=C(C=C3)F,2048,morgan
DB01247,CC1=CC(=NO1)C(=O)NNCC2=CC=CC=C2,2048,morgan
DB00253,CC1CC2C3CCC(C3(CC(C2C4(C1=CC(=O)CC4)C)O)C)C(=O)C,2048,morgan
DB06204,CCC(C1=CC(=CC=C1)O)C(C)CN(C)C,2048,morgan
DB00559,CC(C)(C)C1=CC=C(C=C1)S(=O)(=O)NC2=C(C(=NC(=N2)C3=NC=CC=N3)OCCO)OC4=CC=CC=C4OC,2048,morgan
DB00515,N.N.Cl[Pt+2]Cl,2048,morgan
DB01103,CCN(CC)CCCC(C)NC1=C2C=C(C=CC2=NC3=C1C=CC(=C3)Cl)OC,2048,morgan
DB00154,CCCCCC=CCC=CCC=CCCCCCCC(=O)O,2048,morgan
DB01097,CC1=C(C=NO1)C(=O)NC2=CC=C(C=C2)C(F)(F)F,2048,morgan
DB08907,CC1=C(C=C(C=C1)C2C(C(C(C(O2)CO)O)O)O)CC3=CC=C(S3)C4=CC=C(C=C4)F,2048,morgan
DB00118,C[S+](CCC(C(=O)[O-])N)CC1C(C(C(O1)N2C=NC3=C(N=CN=C32)N)O)O,2048,morgan
DB08991,CC1=CC(=NC(=N1)N2C(=CC(=N2)C)OC)OC,2048,morgan
DB00833,C1C(=C(N2C(S1)C(C2=O)NC(=O)C(C3=CC=CC=C3)N)C(=O)O)Cl,2048,morgan
DB06772,CC1=C2C(C(=O)C3(C(CC4C(C3C(C(C2(C)C)(CC1OC(=O)C(C(C5=CC=CC=C5)NC(=O)OC(C)(C)C)O)O)OC(=O)C6=CC=CC=C6)(CO4)OC(=O)C)OC)C)OC,2048,morgan
DB00188,B(C(CC(C)C)NC(=O)C(CC1=CC=CC=C1)NC(=O)C2=NC=CN=C2)(O)O,2048,morgan
DB00432,C1C(C(OC1N2C=C(C(=O)NC2=O)C(F)(F)F)CO)O,2048,morgan
DB00391,CCN1CCCC1CNC(=O)C2=C(C=CC(=C2)S(=O)(=O)N)OC,2048,morgan
DB00569,COC1C(C(C(C(O1)COS(=O)(=O)O)OC2C(C(C(C(O2)C(=O)O)OC3C(C(C(C(O3)COS(=O)(=O)O)OC4C(C(C(C(O4)C(=O)O)OC5C(C(C(C(O5)COS(=O)(=O)O)O)O)NS(=O)(=O)O)O)O)OS(=O)(=O)O)NS(=O)(=O)O)O)OS(=O)(=O)O)O)NS(=O)(=O)O,2048,morgan
DB00392,CCN(CC)C(C)CN1C2=CC=CC=C2SC3=CC=CC=C31,2048,morgan
DB00357,CCC1(CCC(=O)NC1=O)C2=CC=C(C=C2)N,2048,morgan
DB00812,CCCCC1C(=O)N(N(C1=O)C2=CC=CC=C2)C3=CC=CC=C3,2048,morgan
DB01017,CN(C)C1C2CC3CC4=C(C=CC(=C4C(=C3C(=O)C2(C(=C(C1=O)C(=O)N)O)O)O)O)N(C)C,2048,morgan
DB01411,C1=CC=C(C=C1)CCCCOC2=CC=C(C=C2)C(=O)NC3=CC=CC4=C3OC(=CC4=O)C5=NNN=N5,2048,morgan
DB00757,C1C2CC3CC(CC1N3CC2=O)OC(=O)C4=CNC5=CC=CC=C54,2048,morgan
DB01073,C1=NC2=C(N=C(N=C2N1C3C(C(C(O3)CO)O)O)F)N,2048,morgan
DB06710,CC12CCC(=O)C=C1CCC3C2CCC4(C3CCC4(C)O)C,2048,morgan
DB00701,CC(C)CN(CC(C(CC1=CC=CC=C1)NC(=O)OC2CCOC2)O)S(=O)(=O)C3=CC=C(C=C3)N,2048,morgan
DB01080,C=CC(CCC(=O)O)N,2048,morgan
DB01576,CC(CC1=CC=CC=C1)N,2048,morgan
DB04911,CC1C(C(CC(O1)OC2C3C(=O)NC(C4=C(C(=CC(=C4)O)O)C5=C(C=CC(=C5)C(C(=O)N3)NC(=O)C6C7=CC(=C(C(=C7)OC8=C(C=C2C=C8)Cl)OC9C(C(C(C(O9)CO)O)O)OC1CC(C(C(O1)C)O)(C)NCC1=CC=C(C=C1)C1=CC=C(C=C1)Cl)OC1=C(C=C(C=C1)C(C(C(=O)NC(C(=O)N6)CC(=O)N)NC(=O)C(CC(C)C)NC)O)Cl)O)C(=O)O)(C)N)O,2048,morgan
DB00611,C1CCC2(C3CC4=C(C2(C1)CCN3CC5CCC5)C=C(C=C4)O)O,2048,morgan
DB00760,CC1C2C(C(=O)N2C(=C1SC3CC(NC3)C(=O)N(C)C)C(=O)O)C(C)O,2048,morgan
DB00913,CCOC(=O)C1(CCN(CC1)CCC2=CC=C(C=C2)N)C3=CC=CC=C3,2048,morgan
DB01253,CC(CO)NC(=O)C1CN(C2CC3=CNC4=CC=CC(=C34)C2=C1)C,2048,morgan
DB00809,CCN(CC1=CC=NC=C1)C(=O)C(CO)C2=CC=CC=C2,2048,morgan
DB00875,C1CN(CCN1CCC=C2C3=CC=CC=C3SC4=C2C=C(C=C4)C(F)(F)F)CCO,2048,morgan
DB01181,C1CN(P(=O)(OC1)NCCCl)CCCl,2048,morgan
DB00230,CC(C)CC(CC(=O)O)CN,2048,morgan
DB00387,C1CCC(CC1)C(CCN2CCCC2)(C3=CC=CC=C3)O,2048,morgan
DB00571,CC(C)NCC(COC1=CC=CC2=CC=CC=C21)O,2048,morgan
DB00803,CCC(C)CCCC(=O)NC(CCN)C(=O)NC(C(C)O)C(=O)NC(CCN)C(=O)NC1CCNC(=O)C(NC(=O)C(NC(=O)C(NC(=O)C(NC(=O)C(NC(=O)C(NC1=O)CCN)CC(C)C)CC(C)C)CCN)CCN)C(C)O,2048,morgan
DB01268,CCN(CC)CCNC(=O)C1=C(NC(=C1C)C=C2C3=C(C=CC(=C3)F)NC2=O)C,2048,morgan
DB01168,CC(C)NC(=O)C1=CC=C(C=C1)CNNC,2048,morgan
DB00977,CC12CCC3C(C1CCC2(C#C)O)CCC4=C3C=CC(=C4)O,2048,morgan
DB00445,CC1C(C(CC(O1)OC2CC(CC3=C2C(=C4C(=C3O)C(=O)C5=C(C4=O)C(=CC=C5)OC)O)(C(=O)CO)O)N)O,2048,morgan
DB01188,CC1=CC(=O)N(C(=C1)C2CCCCC2)O,2048,morgan
DB08803,CC1=CC(=C(C=C1)C(C)C)OCC2=NCCN2,2048,morgan
DB01578,CC(=O)NC1=C(C(=C(C(=C1I)C(=O)NC(C=O)C(C(C(CO)O)O)O)I)N(C)C(=O)C)I,2048,morgan
DB00583,C[N+](C)(C)CC(CC(=O)[O-])O,2048,morgan
DB00621,CC12CCC3C(C1CCC2(C)O)CCC4C3(COC(=O)C4)C,2048,morgan
DB08798,CC1=C(OC(=N1)NS(=O)(=O)C2=CC=C(C=C2)N)C,2048,morgan
DB01426,CCC1C2CC3C4C5(CC(C2C5O)N3C1O)C6=CC=CC=C6N4C,2048,morgan
DB00251,CC(C)N1CCN(CC1)C2=CC=C(C=C2)OCC3COC(O3)(CN4C=NC=N4)C5=C(C=C(C=C5)Cl)Cl,2048,morgan
DB04953,CCOC(=O)NC1=C(C=C(C=C1)NCC2=CC=C(C=C2)F)N,2048,morgan
DB01339,CC(=O)OC1CC2CCC3C(C2(CC1N4CCCCC4)C)CCC5(C3CC(C5OC(=O)C)[N+]6(CCCCC6)C)C,2048,morgan
DB00715,C1CNCC(C1C2=CC=C(C=C2)F)COC3=CC4=C(C=C3)OCO4,2048,morgan
DB00322,C1C(C(OC1N2C=C(C(=O)NC2=O)F)CO)O,2048,morgan
DB00750,CCCNC(C)C(=O)NC1=CC=CC=C1C,2048,morgan
DB00976,CCC1C2(C(C(C(=O)C(CC(C(C(C(=O)C(C(=O)O1)C)C)OC3C(C(CC(O3)C)N(C)C)O)(C)OC)C)C)N(C(=O)O2)CCCCN4C=C(N=C4)C5=CN=CC=C5)C,2048,morgan
DB00300,CC(C)OC(=O)OCOP(=O)(COC(C)CN1C=NC2=C(N=CN=C21)N)OCOC(=O)OC(C)C,2048,morgan
DB01130,CCC(=O)OCC(=O)C1(CCC2C1(CC(C3C2CCC4=CC(=O)C=CC34C)O)C)OC(=O)OCC,2048,morgan
DB00846,CC1(OC2CC3C4CC(C5=CC(=O)CCC5(C4C(CC3(C2(O1)C(=O)CO)C)O)C)F)C,2048,morgan
DB00196,C1=CC(=C(C=C1F)F)C(CN2C=NC=N2)(CN3C=NC=N3)O,2048,morgan
DB01121,C1=CC=C(C=C1)CC(=O)NC(=O)N,2048,morgan
DB00993,CN1C=NC(=C1SC2=NC=NC3=C2NC=N3)[N+](=O)[O-],2048,morgan
DB00982,CC1=C(C(CCC1)(C)C)C=CC(=CC=CC(=CC(=O)O)C)C,2048,morgan
DB00821,CC(C1=CC2=C(C=C1)C3=C(N2)C=CC(=C3)Cl)C(=O)O,2048,morgan
DB06771,C1CCN(CC(C1)N)C2=C(C=C3C(=C2Cl)N(C=C(C3=O)C(=O)O)C4CC4)F,2048,morgan
DB00857,CC(C)(C)C#CC=CCN(C)CC1=CC=CC2=CC=CC=C21,2048,morgan
DB00973,C1=CC(=CC=C1C2C(C(=O)N2C3=CC=C(C=C3)F)CCC(C4=CC=C(C=C4)F)O)O,2048,morgan
DB00167,CCC(C)C(C(=O)O)N,2048,morgan
DB00876,CCCCC1=NC=C(N1CC2=CC=C(C=C2)C(=O)O)C=C(CC3=CC=CS3)C(=O)O,2048,morgan
DB06237,COC1=C(C=C(C=C1)CNC2=NC(=NC=C2C(=O)NCC3=NC=CC=N3)N4CCCC4CO)Cl,2048,morgan
DB01012,CC(C1=CC=CC2=CC=CC=C21)NCCCC3=CC(=CC=C3)C(F)(F)F,2048,morgan
DB00974,C(CN(CC(=O)O)CC(=O)O)N(CC(=O)O)CC(=O)O,2048,morgan
DB01227,CCC(C(CC(C)N(C)C)(C1=CC=CC=C1)C2=CC=CC=C2)OC(=O)C,2048,morgan
DB06155,CC1=C(N(N=C1C(=O)NN2CCCCC2)C3=C(C=C(C=C3)Cl)Cl)C4=CC=C(C=C4)Cl,2048,morgan
DB01401,C[N+](C)(C)CCO.C1=CC=C(C(=C1)C(=O)O)[O-].C1=CC=C(C(=C1)C(=O)O)[O-].C1=CC=C(C(=C1)C(=O)O)[O-].[Mg+2],2048,morgan
DB01204,C1=CC(=C2C(=C1NCCNCCO)C(=O)C3=C(C=CC(=C3C2=O)O)O)NCCNCCO,2048,morgan
DB00437,C1=NNC2=C1C(=O)NC=N2,2048,morgan
DB08799,C1CN=C(N1)CN(CC2=CC=CC=C2)C3=CC=CC=C3,2048,morgan
DB00150,C1=CC=C2C(=C1)C(=CN2)CC(C(=O)O)N,2048,morgan
DB06590,CCON=C(C1=NSC(=N1)NP(=O)(O)O)C(=O)NC2C3N(C2=O)C(=C(CS3)SC4=NC(=CS4)C5=CC=[N+](C=C5)C)C(=O)[O-],2048,morgan
DB01234,CC1CC2C3CCC4=CC(=O)C=CC4(C3(C(CC2(C1(C(=O)CO)O)C)O)F)C,2048,morgan
DB00388,CNCC(C1=CC(=CC=C1)O)O,2048,morgan
DB01466,CCOC1=C2C3=C(CC4C5C3(CCN4C)C(O2)C(C=C5)O)C=C1,2048,morgan
DB01282,CCC(C)C1C(=O)NC(C(=O)NC(C(=O)NC(CSCCCC(=O)NC(C(=O)N1)CC2=CC=C(C=C2)OC)C(=O)N3CCCC3C(=O)NC(CC(C)C)C(=O)NCC(=O)N)CC(=O)N)CCC(=O)N,2048,morgan
DB00782,CC(C)[N+](C)(CCOC(=O)C1C2=CC=CC=C2OC3=CC=CC=C13)C(C)C,2048,morgan
DB06262,C1=CC(=C(C=C1C(C(C(=O)O)N)O)O)O,2048,morgan
DB04794,C1=CC=C(C=C1)C2=CC=C(C=C2)C(C3=CC=CC=C3)N4C=CN=C4,2048,morgan
DB00576,CC1=NN=C(S1)NS(=O)(=O)C2=CC=C(C=C2)N,2048,morgan
DB00351,CC1=CC2C(CCC3(C2CCC3(C(=O)C)OC(=O)C)C)C4(C1=CC(=O)CC4)C,2048,morgan
DB00211,COC1=CC(=C(C=C1)OC)C(CNC(=O)CN)O,2048,morgan
DB00867,CC(C(C1=CC=C(C=C1)O)O)NCCC2=CC=C(C=C2)O,2048,morgan
DB00985,CN1C2=C(C(=O)N(C1=O)C)NC(=N2)Cl.CN(C)CCOC(C1=CC=CC=C1)C2=CC=CC=C2,2048,morgan
DB00612,CC(C)NCC(COC1=CC=C(C=C1)COCCOC(C)C)O,2048,morgan
DB00952,CNS(=O)(=O)CCC1=CC2=C(C=C1)NC=C2C3CCN(CC3)C,2048,morgan
DB01166,C1CCC(CC1)N2C(=NN=N2)CCCCOC3=CC4=C(C=C3)NC(=O)CC4,2048,morgan
DB00884,C1=CC(=CN=C1)CC(O)(P(=O)(O)O)P(=O)(O)O,2048,morgan
DB00359,C1=CN=C(N=C1)NS(=O)(=O)C2=CC=C(C=C2)N,2048,morgan
DB01118,CCCCC1=C(C2=CC=CC=C2O1)C(=O)C3=CC(=C(C(=C3)I)OCCN(CC)CC)I,2048,morgan
DB01245,C[N+](C)(C)CCCCCCCCCC[N+](C)(C)C,2048,morgan
DB06811,CCCCCCCCCCCCOCCOCCOCCOCCOCCOCCOCCOCCOCCO,2048,morgan
DB01062,CCN(CC)CC#CCOC(=O)C(C1CCCCC1)(C2=CC=CC=C2)O,2048,morgan
DB01006,C1=CC(=CC=C1C#N)C(C2=CC=C(C=C2)C#N)N3C=NC=N3,2048,morgan
DB06729,C1=CC=C(C=C1)N2C(=CC=N2)NS(=O)(=O)C3=CC=C(C=C3)N,2048,morgan
DB01303,CN1C(=C2C(=NC=N2)N(C1=O)C)[O-].C[N+](C)(C)CCO,2048,morgan
DB01203,CC(C)(C)NCC(COC1=CC=CC2=C1CC(C(C2)O)O)O,2048,morgan
DB01124,CCCCNC(=O)NS(=O)(=O)C1=CC=C(C=C1)C,2048,morgan
DB00093,C1CC(N(C1)C(=O)C2CSSCC(C(=O)NC(C(=O)NC(C(=O)NC(C(=O)NC(C(=O)N2)CC(=O)N)CCC(=O)N)CC3=CC=CC=C3)CC4=CC=CC=C4)N)C(=O)NC(CCCCN)C(=O)NCC(=O)N,2048,morgan
DB06768,CC(C(=O)[O-])O.[NH4+],2048,morgan
DB00880,C1=C2C(=CC(=C1Cl)S(=O)(=O)N)S(=O)(=O)N=CN2,2048,morgan
DB00606,C1C2CC(C1C=C2)C3NC4=CC(=C(C=C4S(=O)(=O)N3)S(=O)(=O)N)Cl,2048,morgan
DB01101,CCCCCOC(=O)NC1=NC(=O)N(C=C1F)C2C(C(C(O2)C)O)O,2048,morgan
DB01416,COCC1=C(N2C(C(C2=O)NC(=O)C(=NOC)C3=CSC(=N3)N)SC1)C(=O)O,2048,morgan
DB00443,CC1CC2C3CCC4=CC(=O)C=CC4(C3(C(CC2(C1(C(=O)CO)O)C)O)F)C,2048,morgan
DB08873,CC1(C2C1C(N(C2)C(=O)C(C(C)(C)C)NC(=O)NC(C)(C)C)C(=O)NC(CC3CCC3)C(=O)C(=O)N)C,2048,morgan
DB00649,CC1=CN(C(=O)NC1=O)C2C=CC(O2)CO,2048,morgan
DB06715,[K+].[I-],2048,morgan
DB01299,COC1=C(N=CN=C1OC)NS(=O)(=O)C2=CC=C(C=C2)N,2048,morgan
DB00115,CC1=CC2=C(C=C1C)N(C=N2)C3C(C(C(O3)CO)OP(=O)([O-])OC(C)CNC(=O)CCC4(C(C5C6(C(C(C(=C(C7=NC(=CC8=NC(=C(C4=N5)C)C(C8(C)C)CCC(=O)N)C(C7(C)CC(=O)N)CCC(=O)N)C)[N-]6)CCC(=O)N)(C)CC(=O)N)C)CC(=O)N)C)O.[C-]#N.[Co+3],2048,morgan
DB00467,CCN1C=C(C(=O)C2=CC(=C(N=C21)N3CCNCC3)F)C(=O)O,2048,morgan
DB00183,CC(C)(C)OC(=O)NCCC(=O)NC(CC1=CNC2=CC=CC=C21)C(=O)NC(CCSC)C(=O)NC(CC(=O)O)C(=O)NC(CC3=CC=CC=C3)C(=O)N,2048,morgan
DB00549,CC1=CC=CC=C1S(=O)(=O)NC(=O)C2=CC(=C(C=C2)CC3=CN(C4=C3C=C(C=C4)NC(=O)OC5CCCC5)C)OC,2048,morgan
DB00732,C[N+]1(CCC2=CC(=C(C=C2C1CC3=CC(=C(C=C3)OC)OC)OC)OC)CCC(=O)OCCCCCOC(=O)CC[N+]4(CCC5=CC(=C(C=C5C4CC6=CC(=C(C=C6)OC)OC)OC)OC)C.C1=CC=C(C=C1)S(=O)(=O)[O-].C1=CC=C(C=C1)S(=O)(=O)[O-],2048,morgan
DB00787,C1=NC2=C(N1COCCO)N=C(NC2=O)N,2048,morgan
DB06723,[OH-].[OH-].[OH-].[Al+3],2048,morgan
DB00615,CC1C=CC=C(C(=O)N=C2C(=C3C(=C4C2=NC5(N4)CCN(CC5)CC(C)C)C6=C(C(=C3O)C)OC(C6=O)(OC=CC(C(C(C(C(C(C1O)C)O)C)OC(=O)C)C)OC)C)O)C,2048,morgan
DB00491,C1C(C(C(C(N1CCO)CO)O)O)O,2048,morgan
DB00859,CC(C)(C(C(=O)O)N)S,2048,morgan
DB06689,CCCCCCCCC=CCCCCCCCC(=O)O.C(CO)N,2048,morgan
DB01058,C1CCC(CC1)C(=O)N2CC3C4=CC=CC=C4CCN3C(=O)C2,2048,morgan
DB01104,CNC1CCC(C2=CC=CC=C12)C3=CC(=C(C=C3)Cl)Cl,2048,morgan
DB00947,CC12CCC3C(C1CCC2O)C(CC4=C3C=CC(=C4)O)CCCCCCCCCS(=O)CCCC(C(F)(F)F)(F)F,2048,morgan
DB09002,C1CCN(CC1)CCOC(C2=CC=CC=C2)C3=CC=C(C=C3)Cl,2048,morgan
DB00601,CC(=O)NCC1CN(C(=O)O1)C2=CC(=C(C=C2)N3CCOCC3)F,2048,morgan
DB00648,C1=CC=C(C(=C1)C(C2=CC=C(C=C2)Cl)C(Cl)Cl)Cl,2048,morgan
DB01217,CC(C)(C#N)C1=CC(=CC(=C1)CN2C=NC=N2)C(C)(C)C#N,2048,morgan
DB01106,CC1CN(CCC1(C2=CC=CC=C2)C(=O)O)C3CCC(CC3)(C#N)C4=CC=C(C=C4)F,2048,morgan
DB01216,CC12CCC3C(C1CCC2C(=O)NC(C)(C)C)CCC4C3(C=CC(=O)N4)C,2048,morgan
DB01369,CCC1C(=O)N2CCCC2C(=O)N(C(C(=O)N3CC(C(=O)CC3C(=O)NC(C(=O)OC(C(C(=O)N1)NC(=O)C4=C(C=CC=N4)O)C)C5=CC=CC=C5)CSC6CN7CCC6CC7)CC8=CC=C(C=C8)N(C)C)C,2048,morgan
DB06150,COC1=NC(=NC(=C1)NS(=O)(=O)C2=CC=C(C=C2)N)OC,2048,morgan
DB08968,CN(CC1=C(C=CC=C1Cl)NC(=O)C2=CC=CC=C2)CC(=O)N3CCOCC3,2048,morgan
DB00236,C1CN(CCN1C(=O)CCBr)C(=O)CCBr,2048,morgan
DB00572,CN1C2CCC1CC(C2)OC(=O)C(CO)C3=CC=CC=C3,2048,morgan
DB00728,CC(=O)OC1C(CC2C1(CCC3C2CCC4C3(CC(C(C4)O)N5CCOCC5)C)C)[N+]6(CCCC6)CC=C,2048,morgan
DB06691,CN(C)CCN(CC1=CC=C(C=C1)OC)C2=CC=CC=N2,2048,morgan
DB03255,C1=CC=C(C=C1)O,2048,morgan
DB08796,C1CCN(CC1)CCOCCOC(=O)N2C3=CC=CC=C3SC4=C2N=CC=C4,2048,morgan
DB01212,CN1C(=NC(=O)C(=O)N1)SCC2=C(N3C(C(C3=O)NC(=O)C(=NOC)C4=CSC(=N4)N)SC2)C(=O)O,2048,morgan
DB00138,C(C(C(=O)O)N)SSCC(C(=O)O)N,2048,morgan
DB01046,CCCCC(C1(CCC2C(O1)CC(=O)C2CCCCCCC(=O)O)O)(F)F,2048,morgan
DB08801,CC(C1=CC=CC=N1)C2=C(CC3=CC=CC=C32)CCN(C)C,2048,morgan
DB09018,CCN(CC)CCNC(=O)C1=CC(=C(C=C1OC)N)Br,2048,morgan
DB00960,CC(C)NCC(COC1=CC=CC2=C1C=CN2)O,2048,morgan
DB00851,CN(C)N=NC1=C(NC=N1)C(=O)N,2048,morgan
DB00790,CCCC(C(=O)OCC)NC(C)C(=O)N1C2CCCCC2CC1C(=O)O,2048,morgan
DB08835,CC(=O)NC(CC(=O)NC(CCC(=O)O)C(=O)O)C(=O)O,2048,morgan
DB00577,CC(C)C(C(=O)OCCOCN1C=NC2=C1N=C(NC2=O)N)N,2048,morgan
DB01063,CC(=O)C1=CC2=C(C=C1)SC3=CC=CC=C3N2CCCN4CCN(CC4)CCO,2048,morgan
DB00918,CN(C)CCC1=CNC2=C1C=C(C=C2)CS(=O)(=O)N3CCCC3,2048,morgan
DB00834,CC#CC1(CCC2C1(CC(C3=C4CCC(=O)C=C4CCC23)C5=CC=C(C=C5)N(C)C)C)O,2048,morgan
DB00597,CC(CN1CCN(CCN(CCN(CC1)CC(=O)[O-])CC(=O)[O-])CC(=O)[O-])O.[Gd+3],2048,morgan
DB00817,CCN1C=C(C(=O)C2=C1C=C(C=C2)C3=CC=NC=C3)C(=O)O,2048,morgan
DB01153,C1=CC2=C(C(=C1)Cl)SC=C2COC(CN3C=CN=C3)C4=C(C=C(C=C4)Cl)Cl,2048,morgan
DB00603,CC1CC2C(CCC3(C2CCC3(C(=O)C)OC(=O)C)C)C4(C1=CC(=O)CC4)C,2048,morgan
DB00916,CC1=NC=C(N1CCO)[N+](=O)[O-],2048,morgan
DB01140,CC1=C(N2C(C(C2=O)NC(=O)C(C3=CC=C(C=C3)O)N)SC1)C(=O)O,2048,morgan
DB01157,CC1=C(C=CC2=C1C(=NC(=N2)N)N)CNC3=CC(=C(C(=C3)OC)OC)OC,2048,morgan
DB04575,CC12CCC3C(C1CCC2(C#C)O)CCC4=C3C=CC(=C4)OC5CCCC5,2048,morgan
DB06267,CCCC1=NN(C2=C1N=C(NC2=O)C3=C(C=CC(=C3)S(=O)(=O)NCCC4CCCN4C)OCCC)C,2048,morgan
DB00462,C[N+]1(C2CC(CC1C3C2O3)OC(=O)C(CO)C4=CC=CC=C4)C.[Br-],2048,morgan
DB00959,CC1CC2C3CCC(C3(CC(C2C4(C1=CC(=O)C=C4)C)O)C)(C(=O)CO)O,2048,morgan
DB01042,C1=CC(=CC=C1CC(C(=O)O)N)N(CCCl)CCCl,2048,morgan
DB01077,CC(O)(P(=O)(O)O)P(=O)(O)O,2048,morgan
DB00718,CC(C)(C)C(=O)OCOP(=O)(COCCN1C=NC2=C(N=CN=C21)N)OCOC(=O)C(C)(C)C,2048,morgan
DB00433,CN1CCN(CC1)CCCN2C3=CC=CC=C3SC4=C2C=C(C=C4)Cl,2048,morgan
DB08916,CN(C)CC=CC(=O)NC1=C(C=C2C(=C1)C(=NC=N2)NC3=CC(=C(C=C3)F)Cl)OC4CCOC4,2048,morgan
DB01237,CN(C)CCOC(C1=CC=CC=C1)C2=CC=C(C=C2)Br,2048,morgan
DB00861,C1=CC(=C(C=C1C2=C(C=C(C=C2)F)F)C(=O)O)O,2048,morgan
DB00627,C1=CC(=CN=C1)C(=O)O,2048,morgan
DB01111,CCC(C)CCCCC(=O)NC(CCNCS(=O)(=O)[O-])C(=O)NC(C(C)O)C(=O)NC(CCNCS(=O)(=O)[O-])C(=O)NC1CCNC(=O)C(NC(=O)C(NC(=O)C(NC(=O)C(NC(=O)C(NC(=O)C(NC1=O)CCNCS(=O)(=O)[O-])CC(C)C)CC(C)C)CCNCS(=O)(=O)[O-])CCNCS(=O)(=O)[O-])C(C)O,2048,morgan
DB00752,C1C(C1N)C2=CC=CC=C2,2048,morgan
DB01297,CC(C)NCC(COC1=CC=C(C=C1)NC(=O)C)O,2048,morgan
DB00644,CC(C)CC(C(=O)NC(CCCN=C(N)N)C(=O)N1CCCC1C(=O)NCC(=O)N)NC(=O)CNC(=O)C(CC2=CC=C(C=C2)O)NC(=O)C(CO)NC(=O)C(CC3=CNC4=CC=CC=C43)NC(=O)C(CC5=CN=CN5)NC(=O)C6CCC(=O)N6,2048,morgan
DB00338,CC1=CN=C(C(=C1OC)C)CS(=O)C2=NC3=C(N2)C=C(C=C3)OC,2048,morgan
DB00975,C1CCN(CC1)C2=NC(=NC3=C2N=C(N=C3N4CCCCC4)N(CCO)CCO)N(CCO)CCO,2048,morgan
DB01551,CN1CCC23C4C1CC5=C2C(=C(C=C5)OC)OC3C(CC4)O,2048,morgan
DB00369,C1=CN(C(=O)N=C1N)CC(CO)OCP(=O)(O)O,2048,morgan
DB01622,CN1CCN(CC1)CCCN2C3=CC=CC=C3SC4=C2C=C(C=C4)S(=O)(=O)N(C)C,2048,morgan
DB01186,CCCN1CC(CC2C1CC3=CNC4=CC=CC2=C34)CSC,2048,morgan
DB04948,CC(C1=NCCN1)OC2=C(C=CC=C2Cl)Cl,2048,morgan
DB01008,CS(=O)(=O)OCCCCOS(=O)(=O)C,2048,morgan
DB06813,C#CCC(CC1=CN=C2C(=N1)C(=NC(=N2)N)N)C3=CC=C(C=C3)C(=O)NC(CCC(=O)O)C(=O)O,2048,morgan
DB00310,C1=CC=C2C(=C1)C(=O)NC2(C3=CC(=C(C=C3)Cl)S(=O)(=O)N)O,2048,morgan
DB00924,CN(C)CCC=C1C2=CC=CC=C2C=CC3=CC=CC=C31,2048,morgan
DB00378,CC(=O)C1CCC2C1(CCC3C2C=CC4=CC(=O)CCC34C)C,2048,morgan
DB01580,CC(C)NCC(COC1=CC=CC=C1OCC=C)O,2048,morgan
DB01081,CCOC(=O)C1(CCN(CC1)CCC(C#N)(C2=CC=CC=C2)C3=CC=CC=C3)C4=CC=CC=C4,2048,morgan
DB05245,C1=CN=C(N=C1)[N-]S(=O)(=O)C2=CC=C(C=C2)N.[Ag+],2048,morgan
DB00176,COCCCCC(=NOCCN)C1=CC=C(C=C1)C(F)(F)F,2048,morgan
DB00175,CCC(C)C(=O)OC1CC(C=C2C1C(C(C=C2)C)CCC(CC(CC(=O)O)O)O)O,2048,morgan
DB00527,CCCCOC1=NC2=CC=CC=C2C(=C1)C(=O)NCCN(CC)CC,2048,morgan
DB00804,CCN(CC)CCOC(=O)C1(CCCCC1)C2CCCCC2,2048,morgan
DB01072,CC(C)(C)C(C(=O)NC(CC1=CC=CC=C1)C(CN(CC2=CC=C(C=C2)C3=CC=CC=N3)NC(=O)C(C(C)(C)C)NC(=O)OC)O)NC(=O)OC,2048,morgan
DB00843,COC1=C(C=C2C(=C1)CC(C2=O)CC3CCN(CC3)CC4=CC=CC=C4)OC,2048,morgan
DB01356,[Li+],2048,morgan
DB01319,CC(C)CN(CC(C(CC1=CC=CC=C1)NC(=O)OC2CCOC2)OP(=O)(O)O)S(=O)(=O)C3=CC=C(C=C3)N,2048,morgan
DB06713,CCC12CCC3C(C1CCC2(C#C)O)CCC4=CC(=NO)CCC34,2048,morgan
DB00534,COC(CNC(=O)N)C[Hg]Cl,2048,morgan
DB01087,CC(CCCN)NC1=C2C(=CC(=C1)OC)C=CC=N2,2048,morgan
DB09017,CC1=NN=C2N1C3=C(C=C(S3)Br)C(=NC2)C4=CC=CC=C4Cl,2048,morgan
DB09000,CC(CN1C2=CC=CC=C2SC3=C1C=C(C=C3)C#N)CN(C)C,2048,morgan
DB00297,CCCCN1CCCCC1C(=O)NC2=C(C=CC=C2C)C,2048,morgan
DB00691,CCOC(=O)C(CCC1=CC=CC=C1)NC(C)C(=O)N2CC3=CC(=C(C=C3CC2C(=O)O)OC)OC,2048,morgan
DB01330,CN1C(=NN=N1)SCC2=C(N3C(C(C3=O)(NC(=O)C4SC(=C(C(=O)N)C(=O)O)S4)OC)SC2)C(=O)O,2048,morgan
DB08987,CCCN(CC)C(CC)C(=O)NC1=C(C=CC=C1C)C,2048,morgan
DB00538,COCCNC(=O)CN(CCN(CCN(CC(=O)NCCOC)CC(=O)[O-])CC(=O)[O-])CC(=O)[O-].[Gd+3],2048,morgan
DB01206,C1CCC(CC1)NC(=O)N(CCCl)N=O,2048,morgan
DB01241,CC1=CC(=C(C=C1)C)OCCCC(C)(C)C(=O)O,2048,morgan
DB00917,CCCCCC(C=CC1C(CC(=O)C1CC=CCCCC(=O)O)O)O,2048,morgan
DB06718,CC12CCC3C(C1CCC2(C)O)CCC4C3(CC5=C(C4)NN=C5)C,2048,morgan
DB00235,CC1=C(C=C(C(=O)N1)C#N)C2=CC=NC=C2,2048,morgan
DB01171,C1COCCN1CCNC(=O)C2=CC=C(C=C2)Cl,2048,morgan
DB00584,CCOC(=O)C(CCC1=CC=CC=C1)NC(C)C(=O)N2CCCC2C(=O)O,2048,morgan
DB00770,CCCCCC(C=CC1C(CC(=O)C1CCCCCCC(=O)O)O)O,2048,morgan
DB00958,C1CC(C1)(C(=O)O)C(=O)O.N.N.[Pt+2],2048,morgan
DB04861,C1CC2=C(C=CC(=C2)F)OC1C(CNCC(C3CCC4=C(O3)C=CC(=C4)F)O)O,2048,morgan
DB00879,C1C(OC(S1)CO)N2C=C(C(=NC2=O)N)F,2048,morgan
DB00873,CC12CC(C3C(C1CCC2(C(=O)OCCl)O)CCC4=CC(=O)C=CC34C)O,2048,morgan
DB04942,CC1(CCC(C2=C1C=CC(=C2)NC(=O)C3=CC=C(C=C3)C(=O)O)(C)C)C,2048,morgan
DB06708,CCCCN(CCCC)CC(C1=CC(=CC2=C1C3=C(C2=CC4=CC=C(C=C4)Cl)C=C(C=C3)Cl)Cl)O,2048,morgan
DB00637,COC1=CC=C(C=C1)CCN2CCC(CC2)NC3=NC4=CC=CC=C4N3CC5=CC=C(C=C5)F,2048,morgan
DB06695,CCCCCCOC(=O)NC(=N)C1=CC=C(C=C1)NCC2=NC3=C(N2C)C=CC(=C3)C(=O)N(CCC(=O)OCC)C4=CC=CC=N4,2048,morgan
DB00050,CC(C)CC(C(=O)NC(CCCN=C(N)N)C(=O)N1CCCC1C(=O)NC(C)C(=O)N)NC(=O)C(CCCNC(=O)N)NC(=O)C(CC2=CC=C(C=C2)O)NC(=O)C(CO)NC(=O)C(CC3=CN=CC=C3)NC(=O)C(CC4=CC=C(C=C4)Cl)NC(=O)C(CC5=CC6=CC=CC=C6C=C5)NC(=O)C,2048,morgan
DB00682,CC(=O)CC(C1=CC=CC=C1)C2=C(C3=CC=CC=C3OC2=O)O,2048,morgan
DB09009,CCCNC(C)C(=O)NC1=C(SC=C1C)C(=O)OC,2048,morgan
DB00969,CC1=C(N=CN1)CN2CCC3=C(C2=O)C4=CC=CC=C4N3C,2048,morgan
DB00681,CC1C=CC=CC=CC=CC=CC=CC=CC(CC2C(C(CC(O2)(CC(CC(C(CCC(CC(CC(=O)OC(C(C1O)C)C)O)O)O)O)O)O)O)C(=O)O)OC3C(C(C(C(O3)C)O)N)O,2048,morgan
DB00524,CC1NC2=CC(=C(C=C2C(=O)N1C3=CC=CC=C3C)S(=O)(=O)N)Cl,2048,morgan
DB06268,CC1=CC2=C(C=C1CC(=O)C3=C(C=CS3)S(=O)(=O)NC4=C(C(=NO4)C)Cl)OCO2,2048,morgan
DB00152,CC1=C(SC=[N+]1CC2=CN=C(N=C2N)C)CCO,2048,morgan
DB00981,CC12CCN(C1N(C3=C2C=C(C=C3)OC(=O)NC)C)C,2048,morgan
DB00625,C1CC1C#CC2(C3=C(C=CC(=C3)Cl)NC(=O)O2)C(F)(F)F,2048,morgan
DB00564,C1=CC=C2C(=C1)C=CC3=CC=CC=C3N2C(=O)N,2048,morgan
DB00377,C1CC2CN(C(=O)C3=CC=CC(=C23)C1)C4CN5CCC4CC5,2048,morgan
DB01037,CC(CC1=CC=CC=C1)N(C)CC#C,2048,morgan
DB06770,C1=CC=C(C=C1)CO,2048,morgan
DB01116,C1CC2C3C(C[S+]2C1)N(C(=O)N3CC4=CC=CC=C4)CC5=CC=CC=C5,2048,morgan
DB01033,C1=NC2=C(N1)C(=S)N=CN2,2048,morgan
DB00296,CCCN1CCCCC1C(=O)NC2=C(C=CC=C2C)C,2048,morgan
DB00692,CC1=CC=C(C=C1)N(CC2=NCCN2)C3=CC(=CC=C3)O,2048,morgan
DB01090,C[N+]1(CCCC1)CCCCC[N+]2(CCCC2)C,2048,morgan
DB00355,CC1C(C(=O)N1S(=O)(=O)[O-])NC(=O)C(=NOC(C)(C)C(=O)O)C2=CSC(=[NH+]2)N,2048,morgan
DB04835,CC1=NN=C(N1C2CC3CCC(C2)N3CCC(C4=CC=CC=C4)NC(=O)C5CCC(CC5)(F)F)C(C)C,2048,morgan
DB00662,CN(C)CCOC1=CC=C(C=C1)CNC(=O)C2=CC(=C(C(=C2)OC)OC)OC,2048,morgan
DB00521,CC(C)(C)NCC(COC1=CC=CC2=C1CCC(=O)N2)O,2048,morgan
DB01144,C1=C(C=C(C(=C1S(=O)(=O)N)Cl)Cl)S(=O)(=O)N,2048,morgan
DB00214,CC1=CC(=CC=C1)NC2=C(C=NC=C2)S(=O)(=O)NC(=O)NC(C)C,2048,morgan
DB00633,CC1=C(C(=CC=C1)C(C)C2=CN=CN2)C,2048,morgan
DB04878,C1C(C(C(C(C1(CO)O)O)O)O)NC(CO)CO,2048,morgan
DB00406,CN(C)C1=CC=C(C=C1)C(=C2C=CC(=[N+](C)C)C=C2)C3=CC=C(C=C3)N(C)C,2048,morgan
DB01370,[Al],2048,morgan
DB01425,COC1=CC2=C(C=C1C(=O)NCC3CCCN3CC=C)NN=N2,2048,morgan
DB01003,C1=CC2=C(C(=C1)OCC(COC3=CC=CC4=C3C(=O)C=C(O4)C(=O)O)O)C(=O)C=C(O2)C(=O)O,2048,morgan
DB00830,CC1C(OCCN1)C2=CC=CC=C2,2048,morgan
DB02638,C1CC(N(C1)C(=O)C2CSSCC(C(=O)NC(C(=O)NC(C(=O)NC(C(=O)NC(C(=O)N2)CC(=O)N)CCC(=O)N)CC3=CC=CC=C3)CC4=CC=C(C=C4)O)NC(=O)CNC(=O)CNC(=O)CN)C(=O)NC(CCCCN)C(=O)NCC(=O)N,2048,morgan
DB08958,CCCCC(CC)CN1CC(CN(C1)CC(CC)CCCC)(C)N,2048,morgan
DB01231,C1CCN(CC1)CCCC(C2=CC=CC=C2)(C3=CC=CC=C3)O,2048,morgan
DB00282,C(CN)C(O)(P(=O)(O)O)P(=O)(O)O,2048,morgan
DB01377,[O-2].[Mg+2],2048,morgan
DB00287,CC(C)OC(=O)CCCC=CCC1C(CC(C1C=CC(COC2=CC=CC(=C2)C(F)(F)F)O)O)O,2048,morgan
DB00299,C1=NC2=C(N1CCC(CO)CO)N=C(NC2=O)N,2048,morgan
DB01155,CON=C1CN(CC1CN)C2=C(C=C3C(=O)C(=CN(C3=N2)C4CC4)C(=O)O)F,2048,morgan
DB06605,COC1=CC=C(C=C1)N2C3=C(CCN(C3=O)C4=CC=C(C=C4)N5CCCCC5=O)C(=N2)C(=O)N,2048,morgan
DB00301,CC1=C(C(=NO1)C2=C(C=CC=C2Cl)F)C(=O)NC3C4N(C3=O)C(C(S4)(C)C)C(=O)O,2048,morgan
DB08808,CC1=CC(=C(C=C1)Cl)OCC(CNC(C)(C)C)O,2048,morgan
DB08981,C1=CC=C(C=C1)C2=CC=C(C=C2)C(=O)CCC(=O)O,2048,morgan
DB01419,C1CN(CCN1CCOC(=O)C2=CC=CC=C2NC3=C4C=CC(=CC4=NC=C3)C(F)(F)F)C5=CC=CC(=C5)C(F)(F)F,2048,morgan
DB00117,C1=C(NC=N1)CC(C(=O)O)N,2048,morgan
DB00748,CN(C)CCOC(C1=CC=C(C=C1)Cl)C2=CC=CC=N2,2048,morgan
DB00272,C1=C(NN=C1)CCN,2048,morgan
DB00104,CC(C1C(=O)NC(CSSCC(C(=O)NC(C(=O)NC(C(=O)NC(C(=O)N1)CCCCN)CC2=CNC3=CC=CC=C32)CC4=CC=CC=C4)NC(=O)C(CC5=CC=CC=C5)N)C(=O)NC(CO)C(C)O)O,2048,morgan
DB00216,CN1CCCC1CC2=CNC3=C2C=C(C=C3)CCS(=O)(=O)C4=CC=CC=C4,2048,morgan
DB00441,C1=CN(C(=O)N=C1N)C2C(C(C(O2)CO)O)(F)F,2048,morgan
DB01211,CCC1C(C(C(C(=O)C(CC(C(C(C(C(C(=O)O1)C)OC2CC(C(C(O2)C)O)(C)OC)C)OC3C(C(CC(O3)C)N(C)C)O)(C)OC)C)C)O)(C)O,2048,morgan
DB00771,C[N+]12CCC(CC1)C(C2)OC(=O)C(C3=CC=CC=C3)(C4=CC=CC=C4)O,2048,morgan
DB05630,C(C(C1C2C(O[Sb](O2)(O1)O[Sb]34OC(C(O3)C(CO)O)C(O4)C(=O)[O-])C(=O)[O-])O)O.O.O.O.O.O.O.O.O.O.O.[OH-].[Na+].[Na+].[Na+],2048,morgan
DB00147,CC1=NC=C(C(=C1O)C=O)CO,2048,morgan
DB08826,CC1=C(C(=O)C=CN1C)O,2048,morgan
DB01301,CC1(C2CC3C(C(=O)C(=C(C3(C(=O)C2=C(C4=C1C=CC=C4O)O)O)O)C(=O)NCN5CCCC5)N(C)C)O,2048,morgan
DB01060,CC1(C(N2C(S1)C(C2=O)NC(=O)C(C3=CC=C(C=C3)O)N)C(=O)O)C,2048,morgan
DB00353,CCC(CO)NC(=O)C1CN(C2CC3=CNC4=CC=CC(=C34)C2=C1)C,2048,morgan
DB08847,C1C(CNC1C(=O)O)O,2048,morgan
DB08824,COC(=O)C1C2CCC(N2CCCF)CC1C3=CC=C(C=C3)I,2048,morgan
DB00776,C1C2=CC=CC=C2N(C3=CC=CC=C3C1=O)C(=O)N,2048,morgan
DB00219,CC[N+](C)(CC)CCOC(=O)C(C1CCCCC1)(C2=CC=CC=C2)O,2048,morgan
DB08795,CC1(C(N2C(S1)C(C2=O)NC(=O)C(C3=CC=CC=C3)N=[N+]=[N-])C(=O)O)C,2048,morgan
DB01114,CN(C)CCC(C1=CC=C(C=C1)Cl)C2=CC=CC=N2,2048,morgan
DB00948,CC1(C(N2C(S1)C(C2=O)NC(=O)C(C3=CC=CC=C3)NC(=O)N4CCN(C4=O)S(=O)(=O)C)C(=O)O)C,2048,morgan
DB00324,CC1CC2C3CCC(C3(CC(C2(C4(C1=CC(=O)C=C4)C)F)O)C)(C(=O)C)O,2048,morgan
DB06201,C1=CC(=C(C(=C1)F)CN2C=C(N=N2)C(=O)N)F,2048,morgan
DB00822,CCN(CC)C(=S)SSC(=S)N(CC)CC,2048,morgan
DB00815,CCCCCCCCCCCCOS(=O)(=O)[O-].[Na+],2048,morgan
DB00446,C1=CC(=CC=C1C(C(CO)NC(=O)C(Cl)Cl)O)[N+](=O)[O-],2048,morgan
DB00855,C(CC(=O)O)C(=O)CN,2048,morgan
DB06147,C1=CC(=CC=C1N)S(=O)(=O)NC2=NC=CS2,2048,morgan
DB04930,CC1(C(C1C(=O)OCC2=CC(=CC=C2)OC3=CC=CC=C3)C=C(Cl)Cl)C,2048,morgan
DB00319,CCN1CCN(C(=O)C1=O)C(=O)NC(C2=CC=CC=C2)C(=O)NC3C4N(C3=O)C(C(S4)(C)C)C(=O)O,2048,morgan
DB00902,CN1CCC(C1)CN2C3=CC=CC=C3SC4=CC=CC=C42,2048,morgan
DB01616,CCN(CCCC1=CC=CC=C1)CCCC2=CC=CC=C2,2048,morgan
DB01438,C1=CC=C(C=C1)N=NC2=C(N=C(C=C2)N)N,2048,morgan
DB00823,CC(=O)OC1CCC2C3CCC4(C(C3CCC2=C1)CCC4(C#C)OC(=O)C)C,2048,morgan
DB01030,CCC1(C2=C(COC1=O)C(=O)N3CC4=CC5=C(C=CC(=C5CN(C)C)O)N=C4C3=C2)O,2048,morgan
DB00499,CC(C)C(=O)NC1=CC(=C(C=C1)[N+](=O)[O-])C(F)(F)F,2048,morgan
DB00169,CC(C)CCCC(C)C1CCC2C1(CCCC2=CC=C3CC(CCC3=C)O)C,2048,morgan
DB00968,CC(CC1=CC(=C(C=C1)O)O)(C(=O)O)N,2048,morgan
DB00400,CC1CC(=O)C=C(C12C(=O)C3=C(O2)C(=C(C=C3OC)OC)Cl)OC,2048,morgan
DB00295,CN1CCC23C4C1CC5=C2C(=C(C=C5)O)OC3C(C=C4)O,2048,morgan
DB00889,CN1C2CCCC1CC(C2)NC(=O)C3=NN(C4=CC=CC=C43)C,2048,morgan
DB00961,CC1=C(C(=CC=C1)C)NC(=O)C2CCCCN2C,2048,morgan
DB01178,CN1C(S(=O)(=O)CCC1=O)C2=CC=C(C=C2)Cl,2048,morgan
DB00220,CC1=C(C=CC=C1O)C(=O)NC(CSC2=CC=CC=C2)C(CN3CC4CCCCC4CC3C(=O)NC(C)(C)C)O,2048,morgan
DB00177,CCCCC(=O)N(CC1=CC=C(C=C1)C2=CC=CC=C2C3=NNN=N3)C(C(C)C)C(=O)O,2048,morgan
DB01421,C1C(C(C(C(C1N)OC2C(C(C(C(O2)CO)O)O)N)OC3C(C(C(O3)CO)OC4C(C(C(C(O4)CN)O)O)N)O)O)N,2048,morgan
DB01099,C1=NC(=O)NC(=C1F)N,2048,morgan
DB01129,CC1=C(C=CN=C1CS(=O)C2=NC3=CC=CC=C3N2)OCCCOC,2048,morgan
DB04876,C1CC(N(C1)C(=O)CNC23CC4CC(C2)CC(C4)(C3)O)C#N,2048,morgan
DB06402,CCCCCCCCCCNCCNC1(CC(OC(C1O)C)OC2C(C(C(OC2OC3=C4C=C5C=C3OC6=C(C=C(C=C6)C(C(C(=O)NC(C(=O)NC5C(=O)NC7C8=CC(=C(C=C8)O)C9=C(C(=C(C=C9C(NC(=O)C(C(C1=CC(=C(O4)C=C1)Cl)O)NC7=O)C(=O)O)O)CNCP(=O)(O)O)O)CC(=O)N)NC(=O)C(CC(C)C)NC)O)Cl)CO)O)O)C,2048,morgan
DB04938,C1=CC=C(C=C1)C(=C(C2=CC=CC=C2)C3=CC=C(C=C3)OCCO)CCCl,2048,morgan
DB01187,CCOC(=O)CCCCCCCCC(C)C1=CC=CC=C1I,2048,morgan
DB00946,CCC(C1=CC=CC=C1)C2=C(C3=CC=CC=C3OC2=O)O,2048,morgan
DB08943,C1=CC(=C(C(=C1)Cl)COC(CN2C=CN=C2)C3=C(C=C(C=C3)Cl)Cl)Cl,2048,morgan
DB08882,CC#CCN1C2=C(N=C1N3CCCC(C3)N)N(C(=O)N(C2=O)CC4=NC5=CC=CC=C5C(=N4)C)C,2048,morgan
DB00896,CCC(=O)C1(C(CC2C1(CC(C3C2CCC4=CC(=O)C=CC34C)O)C)C)C,2048,morgan
DB00864,CC1CC(C2C(CC(C(O2)(C(=O)C(=O)N3CCCCC3C(=O)OC(C(C(CC(=O)C(C=C(C1)C)CC=C)O)C)C(=CC4CCC(C(C4)OC)O)C)O)C)OC)OC,2048,morgan
DB00964,C1CN=C(N1)NC2=C(C=C(C=C2Cl)N)Cl,2048,morgan
DB00729,C[N+]1(CCC(=C(C2=CC=CC=C2)C3=CC=CC=C3)CC1)C.COS(=O)(=O)[O-],2048,morgan
DB00504,C=CCN1CCC23CCCCC2C1CC4=C3C=C(C=C4)O,2048,morgan
DB00617,CCC1(C(=O)N(C(=O)O1)C)C,2048,morgan
DB00226,C1CCC2(CC1)OCC(O2)CN=C(N)N,2048,morgan
DB00263,CC1=C(ON=C1C)NS(=O)(=O)C2=CC=C(C=C2)N,2048,morgan
DB01545,CCOC(=O)C1C(=O)NC2=C(C=C(C=C2)Cl)C(=N1)C3=CC=CC=C3F,2048,morgan
DB00405,CN(C)CCC(C1=CC=C(C=C1)Br)C2=CC=CC=N2,2048,morgan
DB00411,C[N+](C)(C)CCOC(=O)N,2048,morgan
DB09021,CNCC12CCC(C3=CC=CC=C31)C4=CC=CC=C24,2048,morgan
DB01288,CC(CC1=CC=C(C=C1)O)NCC(C2=CC(=CC(=C2)O)O)O,2048,morgan
DB00130,C(CC(=O)N)C(C(=O)O)N,2048,morgan
DB01249,CC(=O)N(CC(CN(C1=C(C(=C(C(=C1I)C(=O)NCC(CO)O)I)C(=O)NCC(CO)O)I)C(=O)C)O)C2=C(C(=C(C(=C2I)C(=O)NCC(CO)O)I)C(=O)NCC(CO)O)I,2048,morgan
DB00826,CC1CC=CC=CC=CC=CC(CC2C(C(CC(O2)(CC(CC3C(O3)C=CC(=O)O1)O)O)O)C(=O)O)OC4C(C(C(C(O4)C)O)N)O,2048,morgan
DB04837,CN(C)CCC(C1=CC=CC=C1)(C2=CC=CC=C2Cl)O,2048,morgan
DB00699,CN1CC(CC2(C1CC3=CN(C4=CC=CC2=C34)C)OC)COC(=O)C5=CC(=CN=C5)Br,2048,morgan
DB00352,C1=NC2=C(N1)C(=S)N=C(N2)N,2048,morgan
DB01605,CC1(C(N2C(S1)C(C2=O)N=CN3CCCCCC3)C(=O)OCOC(=O)C(C)(C)C)C,2048,morgan
DB00984,CC12CCC3C(C1CCC2OC(=O)CCC4=CC=CC=C4)CCC5=CC(=O)CCC35,2048,morgan
DB00758,COC(=O)C(C1=CC=CC=C1Cl)N2CCC3=C(C2)C=CS3,2048,morgan
DB06700,CN(C)CC(C1=CC=C(C=C1)O)C2(CCCCC2)O,2048,morgan
DB00550,CCCC1=CC(=O)NC(=S)N1,2048,morgan
DB01424,CC1=C(C(=O)N(N1C)C2=CC=CC=C2)N(C)C,2048,morgan
DB06623,CCOC(=O)NC1=C(N=C(C=C1)NCC2=CC=C(C=C2)F)N,2048,morgan
DB01355,CC1(C(=O)NC(=O)N(C1=O)C)C2=CCCCC2,2048,morgan
DB01259,CS(=O)(=O)CCNCC1=CC=C(O1)C2=CC3=C(C=C2)N=CN=C3NC4=CC(=C(C=C4)OCC5=CC(=CC=C5)F)Cl,2048,morgan
DB04845,CC1CCCC2(C(O2)CC(NC(=O)CC(C(C(=O)C(C1O)C)(C)C)O)C(=CC3=CSC(=N3)C)C)C,2048,morgan
DB00742,C(C(C(C(C(CO)O)O)O)O)O,2048,morgan
DB00415,CC1(C(N2C(S1)C(C2=O)NC(=O)C(C3=CC=CC=C3)N)C(=O)O)C,2048,morgan
DB00520,CCC(C)CC(C)CCCCCCCCC(=O)NC1CC(C(NC(=O)C2C(CCN2C(=O)C(NC(=O)C(NC(=O)C3CC(CN3C(=O)C(NC1=O)C(C)O)O)C(C(C4=CC=C(C=C4)O)O)O)C(CCN)O)O)NCCN)O,2048,morgan
DB01175,CN(C)CCCC1(C2=C(CO1)C=C(C=C2)C#N)C3=CC=C(C=C3)F,2048,morgan
DB01128,CC(CS(=O)(=O)C1=CC=C(C=C1)F)(C(=O)NC2=CC(=C(C=C2)C#N)C(F)(F)F)O,2048,morgan
DB01160,CCCCCC(C=CC1C(CC(C1CC=CCCCC(=O)O)O)O)O.C(C(CO)(CO)N)O,2048,morgan
DB06704,C1=CC(=CC(=C1)I)CN=C(N)N,2048,morgan
DB01131,CC(C)N=C(N)N=C(N)NC1=CC=C(C=C1)Cl,2048,morgan
DB00650,C1C(N(C2=C(N1)N=C(NC2=O)N)C=O)CNC3=CC=C(C=C3)C(=O)NC(CCC(=O)O)C(=O)O,2048,morgan
DB08994,C1=CC=C(C=C1)C2=C(OC(=N2)N(CCO)CCO)C3=CC=CC=C3,2048,morgan
DB00711,CCN(CC)C(=O)N1CCN(CC1)C,2048,morgan
DB00573,CC(C1=CC(=CC=C1)OC2=CC=CC=C2)C(=O)O,2048,morgan
DB08800,CN(C)CCN(CC1=CC=C(C=C1)Cl)C2=CC=CC=N2,2048,morgan
DB07402,CC1=CC2=C(C=C1)N=C(N3N2C(=O)C(C3=O)CC=C)N(C)C,2048,morgan
DB01601,CC1=C(C(=CC=C1)C)OCC(=O)NC(CC2=CC=CC=C2)C(CC(CC3=CC=CC=C3)NC(=O)C(C(C)C)N4CCCNC4=O)O,2048,morgan
DB00654,CC(C)OC(=O)CCCC=CCC1C(CC(C1CCC(CCC2=CC=CC=C2)O)O)O,2048,morgan
DB00928,C1=NC(=NC(=O)N1C2C(C(C(O2)CO)O)O)N,2048,morgan
DB01262,C1C(C(OC1N2C=NC(=NC2=O)N)CO)O,2048,morgan
DB00856,C1=CC(=CC=C1OCC(CO)O)Cl,2048,morgan
DB01429,CCN(CC)CCCN(C1CC2=CC=CC=C2C1)C3=CC=CC=C3,2048,morgan
DB08792,CN(C1=CC=C(C=C1)O)C(=O)C(Cl)Cl,2048,morgan
DB01440,C(CC(=O)O)CO,2048,morgan
DB00345,C1=CC(=CC=C1C(=O)NCC(=O)O)N,2048,morgan
DB00710,CCCCCN(C)CCC(O)(P(=O)(O)O)P(=O)(O)O,2048,morgan
DB01013,CCC(=O)OC1(C(CC2C1(CC(C3(C2CCC4=CC(=O)C=CC43C)F)O)C)C)C(=O)CCl,2048,morgan
DB08934,CC(C)OC(=O)C(C)NP(=O)(OCC1C(C(C(O1)N2C=CC(=O)NC2=O)(C)F)O)OC3=CC=CC=C3,2048,morgan
DB00305,CC1=C(C(=O)C2=C(C1=O)N3CC4C(C3(C2COC(=O)N)OC)N4)N,2048,morgan
DB01435,CC1=CC(=O)N(N1C)C2=CC=CC=C2,2048,morgan
DB00480,C1CC(=O)NC(=O)C1N2CC3=C(C2=O)C=CC=C3N,2048,morgan
DB00660,CC1=CC(=CC(=C1)OCC2CNC(=O)O2)C,2048,morgan
DB01246,CC(CN1C2=CC=CC=C2SC3=CC=CC=C31)CN(C)C,2048,morgan
DB00871,CC(C)(C)NCC(C1=CC(=CC(=C1)O)O)O,2048,morgan
DB05521,CCCC(C(=O)C(=O)NC1CC1)NC(=O)C2C3CCCC3CN2C(=O)C(C(C)(C)C)NC(=O)C(C4CCCCC4)NC(=O)C5=NC=CN=C5,2048,morgan
DB01263,CCC(C(C)O)N1C(=O)N(C=N1)C2=CC=C(C=C2)N3CCN(CC3)C4=CC=C(C=C4)OCC5CC(OC5)(CN6C=NC=N6)C7=C(C=C(C=C7)F)F,2048,morgan
DB01034,CC=CCC=CCCC(=O)C1C(O1)C(=O)N,2048,morgan
DB06699,CC(C)CC(C(=O)NC(CCCCNC(C)C)C(=O)N1CCCC1C(=O)NC(C)C(=O)N)NC(=O)C(CC2=CC=C(C=C2)NC(=O)N)NC(=O)C(CC3=CC=C(C=C3)NC(=O)C4CC(=O)NC(=O)N4)NC(=O)C(CO)NC(=O)C(CC5=CN=CC=C5)NC(=O)C(CC6=CC=C(C=C6)Cl)NC(=O)C(CC7=CC8=CC=CC=C8C=C7)NC(=O)C,2048,morgan
DB01436,CC(C)CCCC(C)C1CCC2C1(CCCC2=CC=C3CC(CC(C3=C)O)O)C,2048,morgan
DB01002,CCCCN1CCCCC1C(=O)NC2=C(C=CC=C2C)C,2048,morgan
DB08810,CCOC1=CC(=C(C=C1C(=O)NC2CCN(CC2)CC3CCC=CC3)[N+](=O)[O-])N,2048,morgan
DB00789,C(CN(CC(=O)O)CC(=O)[O-])N(CCN(CC(=O)O)CC(=O)[O-])CC(=O)[O-].[Gd+3],2048,morgan
DB00555,C1=CC(=C(C(=C1)Cl)Cl)C2=C(N=C(N=N2)N)N,2048,morgan
DB00769,CCN(CC)CC(=O)OCC(=O)C1(CCC2C1(CC(C3C2CCC4=CC(=O)CCC34C)O)C)O,2048,morgan
DB04571,CC1=CC(=O)OC2=C1C=C3C=C(OC3=C2C)C,2048,morgan
DB04840,C1CN(CC2=CC=CC=C21)C(=N)N,2048,morgan
DB00257,C1=CC=C(C=C1)C(C2=CC=CC=C2)(C3=CC=CC=C3Cl)N4C=CN=C4,2048,morgan
DB00687,CC12CCC(=O)C=C1CCC3C2(C(CC4(C3CCC4(C(=O)CO)O)C)O)F,2048,morgan
DB00593,CCC1(CC(=O)NC1=O)C,2048,morgan
DB00858,CC1CC2(C(CCC3C2CCC4(C3CCC4O)C)CC1=O)C,2048,morgan
DB01357,CC12CCC3C(C1CCC2(C#C)O)CCC4=C3C=CC(=C4)OC,2048,morgan
DB00525,CC1=CC(=CC=C1)N(C)C(=S)OC2=CC3=CC=CC=C3C=C2,2048,morgan
DB00498,C1=CC=C(C=C1)C2C(=O)C3=CC=CC=C3C2=O,2048,morgan
DB00838,CC1CC2C3CC(C4=CC(=O)C=CC4(C3(C(CC2(C1C(=O)CO)C)O)Cl)C)F,2048,morgan
DB08887,CCC=CCC=CCC=CCC=CCC=CCCCC(=O)OCC,2048,morgan
DB00519,CCOC(=O)C(CCC1=CC=CC=C1)NC(C)C(=O)N2C3CCCCC3CC2C(=O)O,2048,morgan
DB00719,CN1CCC(=C2C3=CC=CC=C3CCC4=C2N=CC=C4)CC1,2048,morgan
DB06703,C1CN(CCN(CCN(CCN1CC(=O)[O-])CC(=O)[O-])C(CO)C(CO)O)CC(=O)[O-].[Gd+3],2048,morgan
DB08941,CC(COC1=CC=CC=C1)NC(C)C(C2=CC=C(C=C2)O)O,2048,morgan
DB00259,C1=CC(=CC=C1N)S(=O)(=O)N,2048,morgan
DB06730,CCC12CCC3C(C1C=CC2(C#C)O)CCC4=CC(=O)CCC34,2048,morgan
DB00178,CCOC(=O)C(CCC1=CC=CC=C1)NC(C)C(=O)N2C3CCCC3CC2C(=O)O,2048,morgan
DB00195,CC(C)NCC(COC1=CC=C(C=C1)CCOCC2CC2)O,2048,morgan
DB01412,CN1C=NC2=C1C(=O)NC(=O)N2C,2048,morgan
DB01397,C1=CC=C(C(=C1)C(=O)O)[O-].C1=CC=C(C(=C1)C(=O)O)[O-].[Mg+2],2048,morgan
DB00464,CCCCC(CC)CCC(CC(C)C)OS(=O)(=O)[O-].[Na+],2048,morgan
DB00685,C1C2C(C2N)CN1C3=C(C=C4C(=O)C(=CN(C4=N3)C5=C(C=C(C=C5)F)F)C(=O)O)F,2048,morgan
DB08957,C1=CC(=C(C=C1C(CNCCCCCCNCC(C2=CC(=C(C=C2)O)O)O)O)O)O,2048,morgan
DB00461,CC(=O)CCC1=CC2=C(C=C1)C=C(C=C2)OC,2048,morgan
DB04880,CC1=C(NC(=O)N1)C(=O)C2=CC=C(C=C2)SC,2048,morgan
DB00227,CCC(C)C(=O)OC1CC(C=C2C1C(C(C=C2)C)CCC3CC(CC(=O)O3)O)C,2048,morgan
DB01582,CC1=CC(=NC(=N1)NS(=O)(=O)C2=CC=C(C=C2)N)C,2048,morgan
DB00874,COC1=CC=CC=C1OCC(CO)O,2048,morgan
DB01261,C1CN2C(=NN=C2C(F)(F)F)CN1C(=O)CC(CC3=CC(=C(C=C3F)F)F)N,2048,morgan
DB00841,CC(CCC1=CC=C(C=C1)O)NCCC2=CC(=C(C=C2)O)O,2048,morgan
DB00252,C1=CC=C(C=C1)C2(C(=O)NC(=O)N2)C3=CC=CC=C3,2048,morgan
DB01202,CCC(C(=O)N)N1CCCC1=O,2048,morgan
DB00772,CCOC(=O)CC(C(=O)OCC)SP(=S)(OC)OC,2048,morgan
DB01482,CC(CC1=CC=CC=C1)NCCN2C=NC3=C2C(=O)N(C(=O)N3C)C,2048,morgan
DB06684,C1CN(CCN1CCCCC2=CNC3=C2C=C(C=C3)C#N)C4=CC5=C(C=C4)OC(=C5)C(=O)N,2048,morgan
DB00344,CNCCCC1C2=CC=CC=C2C=CC3=CC=CC=C13,2048,morgan
DB00609,CCC1=NC=CC(=C1)C(=S)N,2048,morgan
DB00412,CN(CCOC1=CC=C(C=C1)CC2C(=O)NC(=O)S2)C3=CC=CC=N3,2048,morgan
DB01274,CC(CC1=CC=C(C=C1)OC)NCC(C2=CC(=C(C=C2)O)NC=O)O,2048,morgan
DB01167,CCC(C)N1C(=O)N(C=N1)C2=CC=C(C=C2)N3CCN(CC3)C4=CC=C(C=C4)OCC5COC(O5)(CN6C=NC=N6)C7=C(C=C(C=C7)Cl)Cl,2048,morgan
DB08822,CCOC1=NC2=CC=CC(=C2N1CC3=CC=C(C=C3)C4=CC=CC=C4C5=NOC(=O)N5)C(=O)OCC6=C(OC(=O)O6)C,2048,morgan
DB06775,C(CC(=O)O)C(C(=O)O)NC(=O)N,2048,morgan
DB00471,CC(C)(C1=CC=CC=C1CCC(C2=CC=CC(=C2)C=CC3=NC4=C(C=CC(=C4)Cl)C=C3)SCC5(CC5)CC(=O)O)O,2048,morgan
DB06203,CN1C(=O)C=C(N(C1=O)CC2=CC=CC=C2C#N)N3CCCC(C3)N,2048,morgan
DB06292,CCOC1=CC=C(C=C1)CC2=C(C=CC(=C2)C3C(C(C(C(O3)CO)O)O)O)Cl,2048,morgan
DB08993,C1CNC(=NC1C2C(=O)NCC(C(=O)NC(C(=O)NC(C(=O)NC(=CNC(=O)N)C(=O)N2)CO)CO)NC(=O)CC(C(CCN)O)N)N,2048,morgan
DB06803,C1=CC(=C(C=C1[N+](=O)[O-])Cl)NC(=O)C2=C(C=CC(=C2)Cl)O,2048,morgan
DB00730,C1=CC=C2C(=C1)NC(=N2)C3=CSC=N3,2048,morgan
DB01620,CN(C)CCC(C1=CC=CC=C1)C2=CC=CC=N2,2048,morgan
DB06698,CNCCC1=CC=CC=N1,2048,morgan
DB06213,CNC(=O)C1=CN(N=C1)C2=NC(=C3C(=N2)N(C=N3)C4C(C(C(O4)CO)O)O)N,2048,morgan
DB00331,CN(C)C(=N)N=C(N)N,2048,morgan
DB08797,C1=CC=C(C(=C1)C(=O)N)O,2048,morgan
DB00737,CC1=CC(=CC=C1)CN2CCN(CC2)C(C3=CC=CC=C3)C4=CC=C(C=C4)Cl,2048,morgan
DB00645,CCCCOC1=CC=C(C=C1)C(=O)CCN2CCCCC2,2048,morgan
DB05812,CC12CCC(CC1=CCC3C2CCC4(C3CC=C4C5=CN=CC=C5)C)O,2048,morgan
DB00624,CC12CCC3C(C1CCC2O)CCC4=CC(=O)CCC34C,2048,morgan
DB08834,CC(CCC(=O)NCCS(=O)(=O)O)C1CCC2C1(CCC3C2C(CC4C3(CCC(C4)O)C)O)C,2048,morgan
DB00544,C1=C(C(=O)NC(=O)N1)F,2048,morgan
DB01623,CN1CCN(CC1)CCC=C2C3=CC=CC=C3SC4=C2C=C(C=C4)S(=O)(=O)N(C)C,2048,morgan
DB00362,CCCCCOC1=CC=C(C=C1)C2=CC=C(C=C2)C3=CC=C(C=C3)C(=O)NC4CC(C(NC(=O)C5C(C(CN5C(=O)C(NC(=O)C(NC(=O)C6CC(CN6C(=O)C(NC4=O)C(C)O)O)C(C(C7=CC=C(C=C7)O)O)O)C(C)O)C)O)O)O,2048,morgan
DB08971,CC1CC2C3CC(C4=CC(=O)C=CC4(C3C(CC2(C1C(=O)CO)C)O)C)F,2048,morgan
DB04711,C1=C(C(=C(C(=C1I)NC(=O)CCCCC(=O)NC2=C(C=C(C(=C2I)C(=O)O)I)I)I)C(=O)O)I,2048,morgan
DB08966,CC1=NC=C(C(=N1)N)CN(C=O)C(=C(CCO)SSCC2CCCO2)C,2048,morgan
DB00137,CC1=C(C(CC(C1)O)(C)C)C=CC(=CC=CC(=CC=CC=C(C)C=CC=C(C)C=CC2C(=CC(CC2(C)C)O)C)C)C,2048,morgan
DB01612,CCCCCON=O,2048,morgan
DB00763,CN1C=CNC1=S,2048,morgan
DB00983,CC(CC1=CC=C(C=C1)OC)NCC(C2=CC(=C(C=C2)O)NC=O)O,2048,morgan
DB08823,CCC1CCCC(C(C(=O)C2=CC3C4CC(CC4C=CC3C2CC(=O)O1)OC5C(C(C(C(O5)C)OC)OC)OC)C)OC6CCC(C(O6)C)N(C)C.CCC1CCCC(C(C(=O)C2=CC3C4CC(CC4C(=CC3C2CC(=O)O1)C)OC5C(C(C(C(O5)C)OC)OC)OC)C)OC6CCC(C(O6)C)N(C)C,2048,morgan
DB01489,CN1C2=C(C=C(C=C2)Cl)C(=NC(C1=O)OC(=O)N(C)C)C3=CC=CC=C3,2048,morgan
DB08893,C1=CC=C(C=C1)C(CNCCC2=CC=C(C=C2)NC(=O)CC3=CSC(=N3)N)O,2048,morgan
DB00955,CCNC1CC(C(C(C1OC2C(C(C(CO2)(C)O)NC)O)O)OC3C(CC=C(O3)CN)N)N,2048,morgan
DB00914,C1=CC=C(C=C1)CCN=C(N)N=C(N)N,2048,morgan
DB00764,CC1CC2C3CCC4=CC(=O)C=CC4(C3(C(CC2(C1(C(=O)CCl)O)C)O)Cl)C,2048,morgan
DB00932,CCCC1(CC(=C(C(=O)O1)C(CC)C2=CC(=CC=C2)NS(=O)(=O)C3=NC=C(C=C3)C(F)(F)F)O)CCC4=CC=CC=C4,2048,morgan
DB08899,CC1(C(=O)N(C(=S)N1C2=CC(=C(C=C2)C(=O)NC)F)C3=CC(=C(C=C3)C#N)C(F)(F)F)C,2048,morgan
DB01597,CC1(CC1C(=O)NC(=CCCCCSCC(C(=O)O)N)C(=O)O)C,2048,morgan
DB00258,CC(=O)[O-].CC(=O)[O-].[Ca+2],2048,morgan
DB00693,C1=CC=C2C(=C1)C(=O)OC23C4=C(C=C(C=C4)O)OC5=C3C=CC(=C5)O,2048,morgan
DB01428,COC1=CC(=C(C=C1)C(=O)C2=CC=CC=C2)O,2048,morgan
DB00971,S=[Se]=S,2048,morgan
DB00180,CC1(OC2CC3C4CC(C5=CC(=O)C=CC5(C4C(CC3(C2(O1)C(=O)CO)C)O)C)F)C,2048,morgan
DB01348,CCOC(=O)C(CCC1=CC=CC=C1)NC(C)C(=O)N2CC3(CC2C(=O)O)SCCS3,2048,morgan
DB08913,[Cl-].[Cl-].[223Ra++],2048,morgan
DB01361,CO[C@H]1C[C@H](O[C@H]2[C@H](C)[C@@H](O[C@@H]3O[C@H](C)C[C@@H]([C@H]3OC(C)=O)N(C)C)[C@@H](C)C[C@@]3(CO3)C(=O)[C@H](C)[C@@H](OC(C)=O)[C@@H](C)[C@@H](C)OC(=O)[C@@H]2C)O[C@@H](C)[C@@H]1OC(C)=O,2048,morgan
DB00286,C[C@]12CCC3C(C1CCC2=O)CCC4=C3C=CC(=C4)OS(=O)(=O)[O-].[Na+],2048,morgan
DB00667,NCCC1=CNC=N1,2048,morgan
DB00516,O.O=[Al]O[Al]=O.O=[Si]=O,2048,morgan
DB00375,C1C(O1)CCl.C(CNCCNCCNCCN)N,2048,morgan
DB01398,OC(=O)C1=CC=CC=C1O,2048,morgan
