,smiles,sequence,interactions
0,6018,18,0
1,5110,77,1
2,1695,306,0
3,475,1658,0
4,5651,202,0
5,3747,360,0
6,6782,438,1
7,14520,491,0
8,4776,376,0
9,8720,169,1
10,4622,404,1
11,1271,37,0
12,11693,77,0
13,5594,196,0
14,9781,1766,1
15,3878,446,0
16,9691,109,1
17,3497,155,0
18,8537,47,1
19,5526,1135,0
20,14403,202,0
21,2603,32,0
22,2429,2281,0
23,12507,431,1
24,7374,160,0
25,12687,49,1
26,1642,49,0
27,14159,271,1
28,303,42,0
29,267,724,0
30,863,889,0
31,305,242,0
32,3970,170,1
33,9126,104,1
34,481,1002,1
35,2105,155,1
36,2864,149,0
37,8745,168,1
38,13992,216,0
39,2623,35,1
40,11315,164,1
41,11431,77,0
42,5639,107,1
43,6516,86,0
44,9001,248,1
45,6785,94,0
46,965,155,1
47,12223,412,0
48,1754,409,1
49,4065,3,0
50,1595,55,1
51,268,1656,0
52,6929,836,0
53,1135,473,1
54,5565,24,0
55,5693,414,0
56,116,157,0
57,10259,84,1
58,6644,414,1
59,6948,32,0
60,3002,43,1
61,2835,18,0
62,2462,634,0
63,3564,77,0
64,7661,7,1
65,7450,206,0
66,8620,42,0
67,288,547,0
68,7001,386,0
69,11946,89,0
70,9626,176,1
71,3085,1256,0
72,2085,35,1
73,4837,148,1
74,152,344,0
75,6798,257,1
76,12598,37,0
77,4415,67,1
78,5173,77,0
79,5475,40,1
80,1666,657,1
81,234,48,0
82,9444,402,1
83,6787,128,0
84,993,33,0
85,11189,52,0
86,4347,256,0
87,9822,583,0
88,14122,686,1
89,10572,18,0
90,8281,37,0
91,5617,40,1
92,2352,52,0
93,5944,582,0
94,11230,40,1
95,3465,1127,1
96,7282,153,1
97,1255,112,1
98,12085,39,1
99,4515,1,0
100,5441,230,1
101,3499,179,1
102,1527,2142,0
103,1050,38,1
104,4282,67,1
105,2300,95,1
106,7407,43,0
107,9953,77,0
108,4732,875,0
109,579,3,1
110,8986,1,0
111,4952,216,0
112,1809,100,1
113,162,698,0
114,13894,19,0
115,1656,807,1
116,561,936,0
117,10295,310,1
118,6750,56,0
119,960,1321,1
120,10013,518,0
121,6994,37,0
122,1490,48,0
123,10300,0,0
124,9281,238,0
125,2438,131,0
126,2945,11,0
127,12623,806,1
128,9189,212,0
129,685,320,0
130,11049,171,0
131,1959,1995,0
132,4221,2193,0
133,13678,52,0
134,1359,111,0
135,13079,67,1
136,7385,86,0
137,12819,303,1
138,9254,391,1
139,1887,891,0
140,14173,604,1
141,5690,67,1
142,8823,77,0
143,13503,284,1
144,7300,1483,1
145,5001,18,0
146,11079,56,0
147,13747,196,0
148,8670,2129,1
149,204,17,0
150,615,1735,0
151,11508,32,0
152,3044,895,0
153,13448,1322,1
154,5034,1413,0
155,3352,77,0
156,196,964,0
157,9496,100,0
158,12895,22,1
159,10048,1936,0
160,8294,94,1
161,2030,3,0
162,1089,604,0
163,9669,34,0
164,11161,944,0
165,10322,343,1
166,1862,216,0
167,9517,18,0
168,1136,248,0
169,14499,178,1
170,8183,52,0
171,10457,1845,1
172,4387,27,0
173,4513,0,0
174,3689,17,0
175,12183,1919,0
176,3545,22,1
177,321,0,0
178,2816,32,0
179,31,1731,1
180,6520,41,0
181,242,1704,1
182,4337,211,1
183,741,101,0
184,871,764,0
185,6268,236,1
186,2693,52,0
187,5393,2028,1
188,1046,484,0
189,8934,66,0
190,11524,543,0
191,10834,66,0
192,1166,411,1
193,8722,149,0
194,10180,536,0
195,12313,51,0
196,2464,67,1
197,13507,84,1
198,7198,40,1
199,2708,369,1
200,10106,1824,0
201,885,37,0
202,566,682,0
203,242,321,1
204,1585,219,1
205,6221,37,0
206,10945,56,0
207,13941,52,0
208,3444,77,0
209,8048,110,0
210,14562,343,1
211,9394,985,0
212,13459,114,1
213,1563,158,0
214,1276,278,0
215,10651,200,0
216,9768,751,1
217,6937,61,0
218,8526,160,1
219,14303,3,0
220,1180,431,1
221,12614,246,1
222,3461,49,0
223,863,2503,0
224,2090,274,0
225,6383,402,1
226,277,916,0
227,1461,322,0
228,2684,40,1
229,3055,329,0
230,13086,42,0
231,6981,287,0
232,9032,160,1
233,12343,476,0
234,1628,2422,0
235,1251,440,0
236,180,181,1
237,6596,551,1
238,11896,654,1
239,9764,365,0
240,1771,1272,0
241,10622,42,0
242,6986,518,0
243,4008,128,0
244,242,1372,1
245,1225,320,0
246,2852,133,0
247,8198,1299,0
248,3811,2224,0
249,107,2034,0
250,6578,292,0
251,12049,235,0
252,755,1072,1
253,2228,94,0
254,2332,49,0
255,942,440,0
256,11987,181,0
257,8598,375,0
258,10340,52,0
259,5839,805,1
260,5630,0,0
261,11958,438,1
262,4297,17,0
263,109,2291,1
264,10554,371,1
265,1865,1990,0
266,10283,975,0
267,7743,321,1
268,8790,636,1
269,12277,40,1
270,7046,49,1
271,2213,223,0
272,1979,783,0
273,646,77,0
274,3703,228,0
275,13790,74,0
276,628,559,0
277,11885,317,0
278,10411,107,1
279,8020,1017,0
280,1978,125,1
281,10525,365,0
282,445,50,1
283,1137,31,0
284,658,77,0
285,8602,3,0
286,11047,91,0
287,1690,786,0
288,3774,60,0
289,2148,1023,0
290,11003,3,0
291,6588,514,0
292,242,7,1
293,3897,1032,0
294,3123,129,1
295,14353,995,0
296,2467,7,0
297,491,34,1
298,6170,244,0
299,11658,60,0
300,10855,195,0
301,7389,219,1
302,5989,77,0
303,8132,129,1
304,455,441,0
305,2115,129,0
306,6060,400,1
307,8366,375,0
308,11345,125,0
309,5765,196,0
310,2709,330,0
311,8756,77,1
312,887,119,0
313,9260,771,1
314,11352,149,1
315,8000,214,0
316,8650,750,1
317,2505,223,0
318,3545,265,0
319,9647,180,1
320,2774,418,0
321,220,41,0
322,5704,42,0
323,11051,128,0
324,4797,353,0
325,12164,2408,1
326,4512,77,1
327,6158,52,0
328,3639,169,1
329,9480,0,0
330,5109,59,0
331,14242,196,0
332,3209,13,1
333,242,668,1
334,13074,7,0
335,11190,196,0
336,4256,18,0
337,7787,27,0
338,686,220,1
339,6046,1338,0
340,3442,269,1
341,7078,862,1
342,742,222,0
343,12413,17,0
344,1503,185,0
345,8867,60,0
346,6228,157,1
347,6767,1596,0
348,5466,462,0
349,12852,3,1
350,10450,1264,1
351,4412,56,0
352,2244,442,0
353,6539,18,0
354,95,211,1
355,5088,7,0
356,1578,653,0
357,7199,204,0
358,12188,200,0
359,5654,547,0
360,7019,402,0
361,5978,33,0
362,7005,462,0
363,8815,1913,0
364,1672,215,0
365,10470,93,1
366,9585,3,0
367,13882,2035,0
368,3596,483,0
369,13923,360,1
370,9579,405,1
371,202,216,0
372,9375,132,0
373,4582,52,0
374,9806,103,1
375,14056,404,1
376,757,508,1
377,130,100,1
378,13640,0,0
379,2528,3,0
380,1229,137,0
381,10529,131,0
382,79,104,1
383,8599,1135,1
384,7079,242,1
385,6354,52,0
386,14036,7,0
387,4603,160,1
388,6655,3,0
389,6089,93,1
390,2964,77,0
391,12685,620,0
392,6604,32,0
393,5550,56,0
394,8660,102,0
395,5593,443,1
396,64,47,1
397,4027,26,1
398,9114,17,0
399,6608,1259,1
400,1117,0,0
401,4,3,0
402,561,536,0
403,4555,249,0
404,6525,166,1
405,8036,102,0
406,2255,48,0
407,3025,464,0
408,12997,604,1
409,1653,40,1
410,11504,189,1
411,11243,129,1
412,5231,83,1
413,2115,297,0
414,6165,40,1
415,2394,588,0
416,465,421,1
417,2600,382,1
418,2377,49,1
419,2584,148,1
420,12759,362,0
421,4378,1749,1
422,2081,235,1
423,994,407,0
424,3365,0,0
425,1578,157,0
426,9270,489,0
427,473,41,0
428,2943,902,0
429,3104,877,0
430,4470,653,0
431,10253,3,0
432,9785,95,1
433,7450,237,1
434,8127,3,0
435,11788,128,0
436,14169,91,0
437,8327,0,0
438,14210,53,1
439,9413,1722,1
440,8599,1521,0
441,12060,13,0
442,4683,29,0
443,8680,741,1
444,545,495,0
445,88,22,1
446,4514,73,1
447,7516,37,0
448,3437,1609,1
449,11779,39,1
450,6163,17,1
451,212,991,0
452,6,43,1
453,1723,95,0
454,12103,201,0
455,13064,204,0
456,7903,7,0
457,4242,17,0
458,11482,170,1
459,7947,73,1
460,7856,49,1
461,5722,376,0
462,338,60,0
463,6390,67,1
464,9861,405,0
465,8392,1028,1
466,863,1355,0
467,622,17,0
468,3870,765,0
469,8010,48,0
470,10092,2523,1
471,14395,648,0
472,1834,260,1
473,268,770,1
474,5383,17,0
475,2901,48,0
476,10079,77,0
477,12619,381,0
478,1865,784,0
479,10593,198,0
480,14627,473,1
481,1020,278,0
482,12355,38,1
483,4153,67,1
484,3426,77,0
485,7622,109,1
486,4115,3,0
487,7142,212,0
488,12108,1564,0
489,10255,626,0
490,1344,0,0
491,8924,38,1
492,4104,100,1
493,12849,1062,0
494,9128,438,0
495,4276,125,0
496,4464,389,1
497,4509,100,1
498,10513,741,1
499,13477,86,1
500,721,228,1
501,11711,115,0
502,10984,204,0
503,1718,762,0
504,1490,17,0
505,9606,31,1
506,1095,177,0
507,3927,397,1
508,10886,100,1
509,2072,56,0
510,13517,35,1
511,1285,133,1
512,6664,521,1
513,5408,34,0
514,1576,77,0
515,3208,940,1
516,9185,41,0
517,1391,40,1
518,13231,750,0
519,94,135,1
520,11235,225,1
521,8033,455,1
522,7441,35,0
523,7421,18,0
524,12390,719,0
525,3719,78,1
526,579,714,0
527,3229,3,0
528,5373,23,0
529,10300,380,1
530,12718,137,0
531,11212,405,0
532,465,512,0
533,6728,17,0
534,11329,326,1
535,2508,223,0
536,432,137,0
537,6758,1437,0
538,2087,43,0
539,14563,13,0
540,5493,891,0
541,2012,2306,1
542,7689,185,1
543,3178,1879,1
544,401,35,1
545,7902,32,0
546,766,1047,0
547,9531,770,1
548,10145,276,0
549,12277,32,0
550,20,223,0
551,4073,94,0
552,2342,74,0
553,2716,37,0
554,14145,231,0
555,126,98,1
556,5493,0,0
557,14512,235,0
558,6728,0,0
559,5621,447,0
560,416,93,1
561,194,3,0
562,623,447,1
563,5009,3,0
564,6587,750,0
565,3537,72,0
566,6886,490,1
567,4227,514,0
568,10418,37,0
569,12864,32,0
570,4400,438,0
571,8082,821,1
572,8466,269,1
573,11488,254,0
574,8851,908,0
575,1543,3,0
576,880,1701,0
577,6153,100,0
578,908,111,0
579,2920,187,0
580,22,21,0
581,8524,77,0
582,5947,200,0
583,6954,0,0
584,659,43,1
585,8878,37,0
586,1464,117,0
587,13180,173,0
588,4458,0,0
589,4665,17,0
590,2222,52,0
591,4204,160,1
592,397,247,1
593,553,709,1
594,8352,83,1
595,14249,620,0
596,1507,204,0
597,2582,49,1
598,13437,56,0
599,681,1369,1
600,5762,221,0
601,1458,372,0
602,7545,40,0
603,4411,405,1
604,3916,2023,0
605,8887,0,0
606,2343,32,0
607,13127,780,0
608,3264,365,0
609,14532,110,0
610,12347,232,1
611,3331,19,1
612,49,1205,0
613,10422,835,0
614,3206,80,1
615,12175,771,0
616,2866,32,1
617,8805,52,0
618,5819,129,1
619,9976,210,1
620,10218,372,1
621,3228,689,0
622,9491,292,0
623,13710,115,0
624,13484,18,0
625,1331,204,0
626,699,399,1
627,2226,0,0
628,8309,220,0
629,3394,89,0
630,5546,100,1
631,9994,315,1
632,5053,835,0
633,1857,242,1
634,7490,495,0
635,4984,52,0
636,13546,326,0
637,10256,807,0
638,3438,534,1
639,2337,782,1
640,4511,98,0
641,3942,831,0
642,11500,23,0
643,404,248,1
644,10964,77,0
645,3356,7,0
646,4388,41,0
647,6178,770,1
648,10394,344,0
649,1331,655,0
650,6455,521,1
651,1438,846,1
652,1975,476,0
653,269,187,1
654,7907,17,0
655,4029,126,1
656,2588,330,0
657,1204,17,0
658,12444,77,1
659,9039,77,0
660,5472,110,1
661,11113,489,1
662,13555,2555,0
663,9923,557,0
664,6511,0,0
665,2418,131,0
666,12170,42,0
667,919,5,0
668,3621,195,0
669,1299,34,1
670,4952,97,0
671,533,149,0
672,10670,59,0
673,11136,1382,1
674,6673,562,0
675,3362,615,0
676,10230,1818,1
677,1567,95,1
678,1878,35,1
679,1480,910,0
680,1870,1800,0
681,13686,56,0
682,1808,361,0
683,6297,108,0
684,3066,343,1
685,5381,46,1
686,9158,0,0
687,197,139,1
688,338,494,1
689,415,35,1
690,659,943,1
691,10726,52,0
692,13083,439,1
693,5454,926,1
694,944,53,0
695,2786,2123,0
696,3394,687,1
697,12016,34,1
698,11710,168,1
699,1538,3,0
700,1563,111,0
701,12320,192,1
702,5131,3,0
703,7967,7,0
704,11515,50,1
705,4905,113,1
706,5719,374,0
707,14552,687,1
708,14142,3,0
709,1299,438,1
710,10821,558,0
711,6170,3,0
712,5187,1212,1
713,12098,83,1
714,14250,797,1
715,7755,67,1
716,2705,1466,1
717,8014,1047,1
718,7689,219,1
719,4423,794,1
720,13947,518,0
721,8870,297,0
722,2260,67,1
723,1056,129,1
724,13547,18,0
725,7999,2252,1
726,220,154,0
727,2255,197,0
728,11506,242,0
729,3751,41,0
730,7846,405,0
731,4166,345,0
732,14158,42,0
733,7515,47,1
734,14263,24,0
735,5735,77,0
736,968,0,0
737,13698,2390,1
738,5750,18,0
739,7995,485,0
740,8085,3,0
741,11163,52,0
742,9417,95,1
743,14097,67,1
744,5740,653,1
745,4275,471,1
746,4926,3,0
747,6533,68,0
748,5908,1407,1
749,8866,634,0
750,3241,926,1
751,10273,42,0
752,8158,101,1
753,6125,41,0
754,2119,836,1
755,7367,329,0
756,10625,120,1
757,12073,100,1
758,9080,37,0
759,11720,83,1
760,3728,17,0
761,4070,25,0
762,8047,49,0
763,5733,269,1
764,10282,284,1
765,1374,160,0
766,2157,265,0
767,4700,570,1
768,11441,77,0
769,1738,99,1
770,14188,150,1
771,6524,170,1
772,14624,343,1
773,630,519,1
774,1801,193,1
775,13252,749,0
776,2489,771,0
777,3975,807,1
778,3552,113,1
779,258,0,0
780,9281,1,0
781,11472,50,1
782,9902,35,1
783,10139,428,1
784,1089,2315,0
785,2452,156,0
786,10652,196,0
787,7777,230,1
788,10383,372,1
789,13711,26,0
790,4726,77,0
791,2095,55,1
792,11991,77,0
793,11714,703,1
794,9384,17,0
795,6346,67,1
796,13673,126,1
797,5939,599,1
798,13866,42,0
799,1928,3,0
800,6256,52,0
801,345,32,0
802,4865,3,0
803,7646,110,0
804,3861,51,1
805,5817,224,1
806,3235,256,0
807,10454,66,0
808,4601,8,1
809,5829,1317,0
810,11222,56,0
811,4431,768,0
812,7306,818,0
813,228,34,1
814,1811,276,1
815,2670,235,0
816,4988,8,1
817,11069,937,0
818,13628,50,1
819,5101,2189,1
820,2730,3,0
821,6363,343,1
822,8986,111,0
823,3834,91,1
824,3143,3,0
825,12216,77,0
826,8586,48,1
827,5180,58,0
828,12805,650,0
829,8001,978,0
830,2541,49,1
831,437,557,0
832,618,343,1
833,1600,135,1
834,7464,77,0
835,1768,22,1
836,12630,47,1
837,12687,265,0
838,5416,80,1
839,11332,100,0
840,1225,476,1
841,8815,1657,0
842,1615,609,1
843,4410,672,0
844,8725,403,1
845,4394,93,1
846,6882,2337,0
847,13480,18,0
848,13372,1095,1
849,2994,460,0
850,4043,1059,1
851,11399,67,1
852,7964,0,0
853,14463,18,0
854,8371,17,0
855,354,229,0
856,513,172,0
857,5582,125,1
858,2533,3,0
859,10336,316,1
860,13281,18,0
861,7550,180,0
862,2816,40,0
863,11792,39,0
864,4118,871,0
865,12612,50,1
866,3801,256,1
867,4788,7,0
868,933,184,0
869,13722,52,0
870,13953,817,0
871,8573,214,0
872,3020,1032,1
873,5078,229,1
874,13445,52,0
875,1571,18,0
876,1089,1442,0
877,4132,1878,0
878,6713,128,0
879,12727,32,0
880,13200,198,0
881,4558,60,0
882,3291,467,0
883,6716,3,0
884,11528,19,1
885,5459,3,0
886,12139,1901,0
887,12171,267,0
888,38,1248,0
889,9219,411,1
890,3238,41,0
891,8008,49,0
892,7367,260,0
893,11189,1280,0
894,784,77,0
895,13709,473,1
896,4454,142,1
897,3035,115,0
898,11289,228,0
899,3177,7,0
900,6638,0,0
901,11842,624,0
902,9282,77,0
903,268,733,0
904,8831,214,0
905,2139,149,0
906,4149,242,1
907,8548,220,0
908,12221,148,1
909,10982,77,0
910,1389,926,1
911,1144,17,0
912,5619,382,1
913,2741,37,0
914,3544,933,0
915,14582,891,0
916,12454,129,1
917,7248,77,0
918,434,28,1
919,6105,100,1
920,6914,375,1
921,3340,40,1
922,14271,768,0
923,14126,195,0
924,1661,466,0
925,2793,24,0
926,8169,366,1
927,9428,18,0
928,4229,89,1
929,4767,0,0
930,1426,48,0
931,3901,48,0
932,1227,18,0
933,2728,856,0
934,12898,67,1
935,385,122,0
936,14417,204,0
937,10811,242,0
938,411,0,0
939,14124,8,1
940,7996,17,0
941,1088,376,0
942,4573,1211,0
943,1931,100,1
944,13991,341,1
945,7950,34,1
946,69,769,1
947,2746,1,0
948,1195,929,1
949,10146,543,1
950,2110,920,0
951,3618,392,0
952,11778,149,0
953,7142,10,1
954,1937,836,0
955,13818,79,0
956,1163,9,1
957,4066,3,0
958,3231,460,0
959,682,143,1
960,605,334,1
961,3314,1,0
962,1144,427,1
963,13951,997,0
964,8441,214,0
965,658,750,0
966,2054,201,0
967,13404,80,1
968,2180,966,0
969,1886,370,1
970,323,171,0
971,5618,128,0
972,5004,267,0
973,2190,443,1
974,3750,1313,0
975,5969,2287,0
976,5771,419,1
977,7274,139,1
978,371,25,0
979,3285,48,0
980,13029,67,1
981,2395,39,1
982,9824,18,0
983,368,1915,1
984,10724,102,0
985,8009,230,1
986,3949,50,1
987,863,1626,0
988,8806,126,1
989,8753,37,0
990,9268,376,0
991,9200,35,1
992,13755,77,0
993,5192,216,0
994,270,613,1
995,6708,17,0
996,8763,314,0
997,7869,35,1
998,3911,310,0
999,9558,78,1
1000,1634,964,1
1001,9254,200,0
1002,6358,2205,1
1003,665,212,0
1004,687,360,1
1005,5912,196,0
1006,9473,100,1
1007,6217,149,0
1008,10726,37,0
1009,10372,158,1
1010,5626,3,0
1011,2114,329,1
1012,11501,17,0
1013,13910,51,1
1014,8426,22,0
1015,8527,38,1
1016,6953,18,0
1017,10537,7,0
1018,5663,25,0
1019,2640,1133,0
1020,8702,447,1
1021,11604,17,0
1022,2125,32,0
1023,13451,42,0
1024,5913,25,0
1025,8484,91,1
1026,9602,95,1
1027,4540,736,1
1028,2231,77,0
1029,12199,39,1
1030,863,382,0
1031,2978,794,0
1032,2773,77,0
1033,7269,269,1
1034,14040,242,0
1035,6941,437,0
1036,13496,558,1
1037,8888,1429,0
1038,1406,373,0
1039,11590,39,1
1040,2671,67,1
1041,10089,42,0
1042,5222,832,0
1043,10900,91,0
1044,2542,220,0
1045,3597,274,0
1046,5812,520,1
1047,12867,77,0
1048,5050,613,1
1049,9003,1769,0
1050,9326,234,0
1051,10106,65,1
1052,2416,246,0
1053,1530,619,1
1054,3277,17,1
1055,1291,402,0
1056,5697,0,0
1057,11465,890,0
1058,3234,520,1
1059,979,117,0
1060,692,617,1
1061,10304,125,0
1062,9812,77,0
1063,2386,534,1
1064,7836,3,0
1065,3733,109,1
1066,2616,77,0
1067,6895,7,1
1068,3469,265,1
1069,13896,369,1
1070,2868,125,1
1071,9283,67,1
1072,3322,223,0
1073,4887,361,0
1074,12591,382,0
1075,12173,501,0
1076,2749,0,0
1077,14095,52,0
1078,4599,523,1
1079,12681,438,1
1080,3579,3,0
1081,2086,17,0
1082,12745,173,1
1083,1549,197,0
1084,3939,638,1
1085,8979,1693,1
1086,630,4,0
1087,4407,818,0
1088,8817,34,1
1089,3011,413,1
1090,1801,3,0
1091,11562,140,0
1092,2970,232,1
1093,4511,552,1
1094,2781,256,0
1095,2668,1351,0
1096,3644,223,0
1097,5901,39,1
1098,5786,771,1
1099,11814,52,0
1100,3826,40,1
1101,3467,128,0
1102,8544,67,1
1103,4592,0,0
1104,6830,0,0
1105,11868,32,0
1106,11164,135,1
1107,943,1067,0
1108,1609,97,1
1109,3123,19,1
1110,10997,204,0
1111,1078,1161,0
1112,1035,131,0
1113,8546,473,1
1114,4566,547,0
1115,3662,122,0
1116,10503,55,1
1117,387,223,0
1118,6621,16,1
1119,13105,129,1
1120,309,189,1
1121,3591,42,0
1122,10993,48,0
1123,12445,52,0
1124,3348,140,0
1125,4638,1476,0
1126,2017,37,0
1127,11306,67,1
1128,11004,242,0
1129,9519,749,0
1130,11966,473,1
1131,5935,248,1
1132,5604,397,1
1133,3588,18,0
1134,517,153,0
1135,12622,34,1
1136,9435,358,1
1137,527,27,0
1138,9456,836,0
1139,2250,3,0
1140,7878,47,1
1141,1369,1974,0
1142,12001,321,1
1143,4804,0,0
1144,10924,539,0
1145,766,594,0
1146,8038,406,1
1147,11935,237,1
1148,5799,60,0
1149,4252,170,1
1150,5566,424,1
1151,14578,232,1
1152,1208,1106,1
1153,8242,326,1
1154,2680,187,0
1155,3699,369,1
1156,376,238,0
1157,11948,418,0
1158,4432,620,1
1159,320,326,0
1160,5015,208,0
1161,6748,79,0
1162,9551,1142,0
1163,4348,709,0
1164,9554,2263,1
1165,14270,256,1
1166,9880,49,1
1167,3443,220,1
1168,9140,73,1
1169,5162,939,1
1170,9427,418,0
1171,1046,771,0
1172,6845,24,0
1173,5233,7,0
1174,2378,977,0
1175,5233,39,1
1176,8438,446,0
1177,2709,1079,0
1178,4122,28,1
1179,5602,161,1
1180,8673,1166,1
1181,13147,42,0
1182,10194,61,0
1183,2469,786,0
1184,587,180,1
1185,7924,242,1
1186,1900,223,0
1187,8605,83,1
1188,8575,326,1
1189,904,25,0
1190,2998,1184,0
1191,7625,37,0
1192,12647,50,1
1193,9875,66,0
1194,9990,242,0
1195,4465,259,1
1196,8324,0,0
1197,1827,32,0
1198,14030,237,0
1199,12679,0,0
1200,3936,698,0
1201,3702,267,0
1202,10356,155,0
1203,6004,102,0
1204,8735,50,1
1205,5558,716,1
1206,1225,31,0
1207,13004,178,0
1208,7748,39,1
1209,6928,438,0
1210,13795,67,1
1211,1942,103,1
1212,4186,836,0
1213,3722,85,1
1214,1596,51,0
1215,3858,114,1
1216,1909,3,0
1217,3917,501,0
1218,13,1956,1
1219,4622,220,0
1220,2300,405,1
1221,610,228,1
1222,3407,52,0
1223,593,52,1
1224,7280,23,0
1225,3255,0,0
1226,13526,176,0
1227,13941,100,1
1228,12415,428,1
1229,567,456,0
1230,2734,48,0
1231,11385,77,0
1232,11635,42,0
1233,6978,41,0
1234,4233,701,0
1235,273,675,1
1236,6788,230,1
1237,332,405,0
1238,9908,1939,0
1239,12274,37,0
1240,2241,46,1
1241,13456,505,0
1242,9858,3,0
1243,484,442,0
1244,8741,68,0
1245,7000,198,0
1246,13236,109,1
1247,1241,409,1
1248,4719,2045,0
1249,1562,877,0
1250,4234,82,1
1251,14325,369,1
1252,1518,2299,0
1253,12416,26,0
1254,3294,957,0
1255,766,2338,1
1256,8928,52,0
1257,4239,77,0
1258,10663,0,0
1259,10369,33,0
1260,4438,288,0
1261,9687,17,0
1262,4416,67,1
1263,6523,2531,1
1264,4410,4,0
1265,14473,329,0
1266,2,48,0
1267,823,409,1
1268,13460,725,0
1269,384,242,0
1270,6659,497,1
1271,6614,77,1
1272,10375,35,1
1273,1950,27,1
1274,5362,1504,0
1275,9351,214,0
1276,386,8,1
1277,3502,460,0
1278,8371,3,0
1279,8772,577,1
1280,11586,243,1
1281,11285,37,0
1282,1263,204,0
1283,12417,32,0
1284,1239,1660,1
1285,9795,7,0
1286,1195,1051,0
1287,8334,204,0
1288,1784,187,1
1289,4082,725,0
1290,8664,1641,1
1291,9011,166,1
1292,1676,1,0
1293,843,101,0
1294,14243,813,1
1295,11260,77,0
1296,11962,208,0
1297,11617,0,0
1298,12396,3,0
1299,663,18,0
1300,13807,100,1
1301,5832,797,1
1302,10791,485,0
1303,5652,1000,1
1304,4213,52,0
1305,4377,402,1
1306,10300,17,0
1307,2006,39,1
1308,4205,42,0
1309,13342,43,1
1310,11229,40,1
1311,546,17,0
1312,2808,261,0
1313,13145,128,1
1314,6781,402,1
1315,11175,17,0
1316,5153,77,0
1317,11724,142,0
1318,3644,690,0
1319,12332,442,0
1320,3367,969,1
1321,8533,673,0
1322,10632,703,1
1323,11256,93,1
1324,12707,18,0
1325,10930,99,1
1326,1767,1084,1
1327,343,464,1
1328,2419,462,1
1329,7329,7,0
1330,120,254,0
1331,13742,101,0
1332,8871,41,0
1333,19,18,0
1334,6200,1021,0
1335,5526,617,0
1336,6066,1267,1
1337,13090,60,0
1338,1763,674,0
1339,1628,512,0
1340,2545,904,0
1341,9072,43,1
1342,3253,991,0
1343,5111,42,0
1344,8553,686,1
1345,4500,120,0
1346,5409,473,1
1347,5878,185,0
1348,7702,101,0
1349,7553,91,0
1350,12947,46,0
1351,3026,109,0
1352,2888,849,0
1353,2910,624,0
1354,2561,165,1
1355,12689,431,0
1356,13227,0,0
1357,7506,3,0
1358,2707,35,0
1359,9879,55,1
1360,14335,196,0
1361,6535,363,0
1362,2114,38,1
1363,11568,449,1
1364,198,2501,1
1365,377,399,0
1366,5908,283,0
1367,8823,47,1
1368,7018,77,0
1369,1168,200,1
1370,9173,1000,1
1371,11818,1274,1
1372,2234,100,1
1373,6109,7,1
1374,5563,52,0
1375,10879,91,0
1376,4568,832,0
1377,9187,47,1
1378,5557,1891,0
1379,7133,709,0
1380,2142,749,0
1381,2866,6,0
1382,10170,32,0
1383,12335,19,0
1384,7787,160,0
1385,7953,361,0
1386,242,223,0
1387,11899,2171,1
1388,2667,160,1
1389,1183,18,0
1390,2770,1783,1
1391,5909,1079,0
1392,2722,35,1
1393,7144,1023,0
1394,1668,446,1
1395,8992,462,1
1396,6716,41,0
1397,1423,831,1
1398,9037,392,0
1399,11193,128,0
1400,937,1666,0
1401,1390,212,1
1402,3059,95,0
1403,13565,540,0
1404,2581,41,0
1405,10415,64,1
1406,11807,66,0
1407,2246,214,0
1408,1966,90,1
1409,5518,3,0
1410,7155,834,0
1411,9047,344,0
1412,1612,223,0
1413,3066,396,0
1414,7280,53,0
1415,10382,883,0
1416,602,333,0
1417,8790,861,0
1418,2629,37,0
1419,4813,2600,1
1420,5249,37,0
1421,10960,17,1
1422,11112,214,0
1423,2001,35,1
1424,7022,67,1
1425,6800,345,1
1426,10432,228,1
1427,5405,42,0
1428,5251,669,0
1429,6136,67,1
1430,244,1,0
1431,38,348,0
1432,11708,26,0
1433,8705,1868,1
1434,9136,102,0
1435,6808,208,0
1436,13540,967,0
1437,4477,246,0
1438,6857,17,0
1439,774,0,0
1440,10866,102,0
1441,1996,648,0
1442,1567,455,1
1443,8211,374,0
1444,12459,35,1
1445,7669,17,0
1446,1336,1,0
1447,9146,41,0
1448,7927,809,0
1449,8940,1306,0
1450,5916,214,0
1451,12742,67,1
1452,10056,87,0
1453,13497,18,0
1454,1384,1217,1
1455,1998,269,0
1456,615,1801,0
1457,8766,7,0
1458,5408,438,0
1459,5129,204,0
1460,1102,1800,0
1461,13233,86,0
1462,10551,109,1
1463,9915,1023,0
1464,13994,613,0
1465,9512,142,1
1466,11414,143,1
1467,5296,5,1
1468,6435,49,1
1469,4570,8,1
1470,591,0,0
1471,7541,1296,0
1472,3188,129,1
1473,9817,91,0
1474,1088,19,1
1475,4115,0,0
1476,11875,429,0
1477,13118,445,1
1478,14258,143,0
1479,13799,34,1
1480,5293,743,0
1481,14338,7,0
1482,7312,38,0
1483,5244,77,0
1484,12956,7,0
1485,5925,39,1
1486,171,155,0
1487,4606,343,1
1488,5007,187,0
1489,4002,42,0
1490,4010,175,0
1491,860,220,0
1492,11767,35,1
1493,10584,3,0
1494,8937,42,0
1495,3483,256,1
1496,5328,1181,0
1497,12944,82,1
1498,13637,1051,1
1499,2937,3,0
1500,1763,223,0
1501,8296,501,0
1502,6929,376,0
1503,13035,26,1
1504,5688,48,0
1505,2519,77,0
1506,3489,758,0
1507,9587,171,0
1508,2053,48,0
1509,171,124,1
1510,8531,402,0
1511,6718,100,1
1512,4227,265,0
1513,4761,197,0
1514,3527,7,0
1515,1767,626,1
1516,8012,402,0
1517,6050,1114,1
1518,8157,719,0
1519,11750,3,0
1520,10947,1471,1
1521,1,1,0
1522,11970,217,1
1523,10976,66,0
1524,3878,43,0
1525,781,242,0
1526,4972,129,1
1527,3499,344,0
1528,3621,23,1
1529,3794,554,1
1530,8073,148,1
1531,3264,399,0
1532,11732,242,1
1533,4964,100,1
1534,6344,1236,1
1535,6669,235,0
1536,242,1175,1
1537,77,18,0
1538,8495,126,1
1539,6935,67,1
1540,8915,100,1
1541,11593,52,0
1542,3178,798,1
1543,13611,67,1
1544,3976,1050,1
1545,327,218,0
1546,11961,366,1
1547,13871,39,1
1548,289,219,1
1549,3076,204,0
1550,12354,50,1
1551,6432,750,1
1552,5129,100,1
1553,13879,501,0
1554,10911,122,0
1555,9729,196,0
1556,4259,197,0
1557,3882,24,0
1558,760,46,1
1559,13577,86,0
1560,306,978,0
1561,7176,134,1
1562,10265,18,0
1563,4289,77,0
1564,387,2389,0
1565,11377,1729,1
1566,5706,3,0
1567,11519,67,1
1568,7876,353,0
1569,13717,3,0
1570,8963,502,0
1571,11449,1221,0
1572,10849,49,0
1573,4801,321,1
1574,10540,318,0
1575,12611,82,1
1576,11145,67,1
1577,6522,217,1
1578,14175,473,1
1579,4657,539,0
1580,13023,742,0
1581,1982,1407,1
1582,11413,230,1
1583,8093,267,0
1584,10845,0,0
1585,10919,3,0
1586,2268,49,1
1587,5686,37,0
1588,12440,13,0
1589,12974,883,1
1590,2472,3,0
1591,5929,100,1
1592,3878,887,0
1593,1090,77,0
1594,6649,1441,1
1595,8234,491,1
1596,13124,228,1
1597,1345,106,1
1598,9870,49,1
1599,9741,0,0
1600,2623,7,0
1601,4574,170,1
1602,8131,166,1
1603,7747,703,1
1604,5211,376,0
1605,3885,3,0
1606,9369,129,0
1607,4453,32,0
1608,4039,17,0
1609,9612,687,1
1610,6310,170,1
1611,6916,142,1
1612,13256,20,1
1613,5006,2487,1
1614,10845,3,0
1615,4503,17,0
1616,800,267,1
1617,12671,83,1
1618,14256,102,0
1619,7146,383,1
1620,4102,1066,1
1621,1719,205,1
1622,12240,19,1
1623,12198,620,1
1624,313,65,0
1625,9629,189,1
1626,6352,86,1
1627,855,0,0
1628,2761,0,0
1629,613,441,0
1630,156,43,0
1631,12056,219,1
1632,2815,7,0
1633,10960,89,1
1634,13014,67,1
1635,361,678,0
1636,6502,49,1
1637,12665,276,1
1638,8425,18,0
1639,11690,77,0
1640,0,48,0
1641,5196,553,0
1642,9583,1075,0
1643,3619,17,1
1644,6204,74,0
1645,6234,77,0
1646,766,1476,1
1647,10663,48,0
1648,6324,32,0
1649,5862,41,0
1650,13163,67,1
1651,2814,77,0
1652,13865,122,1
1653,10183,97,1
1654,629,341,1
1655,242,273,1
1656,8133,3,0
1657,3197,86,0
1658,10284,17,0
1659,1474,558,0
1660,1765,34,0
1661,8921,1238,1
1662,12126,210,1
1663,11852,1063,1
1664,13462,163,1
1665,849,25,0
1666,10790,77,0
1667,159,386,0
1668,11313,67,1
1669,5746,17,0
1670,2573,50,1
1671,6261,346,1
1672,2872,1371,1
1673,10729,7,0
1674,3595,0,0
1675,3180,361,1
1676,3478,242,1
1677,7133,668,1
1678,3921,26,0
1679,6881,40,1
1680,878,447,0
1681,7604,514,0
1682,11560,77,0
1683,3938,389,1
1684,9693,74,1
1685,8512,83,1
1686,11113,360,1
1687,9152,149,1
1688,10540,129,1
1689,345,40,1
1690,5101,938,1
1691,9433,32,0
1692,11804,431,1
1693,5141,72,1
1694,1618,534,1
1695,766,2296,1
1696,8773,22,0
1697,2191,342,1
1698,4446,2324,1
1699,3381,41,0
1700,1013,8,1
1701,9023,89,0
1702,6712,1483,0
1703,8061,68,0
1704,3623,73,1
1705,1311,26,1
1706,10925,170,1
1707,2265,67,1
1708,10299,1051,1
1709,7014,908,0
1710,10416,116,0
1711,227,812,0
1712,12627,361,0
1713,12824,52,0
1714,5419,3,0
1715,6050,396,0
1716,6889,47,1
1717,3407,204,0
1718,3314,617,0
1719,8567,21,0
1720,49,849,0
1721,2013,22,1
1722,8762,17,0
1723,4665,0,0
1724,145,77,0
1725,12353,60,1
1726,14164,46,0
1727,4106,111,0
1728,2277,111,0
1729,4519,301,1
1730,2413,837,0
1731,10161,32,0
1732,8761,944,1
1733,9550,478,1
1734,9839,32,0
1735,2637,1092,0
1736,1331,588,0
1737,5746,70,1
1738,9570,438,0
1739,12324,40,1
1740,6596,344,0
1741,6482,3,0
1742,7277,362,0
1743,860,113,0
1744,4344,100,1
1745,10007,1167,0
1746,3743,557,0
1747,1331,344,0
1748,4012,551,1
1749,4182,73,1
1750,8265,193,1
1751,3715,149,0
1752,11693,831,1
1753,9443,52,0
1754,10543,204,0
1755,5403,35,1
1756,2968,3,0
1757,7656,223,0
1758,2970,908,0
1759,1979,223,0
1760,11772,741,1
1761,943,817,0
1762,5526,512,0
1763,12104,82,1
1764,149,18,0
1765,5923,77,0
1766,9792,260,0
1767,5921,17,0
1768,13247,634,0
1769,3585,18,0
1770,1196,311,1
1771,4719,776,1
1772,13281,67,1
1773,4708,1391,1
1774,6597,0,0
1775,2116,7,0
1776,8141,77,0
1777,8443,142,0
1778,10494,176,1
1779,7109,824,0
1780,4374,149,0
1781,1962,89,0
1782,2971,909,1
1783,13950,91,0
1784,4957,3,0
1785,97,835,0
1786,10487,248,1
1787,13861,947,1
1788,2812,100,1
1789,3031,170,1
1790,8613,460,0
1791,9508,326,0
1792,1195,146,0
1793,8114,67,1
1794,6170,443,0
1795,13527,77,0
1796,8765,39,1
1797,10677,148,1
1798,7585,113,1
1799,7936,32,0
1800,7270,645,0
1801,821,18,0
1802,344,374,0
1803,2366,82,1
1804,12207,170,1
1805,8424,794,0
1806,1596,638,1
1807,9066,197,0
1808,2704,853,0
1809,2101,195,0
1810,5483,53,0
1811,6406,86,0
1812,4702,0,0
1813,1886,74,0
1814,3193,22,0
1815,6534,77,0
1816,1886,103,0
1817,11573,126,1
1818,8682,402,0
1819,4371,400,1
1820,9694,109,1
1821,7030,438,1
1822,743,57,0
1823,5281,70,0
1824,615,1643,0
1825,6096,445,1
1826,3609,1835,1
1827,2130,48,0
1828,13839,48,0
1829,9021,77,0
1830,578,160,1
1831,10501,91,1
1832,8274,60,0
1833,3807,116,0
1834,8693,514,0
1835,4113,598,0
1836,5217,67,1
1837,20,392,1
1838,12930,210,1
1839,9984,542,1
1840,5540,223,0
1841,3170,43,0
1842,13730,579,0
1843,8137,7,0
1844,7463,473,0
1845,3556,52,0
1846,9293,343,1
1847,458,320,0
1848,12985,237,1
1849,413,57,1
1850,2300,460,1
1851,3318,473,1
1852,880,478,1
1853,14590,60,0
1854,9343,7,0
1855,13291,94,1
1856,1049,1592,0
1857,12498,286,0
1858,3058,73,1
1859,7836,0,0
1860,9993,32,0
1861,3734,169,0
1862,2965,803,0
1863,12022,64,1
1864,8062,248,1
1865,10107,35,1
1866,843,438,0
1867,11425,32,0
1868,3893,35,0
1869,4430,1734,0
1870,49,146,0
1871,10437,418,0
1872,4377,514,0
1873,3456,192,1
1874,5449,1251,1
1875,3840,193,1
1876,7897,141,1
1877,6043,441,0
1878,1977,1060,1
1879,4619,100,1
1880,8462,344,1
1881,481,1202,1
1882,6320,557,0
1883,2674,160,0
1884,3630,17,1
1885,9678,1072,0
1886,3684,48,0
1887,654,264,1
1888,12887,219,0
1889,6215,941,1
1890,4561,18,0
1891,5186,111,0
1892,3295,84,1
1893,1900,17,0
1894,3827,438,0
1895,5186,443,1
1896,12019,91,1
1897,9784,137,0
1898,2502,809,0
1899,9489,3,0
1900,13196,18,0
1901,7220,37,1
1902,8011,91,1
1903,10302,1011,1
1904,49,33,0
1905,4544,997,0
1906,7907,0,0
1907,2733,857,1
1908,2848,37,1
1909,918,40,1
1910,8835,402,1
1911,13833,771,1
1912,2688,77,0
1913,8060,86,0
1914,9501,485,0
1915,6277,24,0
1916,351,1014,0
1917,3227,129,1
1918,7368,593,1
1919,5890,534,1
1920,11119,21,0
1921,3962,515,0
1922,2926,17,0
1923,4898,100,1
1924,11420,2612,1
1925,5351,67,1
1926,1796,17,0
1927,11236,256,1
1928,4504,18,0
1929,3410,77,0
1930,5640,149,0
1931,4341,197,0
1932,4877,3,0
1933,4678,322,0
1934,7942,374,0
1935,382,3,0
1936,11277,200,1
1937,2516,320,0
1938,5393,3,0
1939,7150,709,0
1940,2986,1351,0
1941,1381,591,1
1942,3462,77,0
1943,3935,837,0
1944,10183,269,1
1945,6804,243,0
1946,11875,1677,0
1947,14613,756,0
1948,4293,908,0
1949,545,196,0
1950,6451,836,1
1951,10826,939,1
1952,1676,25,0
1953,6140,86,0
1954,9883,31,0
1955,2066,122,1
1956,8837,52,0
1957,8888,613,1
1958,5923,19,1
1959,7328,78,1
1960,6465,77,0
1961,6511,77,0
1962,9509,212,0
1963,2995,240,1
1964,1241,321,1
1965,3205,95,1
1966,2995,17,0
1967,3648,456,0
1968,1251,17,0
1969,4586,978,0
1970,7962,189,1
1971,954,95,1
1972,7907,3,0
1973,3802,95,1
1974,4568,1051,1
1975,5062,1193,1
1976,9328,242,0
1977,825,49,1
1978,8271,518,0
1979,6139,171,1
1980,3878,483,0
1981,3241,49,1
1982,13469,18,0
1983,314,803,0
1984,3599,0,0
1985,14411,55,1
1986,1181,964,1
1987,12090,442,0
1988,11179,542,0
1989,9758,20,0
1990,10724,148,1
1991,4806,188,0
1992,6292,300,1
1993,3739,73,1
1994,5382,551,1
1995,8376,439,0
1996,9559,204,0
1997,4014,412,0
1998,344,149,0
1999,11432,1145,0
2000,10374,137,0
2001,3800,0,0
2002,1701,138,1
2003,4966,1799,1
2004,1102,597,0
2005,1177,16,0
2006,5041,401,1
2007,1420,0,0
2008,7279,75,1
2009,1220,223,0
2010,1312,462,0
2011,3865,834,0
2012,7861,612,0
2013,2121,2571,1
2014,4913,17,0
2015,9978,100,1
2016,1275,893,1
2017,7611,1518,0
2018,8448,18,0
2019,12705,206,0
2020,421,337,0
2021,6148,170,1
2022,2115,48,0
2023,7095,204,0
2024,13344,75,0
2025,3462,143,1
2026,5747,611,0
2027,8112,549,1
2028,3005,1017,1
2029,5618,473,1
2030,8514,546,1
2031,6212,211,1
2032,2026,610,0
2033,1258,227,0
2034,478,1100,1
2035,9382,67,1
2036,12368,897,1
2037,13171,91,0
2038,4433,3,0
2039,9974,1478,1
2040,6123,2160,1
2041,14072,369,1
2042,12456,129,0
2043,14121,102,0
2044,14297,256,0
2045,1276,95,0
2046,1413,156,0
2047,659,40,0
2048,2155,577,1
2049,3553,244,0
2050,6653,24,0
2051,14018,1881,0
2052,7879,1312,0
2053,9699,34,0
2054,10401,41,0
2055,800,291,1
2056,1396,596,0
2057,11856,447,1
2058,13578,196,0
2059,7566,405,0
2060,1887,0,0
2061,3991,634,0
2062,5441,563,1
2063,5753,15,1
2064,4791,274,0
2065,892,119,0
2066,9074,67,1
2067,1302,41,0
2068,860,31,0
2069,12872,67,1
2070,558,160,0
2071,13278,128,0
2072,5124,17,0
2073,4735,472,1
2074,10472,212,0
2075,577,668,1
2076,942,952,1
2077,528,301,1
2078,4176,345,0
2079,12365,77,0
2080,2499,526,0
2081,10867,200,0
2082,2237,18,0
2083,9688,615,0
2084,4771,100,1
2085,14436,0,0
2086,10109,944,0
2087,4261,0,0
2088,8163,178,0
2089,2581,212,1
2090,9568,680,1
2091,598,272,1
2092,1830,0,0
2093,242,709,1
2094,6152,761,1
2095,4983,229,1
2096,2592,41,0
2097,5052,838,1
2098,3692,17,0
2099,3238,77,0
2100,504,73,1
2101,935,1194,1
2102,7723,74,0
2103,3458,198,0
2104,9998,114,1
2105,50,39,1
2106,1057,682,1
2107,5747,1284,1
2108,2254,170,1
2109,8423,2070,0
2110,13384,119,0
2111,5022,134,1
2112,3816,37,1
2113,1338,5,0
2114,8308,353,0
2115,3694,478,1
2116,13192,505,0
2117,1359,1,0
2118,11002,295,0
2119,1331,1353,0
2120,221,18,0
2121,12201,61,1
2122,7224,410,0
2123,11435,292,0
2124,9223,0,0
2125,8504,1272,1
2126,9745,326,1
2127,4497,77,0
2128,7010,1046,0
2129,4708,634,0
2130,8167,7,0
2131,1128,77,0
2132,3732,37,1
2133,10245,39,1
2134,7718,242,1
2135,2076,128,0
2136,7069,176,0
2137,8984,109,1
2138,7387,1093,1
2139,9460,1729,1
2140,1205,180,1
2141,2363,197,0
2142,4708,813,1
2143,3966,60,0
2144,10633,3,0
2145,6594,126,1
2146,6369,17,0
2147,658,696,0
2148,2105,216,1
2149,11163,77,0
2150,7151,374,0
2151,11168,440,1
2152,7204,654,0
2153,6973,464,1
2154,10126,40,1
2155,267,242,0
2156,10105,230,1
2157,5780,17,0
2158,1789,260,0
2159,4694,64,0
2160,41,7,0
2161,7540,82,1
2162,161,17,0
2163,12818,18,0
2164,5119,77,0
2165,10393,60,0
2166,11073,77,0
2167,8152,77,0
2168,5237,890,0
2169,1725,73,1
2170,8568,101,0
2171,10465,73,1
2172,5086,93,1
2173,12204,119,0
2174,7905,402,0
2175,6150,214,1
2176,9469,100,1
2177,9580,67,1
2178,10816,69,1
2179,4977,1750,1
2180,4449,1380,1
2181,935,667,1
2182,8109,220,0
2183,5616,148,1
2184,4520,0,0
2185,4832,129,0
2186,3168,537,0
2187,1982,721,0
2188,2211,189,1
2189,6665,78,1
2190,13783,40,1
2191,7998,672,0
2192,6125,17,0
2193,2018,711,1
2194,2127,42,0
2195,3098,201,0
2196,1176,258,1
2197,2431,142,0
2198,9829,166,1
2199,13892,40,1
2200,1701,31,0
2201,7537,195,0
2202,1221,3,0
2203,7743,113,1
2204,5413,836,0
2205,160,212,0
2206,6477,204,0
2207,2803,61,0
2208,12651,90,1
2209,13977,38,0
2210,1775,505,0
2211,3826,118,0
2212,3331,318,0
2213,13928,1727,0
2214,574,3,0
2215,8572,32,0
2216,3469,668,1
2217,6042,75,1
2218,9908,1340,1
2219,4239,210,1
2220,6629,514,0
2221,8045,448,0
2222,12909,142,0
2223,1868,137,0
2224,8189,148,1
2225,856,348,0
2226,465,782,1
2227,6086,978,0
2228,8731,2033,0
2229,6185,73,1
2230,23,147,1
2231,5095,369,1
2232,5423,189,1
2233,9653,40,1
2234,10112,669,0
2235,10155,108,0
2236,2699,300,1
2237,14178,401,1
2238,13601,196,0
2239,6844,195,0
2240,6016,405,0
2241,10646,74,0
2242,4937,1138,1
2243,9300,834,0
2244,13701,100,1
2245,5794,17,0
2246,4262,115,0
2247,4766,229,1
2248,2919,321,1
2249,1975,113,0
2250,267,200,0
2251,4651,42,0
2252,6912,17,0
2253,8415,407,0
2254,8879,39,1
2255,6749,223,0
2256,9393,343,1
2257,11686,473,1
2258,2811,348,0
2259,4897,1163,0
2260,13129,40,0
2261,819,118,0
2262,6699,553,0
2263,14161,67,1
2264,2399,189,1
2265,3881,17,0
2266,3326,1362,0
2267,6498,135,1
2268,9801,27,0
2269,3029,1442,1
2270,3544,515,0
2271,2358,1112,0
2272,9526,128,0
2273,8981,897,0
2274,944,223,0
2275,7734,200,1
2276,160,681,0
2277,2975,17,0
2278,12846,170,1
2279,6446,3,0
2280,5645,204,0
2281,7140,103,0
2282,8094,32,0
2283,9713,409,1
2284,14572,501,0
2285,12004,47,1
2286,8028,17,0
2287,12633,37,0
2288,12767,182,0
2289,6035,116,0
2290,13156,473,1
2291,5966,668,1
2292,5389,1339,0
2293,14286,264,1
2294,2983,1702,1
2295,1917,2071,1
2296,377,239,0
2297,3881,824,1
2298,9482,128,0
2299,13870,916,0
2300,2275,3,0
2301,4721,41,0
2302,290,100,1
2303,6956,1080,1
2304,7228,1413,0
2305,7029,77,0
2306,10409,813,1
2307,12254,1902,1
2308,11538,95,1
2309,4946,115,0
2310,4882,7,0
2311,14418,67,1
2312,11770,348,1
2313,761,228,1
2314,7925,449,1
2315,8758,109,1
2316,6681,69,0
2317,8777,2015,1
2318,11871,343,1
2319,182,1719,1
2320,5913,807,0
2321,7071,248,1
2322,9561,17,0
2323,183,23,0
2324,5975,41,0
2325,2983,25,0
2326,3497,515,0
2327,11618,344,0
2328,4592,103,1
2329,3560,374,0
2330,268,266,0
2331,6667,126,1
2332,2615,1957,0
2333,5366,749,0
2334,7229,78,1
2335,4378,147,1
2336,900,265,1
2337,14485,67,1
2338,1674,176,1
2339,38,1028,0
2340,9438,193,1
2341,5957,537,0
2342,13768,264,1
2343,12638,460,0
2344,7056,83,1
2345,3075,923,0
2346,220,111,0
2347,5841,1247,0
2348,12554,11,0
2349,7597,67,0
2350,2945,1196,1
2351,111,311,0
2352,6248,140,0
2353,1439,220,0
2354,14011,49,0
2355,9201,83,1
2356,7324,109,1
2357,5638,77,0
2358,9692,143,1
2359,3642,436,0
2360,4626,128,1
2361,2763,181,0
2362,14179,1637,0
2363,8682,49,1
2364,62,343,1
2365,300,39,1
2366,13415,126,1
2367,2921,37,0
2368,2924,146,1
2369,418,102,0
2370,2105,143,0
2371,10315,1849,1
2372,10569,56,0
2373,5193,124,1
2374,6582,67,1
2375,2874,237,0
2376,1886,320,0
2377,480,668,1
2378,1111,77,0
2379,13876,311,1
2380,1438,41,0
2381,526,19,0
2382,6415,56,0
2383,9090,86,0
2384,13613,407,0
2385,117,7,0
2386,3423,1050,1
2387,475,395,1
2388,12049,64,1
2389,7307,204,0
2390,1091,46,1
2391,4462,204,0
2392,5082,94,1
2393,1869,91,0
2394,9131,3,0
2395,10756,16,0
2396,69,1510,0
2397,7616,785,0
2398,9842,256,0
2399,88,265,1
2400,9665,149,0
2401,12906,532,1
2402,900,2119,1
2403,3183,120,1
2404,12902,13,0
2405,13328,73,0
2406,5172,91,1
2407,3986,259,1
2408,10892,26,0
2409,5051,3,0
2410,14358,52,0
2411,7860,549,1
2412,4657,318,0
2413,13832,243,1
2414,9690,17,0
2415,3926,344,0
2416,1248,169,0
2417,7139,2037,0
2418,1931,62,0
2419,9434,142,0
2420,12064,18,0
2421,2038,797,1
2422,12654,52,0
2423,1474,311,0
2424,2389,41,0
2425,3660,32,0
2426,9506,104,0
2427,9076,1330,1
2428,10880,1063,1
2429,13419,279,1
2430,8523,91,0
2431,13212,369,1
2432,5804,364,1
2433,7463,669,0
2434,6988,114,1
2435,7922,34,0
2436,14115,953,1
2437,2307,248,1
2438,8651,7,1
2439,7863,242,0
2440,4328,47,1
2441,474,91,0
2442,10764,546,1
2443,7554,978,1
2444,13231,286,1
2445,12711,369,1
2446,2566,242,1
2447,5626,60,1
2448,5267,77,0
2449,411,612,0
2450,9198,26,0
2451,12509,29,0
2452,10483,125,1
2453,6570,17,1
2454,5770,3,0
2455,2897,17,0
2456,8409,536,0
2457,2535,374,0
2458,44,0,0
2459,7659,846,1
2460,4830,131,0
2461,12755,343,1
2462,3471,122,0
2463,10301,34,1
2464,11740,343,1
2465,1532,25,0
2466,2589,18,0
2467,1491,427,1
2468,9562,39,1
2469,49,312,0
2470,13770,77,0
2471,10810,1900,0
2472,282,102,0
2473,14086,55,1
2474,12238,18,0
2475,621,342,0
2476,9256,364,1
2477,4513,189,1
2478,1253,73,0
2479,9847,43,0
2480,73,169,1
2481,3900,473,1
2482,7095,100,1
2483,7623,908,0
2484,1744,66,0
2485,4078,82,1
2486,3525,438,1
2487,3779,134,1
2488,5070,797,1
2489,377,117,0
2490,9939,122,0
2491,3552,409,1
2492,5230,256,1
2493,4975,376,0
2494,3733,24,0
2495,11253,264,1
2496,1345,648,0
2497,6113,100,1
2498,3713,724,0
2499,800,518,0
2500,7535,52,0
2501,70,40,0
2502,1425,739,1
2503,798,587,0
2504,93,43,1
2505,1777,77,0
2506,13390,170,1
2507,12438,931,1
2508,1905,708,0
2509,7711,52,0
2510,4785,48,0
2511,1396,1416,0
2512,5929,204,0
2513,4025,204,0
2514,2110,365,0
2515,14464,129,1
2516,759,390,0
2517,5591,1523,1
2518,6039,1267,1
2519,9166,225,1
2520,3677,3,0
2521,12889,137,0
2522,13617,583,0
2523,10988,1023,1
2524,5341,17,0
2525,847,242,0
2526,6921,73,1
2527,12354,60,0
2528,860,259,0
2529,9379,261,0
2530,6077,495,0
2531,6852,170,1
2532,2644,654,0
2533,6972,482,1
2534,10289,206,0
2535,291,7,0
2536,57,269,1
2537,8226,24,0
2538,14468,61,1
2539,7809,60,0
2540,472,49,0
2541,12110,66,0
2542,4639,1,0
2543,501,109,1
2544,462,264,1
2545,13099,187,1
2546,9193,562,0
2547,6643,429,0
2548,1685,278,1
2549,10,216,0
2550,1838,3,0
2551,12093,380,1
2552,273,401,1
2553,10484,254,0
2554,10874,31,1
2555,4291,7,0
2556,3687,175,0
2557,6961,52,0
2558,10410,171,1
2559,2328,39,1
2560,3136,67,1
2561,1288,849,0
2562,13716,67,1
2563,961,2243,0
2564,13301,52,0
2565,3705,25,0
2566,2700,1365,1
2567,9839,0,1
2568,387,1735,0
2569,9590,49,1
2570,1844,536,0
2571,13458,284,1
2572,2621,405,0
2573,6627,1391,1
2574,5522,939,0
2575,562,1047,1
2576,1787,212,0
2577,11353,77,0
2578,13517,7,0
2579,147,149,0
2580,5932,140,1
2581,2315,257,1
2582,11034,709,0
2583,7552,1187,0
2584,8851,232,1
2585,9706,44,0
2586,14502,232,1
2587,5965,77,0
2588,9149,147,0
2589,1315,219,1
2590,12848,49,1
2591,6046,1324,0
2592,10401,48,0
2593,7299,369,1
2594,13325,32,0
2595,12936,82,1
2596,7341,88,1
2597,507,3,0
2598,426,926,1
2599,1291,320,1
2600,12676,77,0
2601,11816,405,0
2602,5633,1258,1
2603,1069,25,0
2604,11303,117,0
2605,5905,1413,0
2606,6810,37,0
2607,5918,576,1
2608,2978,264,0
2609,10178,25,0
2610,1900,111,0
2611,5273,48,0
2612,9397,18,0
2613,10112,113,1
2614,1003,77,0
2615,4605,343,1
2616,8865,73,1
2617,5872,0,0
2618,3652,25,0
2619,1095,207,0
2620,2606,109,1
2621,2192,698,0
2622,1913,158,1
2623,14569,166,1
2624,255,171,0
2625,12279,86,0
2626,14605,440,1
2627,472,25,0
2628,14081,1429,0
2629,10897,168,1
2630,2729,7,0
2631,8202,577,1
2632,131,25,0
2633,4674,440,1
2634,9128,588,1
2635,4957,0,0
2636,120,267,0
2637,3533,431,1
2638,1237,232,1
2639,10853,191,0
2640,8608,16,0
2641,11945,264,1
2642,5541,25,0
2643,7355,407,0
2644,214,149,0
2645,8292,47,1
2646,1383,18,0
2647,1832,21,0
2648,572,342,0
2649,34,314,0
2650,14038,77,0
2651,13774,360,1
2652,42,20,0
2653,10378,788,1
2654,3162,1332,0
2655,2368,197,0
2656,10465,67,1
2657,4120,18,0
2658,5429,1247,0
2659,6145,204,0
2660,6433,961,0
2661,6322,160,1
2662,825,440,0
2663,11248,496,0
2664,14010,0,0
2665,11081,1432,1
2666,4418,701,0
2667,5579,52,0
2668,287,369,1
2669,3493,158,0
2670,1164,40,0
2671,9206,56,0
2672,7761,93,1
2673,9099,1861,1
2674,9287,77,0
2675,11032,56,0
2676,1961,3,0
2677,8748,512,1
2678,13897,908,0
2679,4022,1,0
2680,1399,204,0
2681,4352,83,1
2682,10168,124,1
2683,9026,39,1
2684,11746,22,0
2685,1081,41,0
2686,8634,91,0
2687,3505,143,0
2688,79,234,0
2689,10426,7,1
2690,7793,67,1
2691,11924,1605,0
2692,8692,129,0
2693,2454,977,1
2694,14481,137,0
2695,12527,67,1
2696,8584,546,1
2697,13038,750,0
2698,8333,37,1
2699,8559,86,0
2700,11497,52,0
2701,9285,42,0
2702,11782,588,1
2703,5310,719,0
2704,14012,204,0
2705,11493,52,0
2706,766,2579,0
2707,107,277,1
2708,13167,39,1
2709,325,77,0
2710,5755,37,0
2711,11188,67,1
2712,5555,514,0
2713,4024,1686,0
2714,7646,52,0
2715,1817,514,1
2716,1197,1586,1
2717,3230,33,1
2718,13631,439,0
2719,5833,3,0
2720,7190,149,1
2721,12900,833,1
2722,499,153,1
2723,10792,2549,1
2724,6295,102,0
2725,7762,196,0
2726,176,126,1
2727,13515,211,1
2728,9320,75,1
2729,1770,292,0
2730,4106,495,1
2731,13303,549,1
2732,9801,34,0
2733,2069,100,1
2734,1532,621,0
2735,8226,149,0
2736,349,66,0
2737,14255,102,0
2738,7626,223,0
2739,9001,93,1
2740,617,343,1
2741,107,77,1
2742,860,535,0
2743,7992,77,0
2744,13553,129,1
2745,3198,0,0
2746,3433,1420,0
2747,8437,86,1
2748,3945,72,1
2749,5228,158,0
2750,12070,1454,1
2751,4516,1128,0
2752,9830,3,0
2753,1988,32,0
2754,11795,593,0
2755,705,397,1
2756,1348,1536,0
2757,12487,2138,1
2758,8723,16,1
2759,273,26,0
2760,13540,1730,0
2761,1781,2248,0
2762,12457,111,0
2763,6312,458,1
2764,9799,1369,1
2765,5243,137,0
2766,9404,364,1
2767,6978,18,0
2768,5304,404,1
2769,3143,348,1
2770,6717,220,1
2771,5065,314,1
2772,6732,242,1
2773,6181,94,0
2774,9509,200,0
2775,1062,991,1
2776,10945,343,1
2777,8165,223,0
2778,11083,443,1
2779,4868,375,0
2780,12175,0,0
2781,168,823,1
2782,13235,1447,1
2783,6996,3,0
2784,1194,132,0
2785,12703,283,0
2786,12053,402,1
2787,7701,771,0
2788,6981,1889,0
2789,12588,42,0
2790,1005,17,0
2791,3326,2458,0
2792,7081,77,0
2793,1406,1456,0
2794,7783,149,1
2795,13154,50,1
2796,13507,37,0
2797,12066,20,1
2798,242,2115,1
2799,12119,2085,1
2800,11033,204,0
2801,88,904,1
2802,354,323,0
2803,189,3,0
2804,5252,517,0
2805,11495,67,1
2806,14370,15,1
2807,6154,0,0
2808,268,214,0
2809,957,27,0
2810,12658,7,0
2811,481,74,1
2812,3376,77,0
2813,5450,17,0
2814,7815,204,0
2815,13137,94,0
2816,1188,182,0
2817,9085,1493,0
2818,2493,457,0
2819,2845,169,1
2820,2607,163,0
2821,14292,908,0
2822,8066,77,0
2823,10303,87,1
2824,9357,553,0
2825,943,351,0
2826,4464,29,0
2827,2005,539,0
2828,12957,7,0
2829,3458,369,1
2830,113,88,1
2831,8943,79,0
2832,49,351,0
2833,7572,68,0
2834,6125,0,0
2835,7043,176,1
2836,7549,547,0
2837,14362,2528,0
2838,3906,88,0
2839,4048,286,0
2840,9641,37,0
2841,12625,148,1
2842,2873,122,0
2843,10951,696,1
2844,13028,809,0
2845,2052,63,0
2846,2246,19,0
2847,3393,207,1
2848,12173,634,0
2849,1480,1,0
2850,7686,224,1
2851,5980,219,1
2852,7376,646,1
2853,9439,52,0
2854,8716,42,0
2855,9898,375,0
2856,1022,286,0
2857,3521,20,1
2858,4074,229,1
2859,2484,836,1
2860,6412,57,1
2861,1475,40,1
2862,7891,116,0
2863,11418,1138,1
2864,10148,149,0
2865,2377,265,0
2866,12782,48,0
2867,4262,800,0
2868,1881,418,0
2869,3635,52,0
2870,3951,502,0
2871,8873,115,0
2872,8664,89,0
2873,12189,56,0
2874,7019,964,0
2875,927,252,0
2876,6353,441,1
2877,930,3,0
2878,1351,56,0
2879,3649,48,0
2880,10456,60,0
2881,10639,60,0
2882,4176,100,1
2883,618,991,0
2884,434,17,0
2885,3169,517,0
2886,12213,441,0
2887,8868,17,0
2888,318,213,0
2889,597,53,1
2890,10182,47,1
2891,10846,122,1
2892,429,185,0
2893,561,405,0
2894,1442,237,0
2895,3198,939,1
2896,7486,2049,1
2897,7408,654,1
2898,6341,220,1
2899,7320,246,1
2900,8145,42,0
2901,13869,269,0
2902,8542,1870,0
2903,1966,539,0
2904,6929,318,0
2905,2087,1142,0
2906,3948,214,0
2907,9114,103,1
2908,244,2156,1
2909,3415,442,0
2910,6522,242,0
2911,4236,52,0
2912,8312,100,1
2913,7042,95,0
2914,5480,992,0
2915,1165,49,1
2916,10649,37,1
2917,880,72,0
2918,13845,3,0
2919,2492,41,0
2920,13494,204,0
2921,6112,653,1
2922,1744,1582,0
2923,7865,39,1
2924,11071,546,1
2925,13960,50,1
2926,6766,654,0
2927,463,1585,1
2928,8062,93,1
2929,10086,375,0
2930,399,818,0
2931,6627,634,0
2932,4880,167,1
2933,3705,223,0
2934,9781,317,0
2935,7744,431,1
2936,11365,32,0
2937,6270,1332,0
2938,485,678,0
2939,1800,809,1
2940,13999,67,1
2941,10907,8,1
2942,7689,172,1
2943,9132,26,1
2944,12316,412,0
2945,11462,56,0
2946,8136,72,0
2947,3373,0,0
2948,5392,891,0
2949,7374,27,0
2950,2806,100,1
2951,8224,37,0
2952,8230,193,1
2953,8747,276,1
2954,1871,74,1
2955,10642,1064,0
2956,1772,242,0
2957,3867,212,0
2958,3020,1810,0
2959,10701,40,1
2960,2505,2533,0
2961,1104,2035,0
2962,9406,330,1
2963,6252,126,1
2964,12609,67,1
2965,347,131,0
2966,16,44,0
2967,13670,341,1
2968,12897,0,1
2969,6815,56,0
2970,3412,212,0
2971,7554,37,0
2972,1395,49,0
2973,137,182,0
2974,168,445,1
2975,2026,25,0
2976,5702,750,0
2977,9092,77,0
2978,1556,3,0
2979,1879,73,1
2980,2291,242,1
2981,7316,771,0
2982,1590,207,1
2983,429,138,0
2984,1303,242,1
2985,2209,518,0
2986,9390,266,0
2987,4301,267,0
2988,3599,17,0
2989,943,144,0
2990,3440,33,0
2991,891,66,1
2992,10575,113,1
2993,12001,456,0
2994,4884,908,0
2995,5489,2263,1
2996,6997,18,0
2997,3647,866,0
2998,11736,3,0
2999,5481,119,1
3000,3172,18,0
3001,8356,427,1
3002,38,425,1
3003,1849,128,0
3004,3461,320,0
3005,5858,407,1
3006,3605,149,1
3007,6523,234,0
3008,13119,0,0
3009,12950,100,1
3010,6114,3,0
3011,11941,211,1
3012,10179,41,0
3013,6902,7,1
3014,584,365,1
3015,6833,361,0
3016,4738,176,1
3017,34,25,0
3018,12616,1840,0
3019,6810,204,0
3020,14032,1709,1
3021,579,426,1
3022,14505,343,1
3023,1548,100,0
3024,10498,575,0
3025,1261,19,0
3026,58,204,0
3027,1300,2548,0
3028,3881,0,0
3029,6498,78,1
3030,9375,1015,1
3031,13669,67,1
3032,8881,932,1
3033,7975,91,0
3034,5759,61,1
3035,6164,1234,1
3036,13174,1957,1
3037,11489,67,1
3038,611,2377,1
3039,7728,66,0
3040,3006,208,0
3041,12513,749,0
3042,8848,223,0
3043,8876,995,0
3044,268,1077,0
3045,1695,1153,0
3046,2517,198,0
3047,1102,220,0
3048,8186,7,0
3049,11708,142,1
3050,6341,219,1
3051,11026,160,1
3052,2270,733,0
3053,12765,214,0
3054,4149,3,0
3055,180,297,0
3056,200,0,0
3057,9127,187,1
3058,7439,939,0
3059,10571,7,1
3060,12759,1094,1
3061,13460,797,1
3062,8959,83,1
3063,8241,204,0
3064,8970,0,0
3065,12839,369,1
3066,2373,1247,0
3067,9815,13,0
3068,1488,119,0
3069,4512,1,0
3070,2187,3,0
3071,10548,724,0
3072,1756,514,0
3073,9709,170,1
3074,5827,343,1
3075,7582,435,1
3076,12414,128,0
3077,9458,129,1
3078,4204,588,0
3079,1279,50,1
3080,7703,16,1
3081,349,112,0
3082,5988,16,1
3083,8155,1576,1
3084,4755,1156,0
3085,3825,457,0
3086,2274,407,0
3087,11836,89,1
3088,10119,97,1
3089,6211,416,0
3090,6009,462,0
3091,292,397,1
3092,8129,973,0
3093,1272,1138,1
3094,3377,67,1
3095,13060,220,1
3096,5133,67,1
3097,1887,1023,0
3098,11044,40,1
3099,4400,34,1
3100,4155,0,0
3101,4784,1,0
3102,1018,277,1
3103,1915,3,0
3104,7444,371,1
3105,3535,1742,1
3106,6031,39,1
3107,10875,2127,1
3108,348,239,0
3109,4253,617,0
3110,5533,164,1
3111,13945,473,1
3112,2215,431,1
3113,8889,891,0
3114,1232,343,1
3115,9169,90,1
3116,314,25,0
3117,7218,18,0
3118,9430,3,0
3119,8469,483,0
3120,7302,1438,0
3121,4048,322,0
3122,8259,286,0
3123,6075,67,1
3124,5166,260,0
3125,387,372,0
3126,7281,16,0
3127,1787,10,1
3128,3059,212,0
3129,3801,230,1
3130,10255,439,1
3131,9825,440,0
3132,12084,48,0
3133,12351,18,0
3134,3762,546,1
3135,4557,48,0
3136,14260,202,0
3137,4567,694,0
3138,2395,35,0
3139,13738,908,0
3140,2856,376,0
3141,4630,93,1
3142,3650,197,0
3143,1031,48,0
3144,5539,143,0
3145,12794,357,0
3146,9182,1876,0
3147,1542,887,0
3148,1532,1,0
3149,2225,321,1
3150,242,766,1
3151,1683,16,1
3152,5745,115,0
3153,1318,77,0
3154,1675,1,0
3155,12233,3,0
3156,13239,125,1
3157,11413,563,1
3158,1871,677,1
3159,1333,758,1
3160,2925,79,0
3161,5812,3,0
3162,5980,220,1
3163,7595,1000,1
3164,11479,66,0
3165,1894,77,0
3166,2948,17,0
3167,4622,428,0
3168,11282,375,0
3169,5465,1254,0
3170,4899,78,1
3171,7409,29,0
3172,215,713,0
3173,11965,89,1
3174,5200,1206,1
3175,8808,1755,1
3176,10055,149,0
3177,6474,48,0
3178,860,200,0
3179,402,120,0
3180,3904,16,1
3181,1582,77,0
3182,2948,240,1
3183,372,451,1
3184,11028,67,1
3185,12888,40,1
3186,4066,818,0
3187,8566,77,0
3188,8602,438,0
3189,2247,91,1
3190,13872,77,0
3191,14257,83,1
3192,42,25,0
3193,48,1335,0
3194,346,42,0
3195,589,58,0
3196,3951,16,0
3197,3463,49,1
3198,11599,243,1
3199,139,2098,0
3200,9722,939,1
3201,3454,264,1
3202,8601,126,1
3203,7718,627,1
3204,12948,91,1
3205,516,743,0
3206,13,2164,1
3207,8464,67,1
3208,344,462,0
3209,606,365,0
3210,249,33,0
3211,10465,18,0
3212,2888,7,0
3213,167,277,0
3214,2862,885,1
3215,4725,97,1
3216,10388,26,0
3217,1261,90,0
3218,2130,0,0
3219,4709,3,0
3220,7789,95,1
3221,2208,365,0
3222,4885,7,0
3223,5271,187,0
3224,802,22,1
3225,10705,74,1
3226,11202,452,0
3227,2231,3,0
3228,3650,77,0
3229,11655,220,0
3230,9451,67,1
3231,6216,86,0
3232,1535,343,1
3233,3619,999,1
3234,8737,114,1
3235,1069,87,1
3236,5732,32,0
3237,1359,77,1
3238,6339,348,0
3239,12143,37,0
3240,9614,534,1
3241,14619,334,1
3242,11488,93,1
3243,242,1680,1
3244,1101,743,0
3245,9803,17,0
3246,472,223,0
3247,7770,149,0
3248,335,222,0
3249,729,39,1
3250,1821,947,1
3251,4411,7,0
3252,9927,182,0
3253,12993,52,0
3254,7971,67,1
3255,9958,1536,1
3256,2507,788,1
3257,2787,48,0
3258,8599,87,1
3259,6775,52,0
3260,9171,128,0
3261,6321,829,1
3262,6634,17,0
3263,2989,1646,1
3264,14111,121,1
3265,3037,42,0
3266,9180,101,0
3267,8400,170,1
3268,1128,48,0
3269,4285,104,1
3270,3873,77,0
3271,9225,3,0
3272,5367,559,0
3273,4861,442,0
3274,5542,50,1
3275,6453,100,1
3276,7713,595,0
3277,526,129,0
3278,7654,132,0
3279,3682,204,0
3280,6822,3,0
3281,8237,212,1
3282,583,102,0
3283,6147,2440,1
3284,1408,25,0
3285,481,283,1
3286,12640,82,1
3287,3791,77,0
3288,6229,7,1
3289,13168,0,0
3290,3878,663,0
3291,2389,25,0
3292,53,2111,1
3293,510,230,1
3294,11586,329,0
3295,9735,31,0
3296,3729,18,0
3297,12587,86,1
3298,2606,374,0
3299,49,239,0
3300,4576,67,1
3301,955,1070,0
3302,11392,343,0
3303,11675,198,0
3304,7322,198,0
3305,8391,237,0
3306,6587,587,0
3307,944,40,1
3308,725,204,0
3309,6142,743,0
3310,5043,33,0
3311,10353,18,0
3312,2053,345,1
3313,1870,320,1
3314,4494,534,1
3315,3146,18,0
3316,13707,1276,1
3317,1634,1525,1
3318,12890,73,1
3319,2314,629,1
3320,388,245,0
3321,1334,3,0
3322,13314,348,1
3323,943,259,0
3324,3640,18,0
3325,11398,274,0
3326,6832,60,0
3327,11260,897,1
3328,6826,42,0
3329,12253,7,0
3330,12160,77,0
3331,3677,17,0
3332,5033,223,0
3333,458,1348,0
3334,1877,170,1
3335,2224,937,1
3336,9954,77,0
3337,14050,18,0
3338,9068,196,0
3339,10678,148,1
3340,10158,35,1
3341,8207,689,0
3342,8289,89,0
3343,9172,39,1
3344,7978,50,1
3345,7107,67,1
3346,1761,77,0
3347,762,391,1
3348,13153,77,0
3349,8592,369,1
3350,6107,100,1
3351,2953,903,0
3352,8975,37,0
3353,6612,100,1
3354,12485,408,1
3355,9346,201,0
3356,2945,0,0
3357,5363,859,1
3358,4576,18,0
3359,2634,3,0
3360,4637,77,0
3361,3152,150,1
3362,2311,494,1
3363,6302,575,0
3364,12164,349,0
3365,546,515,0
3366,4733,91,0
3367,1608,768,0
3368,12317,126,1
3369,11790,40,1
3370,850,242,0
3371,6208,947,1
3372,372,1795,0
3373,4704,26,0
3374,2110,1554,0
3375,11752,67,1
3376,652,346,1
3377,13068,521,1
3378,8236,3,0
3379,5155,42,0
3380,10144,326,0
3381,10303,277,0
3382,7616,149,0
3383,9334,72,0
3384,10105,94,0
3385,9582,52,0
3386,4072,214,1
3387,10231,40,1
3388,10579,98,1
3389,3774,818,0
3390,7513,1080,1
3391,1089,163,0
3392,10930,77,0
3393,3667,39,0
3394,2056,37,0
3395,398,818,0
3396,13113,77,0
3397,160,49,0
3398,9682,100,1
3399,6576,93,1
3400,4935,17,0
3401,3830,41,0
3402,1354,300,1
3403,9799,824,0
3404,3120,261,1
3405,10519,283,0
3406,8791,0,0
3407,5584,14,0
3408,7631,91,0
3409,12017,264,1
3410,4341,48,0
3411,6155,87,1
3412,126,77,0
3413,10489,18,0
3414,8657,7,0
3415,3232,749,0
3416,10914,978,0
3417,4085,193,1
3418,6917,462,0
3419,2515,612,0
3420,12357,970,0
3421,2435,32,0
3422,12248,137,0
3423,107,1521,0
3424,4912,642,1
3425,481,25,0
3426,205,1501,0
3427,2231,51,1
3428,3434,272,1
3429,9664,242,1
3430,4020,48,0
3431,6976,148,1
3432,9290,33,1
3433,5048,1387,0
3434,581,1953,0
3435,1390,95,0
3436,12780,148,1
3437,5916,476,1
3438,7880,77,0
3439,13131,52,0
3440,579,961,0
3441,4846,40,1
3442,8803,40,1
3443,5808,111,0
3444,5002,664,0
3445,10046,673,0
3446,4638,570,1
3447,737,380,1
3448,5453,292,0
3449,1532,2232,0
3450,4359,402,0
3451,2475,2301,0
3452,2231,48,0
3453,925,100,1
3454,13376,50,1
3455,8552,782,1
3456,13357,786,0
3457,9152,374,0
3458,498,1817,1
3459,11451,212,0
3460,13931,540,1
3461,3235,2105,0
3462,11312,891,0
3463,5977,400,0
3464,5738,83,1
3465,943,399,0
3466,5057,214,0
3467,2774,1023,0
3468,1428,77,0
3469,14440,17,0
3470,10831,219,1
3471,8265,992,0
3472,6209,0,0
3473,7746,456,0
3474,3484,204,1
3475,12253,39,1
3476,11403,53,1
3477,4501,102,0
3478,4464,157,1
3479,5633,2326,0
3480,4871,242,0
3481,6255,67,1
3482,1804,100,1
3483,6969,38,1
3484,5903,1192,1
3485,5516,40,1
3486,4952,25,0
3487,11185,276,0
3488,154,50,1
3489,911,438,0
3490,11430,42,0
3491,2114,242,0
3492,11683,276,0
3493,686,43,0
3494,3705,426,0
3495,6261,815,1
3496,11080,169,1
3497,11071,510,0
3498,9119,41,0
3499,10434,58,1
3500,608,32,0
3501,7878,835,0
3502,10834,112,0
3503,12088,18,0
3504,8178,15,0
3505,7413,102,0
3506,9699,588,1
3507,3307,750,0
3508,466,277,1
3509,1225,517,0
3510,13663,94,0
3511,622,424,1
3512,1634,1446,1
3513,10647,168,1
3514,2060,514,0
3515,8388,155,0
3516,9179,189,1
3517,14322,506,0
3518,8360,39,1
3519,3412,279,1
3520,10822,228,0
3521,11231,40,1
3522,6458,774,0
3523,1642,33,0
3524,8531,259,1
3525,3353,694,0
3526,2749,17,0
3527,3951,220,0
3528,9266,428,1
3529,3750,3,1
3530,12147,473,1
3531,7885,122,1
3532,6504,3,0
3533,6854,125,0
3534,3733,353,0
3535,4626,214,1
3536,1620,204,0
3537,1056,692,0
3538,5920,111,0
3539,1480,25,0
3540,9076,2312,1
3541,5299,67,1
3542,3208,59,0
3543,5362,258,1
3544,7264,41,1
3545,2758,297,0
3546,5970,904,0
3547,2461,539,1
3548,5728,7,1
3549,2493,1021,1
3550,5741,37,0
3551,7005,109,1
3552,5033,824,0
3553,6854,26,0
3554,8319,18,0
3555,458,273,1
3556,9527,599,0
3557,1290,564,0
3558,7143,37,0
3559,6557,224,1
3560,5078,3,0
3561,766,1942,0
3562,3593,103,1
3563,8123,52,1
3564,2125,447,0
3565,8579,43,1
3566,2990,171,0
3567,1959,1636,0
3568,4839,67,1
3569,8607,41,0
3570,1642,402,0
3571,1917,1013,1
3572,12992,34,1
3573,3247,0,0
3574,11602,67,1
3575,6813,562,0
3576,766,2340,1
3577,6982,25,0
3578,3152,228,0
3579,7097,18,0
3580,242,343,0
3581,9127,402,0
3582,8815,125,0
3583,692,430,1
3584,2652,9,1
3585,6901,7,0
3586,3145,995,0
3587,13690,859,1
3588,2311,25,0
3589,3179,100,1
3590,14206,52,0
3591,12186,137,0
3592,13667,194,1
3593,577,187,0
3594,844,17,0
3595,305,13,0
3596,387,1801,0
3597,205,1114,0
3598,3,112,1
3599,8834,189,1
3600,880,155,0
3601,1018,111,0
3602,268,49,0
3603,106,1266,0
3604,2110,2283,0
3605,8659,32,0
3606,11854,67,1
3607,11704,442,0
3608,2429,2438,0
3609,6955,719,0
3610,8889,0,0
3611,864,137,0
3612,9690,41,0
3613,6193,31,1
3614,9326,584,0
3615,13784,19,1
3616,3933,35,1
3617,659,668,1
3618,429,200,0
3619,4918,86,0
3620,12076,37,0
3621,12781,77,0
3622,4080,243,1
3623,1000,0,0
3624,7773,35,1
3625,2640,534,1
3626,6734,9,1
3627,13295,97,1
3628,2963,219,1
3629,871,204,0
3630,186,131,0
3631,2961,0,0
3632,1095,220,0
3633,5395,74,0
3634,242,312,1
3635,689,185,1
3636,4375,908,0
3637,3841,501,0
3638,480,77,0
3639,9271,126,1
3640,8279,41,0
3641,11873,18,0
3642,10514,761,1
3643,444,18,0
3644,658,615,0
3645,13842,17,1
3646,79,25,0
3647,2469,346,1
3648,6557,17,0
3649,12704,380,1
3650,6781,220,1
3651,1293,2123,0
3652,242,1866,1
3653,9948,846,1
3654,1770,678,0
3655,1168,307,0
3656,11782,438,0
3657,7611,329,1
3658,11569,91,0
3659,2888,627,0
3660,12384,32,1
3661,11089,48,0
3662,1447,167,1
3663,731,62,0
3664,10287,104,1
3665,1192,52,0
3666,5478,168,1
3667,11836,391,0
3668,8393,143,0
3669,2036,219,1
3670,1757,168,1
3671,2326,100,1
3672,8103,197,0
3673,6313,2451,1
3674,13571,230,1
3675,6578,462,0
3676,1369,809,1
3677,8638,1640,1
3678,9535,353,0
3679,2078,68,0
3680,2738,492,0
3681,268,502,0
3682,5024,157,1
3683,3157,1051,0
3684,6261,458,1
3685,6120,17,0
3686,4657,836,1
3687,12426,77,0
3688,14064,126,1
3689,9966,1766,1
3690,8073,102,0
3691,596,60,0
3692,4856,111,0
3693,12342,52,0
3694,7794,1619,0
3695,6774,143,1
3696,3967,348,0
3697,2555,305,0
3698,10022,749,0
3699,12221,170,1
3700,10681,75,1
3701,12030,37,1
3702,13073,2219,0
3703,10495,7,0
3704,9593,305,0
3705,5273,196,0
3706,7690,13,1
3707,2389,220,1
3708,10280,402,0
3709,7745,169,0
3710,79,125,1
3711,4321,204,0
3712,10006,46,1
3713,4431,178,1
3714,2771,101,0
3715,10275,126,1
3716,943,1090,0
3717,242,200,1
3718,4708,501,0
3719,755,260,1
3720,12057,91,0
3721,11422,534,1
3722,1347,329,1
3723,242,278,1
3724,4633,37,0
3725,1156,155,0
3726,6824,187,1
3727,8424,99,1
3728,10660,125,0
3729,6678,37,0
3730,6469,18,0
3731,7098,230,1
3732,4246,276,1
3733,1378,77,0
3734,1062,141,1
3735,11203,37,0
3736,11742,169,1
3737,11949,148,1
3738,7783,109,0
3739,12133,41,0
3740,5492,501,0
3741,1593,111,0
3742,4185,374,0
3743,7040,55,1
3744,3241,33,1
3745,7156,620,1
3746,12403,114,1
3747,12688,210,1
3748,5461,209,1
3749,12389,501,0
3750,2321,2248,0
3751,3179,2366,0
3752,8751,220,1
3753,12378,1972,1
3754,1472,612,0
3755,4354,1010,0
3756,4192,260,1
3757,3978,17,0
3758,12359,26,0
3759,12061,368,0
3760,2251,170,1
3761,12123,232,1
3762,8662,7,0
3763,7233,406,1
3764,7242,143,1
3765,12513,521,1
3766,2580,27,0
3767,5643,100,1
3768,5635,641,0
3769,13103,638,0
3770,2083,75,0
3771,8730,128,0
3772,949,48,0
3773,3152,300,1
3774,10484,248,1
3775,7900,83,1
3776,4964,52,0
3777,6783,3,0
3778,5623,17,0
3779,11346,67,1
3780,5825,358,1
3781,12903,89,0
3782,13241,77,0
3783,5169,1777,1
3784,12792,259,1
3785,9910,18,0
3786,13357,383,1
3787,13545,2280,1
3788,5525,939,1
3789,1247,1308,1
3790,2963,3,0
3791,5932,37,0
3792,10808,491,0
3793,7847,3,0
3794,7772,858,1
3795,4855,60,0
3796,8671,67,1
3797,12856,1015,0
3798,6289,129,1
3799,3768,7,0
3800,2621,837,0
3801,3823,7,0
3802,8093,93,1
3803,4689,489,0
3804,11574,136,1
3805,943,676,0
3806,12469,0,0
3807,6600,269,1
3808,11033,100,1
3809,130,37,0
3810,11875,877,0
3811,2924,1724,0
3812,8660,170,1
3813,7742,1369,1
3814,3143,17,0
3815,2723,599,1
3816,9859,1150,0
3817,3561,43,1
3818,9162,41,0
3819,9918,202,0
3820,1806,402,1
3821,5009,17,0
3822,2,220,1
3823,7831,3,0
3824,2921,100,1
3825,5848,126,1
3826,4223,908,0
3827,9279,122,1
3828,85,443,1
3829,14616,18,0
3830,2632,1447,1
3831,2961,3,0
3832,5256,49,1
3833,2883,913,0
3834,1933,101,0
3835,829,412,0
3836,5572,424,1
3837,2841,3,0
3838,974,198,0
3839,1120,77,0
3840,6232,717,0
3841,10804,47,1
3842,960,234,0
3843,1098,46,1
3844,1149,388,1
3845,8980,170,1
3846,5232,52,0
3847,4079,1272,1
3848,10464,382,0
3849,6531,243,0
3850,4853,153,1
3851,11636,429,1
3852,5073,77,0
3853,5627,74,0
3854,10017,89,1
3855,12254,2100,0
3856,13075,424,1
3857,10453,67,1
3858,3836,891,0
3859,7286,440,1
3860,8385,329,0
3861,2469,458,0
3862,472,402,0
3863,11969,91,0
3864,268,149,0
3865,4973,109,1
3866,8757,804,1
3867,6831,67,1
3868,7017,125,0
3869,8396,97,1
3870,5985,76,0
3871,9941,189,1
3872,4114,7,0
3873,486,155,1
3874,863,2359,0
3875,11076,132,0
3876,6963,1723,0
3877,1379,211,1
3878,6181,230,1
3879,7375,113,1
3880,8779,17,0
3881,11843,290,0
3882,601,286,1
3883,13888,176,1
3884,5830,508,0
3885,4053,47,0
3886,11400,431,1
3887,5049,1099,1
3888,12854,148,1
3889,413,86,0
3890,864,224,1
3891,638,25,0
3892,14462,412,0
3893,11797,374,0
3894,9565,1158,0
3895,2187,788,0
3896,13895,37,0
3897,11406,2495,0
3898,10869,536,0
3899,2471,424,1
3900,659,32,0
3901,1926,288,1
3902,4874,1046,1
3903,2021,43,1
3904,6748,211,1
3905,7427,235,0
3906,12434,68,0
3907,10305,749,0
3908,4393,33,0
3909,3924,3,0
3910,1344,1023,0
3911,5833,482,1
3912,12790,102,0
3913,9565,40,0
3914,7598,318,0
3915,1128,0,0
3916,863,1685,0
3917,11769,77,0
3918,12217,3,0
3919,1212,344,0
3920,6290,220,1
3921,3627,77,0
3922,6386,86,0
3923,9667,22,0
3924,11768,17,0
3925,8142,813,1
3926,3348,77,0
3927,12974,234,0
3928,1308,733,0
3929,12871,19,1
3930,6117,41,0
3931,2132,1116,0
3932,3069,48,0
3933,13508,1177,1
3934,11685,1798,0
3935,6166,169,0
3936,1172,128,0
3937,2053,1,0
3938,13510,1453,0
3939,11363,1028,1
3940,1769,3,0
3941,5747,833,0
3942,4599,2136,1
3943,3520,231,0
3944,5162,77,0
3945,1634,447,1
3946,6823,67,1
3947,11544,39,1
3948,7307,52,0
3949,1639,657,1
3950,9299,375,0
3951,493,1196,1
3952,8871,3,0
3953,783,96,0
3954,3612,7,0
3955,5232,100,1
3956,4484,617,0
3957,6070,719,0
3958,13844,520,1
3959,9505,100,1
3960,10376,52,0
3961,9567,237,1
3962,12061,284,1
3963,3632,73,0
3964,97,1610,0
3965,387,673,0
3966,3543,210,1
3967,3353,300,1
3968,10054,89,1
3969,13818,211,1
3970,9744,219,1
3971,334,55,1
3972,6497,100,1
3973,8514,246,0
3974,5666,402,1
3975,5482,1889,0
3976,708,17,0
3977,13305,384,0
3978,10360,807,1
3979,1489,343,0
3980,7784,18,0
3981,8261,211,1
3982,1854,187,1
3983,9618,835,0
3984,10623,204,0
3985,7497,77,0
3986,12852,50,1
3987,7538,189,1
3988,13254,67,1
3989,3499,112,0
3990,3460,692,0
3991,6982,1098,0
3992,9190,18,0
3993,4346,52,0
3994,1695,32,0
3995,2064,26,1
3996,1362,1722,0
3997,8763,210,1
3998,691,169,0
3999,915,402,1
4000,2594,297,0
4001,4144,40,1
4002,18,17,0
4003,9792,122,0
4004,152,898,1
4005,9949,539,0
4006,1314,1627,0
4007,3507,709,0
4008,4712,548,1
4009,9461,224,1
4010,182,47,1
4011,6055,160,1
4012,8276,116,0
4013,4048,797,0
4014,1886,668,1
4015,700,366,0
4016,7402,269,1
4017,10851,41,0
4018,7403,750,1
4019,7523,18,0
4020,1683,101,1
4021,5970,74,1
4022,4609,43,1
4023,2989,278,0
4024,442,19,0
4025,3827,315,0
4026,14529,37,0
4027,5644,195,0
4028,4318,445,1
4029,10088,39,0
4030,4522,37,0
4031,5244,17,0
4032,1673,116,0
4033,1625,39,1
4034,3696,445,1
4035,10077,69,1
4036,9550,3,0
4037,53,1899,1
4038,9834,83,1
4039,7228,985,0
4040,5692,210,1
4041,1140,343,1
4042,10105,563,1
4043,1313,223,0
4044,960,266,0
4045,2680,242,0
4046,3777,412,0
4047,4632,77,0
4048,4953,1317,0
4049,12248,224,1
4050,11109,321,1
4051,12581,56,0
4052,12789,102,0
4053,4582,100,1
4054,6497,62,0
4055,5008,256,0
4056,1069,377,0
4057,14352,129,1
4058,14595,1197,1
4059,10918,501,0
4060,5595,17,0
4061,13247,1151,1
4062,4381,67,1
4063,4224,220,0
4064,3572,72,1
4065,6587,322,0
4066,4786,21,0
4067,10269,771,0
4068,1676,659,1
4069,1676,223,0
4070,2252,67,1
4071,4067,34,1
4072,5918,1020,1
4073,429,399,0
4074,375,3,0
4075,8556,99,1
4076,8769,128,0
4077,13820,39,1
4078,12846,102,0
4079,5777,269,0
4080,3544,794,1
4081,7493,77,0
4082,4387,160,1
4083,13693,220,1
4084,7209,276,1
4085,1391,412,0
4086,9011,66,0
4087,6895,58,1
4088,6586,410,0
4089,7012,1979,1
4090,1960,58,1
4091,6092,1182,0
4092,2986,1180,1
4093,5236,758,1
4094,8364,52,0
4095,3291,212,0
4096,2892,288,1
4097,434,48,0
4098,8673,768,1
4099,1927,142,0
4100,11859,68,0
4101,589,273,0
4102,13690,641,0
4103,3583,549,0
4104,8308,374,0
4105,11672,256,0
4106,1289,563,1
4107,9843,3,0
4108,3541,1,0
4109,12783,122,1
4110,8125,91,0
4111,12512,3,0
4112,9192,242,0
4113,7129,111,0
4114,10278,1118,0
4115,7609,100,1
4116,13656,504,1
4117,4911,409,1
4118,679,39,1
4119,186,189,1
4120,11470,18,0
4121,115,539,1
4122,556,32,0
4123,7749,34,1
4124,5212,3,0
4125,7929,100,1
4126,2589,67,1
4127,637,758,1
4128,11186,3,0
4129,2698,231,0
4130,8953,375,1
4131,943,74,0
4132,8554,214,0
4133,7552,958,1
4134,2455,353,0
4135,8870,743,0
4136,14277,91,0
4137,5168,436,1
4138,8950,345,0
4139,12555,35,1
4140,9302,277,1
4141,880,26,0
4142,1634,910,0
4143,13758,442,0
4144,7084,41,0
4145,6266,483,0
4146,11981,18,0
4147,10202,1796,0
4148,12667,1557,1
4149,16,15,1
4150,4754,343,1
4151,693,73,1
4152,9099,223,0
4153,4720,52,0
4154,900,557,1
4155,11725,440,1
4156,5389,1343,0
4157,426,17,0
4158,12405,780,0
4159,10960,3,0
4160,2237,67,1
4161,6782,160,1
4162,1652,311,1
4163,3105,391,0
4164,7196,67,1
4165,5695,98,1
4166,800,511,0
4167,7774,1063,1
4168,9344,60,0
4169,9213,243,1
4170,3669,478,1
4171,13584,42,0
4172,6285,19,1
4173,3242,67,1
4174,1886,447,1
4175,5278,106,0
4176,9474,170,1
4177,2319,2083,1
4178,88,212,0
4179,860,208,0
4180,1331,2161,0
4181,5636,93,1
4182,1924,49,1
4183,9166,464,0
4184,13325,40,1
4185,1079,93,1
4186,1877,102,0
4187,8188,699,1
4188,561,1407,1
4189,8153,83,1
4190,2866,54,0
4191,1989,17,0
4192,2316,970,0
4193,11806,126,1
4194,4124,142,0
4195,2316,620,0
4196,288,1074,0
4197,5706,219,1
4198,14053,2405,1
4199,14525,53,1
4200,12388,34,1
4201,2185,18,0
4202,1906,286,0
4203,4699,49,0
4204,10233,518,0
4205,11739,54,0
4206,1243,7,0
4207,10261,38,0
4208,721,86,0
4209,6475,256,0
4210,3362,60,0
4211,11945,77,0
4212,3439,100,1
4213,14470,303,0
4214,6917,292,0
4215,1194,3,0
4216,5625,326,1
4217,6585,690,1
4218,4106,237,1
4219,2737,67,1
4220,11502,49,1
4221,7059,77,0
4222,12495,372,1
4223,570,435,1
4224,8059,1272,1
4225,4997,926,0
4226,10952,67,1
4227,145,0,0
4228,3920,23,0
4229,11131,305,0
4230,8674,483,1
4231,1413,1632,1
4232,9086,768,0
4233,2448,743,0
4234,9234,462,0
4235,937,2613,1
4236,5607,67,1
4237,7652,301,1
4238,2549,640,0
4239,3875,953,1
4240,408,251,1
4241,8089,39,1
4242,3103,37,0
4243,8753,84,1
4244,8097,353,0
4245,9117,1135,1
4246,6116,40,1
4247,14314,104,1
4248,10637,37,0
4249,1448,443,0
4250,9108,237,0
4251,1723,579,0
4252,6852,102,0
4253,9523,37,0
4254,160,214,0
4255,4045,204,0
4256,703,49,1
4257,10688,39,1
4258,1959,2601,0
4259,10646,49,1
4260,1092,66,0
4261,10427,50,1
4262,4695,557,0
4263,5338,997,0
4264,10103,77,0
4265,195,137,0
4266,7304,157,1
4267,1145,512,1
4268,5155,207,0
4269,845,100,1
4270,8024,1144,0
4271,8845,2206,0
4272,2748,326,0
4273,5096,100,1
4274,7037,243,1
4275,5157,220,1
4276,5208,440,0
4277,480,278,1
4278,2753,2486,1
4279,4594,1203,1
4280,7763,1681,1
4281,6737,17,0
4282,79,326,1
4283,11239,77,0
4284,4020,999,1
4285,988,447,0
4286,2306,3,0
4287,6261,1638,1
4288,8883,200,0
4289,2754,1744,1
4290,10102,546,1
4291,3954,19,1
4292,6618,371,1
4293,2570,39,1
4294,8250,17,0
4295,13603,211,1
4296,5213,405,0
4297,4070,87,1
4298,5847,67,1
4299,6566,170,1
4300,2012,1219,1
4301,11911,981,1
4302,13004,579,1
4303,7479,182,0
4304,3203,514,0
4305,3519,17,0
4306,577,399,0
4307,2765,867,1
4308,9919,122,0
4309,6511,3,0
4310,11607,369,1
4311,1730,37,0
4312,11400,119,0
4313,49,404,0
4314,2543,231,0
4315,12175,17,0
4316,5544,178,1
4317,5051,818,0
4318,14110,17,0
4319,8395,687,1
4320,2627,134,1
4321,10702,178,0
4322,3289,74,0
4323,6339,442,0
4324,2274,400,1
4325,9740,86,0
4326,5791,38,0
4327,5612,77,0
4328,9820,284,1
4329,137,26,1
4330,4003,17,0
4331,2111,90,0
4332,3955,189,1
4333,9654,829,1
4334,6,1083,1
4335,242,307,1
4336,5032,3,0
4337,3707,584,0
4338,1302,568,1
4339,7201,320,1
4340,10776,1432,0
4341,360,329,0
4342,7289,46,0
4343,288,232,1
4344,903,961,0
4345,8031,214,0
4346,874,462,1
4347,5142,3,0
4348,3713,48,0
4349,14622,126,1
4350,3170,351,0
4351,7411,8,1
4352,10631,595,0
4353,14424,231,0
4354,7322,369,1
4355,559,40,1
4356,5077,102,0
4357,555,313,1
4358,1102,450,0
4359,5967,926,0
4360,6593,7,1
4361,5626,1275,1
4362,790,56,0
4363,3960,871,0
4364,4952,124,1
4365,5908,402,0
4366,10270,112,0
4367,9868,238,0
4368,7525,68,0
4369,9894,833,1
4370,919,887,0
4371,7787,16,0
4372,681,0,0
4373,4909,951,1
4374,11576,2003,0
4375,3617,943,0
4376,4030,86,0
4377,4665,78,1
4378,9383,129,1
4379,6081,143,1
4380,93,77,0
4381,7191,7,0
4382,289,3,0
4383,10515,690,1
4384,11120,412,0
4385,174,125,0
4386,6792,141,1
4387,11909,1572,0
4388,2316,546,0
4389,7224,64,1
4390,3549,0,0
4391,11094,41,0
4392,6811,37,0
4393,11279,447,1
4394,1049,1416,0
4395,13642,342,0
4396,10312,93,1
4397,1584,501,0
4398,7375,456,0
4399,12865,67,1
4400,13927,473,1
4401,8560,918,0
4402,5040,9,1
4403,1283,743,0
4404,13602,678,0
4405,12295,52,0
4406,11535,26,1
4407,5541,111,0
4408,6778,39,1
4409,2014,641,0
4410,14618,32,0
4411,934,320,1
4412,302,271,1
4413,3594,217,1
4414,12226,212,1
4415,6759,964,1
4416,6175,200,0
4417,2277,223,0
4418,9416,47,1
4419,268,1606,0
4420,10393,577,1
4421,38,36,0
4422,8495,42,0
4423,4393,214,0
4424,7127,1881,0
4425,1382,592,1
4426,12342,62,0
4427,1359,875,0
4428,13916,445,1
4429,7319,39,1
4430,7023,2485,1
4431,3321,401,1
4432,3144,60,0
4433,13511,34,1
4434,374,102,0
4435,1026,49,1
4436,277,153,0
4437,13921,343,1
4438,2643,843,0
4439,5496,242,0
4440,4794,58,1
4441,13588,686,1
4442,12653,64,1
4443,6800,1289,1
4444,1477,48,0
4445,4335,148,1
4446,3736,242,0
4447,625,52,0
4448,14465,343,1
4449,9553,344,0
4450,3158,548,0
4451,14490,155,1
4452,288,2023,0
4453,1974,196,0
4454,9088,269,0
4455,6240,100,1
4456,191,67,1
4457,10041,42,0
4458,14010,818,0
4459,13018,32,0
4460,7413,170,1
4461,14201,120,1
4462,4685,26,0
4463,3750,465,0
4464,7104,129,1
4465,7024,94,0
4466,3931,612,0
4467,11985,100,1
4468,6333,351,1
4469,3291,2297,1
4470,14104,56,0
4471,5114,126,1
4472,9359,405,0
4473,11375,3,0
4474,535,148,1
4475,2481,985,1
4476,2028,399,0
4477,10630,164,1
4478,10238,148,1
4479,7214,131,0
4480,2824,60,0
4481,9997,953,1
4482,12578,32,0
4483,11818,506,0
4484,6130,32,0
4485,11788,214,0
4486,1125,104,1
4487,1356,79,0
4488,3271,166,1
4489,1682,67,1
4490,3647,1557,1
4491,13558,17,1
4492,565,915,0
4493,863,1554,0
4494,338,77,0
4495,8021,1417,0
4496,11293,978,0
4497,5560,18,0
4498,2037,111,0
4499,10457,2197,0
4500,14388,67,1
4501,2564,310,0
4502,5705,197,0
4503,3859,1234,1
4504,543,307,1
4505,1336,1028,1
4506,7469,912,1
4507,13323,7,0
4508,6259,25,0
4509,9431,292,0
4510,1620,764,0
4511,10363,52,0
4512,8485,128,0
4513,69,584,0
4514,11200,687,1
4515,8031,212,1
4516,13758,348,0
4517,11338,89,0
4518,2383,219,1
4519,789,158,0
4520,5474,804,1
4521,9545,407,1
4522,711,1380,1
4523,9081,77,0
4524,9193,201,0
4525,12538,348,1
4526,9357,75,1
4527,2240,579,0
4528,12309,165,1
4529,10389,116,0
4530,1459,473,1
4531,4360,1638,0
4532,3479,482,1
4533,789,1207,0
4534,4547,1132,0
4535,3885,77,0
4536,13847,344,0
4537,8971,402,0
4538,11795,11,0
4539,13046,43,1
4540,2833,17,0
4541,2649,61,1
4542,11870,208,1
4543,3924,427,1
4544,14606,351,1
4545,8340,0,0
4546,536,77,0
4547,13540,575,0
4548,839,1367,0
4549,1484,1323,0
4550,1095,978,0
4551,1977,1,0
4552,6152,3,0
4553,14198,18,0
4554,11797,149,1
4555,9664,187,0
4556,409,374,0
4557,7407,49,0
4558,9139,457,0
4559,6802,33,1
4560,7571,215,0
4561,449,1,0
4562,9044,716,1
4563,6054,1325,1
4564,126,41,0
4565,8223,438,0
4566,3508,52,0
4567,5381,877,0
4568,488,100,1
4569,3822,77,0
4570,12636,1857,1
4571,6929,19,0
4572,1006,258,1
4573,10142,1095,1
4574,7765,481,0
4575,273,69,1
4576,3494,35,1
4577,6802,242,0
4578,3559,0,0
4579,8738,230,1
4580,12459,7,0
4581,5035,126,1
4582,2218,807,1
4583,7522,83,1
4584,4870,3,0
4585,58,37,0
4586,10326,77,0
4587,487,61,1
4588,3159,189,1
4589,8938,126,1
4590,8306,32,0
4591,12077,142,0
4592,5065,1039,1
4593,49,405,0
4594,6749,85,1
4595,4295,489,1
4596,13972,60,0
4597,8083,240,1
4598,11900,143,1
4599,10277,402,0
4600,6535,1477,1
4601,8709,85,1
4602,2735,52,0
4603,12490,2139,0
4604,871,978,0
4605,6474,2013,0
4606,672,100,1
4607,3264,701,0
4608,2059,240,0
4609,145,788,1
4610,5903,172,0
4611,10092,1392,0
4612,3059,187,0
4613,7941,17,0
4614,9138,315,0
4615,2177,0,0
4616,9318,102,0
4617,12138,947,1
4618,1101,318,0
4619,10757,187,1
4620,10540,743,0
4621,11620,193,1
4622,13043,410,0
4623,11744,22,0
4624,13148,247,1
4625,3131,264,1
4626,1748,52,0
4627,395,39,1
4628,2545,49,0
4629,5840,149,0
4630,3418,67,1
4631,318,596,0
4632,14004,170,1
4633,9103,101,0
4634,10519,523,1
4635,10020,176,1
4636,13604,67,1
4637,895,1515,1
4638,11331,103,1
4639,1642,365,0
4640,1815,375,0
4641,8858,1662,0
4642,9453,49,1
4643,4573,1053,0
4644,626,338,1
4645,12325,723,0
4646,11415,2220,0
4647,11075,65,1
4648,10256,626,1
4649,899,114,0
4650,9829,46,0
4651,8161,67,1
4652,1710,52,0
4653,8239,217,1
4654,2402,18,0
4655,9015,7,1
4656,12307,1255,1
4657,3638,1001,1
4658,13876,223,0
4659,11039,224,1
4660,14016,375,0
4661,6456,35,1
4662,8383,77,0
4663,7384,77,0
4664,200,404,0
4665,11297,32,0
4666,8324,891,0
4667,8121,128,0
4668,1865,204,0
4669,1897,645,1
4670,1173,522,0
4671,11974,40,0
4672,14180,813,1
4673,8563,100,1
4674,7642,345,1
4675,2421,424,0
4676,6194,77,0
4677,3103,204,0
4678,11531,52,0
4679,9582,100,1
4680,1725,67,1
4681,5812,0,0
4682,8292,20,0
4683,10729,39,0
4684,2108,3,0
4685,2284,200,1
4686,11883,113,1
4687,2861,3,0
4688,91,242,1
4689,9204,224,1
4690,5043,582,0
4691,124,654,0
4692,1311,978,0
4693,1758,1207,0
4694,4906,1172,0
4695,1331,490,1
4696,6187,74,0
4697,2369,341,0
4698,805,37,0
4699,10714,1774,1
4700,1404,78,1
4701,11159,79,0
4702,7982,35,0
4703,3391,94,1
4704,3673,69,0
4705,14024,389,1
4706,3620,7,0
4707,7219,224,0
4708,8884,101,0
4709,13959,18,0
4710,12629,53,1
4711,7165,72,0
4712,3725,91,1
4713,5649,176,1
4714,8470,91,1
4715,8965,32,0
4716,12722,2174,1
4717,5372,2094,1
4718,13466,139,1
4719,14280,421,0
4720,1510,39,0
4721,2664,348,1
4722,922,72,1
4723,10636,35,1
4724,13984,100,1
4725,658,2617,1
4726,9271,42,0
4727,606,95,0
4728,6968,2249,0
4729,8302,94,0
4730,13407,412,1
4731,8317,284,1
4732,8267,222,0
4733,14255,148,1
4734,26,1017,1
4735,7294,67,1
4736,10479,151,1
4737,9649,372,0
4738,268,916,0
4739,7193,53,0
4740,49,278,0
4741,2901,41,0
4742,1212,46,1
4743,2427,440,1
4744,4943,93,0
4745,6265,148,1
4746,10949,100,1
4747,1812,7,0
4748,1406,1126,1
4749,6636,67,1
4750,5976,41,0
4751,11900,216,0
4752,2711,41,0
4753,5950,589,1
4754,6030,512,0
4755,3245,128,0
4756,12166,256,0
4757,6387,637,0
4758,5096,52,0
4759,6640,46,1
4760,11150,592,1
4761,2161,809,1
4762,10177,200,0
4763,9627,160,1
4764,284,17,0
4765,658,1455,1
4766,545,1276,0
4767,4701,353,0
4768,6063,402,1
4769,472,447,1
4770,3675,40,1
4771,12072,817,0
4772,4830,189,1
4773,2553,18,0
4774,199,37,0
4775,1560,629,1
4776,13482,680,1
4777,1095,498,0
4778,10204,17,0
4779,12030,204,0
4780,4114,35,1
4781,524,1504,0
4782,1410,158,0
4783,14498,272,1
4784,9616,778,1
4785,2612,713,0
4786,5498,165,1
4787,7656,111,0
4788,4869,892,1
4789,13790,129,1
4790,1651,17,0
4791,2136,34,1
4792,1029,234,0
4793,1542,7,0
4794,11215,1339,0
4795,14081,1113,0
4796,1283,297,0
4797,10214,374,0
4798,7399,83,1
4799,11280,39,1
4800,7977,90,0
4801,13719,169,0
4802,13221,18,0
4803,7287,0,0
4804,2756,447,1
4805,4952,264,0
4806,10655,991,1
4807,5124,3,0
4808,5798,2214,0
4809,3833,318,1
4810,991,351,0
4811,4982,1483,1
4812,9149,278,0
4813,10131,77,0
4814,13518,56,0
4815,4106,1,0
4816,6932,189,1
4817,8228,37,0
4818,2558,25,0
4819,152,877,0
4820,11583,24,0
4821,3583,678,0
4822,11897,40,1
4823,12448,511,1
4824,2509,198,0
4825,1642,147,1
4826,2427,402,1
4827,1962,1260,0
4828,1322,17,0
4829,2534,825,1
4830,8856,438,1
4831,1067,18,0
4832,6758,220,0
4833,4610,1398,1
4834,377,259,0
4835,2034,197,0
4836,2705,854,0
4837,6219,66,1
4838,6156,284,1
4839,470,1580,0
4840,8163,32,0
4841,1076,38,1
4842,3508,37,0
4843,4943,2098,0
4844,5177,219,1
4845,10334,100,0
4846,1303,200,0
4847,11447,220,1
4848,1344,3,1
4849,943,523,0
4850,2778,3,0
4851,5085,563,0
4852,10789,143,1
4853,5279,77,0
4854,1331,1640,0
4855,3163,77,0
4856,4910,143,1
4857,8599,1154,0
4858,8511,575,0
4859,1979,111,0
4860,177,22,1
4861,1244,2358,1
4862,11461,66,1
4863,480,1205,1
4864,6259,111,0
4865,2262,200,0
4866,2311,878,1
4867,2267,18,0
4868,351,1198,0
4869,8512,68,0
4870,1060,43,1
4871,2347,546,1
4872,5909,330,0
4873,1199,42,0
4874,4842,17,0
4875,4195,629,1
4876,10315,1158,0
4877,4068,35,1
4878,4253,430,0
4879,1959,920,0
4880,1438,1945,1
4881,4972,90,0
4882,9801,16,0
4883,2857,2020,0
4884,4036,35,1
4885,830,26,0
4886,540,35,1
4887,3430,1407,0
4888,11857,155,1
4889,6,147,1
4890,2740,248,1
4891,1511,424,1
4892,2378,403,1
4893,1168,141,0
4894,7288,86,0
4895,9985,102,0
4896,4591,229,1
4897,9617,100,1
4898,14017,91,0
4899,8258,242,1
4900,12774,126,1
4901,10876,235,0
4902,1844,402,0
4903,6127,1213,1
4904,6079,769,1
4905,943,265,0
4906,4567,1136,1
4907,12308,273,0
4908,3973,137,0
4909,7361,42,0
4910,14262,67,1
4911,1487,369,1
4912,5491,980,1
4913,14478,61,1
4914,1288,446,1
4915,8651,58,1
4916,2639,41,0
4917,3030,32,0
4918,9571,237,1
4919,894,0,0
4920,11952,690,1
4921,200,3,0
4922,4240,412,0
4923,12518,944,1
4924,2804,61,0
4925,9817,1063,1
4926,6355,1135,0
4927,1982,214,0
4928,725,52,0
4929,12669,95,1
4930,9971,650,1
4931,6286,83,1
4932,6012,35,1
4933,1479,329,0
4934,10674,388,0
4935,1717,100,1
4936,1046,1421,0
4937,6555,1432,1
4938,6405,3,0
4939,4739,265,0
4940,9149,405,0
4941,5758,3,0
4942,4657,743,0
4943,554,37,0
4944,86,35,1
4945,7168,149,0
4946,3396,3,0
4947,3362,224,1
4948,10249,131,0
4949,14375,37,1
4950,7546,715,1
4951,1960,460,1
4952,3769,100,1
4953,910,17,0
4954,6162,136,1
4955,10772,32,0
4956,8440,2212,1
4957,5612,429,1
4958,5886,47,1
4959,3978,139,1
4960,1167,0,0
4961,10651,89,1
4962,6106,440,1
4963,5487,231,0
4964,4685,86,0
4965,3334,82,1
4966,13670,163,0
4967,2647,247,1
4968,1573,115,0
4969,980,462,0
4970,6297,551,1
4971,2872,5,0
4972,6356,37,0
4973,3294,259,1
4974,421,2136,0
4975,7232,46,1
4976,10101,142,0
4977,886,122,1
4978,7699,102,0
4979,2325,91,0
4980,9604,0,0
4981,8030,49,0
4982,10304,1657,0
4983,4700,133,1
4984,9653,32,0
4985,11314,901,1
4986,661,315,1
4987,8925,52,0
4988,880,489,0
4989,2103,18,0
4990,2405,797,1
4991,6753,83,1
4992,13132,267,0
4993,8805,37,1
4994,5553,147,1
4995,2732,77,0
4996,7539,67,1
4997,8671,18,0
4998,3728,60,0
4999,3085,351,0
5000,1739,0,0
5001,2569,100,1
5002,8093,248,1
5003,13733,267,0
5004,4944,0,0
5005,256,100,1
5006,4394,254,0
5007,9950,593,0
5008,8249,86,1
5009,9981,200,0
5010,8110,35,1
5011,1290,1296,0
5012,4471,1750,0
5013,615,1751,0
5014,13654,749,0
5015,14037,216,0
5016,969,72,1
5017,5480,891,0
5018,10768,1001,0
5019,10857,170,1
5020,5006,1732,1
5021,6167,37,1
5022,10389,8,1
5023,348,473,1
5024,12279,1063,1
5025,11155,140,0
5026,3132,33,1
5027,6343,91,1
5028,4934,463,0
5029,1591,636,0
5030,3541,86,0
5031,354,875,0
5032,2901,418,0
5033,9157,2337,0
5034,5746,0,0
5035,9556,277,1
5036,8191,338,1
5037,12728,438,0
5038,5728,2042,1
5039,6210,462,0
5040,10138,52,0
5041,736,100,1
5042,6406,91,0
5043,4962,25,0
5044,14558,176,1
5045,2818,260,0
5046,5317,388,0
5047,9570,1021,0
5048,9900,129,1
5049,11630,67,1
5050,8479,2040,0
5051,1610,18,0
5052,4676,859,1
5053,1173,1725,0
5054,863,859,0
5055,5858,774,0
5056,5513,18,0
5057,7076,592,1
5058,11287,256,1
5059,5063,189,0
5060,10900,86,1
5061,2052,223,0
5062,2087,208,0
5063,2246,447,0
5064,6584,0,0
5065,6501,140,0
5066,7602,724,0
5067,2314,1633,0
5068,7517,376,0
5069,6725,13,0
5070,3528,213,0
5071,2277,51,1
5072,4667,18,0
5073,7353,60,0
5074,14281,687,1
5075,42,1706,0
5076,11177,128,0
5077,4843,166,1
5078,2841,460,1
5079,1086,86,0
5080,10635,103,1
5081,3951,489,0
5082,2085,7,0
5083,5420,214,0
5084,12388,438,1
5085,14363,104,1
5086,8965,412,0
5087,97,1408,1
5088,7126,7,0
5089,9751,247,1
5090,6020,540,0
5091,12119,589,0
5092,1520,362,1
5093,1089,237,0
5094,4950,108,0
5095,7366,67,1
5096,5960,725,0
5097,5711,31,0
5098,5786,11,0
5099,12899,1320,1
5100,3272,95,1
5101,1007,3,0
5102,8030,1410,0
5103,3273,9,1
5104,1422,415,1
5105,119,92,1
5106,1631,77,0
5107,10414,264,1
5108,1368,440,1
5109,8552,276,0
5110,9963,42,0
5111,5323,66,0
5112,2860,90,0
5113,2753,2272,0
5114,3830,310,1
5115,4185,149,1
5116,8335,210,1
5117,930,0,0
5118,7788,18,0
5119,6499,344,0
5120,2246,5,0
5121,8047,74,1
5122,429,214,0
5123,11280,35,1
5124,3799,131,0
5125,4480,242,0
5126,11575,26,1
5127,10638,401,1
5128,7811,400,1
5129,10812,91,1
5130,2595,48,0
5131,55,242,0
5132,5107,67,1
5133,4608,231,0
5134,107,41,0
5135,11768,3,1
5136,2183,77,0
5137,404,267,0
5138,5951,19,0
5139,13464,935,1
5140,4180,109,1
5141,13727,82,1
5142,3085,39,0
5143,12255,40,1
5144,6014,243,0
5145,5061,124,1
5146,6326,2131,0
5147,475,1906,0
5148,2699,694,0
5149,5020,103,1
5150,3272,329,0
5151,2799,579,0
5152,813,400,0
5153,4724,69,0
5154,7926,382,1
5155,3215,462,0
5156,12731,440,0
5157,385,242,1
5158,11074,936,0
5159,2418,115,0
5160,125,1099,1
5161,751,908,0
5162,930,1872,1
5163,1232,1114,1
5164,3524,577,1
5165,4044,68,0
5166,1924,90,0
5167,7621,83,1
5168,1548,1207,0
5169,8233,17,0
5170,8174,51,0
5171,386,252,1
5172,8177,7,1
5173,928,940,1
5174,8188,1061,0
5175,2652,155,0
5176,4997,668,1
5177,4830,115,0
5178,7585,409,1
5179,7348,0,0
5180,220,25,0
5181,12096,2082,0
5182,12029,402,0
5183,2238,125,1
5184,2255,41,0
5185,986,204,0
5186,8035,813,1
5187,1020,265,0
5188,13510,408,0
5189,14043,66,0
5190,6758,1453,0
5191,7671,204,0
5192,3810,1020,1
5193,3713,89,1
5194,4600,3,0
5195,7862,264,1
5196,7465,547,0
5197,2988,140,0
5198,10244,575,0
5199,5003,212,1
5200,244,25,0
5201,9214,0,0
5202,510,256,1
5203,862,26,1
5204,3739,18,0
5205,1814,267,0
5206,7535,204,0
5207,3109,927,1
5208,13202,345,0
5209,12976,401,1
5210,6772,248,1
5211,3059,22,0
5212,14118,836,0
5213,6306,549,1
5214,10056,300,1
5215,4486,200,0
5216,1254,260,0
5217,2909,149,0
5218,3109,1211,0
5219,8190,383,1
5220,13191,7,0
5221,10602,1483,1
5222,2622,375,0
5223,5015,200,1
5224,13166,626,0
5225,3227,392,0
5226,10570,52,0
5227,5362,1,0
5228,3381,3,0
5229,3089,40,1
5230,2924,1009,1
5231,1779,18,0
5232,745,348,1
5233,450,143,1
5234,1741,110,0
5235,1652,872,0
5236,104,1552,0
5237,7759,82,1
5238,670,37,0
5239,13720,947,1
5240,10269,1367,1
5241,7576,345,0
5242,11533,148,1
5243,3844,176,1
5244,1794,539,0
5245,4326,74,0
5246,1327,40,1
5247,11111,98,1
5248,4753,395,1
5249,11996,67,1
5250,3297,34,1
5251,10407,1838,1
5252,3443,440,1
5253,4752,52,0
5254,4077,18,0
5255,3130,7,0
5256,11191,102,0
5257,9558,135,1
5258,10044,50,1
5259,242,517,1
5260,3510,115,0
5261,12076,100,1
5262,5270,67,1
5263,5248,52,0
5264,1448,72,0
5265,7036,467,1
5266,6761,139,1
5267,5364,3,0
5268,11180,100,1
5269,13397,60,0
5270,1562,0,0
5271,1102,219,0
5272,12248,595,0
5273,2536,412,0
5274,6241,41,0
5275,6948,40,1
5276,3074,146,1
5277,4961,32,0
5278,6813,201,0
5279,1004,126,1
5280,8206,473,1
5281,8796,94,0
5282,463,77,0
5283,3153,3,0
5284,7072,242,1
5285,4820,1163,0
5286,11225,77,0
5287,1744,404,0
5288,10116,260,0
5289,10901,3,0
5290,10226,86,0
5291,4412,343,1
5292,10198,0,0
5293,2528,17,0
5294,4955,89,1
5295,59,53,1
5296,5806,0,0
5297,6501,37,0
5298,200,777,1
5299,5857,41,0
5300,1705,17,0
5301,6829,141,1
5302,29,197,0
5303,3437,77,0
5304,819,223,0
5305,12033,22,1
5306,5728,405,1
5307,8360,35,1
5308,6458,904,1
5309,11110,269,1
5310,6,5,1
5311,7306,3,0
5312,10088,7,0
5313,6408,67,1
5314,10547,67,1
5315,1459,214,0
5316,7941,3,0
5317,2578,193,1
5318,14391,343,1
5319,6074,77,0
5320,8931,16,1
5321,11918,1264,1
5322,3239,47,1
5323,10297,40,0
5324,11539,402,0
5325,8570,404,1
5326,12681,101,0
5327,9568,407,0
5328,12024,116,1
5329,6200,34,0
5330,11296,115,0
5331,2824,77,0
5332,13317,548,0
5333,7020,43,1
5334,7336,353,0
5335,426,283,1
5336,2199,957,0
5337,2258,220,1
5338,3931,97,1
5339,4836,678,1
5340,8564,137,0
5341,1821,442,0
5342,5389,26,0
5343,4512,87,1
5344,3460,412,0
5345,5962,67,1
5346,12861,75,0
5347,1534,762,0
5348,10936,943,0
5349,10785,86,0
5350,14225,67,1
5351,1487,1826,0
5352,7840,187,0
5353,3374,440,1
5354,11363,658,0
5355,7931,532,0
5356,11810,301,1
5357,9978,52,0
5358,6436,198,0
5359,2908,118,0
5360,9018,264,1
5361,8617,460,1
5362,7468,52,0
5363,9998,109,0
5364,3610,1637,0
5365,5020,134,1
5366,3782,118,1
5367,696,752,1
5368,1651,3,0
5369,2593,606,1
5370,665,337,0
5371,3097,758,1
5372,7719,118,1
5373,1984,25,0
5374,2249,98,0
5375,988,33,1
5376,2322,86,0
5377,6170,8,1
5378,2354,495,0
5379,4809,170,1
5380,6016,709,0
5381,2510,1823,1
5382,12806,343,1
5383,549,55,0
5384,13799,539,0
5385,3611,1082,0
5386,4150,77,1
5387,215,678,0
5388,3151,375,0
5389,12213,645,0
5390,3147,61,0
5391,83,39,1
5392,1088,836,1
5393,8701,17,0
5394,3521,1,0
5395,2742,267,0
5396,5032,405,0
5397,4466,651,1
5398,5358,1247,0
5399,658,1080,1
5400,1480,269,1
5401,14265,629,1
5402,6540,617,1
5403,2801,143,0
5404,1398,26,1
5405,5037,39,1
5406,1829,583,0
5407,4961,412,0
5408,7129,60,0
5409,8445,207,0
5410,14617,3,0
5411,4324,100,1
5412,4599,22,1
5413,14267,269,1
5414,9622,472,1
5415,107,197,0
5416,11576,2169,0
5417,3536,682,0
5418,9247,210,1
5419,5187,77,0
5420,9780,17,0
5421,4391,26,0
5422,13081,61,1
5423,3925,832,0
5424,1195,5,0
5425,2732,3,0
5426,1654,438,0
5427,4495,2444,1
5428,10541,42,0
5429,6625,402,1
5430,6646,1063,1
5431,6632,2578,1
5432,8822,268,1
5433,6660,758,1
5434,6249,189,1
5435,2707,39,1
5436,11927,35,0
5437,1309,402,1
5438,5942,351,0
5439,1828,73,1
5440,4052,1060,1
5441,11784,86,0
5442,1644,785,0
5443,205,2540,0
5444,9489,41,0
5445,840,1423,0
5446,1526,1089,1
5447,12397,170,1
5448,13828,482,1
5449,4090,82,1
5450,11784,1063,1
5451,8918,667,0
5452,9027,169,1
5453,9040,18,0
5454,6567,77,0
5455,13691,18,0
5456,5231,68,0
5457,91,483,0
5458,14383,22,0
5459,738,66,0
5460,13064,100,1
5461,13521,7,0
5462,7598,129,1
5463,12039,25,0
5464,49,352,0
5465,509,77,0
5466,7065,334,1
5467,601,442,0
5468,1068,491,0
5469,7494,39,0
5470,10333,7,0
5471,1771,1114,1
5472,3596,89,0
5473,10526,149,0
5474,4733,57,1
5475,3970,102,0
5476,1928,77,0
5477,9020,35,1
5478,5971,53,1
5479,9893,18,0
5480,4503,891,0
5481,6245,100,1
5482,10565,17,0
5483,10233,248,1
5484,2475,819,0
5485,11468,467,0
5486,1480,51,1
5487,7298,58,1
5488,6773,22,0
5489,8798,310,1
5490,13839,17,0
5491,5294,429,0
5492,4657,376,0
5493,13801,402,0
5494,8854,52,0
5495,53,158,1
5496,4299,311,0
5497,8122,503,0
5498,3565,613,1
5499,5513,67,1
5500,9842,94,1
5501,7,1806,0
5502,28,27,1
5503,5538,67,1
5504,2,0,0
5505,13697,412,0
5506,5214,93,1
5507,4313,48,0
5508,4041,29,0
5509,8978,0,0
5510,12334,424,1
5511,304,259,1
5512,8751,514,0
5513,12328,858,1
5514,14143,114,1
5515,3002,404,0
5516,6661,269,1
5517,12465,619,0
5518,1408,1199,0
5519,3281,405,1
5520,189,17,0
5521,7306,0,0
5522,6905,25,0
5523,14423,18,0
5524,9470,450,1
5525,12127,75,0
5526,1950,315,1
5527,5764,41,1
5528,9147,1109,1
5529,2600,77,0
5530,5977,404,0
5531,11625,939,1
5532,6595,135,1
5533,3269,25,0
5534,10176,77,0
5535,14108,68,0
5536,268,178,1
5537,9565,692,1
5538,11733,39,1
5539,3149,197,0
5540,6995,74,0
5541,3357,102,0
5542,268,1053,0
5543,6073,48,0
5544,5918,363,0
5545,13885,1450,0
5546,7234,86,0
5547,472,19,0
5548,7131,86,0
5549,20,2050,1
5550,1006,1,0
5551,7077,15,1
5552,2424,21,0
5553,4426,464,0
5554,9563,170,1
5555,10854,77,0
5556,4616,831,0
5557,13229,52,0
5558,2479,37,0
5559,7047,343,1
5560,2115,743,0
5561,7657,408,0
5562,4278,1098,0
5563,8540,67,1
5564,5951,665,0
5565,2038,725,0
5566,3742,891,0
5567,5543,1145,0
5568,3310,24,0
5569,6930,3,0
5570,13718,126,1
5571,592,35,1
5572,10785,618,1
5573,11590,35,1
5574,2919,435,1
5575,4769,289,0
5576,2783,155,0
5577,8079,1107,0
5578,2317,1154,1
5579,11118,978,0
5580,1651,50,1
5581,13033,17,0
5582,6217,374,0
5583,4661,196,0
5584,4508,38,0
5585,220,855,0
5586,5358,228,0
5587,268,844,0
5588,1985,196,0
5589,7434,690,1
5590,1291,959,0
5591,10237,32,0
5592,12872,18,0
5593,1466,836,0
5594,1102,627,0
5595,1101,392,0
5596,387,1226,0
5597,2029,227,1
5598,8942,35,1
5599,9553,67,1
5600,5694,47,0
5601,8635,1023,0
5602,5883,0,0
5603,10788,57,1
5604,1979,1510,0
5605,12575,67,1
5606,5979,100,1
5607,5044,939,1
5608,9376,49,0
5609,3629,365,0
5610,1015,9,1
5611,3975,439,0
5612,7928,178,1
5613,4749,197,0
5614,211,35,1
5615,9502,782,1
5616,4816,86,0
5617,3779,103,1
5618,1738,77,0
5619,5824,424,1
5620,4467,1320,1
5621,8309,208,0
5622,13505,122,0
5623,4262,189,1
5624,9284,382,1
5625,429,128,0
5626,498,668,1
5627,338,153,0
5628,6289,297,0
5629,10043,405,1
5630,3672,343,1
5631,1153,271,1
5632,11285,140,0
5633,2416,41,0
5634,14053,2332,0
5635,8562,532,1
5636,5197,17,0
5637,12855,0,0
5638,13186,758,1
5639,4313,573,1
5640,6106,1723,0
5641,10417,35,1
5642,13400,18,0
5643,10246,539,0
5644,8690,90,0
5645,10111,201,0
5646,11808,258,0
5647,945,1455,0
5648,9650,187,0
5649,768,836,0
5650,1016,681,0
5651,1587,94,0
5652,8027,67,1
5653,8800,809,0
5654,3169,1407,1
5655,4307,276,0
5656,834,62,0
5657,6644,3,0
5658,2121,609,1
5659,11350,105,1
5660,8604,232,1
5661,7781,24,0
5662,13606,126,1
5663,1236,412,0
5664,9385,301,1
5665,1537,18,0
5666,930,724,0
5667,1095,32,0
5668,5981,60,0
5669,4104,204,0
5670,10225,82,1
5671,5766,117,0
5672,1497,13,0
5673,5510,18,0
5674,8869,149,1
5675,566,516,1
5676,8165,87,0
5677,3681,110,0
5678,5800,102,0
5679,12041,52,0
5680,8961,97,1
5681,682,155,0
5682,21,20,1
5683,957,315,0
5684,1161,938,1
5685,11422,77,0
5686,14308,334,1
5687,268,177,0
5688,7991,60,0
5689,12877,52,0
5690,233,17,0
5691,14426,301,1
5692,7443,128,1
5693,3939,51,0
5694,1844,447,1
5695,5069,514,0
5696,931,1246,0
5697,3887,49,1
5698,2243,26,1
5699,1416,3,0
5700,571,77,0
5701,5432,47,1
5702,8287,636,0
5703,3137,348,0
5704,11423,100,1
5705,3496,37,0
5706,5774,67,1
5707,4945,7,0
5708,409,24,0
5709,857,1510,0
5710,13329,549,1
5711,48,932,0
5712,13197,264,1
5713,1392,17,0
5714,13108,42,0
5715,11385,548,1
5716,5585,269,0
5717,3774,134,1
5718,6413,173,0
5719,3093,687,1
5720,3330,13,0
5721,5849,390,0
5722,11764,214,0
5723,1101,539,0
5724,2461,90,0
5725,10928,222,0
5726,11639,0,0
5727,13949,102,0
5728,3747,156,1
5729,10467,67,1
5730,1865,978,0
5731,5208,187,1
5732,1807,722,1
5733,5042,3,0
5734,2002,20,1
5735,793,224,1
5736,10886,52,0
5737,1102,320,1
5738,2770,1456,0
5739,13630,46,1
5740,9017,732,1
5741,5692,77,0
5742,13607,5,0
5743,2516,242,1
5744,1701,212,1
5745,7592,100,1
5746,12577,983,1
5747,833,220,1
5748,4258,93,1
5749,6118,35,1
5750,8136,3,0
5751,5356,47,1
5752,5517,91,0
5753,11,27,1
5754,4824,895,0
5755,7798,40,1
5756,13032,100,0
5757,7430,67,1
5758,12504,39,1
5759,2871,37,0
5760,7649,3,0
5761,6793,77,0
5762,11566,18,0
5763,1866,67,0
5764,12164,287,1
5765,615,2341,0
5766,7888,375,0
5767,4169,228,0
5768,11706,77,0
5769,5974,242,0
5770,2005,90,0
5771,13955,41,0
5772,12010,1900,0
5773,9871,222,0
5774,13219,293,1
5775,2263,26,0
5776,5444,149,0
5777,1095,918,0
5778,6239,490,0
5779,1127,3,0
5780,4372,736,1
5781,13244,374,0
5782,2451,1295,0
5783,1866,1367,1
5784,2699,583,0
5785,6058,100,1
5786,1460,1597,0
5787,1685,219,0
5788,10805,67,1
5789,6336,220,0
5790,8100,1114,1
5791,3762,246,0
5792,3985,279,1
5793,1359,3,0
5794,1634,43,0
5795,5589,86,1
5796,8768,536,0
5797,429,320,0
5798,915,278,1
5799,12023,1698,1
5800,6782,101,0
5801,11641,129,1
5802,967,187,1
5803,14493,219,1
5804,4316,32,0
5805,10289,237,1
5806,881,254,0
5807,355,2011,0
5808,1360,140,1
5809,9665,109,1
5810,11023,2119,1
5811,11850,2496,0
5812,8505,405,0
5813,8868,606,1
5814,4018,100,0
5815,9208,77,0
5816,10857,102,0
5817,2627,60,0
5818,11503,243,1
5819,3950,438,0
5820,6836,503,0
5821,1683,34,1
5822,13251,407,1
5823,3939,17,1
5824,13855,43,1
5825,3215,24,0
5826,9758,158,0
5827,11726,100,1
5828,10217,212,0
5829,13682,237,0
5830,6799,329,0
5831,1285,1502,1
5832,4506,41,0
5833,7373,67,1
5834,2452,1134,0
5835,12123,908,1
5836,6816,211,1
5837,2834,17,0
5838,9389,77,0
5839,3859,391,0
5840,1920,2000,0
5841,3330,445,1
5842,94,78,1
5843,1197,1664,1
5844,8821,447,0
5845,8608,160,0
5846,244,1183,1
5847,3708,978,1
5848,12866,143,1
5849,3252,230,1
5850,9192,557,0
5851,760,41,0
5852,6054,405,0
5853,555,119,1
5854,3604,67,1
5855,4515,100,0
5856,2340,206,0
5857,1095,478,1
5858,8141,269,0
5859,11716,634,0
5860,12694,34,1
5861,13273,551,1
5862,9937,48,0
5863,4516,1567,0
5864,2888,579,0
5865,10979,37,0
5866,4221,1046,0
5867,158,125,1
5868,11725,2098,0
5869,8272,34,1
5870,840,1150,0
5871,2006,35,1
5872,2212,440,1
5873,8986,584,0
5874,6679,228,0
5875,674,17,0
5876,304,957,0
5877,2761,794,0
5878,1304,52,0
5879,2354,206,1
5880,4761,41,0
5881,225,29,0
5882,331,200,0
5883,6554,40,1
5884,242,2121,1
5885,6584,41,0
5886,2904,74,1
5887,7559,100,1
5888,5112,67,0
5889,3445,95,1
5890,8968,67,1
5891,805,204,0
5892,6190,709,1
5893,6040,620,1
5894,4019,149,0
5895,8351,20,1
5896,362,230,1
5897,12054,67,1
5898,6878,64,1
5899,3868,39,1
5900,11919,512,1
5901,9516,272,1
5902,2731,1,0
5903,755,38,1
5904,7641,109,1
5905,7481,60,0
5906,13904,129,1
5907,4949,126,1
5908,10687,3,0
5909,6356,978,0
5910,9936,0,0
5911,4127,51,1
5912,13149,121,1
5913,5137,3,0
5914,11129,77,0
5915,142,261,0
5916,8578,16,1
5917,11894,2049,1
5918,8787,137,0
5919,5660,17,0
5920,104,85,1
5921,3122,62,0
5922,67,1996,1
5923,38,286,0
5924,3762,361,1
5925,9354,3,0
5926,9658,52,0
5927,9622,0,0
5928,11832,18,0
5929,10342,40,0
5930,8967,103,1
5931,7511,196,0
5932,12820,149,0
5933,2770,868,0
5934,4837,102,0
5935,4805,534,1
5936,5234,139,1
5937,8053,18,0
5938,551,558,0
5939,9773,60,0
5940,8477,67,1
5941,6451,875,0
5942,2934,750,1
5943,8875,184,1
5944,9913,369,1
5945,448,1144,0
5946,1791,684,0
5947,5970,187,0
5948,3489,109,0
5949,14534,343,1
5950,1844,147,1
5951,10191,1812,1
5952,13292,725,0
5953,11554,148,1
5954,8035,501,0
5955,12442,101,0
5956,14470,324,1
5957,9142,95,1
5958,8374,40,1
5959,1542,402,1
5960,13671,13,0
5961,8792,67,1
5962,9478,109,0
5963,7415,473,1
5964,13746,259,1
5965,5723,73,1
5966,11035,67,1
5967,5968,807,1
5968,577,33,0
5969,6490,18,0
5970,7812,143,0
5971,11356,67,1
5972,9506,235,1
5973,7571,881,0
5974,7433,17,0
5975,9019,546,1
5976,1940,265,1
5977,7131,1063,1
5978,11802,26,0
5979,10462,224,1
5980,4687,40,1
5981,3892,1031,1
5982,13010,402,0
5983,3313,77,0
5984,5953,198,0
5985,5795,444,0
5986,1683,1071,1
5987,4886,566,1
5988,5915,344,0
5989,13045,67,1
5990,10916,17,0
5991,3472,578,0
5992,2661,51,1
5993,4389,98,1
5994,3544,3,0
5995,12576,947,1
5996,4341,0,0
5997,3651,326,0
5998,4496,936,1
5999,1323,159,0
6000,12092,35,1
6001,7412,77,0
6002,11798,67,1
6003,12435,67,1
6004,5018,49,1
6005,4003,200,1
6006,354,25,0
6007,3833,90,1
6008,12677,34,1
6009,1396,1301,0
6010,11130,148,1
6011,9942,100,1
6012,12404,148,1
6013,302,2183,1
6014,6922,787,1
6015,106,3,0
6016,3586,464,0
6017,10001,212,1
6018,7085,358,1
6019,2110,220,0
6020,4970,18,0
6021,11898,504,1
6022,1102,402,0
6023,4280,48,0
6024,688,546,1
6025,12336,0,0
6026,1400,399,1
6027,11588,93,1
6028,1642,208,0
6029,2820,877,0
6030,4588,547,0
6031,9292,80,0
6032,12327,53,1
6033,9157,1061,1
6034,7353,3,0
6035,5498,157,0
6036,8406,1697,0
6037,252,177,1
6038,320,675,1
6039,7846,440,1
6040,14136,343,1
6041,8036,148,1
6042,4255,259,1
6043,12897,60,0
6044,8663,68,0
6045,6851,67,1
6046,9024,67,1
6047,12765,473,1
6048,5095,198,0
6049,7998,1171,0
6050,2542,404,0
6051,3122,52,0
6052,5117,60,0
6053,5883,17,0
6054,13427,37,1
6055,6630,82,1
6056,561,33,1
6057,3385,402,1
6058,1702,198,0
6059,7779,991,1
6060,6958,237,0
6061,1602,640,0
6062,5035,42,0
6063,7506,189,1
6064,6801,67,1
6065,11534,409,1
6066,8685,77,0
6067,10359,91,0
6068,8590,125,1
6069,8657,39,1
6070,3558,195,0
6071,11585,246,0
6072,8255,38,1
6073,1634,321,0
6074,8438,220,0
6075,1870,1646,0
6076,5170,100,1
6077,14304,198,0
6078,6158,100,1
6079,8925,204,0
6080,3852,3,0
6081,3630,41,0
6082,8846,548,0
6083,10627,1176,0
6084,4692,310,1
6085,9514,324,1
6086,11757,815,1
6087,8734,701,0
6088,2724,3,0
6089,12632,562,0
6090,1175,418,0
6091,2632,1353,1
6092,11162,17,0
6093,1460,329,0
6094,65,7,0
6095,2287,189,1
6096,7585,365,1
6097,12347,386,0
6098,9671,557,0
6099,4834,43,1
6100,12768,473,1
6101,4345,624,0
6102,12901,589,1
6103,2411,329,0
6104,516,90,1
6105,14638,148,1
6106,9769,141,1
6107,9322,91,0
6108,548,964,1
6109,13662,204,0
6110,12420,405,0
6111,6274,34,1
6112,9675,77,0
6113,9369,836,0
6114,7835,77,0
6115,5868,182,0
6116,8588,99,1
6117,943,557,0
6118,10556,376,1
6119,2358,1995,0
6120,6312,609,0
6121,2700,342,1
6122,12556,86,0
6123,12346,187,1
6124,5091,55,1
6125,3159,131,0
6126,871,912,1
6127,481,709,1
6128,1745,402,1
6129,82,120,0
6130,242,185,1
6131,4079,2460,1
6132,2415,48,0
6133,9485,143,0
6134,7680,514,0
6135,8742,509,1
6136,1017,189,1
6137,816,67,1
6138,6600,169,0
6139,2954,149,1
6140,10644,200,1
6141,3282,25,0
6142,6528,836,0
6143,919,43,0
6144,2280,111,0
6145,1399,52,0
6146,7656,269,1
6147,6279,782,0
6148,11184,126,1
6149,5498,189,1
6150,9034,348,0
6151,7291,465,0
6152,847,283,0
6153,863,2328,0
6154,1891,48,0
6155,1371,112,0
6156,14399,91,1
6157,11115,50,1
6158,12113,52,0
6159,13993,18,0
6160,10755,288,1
6161,5521,1373,1
6162,11998,129,0
6163,38,716,1
6164,2686,622,0
6165,5757,462,0
6166,4595,189,1
6167,2475,643,0
6168,4100,272,1
6169,9558,3,0
6170,13914,60,0
6171,3186,113,1
6172,10095,60,0
6173,4484,276,0
6174,12492,37,0
6175,7839,180,0
6176,2587,287,1
6177,755,223,0
6178,4314,17,0
6179,3368,198,0
6180,3235,948,0
6181,11390,73,1
6182,5799,1275,1
6183,3373,100,1
6184,12512,443,1
6185,610,142,0
6186,753,126,1
6187,3354,1063,1
6188,12355,329,0
6189,9851,1000,1
6190,8355,148,1
6191,840,344,1
6192,8314,17,0
6193,2637,399,0
6194,7735,49,1
6195,9957,67,1
6196,4529,404,1
6197,13075,40,0
6198,10345,65,1
6199,2169,407,0
6200,1256,361,0
6201,2245,772,1
6202,48,57,0
6203,6672,3,0
6204,4141,515,0
6205,3950,588,1
6206,8389,242,0
6207,1465,33,1
6208,277,705,0
6209,14080,204,0
6210,8795,52,0
6211,2897,0,0
6212,12951,530,1
6213,6397,645,1
6214,2894,52,0
6215,12761,91,0
6216,10005,1575,0
6217,6720,202,0
6218,1276,312,0
6219,14383,200,0
6220,8197,128,0
6221,11995,204,0
6222,11214,0,0
6223,849,69,0
6224,5863,770,1
6225,2527,634,0
6226,13011,128,0
6227,8051,40,1
6228,320,3,0
6229,4887,246,1
6230,8690,19,1
6231,5081,228,1
6232,8187,320,1
6233,4834,0,0
6234,4003,77,0
6235,5747,2108,0
6236,10158,7,0
6237,581,926,0
6238,9039,47,1
6239,4007,18,0
6240,158,642,1
6241,4811,269,0
6242,5283,438,0
6243,9504,195,0
6244,8472,242,1
6245,124,1114,1
6246,11763,17,0
6247,13461,503,1
6248,686,483,0
6249,11241,171,0
6250,2627,103,1
6251,4861,286,0
6252,7481,77,0
6253,2417,242,0
6254,6133,102,0
6255,2563,264,1
6256,4796,353,0
6257,5408,160,1
6258,372,188,0
6259,5722,129,0
6260,1276,1167,0
6261,6320,33,0
6262,12942,46,0
6263,11405,3,0
6264,9819,908,0
6265,8275,17,0
6266,12370,18,0
6267,1441,0,0
6268,10644,0,1
6269,6207,376,0
6270,9701,180,0
6271,7185,216,0
6272,3943,257,1
6273,5039,265,1
6274,2637,49,0
6275,5450,478,1
6276,1509,1067,0
6277,750,42,0
6278,6357,482,1
6279,13485,279,1
6280,11367,3,0
6281,6957,473,0
6282,5189,412,0
6283,9381,18,0
6284,3229,48,0
6285,7948,0,0
6286,9815,122,1
6287,14289,18,0
6288,10035,18,0
6289,2609,73,1
6290,9654,310,0
6291,869,977,0
6292,2983,2518,1
6293,9564,709,1
6294,241,55,1
6295,7664,4,0
6296,8856,34,1
6297,5526,276,0
6298,11387,52,0
6299,4332,94,0
6300,1033,67,1
6301,4304,3,0
6302,2279,777,0
6303,492,53,0
6304,5065,1082,0
6305,8899,530,1
6306,12026,2586,0
6307,6330,1370,1
6308,3110,57,1
6309,13731,553,0
6310,9298,18,0
6311,5452,115,0
6312,14331,15,1
6313,10316,1050,1
6314,1690,2177,0
6315,12521,224,1
6316,836,256,0
6317,937,823,0
6318,5532,69,1
6319,13822,3,0
6320,4854,106,1
6321,4022,234,0
6322,8106,67,1
6323,9812,1030,1
6324,9259,42,0
6325,9763,18,0
6326,9256,155,0
6327,6737,41,0
6328,6125,48,0
6329,13987,343,1
6330,10529,165,1
6331,4690,52,0
6332,3277,25,0
6333,641,0,0
6334,1503,456,0
6335,6107,140,0
6336,3992,473,1
6337,288,32,1
6338,674,355,1
6339,3934,34,1
6340,7315,97,1
6341,7525,83,1
6342,12565,1101,0
6343,6489,664,0
6344,8132,19,0
6345,3251,249,0
6346,6736,100,1
6347,620,2217,0
6348,7038,41,0
6349,38,750,0
6350,6903,1317,0
6351,5965,402,1
6352,2409,86,0
6353,12168,31,1
6354,6315,579,1
6355,561,402,0
6356,4354,2536,0
6357,4856,25,0
6358,6370,653,0
6359,8134,77,0
6360,5566,32,0
6361,13225,581,1
6362,354,158,0
6363,10121,1148,0
6364,1736,330,0
6365,157,189,1
6366,6069,7,0
6367,3163,699,1
6368,12478,653,0
6369,3720,29,0
6370,1723,141,0
6371,5654,361,0
6372,1523,169,0
6373,4626,1345,0
6374,9913,198,0
6375,13390,148,1
6376,7384,19,1
6377,1444,100,0
6378,2458,67,1
6379,242,111,0
6380,9227,1099,1
6381,12903,200,1
6382,5956,25,0
6383,4996,492,0
6384,4754,2000,0
6385,4644,1407,0
6386,11474,18,0
6387,4299,101,1
6388,7206,134,1
6389,1767,305,0
6390,12093,0,0
6391,13613,680,1
6392,1036,481,1
6393,401,7,0
6394,426,402,1
6395,10227,33,1
6396,6164,1468,0
6397,3254,148,1
6398,9373,224,1
6399,26,922,0
6400,1718,220,0
6401,1282,405,0
6402,4797,374,0
6403,2320,951,1
6404,549,108,0
6405,11015,874,1
6406,5937,0,0
6407,8771,1654,0
6408,3510,165,1
6409,8205,8,1
6410,1168,7,0
6411,491,588,0
6412,2133,501,0
6413,7144,193,1
6414,5079,19,1
6415,6422,3,0
6416,5507,176,1
6417,5411,223,0
6418,8182,94,0
6419,1795,42,0
6420,3181,260,1
6421,11592,17,0
6422,11276,242,1
6423,1803,182,0
6424,906,53,1
6425,13077,155,0
6426,4231,726,1
6427,4073,1380,1
6428,2459,3,0
6429,14433,83,1
6430,3059,402,0
6431,6331,67,1
6432,3622,17,0
6433,2171,220,1
6434,6401,732,1
6435,14537,115,0
6436,8076,3,0
6437,5480,193,1
6438,3192,67,1
6439,1515,2084,0
6440,1690,1909,0
6441,5468,519,1
6442,3660,412,0
6443,12169,102,0
6444,6005,1154,1
6445,10284,212,1
6446,223,785,0
6447,5207,72,0
6448,9759,83,1
6449,3040,52,0
6450,5,223,0
6451,7894,413,1
6452,11141,56,0
6453,1402,597,1
6454,12203,1084,0
6455,14571,1474,0
6456,1744,902,0
6457,5798,118,1
6458,9924,100,1
6459,3854,242,0
6460,13600,242,0
6461,5966,17,0
6462,6759,187,0
6463,1449,605,0
6464,4359,1103,0
6465,135,0,0
6466,3223,1883,0
6467,6624,932,1
6468,10348,77,0
6469,6411,353,0
6470,13364,292,0
6471,6373,155,0
6472,288,44,1
6473,364,231,0
6474,3515,143,1
6475,4673,1114,1
6476,1324,100,1
6477,10774,562,0
6478,3033,320,0
6479,8569,75,0
6480,2973,910,0
6481,6804,780,1
6482,2583,200,0
6483,7024,563,1
6484,1969,37,0
6485,10845,17,0
6486,3742,17,0
6487,577,147,1
6488,926,797,1
6489,3758,460,0
6490,3689,358,0
6491,14380,169,1
6492,874,109,0
6493,2088,17,0
6494,5956,0,0
6495,11534,402,0
6496,10475,180,0
6497,4398,978,0
6498,7209,1035,0
6499,1380,41,0
6500,8499,75,1
6501,12786,637,1
6502,5282,320,1
6503,603,77,0
6504,1107,32,0
6505,3085,89,0
6506,3263,547,0
6507,5922,26,1
6508,14222,148,1
6509,9328,22,1
6510,7171,37,1
6511,6317,19,1
6512,10297,769,1
6513,6633,137,0
6514,9486,220,0
6515,1528,38,1
6516,10499,122,1
6517,8840,223,0
6518,5482,344,0
6519,1353,23,0
6520,9001,518,0
6521,35,242,0
6522,12894,109,1
6523,9412,26,0
6524,8103,3,0
6525,196,402,0
6526,10582,3,0
6527,12460,136,1
6528,13010,242,1
6529,6243,171,0
6530,3405,824,0
6531,2771,17,0
6532,13900,939,0
6533,6455,1744,0
6534,8438,535,0
6535,7052,231,0
6536,561,1346,0
6537,12047,189,1
6538,5545,101,0
6539,1344,48,0
6540,14555,128,0
6541,2284,440,0
6542,464,187,1
6543,5826,521,1
6544,3945,844,0
6545,1438,603,0
6546,4050,272,1
6547,4917,237,0
6548,1331,489,0
6549,6841,8,1
6550,13467,1035,0
6551,9858,1000,1
6552,6193,404,0
6553,5340,321,1
6554,11988,43,1
6555,9015,460,0
6556,2204,57,1
6557,2014,150,1
6558,12299,908,0
6559,9816,305,0
6560,1255,877,0
6561,5105,259,1
6562,5238,193,1
6563,13947,248,1
6564,7597,675,1
6565,4721,217,1
6566,1858,2000,0
6567,9375,851,0
6568,1311,375,0
6569,3927,201,0
6570,7675,1445,0
6571,7575,0,0
6572,894,3,0
6573,11005,77,0
6574,13986,210,1
6575,6067,533,1
6576,7395,1206,1
6577,1491,612,0
6578,5976,851,0
6579,12246,3,0
6580,5970,128,0
6581,1480,111,0
6582,455,992,0
6583,5424,17,0
6584,3939,1038,1
6585,7003,1033,1
6586,14538,343,1
6587,2446,3,0
6588,13895,100,0
6589,4184,1404,0
6590,13687,39,1
6591,5775,35,1
6592,11041,76,0
6593,1392,427,1
6594,6058,37,0
6595,11144,37,0
6596,826,235,0
6597,11591,149,1
6598,3231,58,0
6599,8226,374,0
6600,4997,483,0
6601,14373,219,1
6602,8857,0,0
6603,3163,0,0
6604,1257,111,0
6605,13258,52,0
6606,2323,8,1
6607,2977,615,0
6608,7606,615,0
6609,3618,129,1
6610,5587,1273,0
6611,2545,445,0
6612,12497,445,1
6613,188,17,0
6614,8569,542,1
6615,13896,198,0
6616,572,61,0
6617,11820,1954,0
6618,3544,0,0
6619,14565,100,1
6620,14593,424,0
6621,8981,2390,1
6622,11096,237,0
6623,1628,431,1
6624,9566,3,0
6625,5535,256,1
6626,9154,532,0
6627,9104,102,0
6628,628,2329,0
6629,3146,67,1
6630,6510,19,1
6631,12699,246,0
6632,464,242,1
6633,6030,617,0
6634,4342,50,1
6635,4345,330,1
6636,475,94,0
6637,3956,460,0
6638,10928,1667,1
6639,6500,60,0
6640,14274,3,0
6641,10780,82,1
6642,8636,220,0
6643,13386,31,1
6644,13079,18,0
6645,9368,67,1
6646,14245,220,0
6647,1516,242,0
6648,9482,399,0
6649,2565,1541,1
6650,13937,128,0
6651,14495,374,1
6652,7447,115,0
6653,2048,551,1
6654,595,410,1
6655,11272,100,1
6656,8898,147,0
6657,3644,1588,0
6658,1515,615,0
6659,903,584,0
6660,13309,104,1
6661,7826,18,0
6662,6228,639,0
6663,6622,447,0
6664,10129,39,1
6665,8581,908,0
6666,13230,8,1
6667,3982,3,0
6668,2941,37,0
6669,11059,41,0
6670,12524,176,0
6671,4698,103,1
6672,2753,863,1
6673,314,1010,0
6674,10974,232,1
6675,1701,514,1
6676,7302,452,1
6677,3642,940,1
6678,3312,100,1
6679,4410,1840,0
6680,601,750,1
6681,13984,37,0
6682,8859,18,0
6683,76,877,0
6684,12182,166,1
6685,8760,1,0
6686,7628,94,0
6687,9149,49,0
6688,8762,1000,1
6689,4155,197,0
6690,5656,48,0
6691,5051,17,0
6692,4749,207,1
6693,10588,89,1
6694,4933,542,0
6695,2920,43,0
6696,5405,207,0
6697,20,399,0
6698,9687,100,1
6699,6096,13,0
6700,12836,119,0
6701,2749,1335,0
6702,10118,166,1
6703,9717,329,0
6704,12128,42,0
6705,10292,120,1
6706,3239,77,0
6707,9936,164,1
6708,9059,579,1
6709,1859,440,1
6710,14119,224,1
6711,2878,398,1
6712,13385,128,0
6713,2452,1928,0
6714,8549,5,0
6715,14589,3,0
6716,12925,562,0
6717,760,17,0
6718,549,1058,0
6719,5716,66,1
6720,3563,23,0
6721,1667,88,0
6722,12122,149,0
6723,4066,134,1
6724,7096,15,1
6725,11991,52,0
6726,3630,48,0
6727,14306,1312,0
6728,13406,73,1
6729,748,286,0
6730,7547,37,0
6731,14118,129,1
6732,9871,699,1
6733,10529,189,1
6734,1987,3,0
6735,7914,3,0
6736,9790,1431,0
6737,534,140,0
6738,7181,100,1
6739,7041,620,1
6740,3797,160,0
6741,475,1354,1
6742,1745,220,1
6743,9825,428,1
6744,4057,46,1
6745,8609,51,1
6746,12333,77,0
6747,12167,18,0
6748,8742,1697,0
6749,5592,18,0
6750,5469,37,0
6751,2585,3,0
6752,1284,0,0
6753,7758,1538,0
6754,8552,319,0
6755,6530,515,1
6756,12725,95,1
6757,6093,320,1
6758,612,91,0
6759,8769,473,1
6760,3715,353,0
6761,8873,189,1
6762,352,1,0
6763,4213,100,1
6764,8723,101,0
6765,8691,1346,1
6766,13054,3,0
6767,4698,717,0
6768,11943,137,0
6769,10380,173,1
6770,11898,17,0
6771,6289,318,0
6772,615,1723,0
6773,1069,584,0
6774,3450,891,0
6775,5269,122,1
6776,3943,515,0
6777,3003,100,1
6778,2735,100,1
6779,12897,50,1
6780,559,25,0
6781,749,401,1
6782,9557,492,1
6783,13936,52,0
6784,4492,40,1
6785,6465,604,1
6786,5424,77,0
6787,2897,265,0
6788,3638,515,0
6789,684,811,0
6790,8277,1999,1
6791,2813,125,1
6792,6983,573,1
6793,2232,178,1
6794,3364,954,0
6795,3675,32,0
6796,2398,8,1
6797,2397,198,0
6798,6716,17,0
6799,6949,1023,0
6800,11527,67,1
6801,2951,77,0
6802,1838,164,1
6803,3018,95,1
6804,8359,1595,0
6805,1064,77,0
6806,3964,40,1
6807,11823,196,0
6808,5898,32,0
6809,10644,483,0
6810,4731,456,0
6811,3085,5,0
6812,7855,110,0
6813,4413,67,1
6814,10334,978,1
6815,3750,1598,0
6816,628,674,0
6817,6131,891,0
6818,10934,272,1
6819,2692,147,0
6820,787,39,1
6821,4954,100,1
6822,13493,501,0
6823,5000,220,0
6824,3769,52,0
6825,3461,172,0
6826,4685,1412,0
6827,5342,98,1
6828,1181,49,0
6829,10462,137,0
6830,13423,86,1
6831,6342,583,0
6832,9047,2310,1
6833,1620,37,0
6834,9245,98,1
6835,9688,17,0
6836,11772,274,0
6837,11031,148,1
6838,3012,604,1
6839,10970,1755,1
6840,2497,18,0
6841,7390,2212,1
6842,7486,1464,0
6843,10564,262,1
6844,981,140,0
6845,13932,18,0
6846,6642,421,0
6847,3012,77,0
6848,1890,160,1
6849,2280,2505,0
6850,3129,26,1
6851,3403,7,0
6852,12975,0,0
6853,4020,197,0
6854,3715,109,1
6855,10410,17,0
6856,4393,440,0
6857,7375,669,1
6858,3742,193,1
6859,9142,260,1
6860,624,1584,1
6861,11863,99,1
6862,5456,0,0
6863,1389,0,0
6864,13813,219,1
6865,11597,17,0
6866,13394,86,0
6867,8870,90,1
6868,849,26,1
6869,5813,1063,1
6870,196,138,0
6871,6194,612,0
6872,3826,412,1
6873,9960,91,1
6874,1620,52,0
6875,6200,588,1
6876,2920,49,0
6877,133,288,1
6878,10737,433,0
6879,10997,209,1
6880,306,100,0
6881,8008,677,1
6882,4515,25,0
6883,13714,709,0
6884,11403,195,0
6885,13923,489,1
6886,5489,188,0
6887,1946,8,1
6888,9206,343,1
6889,6429,365,1
6890,5397,140,0
6891,13009,18,0
6892,7079,185,1
6893,5713,77,0
6894,10356,949,1
6895,7058,90,1
6896,7235,100,1
6897,12926,3,0
6898,5528,0,0
6899,38,1470,0
6900,7008,964,1
6901,8106,18,0
6902,3654,100,1
6903,3339,18,0
6904,4171,18,0
6905,9451,18,0
6906,13388,163,0
6907,9809,320,1
6908,1528,3,0
6909,4880,191,0
6910,13778,211,1
6911,8160,985,0
6912,4782,77,0
6913,4742,43,1
6914,8283,77,0
6915,3431,55,1
6916,4566,546,1
6917,9522,284,1
6918,6758,1442,1
6919,5390,1245,0
6920,8599,2034,0
6921,11619,67,1
6922,1251,1407,0
6923,3313,43,1
6924,14057,512,1
6925,4158,224,1
6926,6132,613,0
6927,659,824,1
6928,908,25,0
6929,5161,17,0
6930,3745,22,0
6931,5526,87,1
6932,6517,836,0
6933,7349,22,1
6934,3088,813,1
6935,7157,0,0
6936,7139,1459,1
6937,480,701,1
6938,12533,3,0
6939,13919,3,0
6940,48,375,0
6941,5778,176,1
6942,7018,89,1
6943,11128,546,1
6944,7401,620,1
6945,6259,235,1
6946,2912,407,0
6947,888,17,0
6948,288,424,0
6949,10246,392,0
6950,1565,1564,0
6951,9066,3,0
6952,10108,18,0
6953,1769,17,0
6954,1115,506,0
6955,4484,512,1
6956,11819,357,0
6957,2866,40,0
6958,3909,103,1
6959,3552,365,1
6960,518,367,1
6961,11643,49,0
6962,7004,119,0
6963,9398,365,1
6964,315,95,1
6965,458,89,0
6966,13513,18,0
6967,10308,460,0
6968,10288,55,1
6969,6137,179,1
6970,6241,3,0
6971,4825,806,1
6972,4451,224,1
6973,519,758,1
6974,5039,187,1
6975,5133,18,0
6976,3757,77,0
6977,3189,431,1
6978,3075,991,0
6979,10154,77,0
6980,1966,743,0
6981,14193,119,0
6982,10013,93,1
6983,6595,78,1
6984,13204,77,0
6985,4007,67,1
6986,3695,277,1
6987,4989,149,0
6988,9002,274,0
6989,14401,91,0
6990,11968,15,1
6991,1426,3,0
6992,5914,200,0
6993,11015,160,1
6994,8282,260,0
6995,13381,231,0
6996,8130,68,0
6997,1959,1053,0
6998,4385,37,0
6999,9826,709,0
7000,581,365,0
7001,2352,204,0
7002,2141,94,1
7003,12780,170,1
7004,5172,1,0
7005,624,936,1
7006,12465,63,1
7007,8250,189,1
7008,11972,235,1
7009,863,1853,0
7010,12132,39,0
7011,4877,17,1
7012,9106,286,1
7013,13787,256,0
7014,1819,224,1
7015,3421,11,1
7016,145,48,0
7017,3878,113,0
7018,8105,1476,1
7019,2082,407,0
7020,3688,278,1
7021,10418,978,0
7022,2620,204,0
7023,7764,1303,1
7024,1473,346,0
7025,11459,210,1
7026,6912,48,0
7027,8576,19,1
7028,1686,447,0
7029,298,166,1
7030,12564,225,1
7031,10351,212,1
7032,13673,42,0
7033,7536,77,0
7034,13282,402,1
7035,14149,473,1
7036,1102,74,0
7037,10190,115,0
7038,6262,83,1
7039,382,1602,1
7040,1799,67,1
7041,3646,343,0
7042,7569,148,1
7043,10174,770,1
7044,4453,118,1
7045,9329,402,0
7046,10551,292,0
7047,6213,96,0
7048,1652,1713,0
7049,6780,170,1
7050,2057,89,0
7051,475,414,0
7052,3224,18,0
7053,2428,1393,0
7054,9919,3,0
7055,10101,413,1
7056,3557,1080,1
7057,5421,3,0
7058,8432,262,1
7059,9022,485,0
7060,6401,1322,0
7061,11364,37,0
7062,14508,67,1
7063,4802,67,1
7064,4660,149,0
7065,2667,25,0
7066,3363,431,1
7067,7984,40,1
7068,5891,148,1
7069,3948,212,0
7070,1309,440,1
7071,3268,1064,0
7072,663,176,0
7073,3887,2524,1
7074,8386,1311,1
7075,2185,67,1
7076,3562,18,0
7077,8934,46,1
7078,2064,142,0
7079,14148,242,1
7080,91,1072,0
7081,647,345,0
7082,4870,427,1
7083,7532,40,1
7084,9495,35,1
7085,1780,86,0
7086,1169,521,1
7087,2739,300,1
7088,11074,22,1
7089,4916,1562,0
7090,5032,77,0
7091,1246,17,0
7092,2779,3,0
7093,10798,0,0
7094,3730,1012,1
7095,11665,35,1
7096,9654,831,1
7097,9183,143,0
7098,3381,242,0
7099,5574,1731,0
7100,10893,18,0
7101,12915,40,1
7102,2296,149,0
7103,4929,636,0
7104,8903,0,0
7105,5300,809,0
7106,1951,473,1
7107,11898,41,0
7108,1864,67,1
7109,343,1788,1
7110,4699,631,1
7111,2443,155,0
7112,8098,0,0
7113,145,3,0
7114,1548,1437,0
7115,12876,1857,1
7116,5017,164,1
7117,7252,542,0
7118,12380,216,0
7119,3817,376,0
7120,5766,321,0
7121,84,46,1
7122,12281,1798,0
7123,5219,439,1
7124,659,49,1
7125,10369,242,0
7126,10509,86,0
7127,4353,87,0
7128,4768,392,1
7129,13662,52,0
7130,3317,149,0
7131,839,376,0
7132,193,0,0
7133,13040,1108,0
7134,13589,1163,0
7135,14389,607,1
7136,8543,1063,1
7137,12854,170,1
7138,12434,83,1
7139,7306,134,1
7140,2966,20,1
7141,13537,17,0
7142,2798,104,1
7143,6040,970,0
7144,1941,3,0
7145,10726,140,0
7146,4143,155,0
7147,2452,673,0
7148,11524,1415,1
7149,12483,126,1
7150,3930,93,1
7151,14207,196,0
7152,1664,26,0
7153,126,1364,1
7154,3593,3,0
7155,2156,812,0
7156,10953,18,0
7157,11227,577,1
7158,3888,73,0
7159,12665,1107,0
7160,10794,169,0
7161,863,2010,0
7162,2176,756,1
7163,1370,77,0
7164,12917,8,1
7165,13398,31,1
7166,9923,33,0
7167,288,77,0
7168,12721,1869,0
7169,3120,351,0
7170,2400,588,0
7171,1380,590,1
7172,5856,165,1
7173,11678,18,0
7174,13606,42,0
7175,1791,495,1
7176,5379,77,1
7177,1460,343,0
7178,4055,97,1
7179,1838,17,0
7180,4762,214,0
7181,2022,462,0
7182,12091,521,1
7183,2886,303,0
7184,5223,48,0
7185,2775,311,1
7186,13317,86,0
7187,13812,260,0
7188,516,318,0
7189,12175,3,0
7190,6433,149,1
7191,8458,18,0
7192,6760,48,0
7193,13890,91,1
7194,3878,220,0
7195,6578,374,0
7196,8566,331,1
7197,14004,148,1
7198,242,770,1
7199,10254,204,0
7200,7651,7,0
7201,14073,143,0
7202,3505,216,1
7203,12526,67,1
7204,12922,53,0
7205,2081,51,1
7206,6831,73,1
7207,5605,34,1
7208,893,2227,0
7209,14387,77,0
7210,4761,323,1
7211,6778,35,0
7212,11620,25,0
7213,9261,313,0
7214,12081,74,1
7215,8456,169,1
7216,6440,60,0
7217,12682,231,0
7218,1322,77,0
7219,7348,48,0
7220,4129,588,1
7221,4317,37,0
7222,5926,58,1
7223,6083,364,1
7224,11825,128,0
7225,5306,558,1
7226,8174,3,0
7227,4541,52,0
7228,1160,431,1
7229,12570,259,0
7230,306,37,0
7231,2446,98,1
7232,6982,111,0
7233,4721,579,1
7234,5837,558,0
7235,1280,511,1
7236,1885,41,0
7237,1888,100,1
7238,12721,2614,0
7239,9092,1369,1
7240,1412,263,1
7241,13491,3,0
7242,1863,100,0
7243,11088,137,0
7244,7666,17,0
7245,11066,32,0
7246,10662,35,1
7247,9052,715,1
7248,4775,456,0
7249,13623,42,0
7250,5611,2262,0
7251,6631,343,1
7252,3263,32,0
7253,6366,195,1
7254,7909,17,0
7255,6165,32,0
7256,4801,435,1
7257,13539,219,1
7258,455,193,0
7259,4846,32,0
7260,6893,1445,0
7261,475,230,1
7262,557,1,0
7263,12668,94,1
7264,7695,371,1
7265,2042,1088,1
7266,7527,0,0
7267,5790,196,0
7268,7297,35,1
7269,12105,182,0
7270,205,257,0
7271,3403,39,1
7272,12020,18,0
7273,475,41,0
7274,5535,94,0
7275,3582,3,0
7276,7544,230,1
7277,13644,1050,0
7278,7688,2070,0
7279,13982,77,0
7280,7791,57,1
7281,8482,440,1
7282,6046,533,0
7283,379,226,1
7284,8710,67,1
7285,1268,1571,0
7286,42,1198,0
7287,10863,77,0
7288,10862,405,0
7289,160,397,1
7290,10193,101,0
7291,7115,52,0
7292,12387,341,1
7293,5880,3,0
7294,9818,133,0
7295,2271,465,1
7296,4374,109,1
7297,4718,49,1
7298,4772,464,0
7299,8304,52,0
7300,8181,1582,0
7301,714,297,0
7302,6493,442,0
7303,8524,210,1
7304,8029,67,1
7305,9841,1667,1
7306,6146,237,1
7307,3736,265,0
7308,8939,1650,0
7309,856,987,0
7310,12461,55,1
7311,6273,230,1
7312,14167,100,1
7313,6608,34,1
7314,2364,212,0
7315,10860,356,0
7316,4586,100,0
7317,5112,73,0
7318,690,176,1
7319,3893,7,1
7320,6833,547,0
7321,10884,67,1
7322,3901,3,0
7323,11958,34,1
7324,10901,1184,0
7325,4242,260,1
7326,11743,343,1
7327,5006,2057,0
7328,943,320,0
7329,10487,93,1
7330,11619,73,1
7331,2908,1238,1
7332,11201,91,0
7333,13648,198,0
7334,1042,696,1
7335,3632,18,0
7336,1111,1030,1
7337,8808,1445,0
7338,13016,285,1
7339,3811,66,0
7340,6692,51,0
7341,710,52,0
7342,48,177,0
7343,2982,148,1
7344,7877,267,0
7345,3074,214,0
7346,6579,74,0
7347,678,3,0
7348,5711,208,0
7349,1899,49,1
7350,8531,321,0
7351,7116,39,1
7352,5020,818,0
7353,8438,242,1
7354,1167,520,1
7355,4314,3,0
7356,3531,189,1
7357,863,851,0
7358,3397,91,0
7359,42,41,0
7360,2679,2259,0
7361,14614,50,1
7362,6418,758,0
7363,7255,1481,0
7364,4563,77,0
7365,651,101,0
7366,10542,67,1
7367,10854,47,1
7368,12526,18,0
7369,10164,210,1
7370,38,2101,0
7371,1981,584,0
7372,13684,18,0
7373,1561,1698,0
7374,2181,264,1
7375,3466,106,1
7376,3250,67,1
7377,11491,33,0
7378,615,1226,0
7379,5971,195,0
7380,1748,37,0
7381,5747,1296,1
7382,11005,523,1
7383,11998,7,1
7384,13274,37,0
7385,5089,5,0
7386,1990,412,0
7387,2718,2249,0
7388,5344,205,1
7389,11873,67,1
7390,7807,361,0
7391,5124,411,1
7392,581,320,0
7393,2602,242,0
7394,2112,374,0
7395,10240,211,1
7396,14583,77,0
7397,1644,24,0
7398,5687,35,1
7399,6268,402,0
7400,9199,77,0
7401,621,0,0
7402,3466,648,0
7403,12800,126,1
7404,1866,1822,0
7405,12037,400,0
7406,11982,26,0
7407,12200,77,0
7408,12501,210,1
7409,8104,18,0
7410,3411,35,1
7411,12954,343,1
7412,8172,100,1
7413,773,18,0
7414,12143,204,0
7415,818,260,0
7416,581,1167,0
7417,9130,64,1
7418,3101,35,1
7419,9596,42,0
7420,7451,2599,1
7421,6046,2526,0
7422,6750,343,1
7423,686,1092,0
7424,2869,7,0
7425,6030,362,0
7426,774,197,0
7427,2560,242,1
7428,8469,117,0
7429,8995,109,1
7430,709,0,0
7431,2291,25,0
7432,9109,320,0
7433,53,478,0
7434,11319,473,1
7435,1733,100,1
7436,5745,165,1
7437,7054,0,0
7438,3415,1064,0
7439,10451,473,1
7440,6699,133,0
7441,6582,18,0
7442,2001,7,0
7443,11859,83,1
7444,3078,18,0
7445,2770,552,1
7446,553,1847,1
7447,10396,343,1
7448,4097,337,1
7449,3962,3,0
7450,1658,796,1
7451,12976,26,0
7452,8116,76,0
7453,1291,450,0
7454,3664,42,0
7455,5123,132,0
7456,4785,0,0
7457,943,536,0
7458,2710,60,0
7459,2611,77,0
7460,8866,813,1
7461,10442,1380,1
7462,8618,143,1
7463,7338,441,0
7464,2098,3,0
7465,13559,220,1
7466,2692,242,1
7467,3869,7,1
7468,10699,1442,1
7469,10474,44,0
7470,2465,18,0
7471,9026,35,1
7472,4528,39,1
7473,8364,204,0
7474,53,484,0
7475,6572,109,1
7476,11083,72,0
7477,6424,208,0
7478,627,1688,0
7479,3709,200,1
7480,4851,48,0
7481,60,27,0
7482,13419,117,0
7483,13630,66,0
7484,3776,82,1
7485,9955,212,0
7486,5926,460,0
7487,394,176,1
7488,14163,404,1
7489,5,584,0
7490,5230,230,1
7491,472,2385,0
7492,2359,7,0
7493,3133,427,1
7494,12050,995,0
7495,3143,477,0
7496,943,1898,0
7497,9476,858,1
7498,13488,219,1
7499,4519,119,0
7500,6345,293,1
7501,7328,0,0
7502,53,1241,1
7503,10311,215,0
7504,4357,60,0
7505,1218,694,0
7506,2904,242,1
7507,6958,77,1
7508,2805,41,1
7509,2543,653,1
7510,6781,219,1
7511,5022,818,0
7512,13694,750,1
7513,13254,18,0
7514,10485,90,0
7515,6927,77,0
7516,11371,91,0
7517,12392,341,1
7518,3507,242,1
7519,9769,991,1
7520,967,242,1
7521,4564,37,1
7522,6421,1,0
7523,11428,100,0
7524,12173,813,1
7525,2523,786,0
7526,10189,115,0
7527,3472,344,0
7528,1690,458,1
7529,1018,830,0
7530,11053,77,0
7531,10956,1368,0
7532,9859,1775,0
7533,1708,320,1
7534,11176,2096,0
7535,2968,41,0
7536,658,25,0
7537,8875,26,1
7538,13093,86,1
7539,6075,197,0
7540,8738,94,0
7541,7253,2573,1
7542,3737,32,0
7543,6553,29,0
7544,3877,1441,1
7545,118,31,1
7546,3934,160,1
7547,8568,588,0
7548,9465,155,1
7549,8779,41,0
7550,7751,305,0
7551,9002,741,1
7552,7268,694,1
7553,2082,456,0
7554,12880,85,1
7555,5151,160,1
7556,7843,67,1
7557,1322,48,0
7558,12373,687,1
7559,6570,77,0
7560,3556,764,0
7561,48,32,0
7562,108,48,0
7563,1061,18,0
7564,620,53,0
7565,4424,196,0
7566,8756,495,0
7567,1702,369,1
7568,3791,891,0
7569,2759,256,1
7570,9147,226,1
7571,12132,35,1
7572,9552,109,1
7573,12301,617,1
7574,5320,687,1
7575,13333,262,1
7576,582,125,0
7577,1695,498,0
7578,544,17,0
7579,11987,129,1
7580,4260,2566,0
7581,196,220,0
7582,14552,89,0
7583,6688,654,1
7584,11471,91,0
7585,960,223,0
7586,9917,13,0
7587,863,269,0
7588,3024,1196,1
7589,11989,77,0
7590,9856,27,0
7591,11286,100,1
7592,1777,427,1
7593,2319,786,0
7594,7373,18,0
7595,3140,52,0
7596,5694,954,1
7597,1646,137,0
7598,2010,0,0
7599,8269,60,0
7600,4647,1012,1
7601,2756,0,0
7602,8910,77,0
7603,301,907,1
7604,481,2074,1
7605,1935,104,1
7606,2532,142,1
7607,4212,32,0
7608,49,817,0
7609,2227,412,0
7610,3392,52,0
7611,1257,242,0
7612,13877,100,1
7613,3020,122,0
7614,11814,37,0
7615,12188,89,1
7616,7505,261,0
7617,6734,155,0
7618,6896,77,0
7619,9656,7,1
7620,10417,7,0
7621,1857,17,0
7622,661,16,0
7623,9511,669,0
7624,9526,89,0
7625,9761,39,1
7626,4700,561,0
7627,968,17,0
7628,587,743,0
7629,896,232,0
7630,3812,17,0
7631,11343,256,1
7632,5462,94,0
7633,8728,37,1
7634,3623,67,1
7635,7972,686,1
7636,3308,14,0
7637,13685,17,0
7638,4900,24,0
7639,5533,1131,0
7640,8332,1521,1
7641,427,26,1
7642,8580,110,0
7643,6483,67,1
7644,7170,129,0
7645,3714,698,0
7646,4012,76,0
7647,6195,2361,1
7648,387,1074,0
7649,5101,146,1
7650,5911,397,1
7651,945,348,1
7652,9826,440,0
7653,3372,7,0
7654,2392,223,0
7655,6881,32,0
7656,4822,48,0
7657,330,219,1
7658,584,212,1
7659,1030,17,0
7660,5101,196,0
7661,10656,67,1
7662,4922,214,0
7663,863,1075,0
7664,5305,204,0
7665,190,3,0
7666,5937,77,0
7667,1274,40,0
7668,8076,1624,1
7669,268,650,0
7670,1173,178,0
7671,6414,91,1
7672,658,348,1
7673,3269,48,0
7674,7159,189,1
7675,1696,405,0
7676,8309,404,1
7677,6145,100,1
7678,13980,34,1
7679,5312,126,1
7680,10803,136,0
7681,4523,77,1
7682,13937,473,1
7683,5862,1320,1
7684,3619,0,0
7685,145,122,0
7686,2964,1106,1
7687,8013,1201,1
7688,554,84,1
7689,4271,15,1
7690,12441,77,0
7691,3247,77,0
7692,880,67,0
7693,3002,402,0
7694,2741,52,0
7695,12084,20,1
7696,665,219,0
7697,3740,3,0
7698,6188,1317,0
7699,5883,3,0
7700,5701,491,0
7701,7611,122,0
7702,7485,17,0
7703,8398,7,0
7704,9595,3,0
7705,2882,0,0
7706,5039,0,0
7707,3707,0,0
7708,739,67,1
7709,2491,1008,1
7710,4314,1239,1
7711,4621,200,0
7712,1870,660,0
7713,11220,67,1
7714,5745,189,1
7715,10791,68,0
7716,10352,338,1
7717,5510,67,1
7718,8884,457,0
7719,881,93,1
7720,14590,50,1
7721,2829,348,1
7722,8370,7,0
7723,7227,365,0
7724,4127,314,0
7725,2377,33,0
7726,6440,50,1
7727,9755,230,1
7728,4259,1395,1
7729,1578,1471,0
7730,13098,220,1
7731,4602,2593,1
7732,10646,242,0
7733,5428,537,0
7734,7874,18,0
7735,525,583,0
7736,9080,100,1
7737,14520,263,1
7738,465,362,0
7739,74,100,1
7740,12168,400,1
7741,7291,77,1
7742,700,1283,1
7743,6001,452,1
7744,4995,341,1
7745,7179,52,0
7746,7807,546,1
7747,10967,1063,1
7748,5324,615,0
7749,8740,375,1
7750,4224,661,0
7751,4175,82,1
7752,14402,228,0
7753,13378,126,1
7754,883,170,1
7755,8522,3,0
7756,840,1775,0
7757,8101,3,1
7758,3837,908,0
7759,10502,681,0
7760,1959,1621,0
7761,2114,260,1
7762,10965,350,0
7763,12029,187,1
7764,4603,16,1
7765,7962,131,0
7766,1083,390,0
7767,103,37,0
7768,7508,149,1
7769,10828,228,0
7770,513,200,1
7771,4042,91,1
7772,9779,50,1
7773,1718,404,0
7774,5013,41,0
7775,8919,77,0
7776,555,319,1
7777,2919,365,1
7778,7296,169,0
7779,1627,943,1
7780,2053,1039,1
7781,1886,504,1
7782,317,219,1
7783,2068,128,0
7784,4023,1055,0
7785,6186,18,0
7786,12828,402,1
7787,7094,68,0
7788,8849,18,0
7789,9099,4,0
7790,14360,1080,1
7791,9550,17,0
7792,1695,762,0
7793,10620,3,0
7794,5285,1229,1
7795,4938,228,1
7796,5540,1585,1
7797,9742,18,0
7798,4279,300,0
7799,3786,39,0
7800,2060,402,1
7801,1748,77,0
7802,14080,52,0
7803,323,2615,1
7804,5827,56,0
7805,2364,219,0
7806,11887,473,1
7807,9920,67,1
7808,8916,3,0
7809,7420,100,1
7810,13829,595,0
7811,3750,72,1
7812,3941,197,0
7813,1593,1,0
7814,3731,455,1
7815,698,155,0
7816,6760,836,1
7817,263,17,0
7818,3911,1036,0
7819,5660,3,0
7820,885,140,0
7821,16,32,0
7822,2556,41,0
7823,14184,67,1
7824,3063,13,0
7825,827,3,0
7826,957,1021,0
7827,9091,408,0
7828,6021,35,1
7829,8082,121,1
7830,10957,263,1
7831,1006,233,1
7832,8286,195,0
7833,5489,1738,0
7834,8170,73,1
7835,3274,1093,1
7836,4260,1925,0
7837,1056,318,0
7838,10080,77,0
7839,5884,360,1
7840,9069,149,1
7841,7522,68,0
7842,856,286,0
7843,9912,247,1
7844,1382,77,0
7845,5746,41,0
7846,3897,2413,0
7847,2776,279,1
7848,79,675,1
7849,80,327,1
7850,8489,82,1
7851,575,1198,0
7852,8533,1050,1
7853,943,409,0
7854,1507,37,0
7855,55,1,0
7856,3655,27,0
7857,11653,160,1
7858,3561,989,1
7859,9035,1183,1
7860,1404,17,0
7861,1351,239,0
7862,1556,223,0
7863,242,849,1
7864,2412,101,0
7865,9279,13,0
7866,2560,365,0
7867,8195,17,0
7868,4238,41,0
7869,3924,135,1
7870,7893,91,0
7871,11112,49,0
7872,1746,99,1
7873,392,41,0
7874,12055,136,1
7875,6350,692,1
7876,8285,7,0
7877,3463,365,0
7878,12240,90,0
7879,7350,813,1
7880,12258,549,1
7881,3059,1149,0
7882,114,22,1
7883,1766,204,0
7884,11734,195,1
7885,10665,34,1
7886,3997,67,1
7887,10472,1451,1
7888,4864,176,1
7889,9251,7,0
7890,11632,1885,1
7891,2672,128,0
7892,434,197,0
7893,10409,501,0
7894,5674,40,1
7895,476,224,1
7896,10198,3,0
7897,175,52,0
7898,4981,77,0
7899,5101,798,1
7900,644,471,1
7901,5737,7,0
7902,5137,257,1
7903,3689,259,1
7904,4742,208,0
7905,6571,343,1
7906,12335,158,1
7907,8422,401,1
7908,5815,204,0
7909,11355,542,0
7910,5642,7,0
7911,5956,223,0
7912,2013,147,1
7913,548,926,0
7914,3263,246,1
7915,9638,176,1
7916,7990,17,0
7917,659,1136,1
7918,10543,100,1
7919,9615,3,0
7920,7160,50,1
7921,8626,464,0
7922,1634,77,0
7923,6200,160,0
7924,242,1439,1
7925,9307,473,1
7926,8958,1441,1
7927,3734,269,0
7928,6036,648,0
7929,1225,128,0
7930,6669,64,1
7931,6701,237,0
7932,10999,260,1
7933,3313,2410,1
7934,11440,72,0
7935,5287,122,0
7936,6728,1477,1
7937,13888,416,0
7938,12427,73,1
7939,3073,3,0
7940,3843,214,0
7941,786,67,1
7942,1545,0,0
7943,9735,400,1
7944,1807,1975,0
7945,13564,214,0
7946,2091,247,1
7947,1929,60,0
7948,69,886,0
7949,11614,1138,1
7950,9549,242,1
7951,10737,512,1
7952,3504,725,0
7953,844,60,0
7954,4890,1169,0
7955,9277,473,1
7956,4821,52,0
7957,14615,200,1
7958,10916,3,0
7959,2767,19,1
7960,12514,18,0
7961,9831,37,0
7962,386,3,0
7963,3854,701,0
7964,7278,478,1
7965,5392,193,1
7966,8836,196,0
7967,5280,520,1
7968,8558,424,1
7969,10128,165,1
7970,3229,77,0
7971,7419,818,0
7972,9146,17,0
7973,8545,188,0
7974,10250,20,1
7975,100,82,1
7976,10960,724,0
7977,14335,670,1
7978,2274,2512,0
7979,624,278,1
7980,8401,1612,1
7981,8067,170,1
7982,7848,442,1
7983,10366,404,0
7984,5122,48,0
7985,4886,1168,0
7986,11503,260,1
7987,4557,17,0
7988,12455,595,0
7989,3599,3,0
7990,49,219,0
7991,7126,35,1
7992,8017,18,0
7993,1103,634,0
7994,4071,2228,0
7995,11334,376,0
7996,943,936,0
7997,4234,3,0
7998,11871,220,0
7999,7585,456,0
8000,9388,709,1
8001,2007,926,0
8002,5705,429,1
8003,3909,60,0
8004,930,372,0
8005,7089,246,0
8006,8113,512,1
8007,11611,35,1
8008,4949,42,0
8009,10266,120,0
8010,4468,128,1
8011,3328,698,0
8012,8247,37,0
8013,13553,539,0
8014,1197,1674,1
8015,8930,39,1
8016,6351,34,1
8017,10032,482,1
8018,205,669,0
8019,7534,39,1
8020,11522,969,0
8021,4116,209,0
8022,314,1899,1
8023,10038,158,1
8024,5755,100,1
8025,11750,200,1
8026,6644,563,0
8027,9466,18,0
8028,9688,134,1
8029,2268,402,0
8030,10703,126,1
8031,10813,39,1
8032,1929,0,0
8033,3058,67,1
8034,13485,212,0
8035,8982,1063,1
8036,1695,922,0
8037,3539,8,1
8038,1411,35,1
8039,2813,375,0
8040,1560,3,0
8041,1977,51,1
8042,4483,102,0
8043,3497,17,0
8044,1045,86,0
8045,3247,549,0
8046,12401,758,1
8047,1892,3,0
8048,943,1866,0
8049,2635,38,1
8050,12773,412,0
8051,7432,473,1
8052,6660,109,0
8053,6073,695,1
8054,4994,72,1
8055,2415,547,1
8056,7791,91,0
8057,7816,68,0
8058,8854,37,0
8059,7964,197,0
8060,14009,37,0
8061,3126,35,1
8062,3639,77,0
8063,2158,1,0
8064,6606,18,0
8065,1479,122,0
8066,4259,48,0
8067,3244,949,1
8068,11357,783,1
8069,5854,1114,0
8070,10179,8,1
8071,2599,399,1
8072,7073,100,1
8073,1070,140,0
8074,9655,142,0
8075,6454,133,0
8076,857,47,1
8077,2346,3,0
8078,2182,758,1
8079,1483,609,1
8080,3248,439,1
8081,8450,128,0
8082,7660,67,1
8083,302,2553,0
8084,13158,269,0
8085,8932,155,0
8086,5677,614,1
8087,11478,518,0
8088,9761,7,0
8089,10190,131,0
8090,7248,405,1
8091,11232,5,0
8092,242,1934,1
8093,10841,60,0
8094,1,111,0
8095,2801,216,1
8096,526,90,0
8097,3398,77,0
8098,12424,2108,1
8099,1773,1754,1
8100,9617,37,0
8101,627,2176,0
8102,14195,29,0
8103,7012,1867,1
8104,472,4,0
8105,14433,485,0
8106,3045,1695,0
8107,5477,764,0
8108,3276,126,1
8109,3898,447,1
8110,11625,77,0
8111,14042,968,1
8112,6862,89,0
8113,6287,319,1
8114,9400,514,0
8115,9289,100,1
8116,7347,119,0
8117,10380,149,0
8118,11187,692,0
8119,2137,17,0
8120,429,365,0
8121,13076,0,0
8122,11240,26,1
8123,7516,100,1
8124,10221,66,1
8125,2923,341,1
8126,9105,407,0
8127,9286,886,1
8128,49,2209,0
8129,8165,1830,1
8130,6393,19,1
8131,5279,579,1
8132,1175,0,0
8133,125,761,0
8134,766,2285,1
8135,11108,512,1
8136,12597,77,0
8137,13257,110,0
8138,7228,562,0
8139,1161,49,0
8140,8356,17,0
8141,2246,77,0
8142,9203,369,1
8143,5976,0,0
8144,936,74,0
8145,14058,1264,1
8146,9066,48,0
8147,7364,7,0
8148,11435,944,1
8149,12316,40,1
8150,8507,653,1
8151,11165,52,0
8152,2710,50,1
8153,1691,8,1
8154,957,160,1
8155,155,3,0
8156,11366,259,1
8157,5290,21,0
8158,4178,83,1
8159,12298,412,0
8160,1507,52,0
8161,1155,267,0
8162,5294,374,0
8163,11358,1481,0
8164,5048,521,1
8165,6692,269,0
8166,4881,216,0
8167,4134,119,0
8168,12118,615,0
8169,428,100,1
8170,7782,219,1
8171,10596,445,1
8172,9662,7,0
8173,1788,1164,0
8174,12274,52,0
8175,903,426,0
8176,2301,5,1
8177,12201,231,0
8178,4397,60,0
8179,2641,89,0
8180,7158,17,0
8181,1814,254,0
8182,7159,3,0
8183,620,195,0
8184,7409,157,1
8185,6195,1,0
8186,3822,60,0
8187,3790,204,0
8188,12368,77,0
8189,3857,67,1
8190,5868,104,1
8191,620,106,0
8192,2011,306,0
8193,873,2237,0
8194,14084,126,1
8195,2479,100,0
8196,11022,18,0
8197,7118,492,0
8198,4746,242,1
8199,5350,1308,0
8200,242,1005,1
8201,1990,32,0
8202,8913,293,1
8203,2632,490,1
8204,8895,369,1
8205,6707,343,1
8206,589,128,0
8207,5683,1278,1
8208,3692,41,0
8209,1086,1063,1
8210,3045,49,0
8211,4591,3,0
8212,3976,673,0
8213,3376,219,1
8214,477,17,0
8215,4036,7,0
8216,2897,41,0
8217,6827,1028,1
8218,215,244,0
8219,749,1174,0
8220,9454,52,0
8221,2175,19,1
8222,6158,37,0
8223,8486,67,1
8224,4242,329,1
8225,7358,2219,0
8226,4309,18,0
8227,10799,77,0
8228,2052,4,0
8229,8583,35,1
8230,2151,277,1
8231,14010,103,1
8232,2795,109,1
8233,242,2091,1
8234,8722,109,0
8235,12922,229,0
8236,14154,53,1
8237,7502,1520,1
8238,5292,300,1
8239,5599,106,1
8240,1749,348,1
8241,2013,402,0
8242,10976,112,1
8243,984,465,1
8244,8847,3,0
8245,9045,60,0
8246,5384,323,1
8247,1385,52,0
8248,9147,25,0
8249,11254,176,1
8250,9474,148,1
8251,5934,402,1
8252,243,24,0
8253,8889,1023,0
8254,4043,431,0
8255,7610,534,1
8256,6261,1513,0
8257,8643,1500,0
8258,10523,369,1
8259,2840,440,0
8260,6045,67,1
8261,7711,37,0
8262,13034,60,0
8263,2615,836,1
8264,2512,1,0
8265,5134,809,1
8266,1260,149,0
8267,7955,1610,0
8268,1734,49,0
8269,5955,716,1
8270,8111,3,0
8271,3705,77,0
8272,13924,60,0
8273,13715,240,1
8274,5742,0,0
8275,13751,126,1
8276,7697,440,1
8277,4482,264,1
8278,7084,13,1
8279,13503,966,0
8280,5412,204,0
8281,1734,943,1
8282,12821,264,1
8283,1569,256,1
8284,12270,1138,1
8285,2150,460,1
8286,7803,709,1
8287,8030,220,0
8288,1100,67,1
8289,2480,52,0
8290,2535,109,1
8291,11022,67,1
8292,9561,3,0
8293,6820,132,0
8294,5316,1079,0
8295,12094,1051,1
8296,5560,67,1
8297,10602,101,0
8298,13203,264,1
8299,5806,17,0
8300,8520,93,1
8301,3740,0,0
8302,1607,643,0
8303,5276,55,1
8304,2183,46,1
8305,401,39,0
8306,9554,1738,0
8307,12782,17,0
8308,111,366,1
8309,6311,189,1
8310,5230,94,0
8311,2762,101,0
8312,50,35,1
8313,6892,138,0
8314,4496,1092,1
8315,7410,445,1
8316,4393,43,0
8317,3280,264,1
8318,3171,382,0
8319,11694,126,1
8320,2187,48,0
8321,9643,69,0
8322,8324,1023,0
8323,1578,156,0
8324,8659,40,1
8325,8856,27,1
8326,13271,77,0
8327,3665,171,0
8328,5386,344,0
8329,13851,176,1
8330,14013,447,1
8331,2119,743,0
8332,3183,21,0
8333,1,2088,0
8334,11354,39,1
8335,13427,100,0
8336,11264,3,0
8337,2833,212,1
8338,244,223,0
8339,10990,2242,0
8340,12408,86,1
8341,7251,547,1
8342,2430,743,0
8343,12043,141,1
8344,9496,37,0
8345,8998,126,1
8346,11739,6,1
8347,9044,493,0
8348,4997,212,1
8349,2105,9,0
8350,6853,50,1
8351,2392,2120,0
8352,9342,7,0
8353,2848,100,0
8354,7698,92,1
8355,4251,48,0
8356,226,1,0
8357,7738,3,0
8358,11167,160,0
8359,3606,112,0
8360,49,627,1
8361,12334,0,0
8362,5922,228,1
8363,11821,272,1
8364,2924,1237,0
8365,1999,836,0
8366,2502,286,0
8367,2024,575,0
8368,1950,160,1
8369,9350,67,1
8370,1478,288,1
8371,12589,2096,0
8372,722,242,1
8373,7161,438,1
8374,6464,344,0
8375,12720,970,1
8376,882,1369,1
8377,2924,1172,0
8378,9312,620,1
8379,3337,204,0
8380,12548,557,0
8381,11443,697,0
8382,2119,539,0
8383,8202,60,0
8384,7532,412,0
8385,3963,1826,0
8386,11407,369,1
8387,1596,87,0
8388,2753,1533,0
8389,6166,269,1
8390,4262,131,0
8391,9597,283,0
8392,8181,997,0
8393,6773,320,0
8394,5874,67,1
8395,12500,67,1
8396,11464,41,0
8397,4570,0,0
8398,12480,104,1
8399,12137,614,1
8400,14095,204,0
8401,7810,26,0
8402,2983,17,0
8403,2280,77,1
8404,8380,102,0
8405,880,157,0
8406,3878,259,0
8407,9095,427,1
8408,7407,242,0
8409,6784,49,1
8410,11155,764,0
8411,12205,689,0
8412,3754,1197,0
8413,3174,84,1
8414,2025,86,0
8415,1505,115,1
8416,1383,67,1
8417,12340,40,1
8418,13394,57,1
8419,13581,195,0
8420,5919,118,0
8421,923,202,0
8422,2660,39,1
8423,1984,1486,1
8424,13496,718,0
8425,1960,196,0
8426,2151,300,1
8427,5429,1237,0
8428,49,1114,0
8429,3595,220,1
8430,781,2000,0
8431,6963,998,0
8432,6886,1432,0
8433,2326,204,0
8434,708,380,1
8435,1701,187,1
8436,1194,48,0
8437,2749,3,0
8438,3550,99,1
8439,10643,224,0
8440,3443,405,0
8441,707,613,1
8442,6764,60,0
8443,80,568,0
8444,8,7,0
8445,5712,77,0
8446,3251,91,1
8447,5013,3,0
8448,6367,462,1
8449,1650,416,0
8450,4305,280,0
8451,7305,1496,1
8452,1826,60,0
8453,766,393,0
8454,2679,1,0
8455,5728,985,1
8456,2988,912,1
8457,9645,1428,0
8458,127,77,0
8459,5490,2218,1
8460,12835,60,1
8461,2427,49,0
8462,2253,271,0
8463,4859,39,1
8464,9849,91,1
8465,2123,17,0
8466,10922,3,0
8467,9314,973,0
8468,12545,110,0
8469,2839,109,0
8470,4605,396,0
8471,3781,90,1
8472,2056,52,0
8473,1797,1555,0
8474,2862,601,0
8475,10751,18,0
8476,12080,1687,1
8477,14028,26,0
8478,10425,279,1
8479,11062,473,1
8480,2264,1,0
8481,8308,109,1
8482,1046,510,1
8483,7555,39,1
8484,3998,165,1
8485,1240,17,0
8486,6775,77,0
8487,2861,189,1
8488,13134,3,0
8489,11923,1493,0
8490,3247,48,0
8491,1310,563,1
8492,11088,262,1
8493,4597,359,1
8494,11093,57,1
8495,9692,155,0
8496,7482,67,1
8497,4646,79,0
8498,4765,18,0
8499,1520,430,1
8500,9930,18,0
8501,863,576,0
8502,7467,1091,0
8503,9253,201,0
8504,5752,100,1
8505,12877,204,0
8506,572,25,0
8507,14213,2448,1
8508,10135,196,0
8509,2404,187,1
8510,274,1095,1
8511,913,26,1
8512,2150,7,1
8513,11800,703,1
8514,2247,86,0
8515,1989,135,1
8516,910,220,1
8517,5464,195,0
8518,3878,670,1
8519,10623,100,1
8520,12430,624,0
8521,6009,109,1
8522,4925,91,0
8523,10647,885,1
8524,5206,230,1
8525,6769,405,0
8526,242,772,1
8527,5910,554,1
8528,12289,473,1
8529,4750,58,1
8530,9782,42,0
8531,84,66,0
8532,11581,128,0
8533,4122,3,0
8534,13800,262,1
8535,1600,17,0
8536,9280,1709,1
8537,5275,1313,0
8538,3256,953,1
8539,11903,441,0
8540,6094,21,0
8541,943,22,0
8542,2063,103,1
8543,3291,1246,1
8544,4968,1,0
8545,3783,453,1
8546,5504,237,0
8547,5645,100,1
8548,10381,49,1
8549,223,106,1
8550,13092,1459,1
8551,4747,34,1
8552,1690,383,1
8553,903,25,0
8554,11843,220,1
8555,10317,384,0
8556,10242,1923,1
8557,6045,73,1
8558,11374,254,0
8559,5000,141,1
8560,12402,521,1
8561,232,341,1
8562,12796,272,1
8563,5399,216,0
8564,5807,315,1
8565,269,1103,0
8566,11381,271,1
8567,12855,2196,1
8568,9942,52,0
8569,14529,100,1
8570,9385,119,0
8571,7501,229,1
8572,14131,210,1
8573,228,457,0
8574,10093,52,0
8575,1244,570,1
8576,826,410,0
8577,3763,345,1
8578,12311,2621,1
8579,526,539,1
8580,3644,1,0
8581,14494,307,1
8582,7116,35,1
8583,1146,0,1
8584,10525,128,1
8585,5641,346,1
8586,7961,47,1
8587,1290,1211,0
8588,12509,389,1
8589,548,514,0
8590,9036,77,0
8591,5372,1242,0
8592,2442,749,0
8593,553,312,1
8594,1706,457,0
8595,647,1289,0
8596,6028,409,0
8597,8321,93,1
8598,11099,100,1
8599,4946,189,1
8600,2742,93,1
8601,955,196,0
8602,557,2107,1
8603,171,364,1
8604,13750,18,0
8605,6449,230,1
8606,3418,18,0
8607,3947,335,0
8608,1153,412,0
8609,13272,67,1
8610,4503,41,0
8611,13489,67,1
8612,4094,35,1
8613,54,264,1
8614,943,849,0
8615,5330,58,1
8616,5214,248,1
8617,2646,48,0
8618,6360,67,1
8619,9619,539,0
8620,5053,54,0
8621,12752,1824,0
8622,2158,1109,1
8623,2595,189,1
8624,2177,77,0
8625,13981,60,0
8626,4403,100,1
8627,2229,207,1
8628,6377,35,1
8629,10028,35,1
8630,1885,3,0
8631,5574,1909,0
8632,9964,35,1
8633,13202,100,1
8634,11814,100,1
8635,11377,3,0
8636,7030,160,1
8637,5042,189,1
8638,8230,891,0
8639,3897,2582,0
8640,6048,103,1
8641,9063,0,0
8642,376,1,0
8643,5931,67,1
8644,164,35,1
8645,6270,935,1
8646,13256,229,0
8647,198,143,0
8648,458,2103,0
8649,602,437,0
8650,2860,539,1
8651,12684,126,1
8652,1348,15,0
8653,9589,77,0
8654,13724,536,0
8655,1792,55,1
8656,12494,109,0
8657,5093,32,0
8658,3182,462,0
8659,533,353,0
8660,5883,60,0
8661,168,111,0
8662,3314,111,0
8663,13762,1437,0
8664,9897,1275,1
8665,5476,26,1
8666,10143,17,0
8667,7679,26,1
8668,7496,37,0
8669,13338,7,0
8670,678,329,0
8671,2630,35,1
8672,1319,577,1
8673,11273,3,0
8674,1485,441,0
8675,2531,58,0
8676,3773,197,0
8677,3897,122,0
8678,5322,231,0
8679,1363,32,0
8680,4058,33,1
8681,14182,19,0
8682,8049,1757,0
8683,12789,148,1
8684,3272,122,0
8685,13761,424,1
8686,8508,19,1
8687,8112,149,0
8688,13910,269,1
8689,10759,0,0
8690,10902,247,1
8691,13228,128,0
8692,1697,662,0
8693,2062,737,1
8694,1557,256,0
8695,681,17,0
8696,12461,40,0
8697,615,1,0
8698,10355,52,0
8699,11146,343,1
8700,566,733,0
8701,13501,1293,1
8702,5300,658,0
8703,1310,230,1
8704,4207,77,0
8705,7308,94,0
8706,6634,3,0
8707,1089,640,1
8708,2595,17,0
8709,8296,1665,1
8710,7237,654,0
8711,1184,7,0
8712,10423,548,1
8713,377,89,0
8714,5995,196,0
8715,11256,1725,0
8716,341,73,1
8717,13334,67,1
8718,12044,132,0
8719,3285,478,1
8720,14267,169,0
8721,6171,23,0
8722,13128,8,1
8723,5135,0,0
8724,4743,343,1
8725,9520,269,1
8726,2471,232,0
8727,6444,573,1
8728,1058,272,1
8729,9327,57,1
8730,1542,43,0
8731,9032,101,0
8732,2302,224,1
8733,2177,210,1
8734,10918,634,0
8735,6454,75,1
8736,4079,343,0
8737,5743,149,0
8738,707,48,0
8739,66,59,0
8740,4993,67,1
8741,11517,148,1
8742,795,17,0
8743,12082,99,1
8744,1854,265,1
8745,11446,3,0
8746,5490,498,1
8747,5836,609,1
8748,3709,307,1
8749,14156,91,0
8750,1601,335,1
8751,2533,314,1
8752,9262,56,0
8753,4077,67,1
8754,10002,52,0
8755,8645,90,0
8756,8881,1551,1
8757,5744,1294,1
8758,8556,0,0
8759,2136,16,0
8760,1541,113,1
8761,1620,140,0
8762,13277,1709,1
8763,5924,37,0
8764,12742,18,0
8765,106,571,0
8766,4280,1369,1
8767,49,446,0
8768,11509,916,0
8769,2642,182,0
8770,714,743,0
8771,8502,77,0
8772,5357,111,0
8773,12789,170,1
8774,10777,13,0
8775,115,2050,1
8776,1065,66,0
8777,11076,98,1
8778,1197,111,0
8779,4272,171,0
8780,14134,510,1
8781,2187,17,0
8782,2500,40,1
8783,9027,51,1
8784,843,16,0
8785,9974,48,0
8786,12687,926,0
8787,13160,201,0
8788,12322,74,1
8789,3984,758,1
8790,3805,8,1
8791,242,2316,1
8792,6,1847,0
8793,2039,197,0
8794,5230,563,1
8795,4503,0,0
8796,240,148,1
8797,2621,0,0
8798,1942,818,0
8799,11425,40,1
8800,8180,41,1
8801,9599,346,0
8802,4932,427,1
8803,2737,18,0
8804,12862,220,1
8805,289,41,0
8806,3081,402,0
8807,205,399,0
8808,14452,807,1
8809,1087,39,1
8810,3598,887,1
8811,2241,41,0
8812,7582,365,1
8813,1275,60,1
8814,31,383,0
8815,5911,562,0
8816,2551,310,0
8817,11534,113,1
8818,5520,17,0
8819,1876,18,0
8820,8386,1198,0
8821,3374,242,0
8822,7265,60,0
8823,8889,193,1
8824,8162,3,0
8825,2011,1457,0
8826,1034,52,0
8827,9119,1322,1
8828,4081,3,0
8829,9363,41,0
8830,11071,40,0
8831,12372,25,0
8832,12195,1546,0
8833,2188,348,1
8834,3849,354,0
8835,255,120,1
8836,6191,1350,0
8837,1244,1191,1
8838,5742,41,0
8839,830,142,0
8840,8805,100,0
8841,11974,55,1
8842,6251,40,1
8843,6949,0,0
8844,4599,627,1
8845,9460,2436,1
8846,302,25,0
8847,110,788,0
8848,7945,32,0
8849,10000,141,0
8850,2940,60,0
8851,6882,1187,0
8852,11208,90,1
8853,4954,37,0
8854,11967,128,0
8855,880,2461,0
8856,7363,248,1
8857,6958,495,0
8858,6965,7,0
8859,8676,67,1
8860,449,235,1
8861,534,204,0
8862,6946,100,1
8863,2854,148,1
8864,6364,52,0
8865,242,455,1
8866,4823,351,0
8867,11183,13,0
8868,6980,645,0
8869,4776,129,0
8870,13540,1275,1
8871,3258,67,1
8872,3713,3,0
8873,5863,423,1
8874,9499,100,1
8875,8549,242,1
8876,8301,40,1
8877,14066,98,1
8878,1723,770,0
8879,8657,35,0
8880,14314,182,0
8881,13411,343,1
8882,3936,153,0
8883,11737,126,1
8884,1238,0,0
8885,12376,242,0
8886,5503,228,1
8887,6055,34,1
8888,7898,194,1
8889,5363,694,0
8890,1746,264,1
8891,421,517,0
8892,4301,93,1
8893,6114,0,0
8894,4901,687,1
8895,8903,48,0
8896,12717,399,0
8897,6895,460,1
8898,6953,67,1
8899,10834,46,1
8900,4594,171,1
8901,268,0,0
8902,1607,1482,0
8903,2535,462,0
8904,9793,61,1
8905,1470,75,1
8906,499,1939,0
8907,1890,34,1
8908,5437,198,0
8909,530,40,1
8910,6358,2135,0
8911,12972,90,1
8912,10169,261,0
8913,13383,18,0
8914,1313,1,0
8915,4742,402,1
8916,1786,374,0
8917,6818,191,1
8918,2557,8,1
8919,4458,223,0
8920,501,292,0
8921,5785,17,0
8922,2682,278,1
8923,5936,629,0
8924,11741,873,0
8925,5122,269,1
8926,5530,137,0
8927,13810,67,1
8928,10684,243,1
8929,8593,457,0
8930,10960,41,0
8931,12663,749,0
8932,2360,53,1
8933,4685,22,0
8934,4944,197,0
8935,805,52,0
8936,9020,39,1
8937,5959,56,0
8938,8334,100,1
8939,10166,91,1
8940,153,456,0
8941,5938,187,1
8942,5961,60,0
8943,13919,0,0
8944,491,438,1
8945,115,630,1
8946,13299,861,0
8947,13753,119,0
8948,1914,3,0
8949,8547,100,1
8950,7822,211,1
8951,508,2093,0
8952,3166,739,1
8953,6380,73,1
8954,1283,318,0
8955,14479,126,1
8956,839,167,0
8957,6590,84,1
8958,1182,297,0
8959,168,122,1
8960,910,0,0
8961,4704,375,1
8962,4920,959,0
8963,11405,196,0
8964,4639,1209,0
8965,2246,33,1
8966,5354,709,0
8967,13622,375,0
8968,2155,575,0
8969,1401,91,0
8970,12006,851,1
8971,2518,148,1
8972,199,140,1
8973,12975,3,0
8974,10257,321,1
8975,2155,60,0
8976,4422,155,0
8977,5818,1391,1
8978,3305,1015,1
8979,11266,225,1
8980,9770,100,1
8981,242,95,1
8982,6602,32,0
8983,12541,833,1
8984,2688,52,0
8985,4541,100,1
8986,5006,374,0
8987,11592,20,1
8988,12883,49,1
8989,9316,601,0
8990,1614,2147,0
8991,3262,18,0
8992,11138,94,1
8993,6756,122,0
8994,4055,269,1
8995,13343,386,0
8996,9079,67,1
8997,1779,67,1
8998,7484,52,0
8999,12294,68,0
9000,3248,1941,1
9001,8656,0,0
9002,9145,73,1
9003,13978,548,1
9004,13598,1267,1
9005,5624,0,0
9006,3724,520,1
9007,14630,247,1
9008,5688,17,0
9009,943,187,0
9010,7740,100,1
9011,4693,56,0
9012,3515,9,1
9013,3711,51,0
9014,13056,1414,1
9015,13176,375,0
9016,2432,90,0
9017,5090,518,0
9018,14326,341,1
9019,10175,37,0
9020,4232,104,0
9021,4784,111,0
9022,5630,17,0
9023,4400,16,1
9024,3493,954,0
9025,4702,17,0
9026,49,1407,0
9027,268,489,0
9028,1970,7,0
9029,6537,1296,0
9030,10458,47,1
9031,2246,399,0
9032,10067,125,1
9033,10859,1760,1
9034,11089,376,1
9035,14211,372,1
9036,1040,0,0
9037,3085,1167,0
9038,761,375,0
9039,9535,109,1
9040,11325,100,1
9041,9396,77,0
9042,9177,210,1
9043,12860,67,1
9044,5,169,0
9045,5409,128,0
9046,387,2215,0
9047,3656,37,1
9048,4425,167,1
9049,1186,41,0
9050,8771,93,1
9051,5422,0,0
9052,3169,337,1
9053,2683,68,0
9054,1294,67,1
9055,161,3,0
9056,414,34,0
9057,6266,497,1
9058,6344,302,0
9059,7594,204,0
9060,4061,192,1
9061,1419,926,1
9062,11460,167,1
9063,3887,77,0
9064,1735,807,1
9065,14221,977,0
9066,5403,39,1
9067,523,50,1
9068,9436,148,1
9069,6549,103,1
9070,7710,81,1
9071,11605,169,0
9072,12380,143,1
9073,2253,546,0
9074,930,515,1
9075,8386,180,0
9076,10994,369,1
9077,9686,41,0
9078,7853,485,0
9079,13249,326,0
9080,9250,79,1
9081,7651,35,1
9082,6847,129,1
9083,11872,37,0
9084,3436,269,1
9085,2533,1504,0
9086,11583,374,0
9087,3105,89,1
9088,3072,402,1
9089,11771,416,0
9090,590,1011,1
9091,13676,18,0
9092,4678,587,0
9093,2753,1121,0
9094,5967,33,0
9095,718,257,1
9096,1162,457,0
9097,12322,49,0
9098,9524,170,1
9099,1373,196,0
9100,6406,1063,1
9101,9379,107,1
9102,10091,35,1
9103,5587,2206,0
9104,10712,93,1
9105,9338,52,0
9106,4991,753,0
9107,4141,3,0
9108,5202,431,1
9109,10964,176,1
9110,5190,297,0
9111,1984,1809,1
9112,1131,344,0
9113,1586,100,1
9114,13253,52,0
9115,7481,615,0
9116,6013,101,0
9117,3377,73,1
9118,6481,35,1
9119,13774,389,1
9120,7334,60,0
9121,5181,373,0
9122,10868,2100,0
9123,9993,40,1
9124,14605,220,0
9125,4069,1063,1
9126,3049,921,1
9127,8568,160,1
9128,6911,1021,1
9129,7986,1698,0
9130,12157,19,0
9131,13170,42,0
9132,1751,224,1
9133,13382,1637,0
9134,13587,259,1
9135,6921,67,1
9136,5551,165,1
9137,196,17,0
9138,9360,949,1
9139,5180,7,0
9140,10646,447,0
9141,7016,16,0
9142,1336,25,0
9143,766,982,1
9144,12303,169,1
9145,4797,462,0
9146,6402,242,0
9147,5245,1375,0
9148,11340,55,1
9149,324,41,0
9150,10253,953,1
9151,1291,447,0
9152,13187,473,1
9153,6097,40,1
9154,8848,2538,0
9155,5400,577,0
9156,3332,429,1
9157,685,7,0
9158,3704,148,1
9159,5785,818,0
9160,49,845,0
9161,12642,262,1
9162,8027,73,1
9163,5877,67,1
9164,9083,460,0
9165,9730,224,1
9166,2555,807,1
9167,6584,17,0
9168,421,257,0
9169,9142,38,1
9170,1089,496,0
9171,12280,40,1
9172,11197,90,0
9173,7648,50,1
9174,12854,102,0
9175,1347,260,1
9176,7811,404,0
9177,6378,315,1
9178,7514,77,0
9179,8883,89,0
9180,8815,326,0
9181,7104,19,0
9182,5521,112,1
9183,2210,100,1
9184,14574,460,0
9185,2386,77,0
9186,4174,1346,1
9187,8216,945,0
9188,573,322,1
9189,12703,887,1
9190,6652,39,1
9191,745,384,0
9192,5577,73,1
9193,9402,258,0
9194,4683,157,1
9195,8199,220,0
9196,8246,52,0
9197,14550,18,0
9198,1364,279,1
9199,7237,396,0
9200,10053,0,0
9201,1662,1474,0
9202,4924,18,0
9203,305,402,0
9204,10579,132,0
9205,8827,3,0
9206,7252,85,1
9207,221,77,0
9208,3111,463,0
9209,5055,7,0
9210,2436,17,0
9211,5675,243,0
9212,8856,1565,1
9213,11536,883,0
9214,3397,375,1
9215,11264,2219,1
9216,2772,787,1
9217,10750,1402,1
9218,1291,399,0
9219,14346,13,0
9220,6773,399,0
9221,3916,1978,0
9222,6372,334,1
9223,2895,17,0
9224,2580,1022,0
9225,1568,3,0
9226,3856,254,0
9227,186,115,0
9228,12409,3,0
9229,13389,862,0
9230,5439,18,0
9231,9403,1127,1
9232,11164,470,0
9233,6696,49,0
9234,8280,89,0
9235,579,48,0
9236,1090,1863,0
9237,3616,7,0
9238,4182,18,0
9239,1898,25,0
9240,354,234,0
9241,841,23,0
9242,7795,918,0
9243,6782,34,1
9244,4701,149,0
9245,4393,402,0
9246,685,826,0
9247,1886,111,0
9248,2016,50,1
9249,12282,491,0
9250,13191,35,1
9251,11173,149,1
9252,11760,473,1
9253,6744,67,1
9254,6323,634,0
9255,10115,39,1
9256,1036,914,1
9257,14328,3,0
9258,10710,42,0
9259,10396,56,0
9260,13130,965,1
9261,3337,100,1
9262,11262,0,0
9263,1191,77,0
9264,11454,42,0
9265,5704,126,1
9266,1731,77,0
9267,12995,126,1
9268,9917,445,1
9269,7333,596,1
9270,181,130,1
9271,2726,100,1
9272,5886,180,0
9273,14467,77,1
9274,2932,405,1
9275,6011,548,0
9276,3007,1536,1
9277,13514,77,0
9278,6027,143,1
9279,13241,534,1
9280,5355,3,0
9281,12986,34,1
9282,12283,219,1
9283,8821,49,1
9284,2403,557,0
9285,14393,11,0
9286,12150,607,1
9287,14208,18,0
9288,14020,637,1
9289,819,1873,0
9290,8974,768,0
9291,13380,220,0
9292,2428,587,0
9293,14260,607,1
9294,12311,2424,1
9295,7827,126,1
9296,11908,201,0
9297,286,515,0
9298,9243,101,0
9299,5116,231,0
9300,1356,3,0
9301,13375,7,0
9302,7213,25,0
9303,2301,49,0
9304,8804,76,0
9305,6051,39,1
9306,12680,521,1
9307,262,40,1
9308,8515,214,0
9309,481,187,1
9310,13262,944,1
9311,9910,67,1
9312,11869,416,0
9313,1316,18,0
9314,4238,0,0
9315,3528,1079,0
9316,9438,891,0
9317,12956,39,1
9318,13424,176,1
9319,893,1844,1
9320,10190,189,1
9321,5635,480,0
9322,2481,58,1
9323,5780,1290,1
9324,1907,67,1
9325,8835,2462,1
9326,10185,242,0
9327,7806,248,1
9328,242,1910,1
9329,8791,3,0
9330,6521,220,1
9331,4963,125,0
9332,9886,412,0
9333,4650,169,0
9334,8957,361,0
9335,5052,276,0
9336,8032,321,1
9337,871,111,0
9338,4656,1888,1
9339,9978,204,0
9340,3518,984,0
9341,1675,41,0
9342,4738,416,0
9343,2901,3,0
9344,12486,242,1
9345,8421,416,0
9346,7400,980,1
9347,13221,67,1
9348,1443,67,1
9349,12198,357,0
9350,2175,129,1
9351,10779,534,1
9352,2824,1,0
9353,863,51,0
9354,352,111,0
9355,1509,460,0
9356,542,33,0
9357,525,277,1
9358,5022,17,0
9359,3797,288,1
9360,9602,243,1
9361,1808,547,0
9362,14551,163,0
9363,12563,91,0
9364,12424,2309,0
9365,486,143,0
9366,301,3,0
9367,13578,242,1
9368,4286,9,1
9369,2679,47,0
9370,5101,2563,1
9371,4668,25,0
9372,2277,269,1
9373,4633,100,1
9374,655,1540,0
9375,9481,749,0
9376,3861,48,0
9377,9501,68,0
9378,12296,366,1
9379,5319,264,1
9380,8739,33,0
9381,4170,1056,0
9382,8457,887,1
9383,871,311,0
9384,1130,91,0
9385,4319,934,0
9386,190,33,1
9387,88,814,0
9388,5,1,0
9389,5685,137,0
9390,14453,797,1
9391,6553,157,1
9392,160,777,0
9393,5002,1040,1
9394,11116,118,0
9395,568,173,1
9396,9421,40,1
9397,9300,1191,1
9398,14312,46,0
9399,13435,149,0
9400,12097,67,1
9401,11167,27,0
9402,6304,146,1
9403,9050,788,0
9404,5881,67,1
9405,5326,542,0
9406,5377,1172,0
9407,978,17,0
9408,11432,1267,1
9409,1870,627,0
9410,7760,86,0
9411,1122,388,0
9412,5042,0,0
9413,13360,66,1
9414,3714,118,0
9415,8978,189,1
9416,12139,431,1
9417,9601,60,0
9418,1128,17,0
9419,9227,77,0
9420,14554,242,0
9421,1369,616,0
9422,1862,2125,0
9423,920,100,1
9424,6185,67,1
9425,2890,612,0
9426,235,131,0
9427,3318,128,0
9428,106,715,1
9429,4680,256,1
9430,5358,762,0
9431,7786,102,0
9432,2340,305,0
9433,9392,67,1
9434,2028,320,0
9435,14187,514,0
9436,4644,483,0
9437,3123,376,1
9438,275,191,1
9439,11679,67,1
9440,9367,369,1
9441,5967,557,0
9442,3170,456,0
9443,3728,0,0
9444,1438,2595,0
9445,7135,40,1
9446,2491,256,1
9447,7464,0,0
9448,2156,143,1
9449,3214,405,0
9450,1388,771,1
9451,6619,53,1
9452,10554,230,1
9453,11095,473,1
9454,4229,200,0
9455,4370,276,1
9456,1162,438,0
9457,10537,35,1
9458,6439,505,0
9459,5265,546,1
9460,8450,473,1
9461,11003,0,0
9462,3448,254,0
9463,9738,223,0
9464,3225,750,0
9465,3370,77,1
9466,4495,339,0
9467,7521,67,1
9468,2681,35,0
9469,792,67,1
9470,3576,371,1
9471,3865,570,1
9472,6041,438,1
9473,13602,349,1
9474,9003,1679,1
9475,4418,214,0
9476,6752,18,0
9477,13444,225,1
9478,2438,189,1
9479,943,147,0
9480,1671,813,1
9481,2008,18,0
9482,7353,50,1
9483,12687,557,0
9484,10034,344,0
9485,780,91,1
9486,5139,97,1
9487,1553,56,0
9488,14444,965,1
9489,10908,77,0
9490,284,197,0
9491,13247,501,0
9492,9472,17,0
9493,1146,111,0
9494,88,208,1
9495,6090,176,1
9496,8303,189,1
9497,4580,51,1
9498,13279,343,1
9499,10384,3,0
9500,203,13,0
9501,9816,439,0
9502,1760,86,0
9503,12603,264,1
9504,366,43,1
9505,13302,2598,1
9506,10910,636,0
9507,1790,3,0
9508,448,268,1
9509,1102,1078,0
9510,2574,310,0
9511,2053,223,0
9512,4190,16,0
9513,1747,61,0
9514,400,17,0
9515,11563,100,1
9516,1513,196,0
9517,9711,219,1
9518,4604,55,1
9519,7212,3,0
9520,4848,43,0
9521,5457,456,0
9522,2035,38,1
9523,12981,93,0
9524,9132,142,0
9525,14509,137,0
9526,3378,49,1
9527,8782,198,0
9528,6858,3,0
9529,774,472,1
9530,1789,38,1
9531,1271,100,1
9532,5916,402,1
9533,9391,189,1
9534,981,764,0
9535,9061,2120,0
9536,227,9,1
9537,12196,86,0
9538,10684,95,1
9539,3406,999,1
9540,13110,40,0
9541,3243,111,0
9542,288,1,0
9543,6749,1,0
9544,7261,320,0
9545,1342,1165,1
9546,2272,875,0
9547,643,96,0
9548,1970,405,1
9549,4595,17,0
9550,11203,52,0
9551,4444,7,0
9552,9336,260,0
9553,7586,91,0
9554,2650,247,1
9555,10486,242,1
9556,1017,48,0
9557,7635,220,1
9558,5709,110,1
9559,4456,553,0
9560,1032,348,0
9561,13834,18,0
9562,10301,101,0
9563,14477,228,1
9564,1262,1786,0
9565,233,25,0
9566,3069,0,0
9567,3267,20,0
9568,12386,836,0
9569,11751,34,0
9570,9406,1296,0
9571,4770,220,1
9572,8806,42,0
9573,7223,210,1
9574,3462,0,0
9575,5077,148,1
9576,7713,262,1
9577,3029,916,0
9578,4231,1088,1
9579,5399,143,1
9580,845,52,0
9581,4432,862,0
9582,8247,209,0
9583,2424,55,1
9584,13181,402,1
9585,2828,50,1
9586,4205,126,1
9587,6451,111,0
9588,11683,449,1
9589,2267,67,1
9590,6085,42,0
9591,10618,1015,1
9592,6659,555,0
9593,3157,555,0
9594,9375,77,0
9595,4118,787,1
9596,1778,562,0
9597,1210,39,1
9598,2523,1731,1
9599,1095,489,0
9600,6867,3,0
9601,2565,840,1
9602,943,709,0
9603,2760,178,1
9604,705,201,0
9605,2883,958,1
9606,10239,35,1
9607,6936,220,1
9608,5921,427,1
9609,6773,113,0
9610,344,24,0
9611,3069,41,0
9612,11574,3,0
9613,4028,52,0
9614,5314,17,0
9615,3941,418,0
9616,5687,39,1
9617,1011,8,1
9618,1083,1394,0
9619,12148,195,0
9620,5077,170,1
9621,10471,100,1
9622,9340,200,0
9623,10927,505,0
9624,13685,857,1
9625,6513,206,1
9626,11106,18,0
9627,411,3,0
9628,5913,4,0
9629,8918,1883,0
9630,5200,0,0
9631,13100,86,0
9632,9862,997,0
9633,3494,7,0
9634,4448,3,0
9635,8513,37,0
9636,13027,3,0
9637,621,978,0
9638,8262,119,0
9639,13902,39,1
9640,12178,861,0
9641,7426,3,0
9642,3912,128,0
9643,9980,39,1
9644,3275,64,1
9645,4643,101,0
9646,12556,228,1
9647,2342,402,0
9648,13039,56,0
9649,14295,18,0
9650,6142,392,0
9651,10789,9,1
9652,12179,100,0
9653,8148,242,1
9654,3238,17,1
9655,3060,440,0
9656,3504,797,1
9657,5362,129,0
9658,8311,18,0
9659,14349,83,1
9660,8165,714,0
9661,12686,18,0
9662,11089,17,0
9663,1461,442,0
9664,8980,102,0
9665,2780,49,0
9666,2424,120,1
9667,1556,459,0
9668,13812,243,1
9669,8642,42,0
9670,10493,718,0
9671,5121,1176,0
9672,3803,67,1
9673,173,68,0
9674,1940,242,1
9675,9029,212,0
9676,2696,39,1
9677,12702,60,0
9678,4499,126,1
9679,1367,39,1
9680,4211,1364,1
9681,5848,42,0
9682,10139,435,0
9683,12961,1451,1
9684,14103,37,1
9685,863,2469,0
9686,3882,353,0
9687,9133,235,0
9688,8372,409,1
9689,8258,43,0
9690,8438,663,1
9691,8855,343,1
9692,12063,959,1
9693,10929,7,0
9694,4449,371,1
9695,5860,254,0
9696,108,220,1
9697,4770,141,0
9698,5524,480,0
9699,1541,435,1
9700,14367,650,0
9701,11397,365,0
9702,809,404,0
9703,1364,117,0
9704,1764,125,1
9705,4703,944,0
9706,8871,0,0
9707,8229,18,0
9708,5937,48,0
9709,11541,403,1
9710,5028,615,0
9711,8649,56,0
9712,8021,46,1
9713,10153,17,0
9714,1190,135,1
9715,5547,67,1
9716,8827,8,1
9717,13195,3,0
9718,12154,216,0
9719,14231,17,0
9720,1828,67,1
9721,10321,7,0
9722,458,242,0
9723,3861,0,0
9724,7627,173,1
9725,7852,52,0
9726,509,17,0
9727,354,223,0
9728,2830,719,0
9729,11447,77,0
9730,2538,91,0
9731,14253,35,1
9732,9100,1021,1
9733,48,21,0
9734,9780,3,0
9735,1580,1587,0
9736,7646,37,0
9737,357,405,1
9738,2871,100,1
9739,7404,58,1
9740,4171,67,1
9741,11292,23,0
9742,2214,204,0
9743,1778,1413,0
9744,11629,3,0
9745,6500,575,0
9746,8870,19,1
9747,1229,224,1
9748,221,73,0
9749,12607,39,1
9750,8587,542,0
9751,318,330,0
9752,434,3,0
9753,6569,100,1
9754,3967,716,1
9755,10683,2622,1
9756,6283,208,0
9757,11354,35,1
9758,10920,77,0
9759,12060,445,1
9760,4827,771,1
9761,2338,19,1
9762,703,43,0
9763,1801,0,0
9764,3473,16,1
9765,8946,391,0
9766,12558,264,1
9767,7691,24,0
9768,13847,46,0
9769,2280,197,0
9770,280,194,1
9771,6762,55,1
9772,9305,7,1
9773,993,790,0
9774,9192,49,1
9775,13782,401,1
9776,3800,17,0
9777,3303,110,0
9778,2804,2167,1
9779,8076,1,0
9780,194,136,1
9781,12924,52,0
9782,10408,148,1
9783,10759,3,0
9784,2936,67,1
9785,5393,418,0
9786,8213,91,0
9787,48,478,0
9788,2288,77,0
9789,3364,106,0
9790,3365,22,1
9791,6208,442,0
9792,1095,2051,0
9793,14620,60,0
9794,9349,3,0
9795,1344,17,0
9796,11865,161,1
9797,4730,284,1
9798,10907,116,0
9799,1010,143,1
9800,2388,73,1
9801,13088,26,0
9802,13027,687,1
9803,4533,510,1
9804,9153,798,1
9805,4586,37,1
9806,5529,15,0
9807,8811,278,1
9808,14201,61,0
9809,8034,473,1
9810,299,77,0
9811,3510,189,1
9812,696,1477,1
9813,4150,418,0
9814,7952,369,1
9815,7185,124,1
9816,9074,18,0
9817,6530,17,0
9818,326,25,0
9819,9408,1276,1
9820,4920,488,0
9821,1,426,0
9822,8620,126,1
9823,9300,133,1
9824,2605,457,0
9825,2927,1961,0
9826,5139,77,0
9827,4677,0,0
9828,993,466,1
9829,1401,86,1
9830,4928,1303,1
9831,10914,140,0
9832,3625,240,1
9833,5611,2587,1
9834,9779,60,0
9835,11990,52,0
9836,3177,35,1
9837,1831,440,1
9838,8420,2087,0
9839,10672,135,1
9840,6617,116,0
9841,6588,220,1
9842,10146,0,0
9843,8702,964,1
9844,10934,330,0
9845,6155,1135,1
9846,12530,50,1
9847,3548,64,1
9848,1498,52,0
9849,2053,111,0
9850,1981,1967,0
9851,3077,891,0
9852,10792,510,1
9853,2718,348,1
9854,8632,51,1
9855,8288,699,1
9856,688,361,0
9857,493,25,0
9858,6859,1198,0
9859,1144,78,1
9860,5195,157,0
9861,48,1282,0
9862,834,100,1
9863,7013,541,1
9864,3395,202,0
9865,2999,254,0
9866,11817,2000,0
9867,893,432,0
9868,5946,413,1
9869,4389,1015,1
9870,1222,77,0
9871,9868,796,1
9872,3546,831,1
9873,7738,28,1
9874,3245,473,1
9875,4071,2095,0
9876,1407,941,1
9877,12705,237,1
9878,242,957,1
9879,12074,32,0
9880,902,77,0
9881,12987,53,1
9882,284,48,0
9883,10317,1028,1
9884,5062,2067,0
9885,11073,534,1
9886,13399,83,1
9887,2114,365,0
9888,2916,75,1
9889,5283,588,1
9890,10655,404,1
9891,6207,181,0
9892,9896,109,1
9893,14542,709,0
9894,8179,67,1
9895,7060,47,1
9896,14426,119,0
9897,5993,518,0
9898,8479,9,1
9899,9702,3,0
9900,11907,165,1
9901,4324,204,0
9902,12021,562,0
9903,7200,202,0
9904,3421,771,1
9905,3075,343,1
9906,5167,18,0
9907,6180,100,1
9908,5484,402,1
9909,943,1149,0
9910,9597,523,1
9911,789,72,0
9912,5120,375,0
9913,2585,504,1
9914,502,334,1
9915,10846,77,0
9916,6150,1222,0
9917,3231,7,1
9918,12933,67,1
9919,9021,169,1
9920,5278,25,0
9921,11785,1438,0
9922,3571,95,1
9923,14227,100,0
9924,7120,0,0
9925,1596,25,0
9926,3248,626,0
9927,10552,77,0
9928,10774,201,0
9929,8735,967,0
9930,13409,242,1
9931,9111,3,0
9932,13522,1145,0
9933,640,112,0
9934,9318,170,1
9935,8437,249,0
9936,10633,372,1
9937,11117,32,0
9938,6673,58,1
9939,3836,0,0
9940,12850,169,0
9941,2480,0,0
9942,13688,170,1
9943,1634,278,1
9944,9365,549,1
9945,7199,52,0
9946,10667,195,1
9947,219,153,1
9948,4599,89,1
9949,13569,37,0
9950,11382,126,1
9951,1800,1388,1
9952,1512,67,0
9953,8475,1863,0
9954,4031,1057,0
9955,509,541,1
9956,5427,50,1
9957,3291,1593,1
9958,3632,734,0
9959,12754,565,0
9960,315,41,0
9961,5943,176,1
9962,2274,1005,0
9963,11167,101,0
9964,2073,117,0
9965,255,61,1
9966,9288,431,1
9967,1118,438,0
9968,10505,49,1
9969,6792,404,1
9970,6862,687,1
9971,7993,102,0
9972,8770,473,1
9973,1821,348,0
9974,5262,51,1
9975,1857,1750,1
9976,1485,645,0
9977,5094,400,1
9978,13668,205,1
9979,9314,1080,1
9980,10498,60,0
9981,7908,549,1
9982,1959,624,0
9983,205,1016,0
9984,5700,176,1
9985,13968,173,1
9986,3620,35,1
9987,95,79,0
9988,8677,833,1
9989,10091,39,1
9990,3084,1803,0
9991,8002,49,1
9992,1336,507,0
9993,12936,3,0
9994,2119,297,0
9995,8321,248,1
9996,323,215,0
9997,12544,52,0
9998,12886,91,1
9999,2059,264,1
10000,13261,694,0
10001,12909,104,1
10002,3979,73,1
10003,8076,1570,0
10004,8230,1023,0
10005,9063,134,1
10006,10532,2179,1
10007,5253,267,0
10008,8089,7,0
10009,11258,464,0
10010,1698,557,0
10011,8875,182,0
10012,4605,1272,0
10013,2981,141,0
10014,8418,260,1
10015,2883,902,0
10016,11449,1431,1
10017,720,243,1
10018,11084,926,0
10019,8844,653,1
10020,434,0,0
10021,8259,322,0
10022,2190,418,0
10023,8845,672,0
10024,12969,3,0
10025,5160,18,0
10026,2160,2570,1
10027,3226,131,0
10028,5555,402,1
10029,7694,813,1
10030,12499,626,1
10031,2224,765,1
10032,943,1655,0
10033,5878,440,0
10034,1575,632,1
10035,8315,3,0
10036,3955,0,0
10037,651,438,1
10038,5905,397,1
10039,14247,589,0
10040,13178,93,1
10041,5837,192,1
10042,13853,67,1
10043,10137,242,1
10044,1390,2000,0
10045,1881,17,0
10046,8781,52,0
10047,281,0,0
10048,3511,539,0
10049,9185,724,0
10050,14310,67,1
10051,13908,17,0
10052,10567,408,0
10053,7547,84,1
10054,8224,52,0
10055,6226,67,1
10056,4261,3,0
10057,2621,98,0
10058,5148,67,1
10059,13570,35,1
10060,14145,55,1
10061,9562,7,0
10062,9677,77,0
10063,12823,1001,0
10064,1082,762,1
10065,6734,216,0
10066,5570,67,1
10067,1771,1474,0
10068,8045,290,0
10069,1911,256,0
10070,12643,224,1
10071,821,67,1
10072,4743,56,0
10073,8176,42,0
10074,8030,627,0
10075,10653,60,0
10076,3238,0,1
10077,7360,438,1
10078,13688,148,1
10079,4319,25,0
10080,11563,37,0
10081,5608,18,0
10082,1233,588,1
10083,12325,1987,0
10084,1570,95,0
10085,13570,7,0
10086,10100,196,0
10087,943,1597,0
10088,49,500,0
10089,6715,67,1
10090,1442,206,0
10091,13477,91,0
10092,1152,17,0
10093,12801,344,0
10094,5557,377,0
10095,943,89,0
10096,6426,77,0
10097,5748,357,0
10098,3556,37,0
10099,9313,208,0
10100,7598,376,0
10101,1999,743,0
10102,13592,129,1
10103,6335,77,1
10104,10390,131,0
10105,12165,858,1
10106,1255,578,1
10107,11944,43,1
10108,1090,1029,0
10109,1386,462,0
10110,1763,1060,1
10111,11590,7,0
10112,9448,56,0
10113,55,1002,0
10114,1195,792,0
10115,3656,140,0
10116,1690,2384,0
10117,8022,40,1
10118,9789,431,1
10119,1800,425,1
10120,4411,936,0
10121,14400,95,1
10122,3461,278,0
10123,13829,137,0
10124,10555,61,1
10125,206,103,1
10126,2288,13,1
10127,4750,7,1
10128,8689,0,0
10129,8602,2554,0
10130,1225,242,0
10131,3678,320,1
10132,8265,17,0
10133,1654,34,1
10134,1993,546,1
10135,2823,212,0
10136,7635,514,0
10137,7490,77,1
10138,1087,35,0
10139,3073,41,0
10140,3157,497,1
10141,3442,169,0
10142,1493,18,0
10143,3064,48,0
10144,2947,246,0
10145,3640,67,1
10146,5822,254,0
10147,1662,654,1
10148,5660,78,1
10149,5185,877,0
10150,13852,67,1
10151,3827,16,0
10152,13008,18,0
10153,2026,2378,1
10154,370,1143,1
10155,11424,18,0
10156,1396,611,0
10157,12315,7,0
10158,6869,1221,0
10159,5028,60,0
10160,2039,17,0
10161,3579,197,0
10162,5966,74,1
10163,1017,3,0
10164,7922,588,1
10165,289,48,0
10166,10611,23,0
10167,7820,200,0
10168,2016,640,0
10169,4004,93,1
10170,2365,381,0
10171,4822,0,0
10172,943,321,0
10173,9289,37,0
10174,6173,170,1
10175,440,93,1
10176,10748,111,0
10177,2393,278,1
10178,429,446,0
10179,8243,34,0
10180,6789,19,1
10181,10795,83,1
10182,1959,1301,0
10183,7282,267,0
10184,9407,3,0
10185,8614,214,1
10186,1230,397,1
10187,9988,588,0
10188,5246,42,0
10189,546,0,0
10190,9178,77,0
10191,10477,56,0
10192,6883,246,0
10193,1634,2248,1
10194,593,100,0
10195,4095,310,0
10196,11154,165,1
10197,7787,457,0
10198,2590,503,1
10199,10618,373,0
10200,2825,293,1
10201,4264,61,1
10202,60,81,1
10203,2554,35,1
10204,10916,48,0
10205,13616,7,0
10206,7407,504,0
10207,1675,111,0
10208,1139,35,1
10209,8406,509,1
10210,3387,782,1
10211,9265,521,1
10212,8542,1095,1
10213,314,1198,1
10214,10360,626,1
10215,14322,1274,1
10216,3413,17,0
10217,12963,223,0
10218,1598,17,0
10219,1197,25,0
10220,4210,22,1
10221,4704,228,1
10222,10704,57,1
10223,13438,129,1
10224,4922,1444,0
10225,2489,593,1
10226,12180,13,0
10227,8364,100,1
10228,1630,77,0
10229,7040,171,0
10230,951,160,1
10231,7129,910,0
10232,9185,77,0
10233,11345,326,1
10234,1610,67,1
10235,12952,733,0
10236,10864,3,1
10237,3606,344,0
10238,160,985,1
10239,12117,128,1
10240,5307,951,1
10241,8701,264,1
10242,8302,230,1
10243,596,50,1
10244,13696,3,0
10245,13743,0,0
10246,12171,93,1
10247,4543,169,0
10248,4459,1177,1
10249,12911,61,0
10250,11538,214,0
10251,262,32,0
10252,3916,258,1
10253,1731,1690,1
10254,4243,725,0
10255,9593,439,0
10256,13597,52,0
10257,3091,35,1
10258,1870,2294,1
10259,10992,458,1
10260,1050,329,0
10261,2699,480,0
10262,8311,73,1
10263,8530,247,1
10264,10407,1933,0
10265,738,46,1
10266,5356,72,0
10267,2266,344,1
10268,11391,77,0
10269,10581,35,1
10270,3148,1446,1
10271,12053,220,1
10272,1979,1010,0
10273,11094,17,0
10274,10861,402,1
10275,8880,551,1
10276,4722,1603,1
10277,588,35,1
10278,1336,1494,0
10279,242,1342,1
10280,10563,196,0
10281,9710,231,0
10282,2121,1573,1
10283,3535,1012,1
10284,2415,1564,0
10285,9160,343,0
10286,745,973,0
10287,14272,15,1
10288,9351,35,1
10289,7291,60,0
10290,4797,149,0
10291,2488,34,1
10292,302,118,0
10293,3388,514,0
10294,839,997,0
10295,12463,326,1
10296,4398,140,1
10297,1919,37,0
10298,3102,52,1
10299,1824,256,0
10300,1994,2445,1
10301,4392,67,1
10302,4436,450,1
10303,1602,967,0
10304,3085,446,0
10305,4438,16,1
10306,3611,17,0
10307,792,197,0
10308,3384,3,0
10309,2773,100,1
10310,2870,109,0
10311,11187,118,0
10312,796,460,0
10313,3193,89,0
10314,7568,883,0
10315,2662,219,1
10316,13439,147,1
10317,13369,100,0
10318,6253,100,1
10319,8767,473,1
10320,1625,35,1
10321,7109,519,0
10322,5615,124,1
10323,10460,37,0
10324,11096,495,0
10325,13121,228,1
10326,11617,612,0
10327,9542,219,1
10328,7421,67,1
10329,665,517,1
10330,2971,973,0
10331,2454,178,0
10332,10862,440,1
10333,14246,18,0
10334,12595,7,0
10335,8577,129,1
10336,8967,717,0
10337,7365,260,0
10338,7484,100,1
10339,9957,18,0
10340,6492,3,0
10341,8514,547,0
10342,11520,229,1
10343,54,41,0
10344,2857,1047,1
10345,1043,50,1
10346,9803,103,1
10347,2110,178,0
10348,3650,100,1
10349,686,214,0
10350,6596,76,0
10351,10758,242,1
10352,9169,836,1
10353,1462,219,1
10354,12191,464,0
10355,10562,445,1
10356,12451,431,1
10357,3947,106,1
10358,5803,77,0
10359,8912,1602,1
10360,14186,440,1
10361,4265,579,0
10362,5165,32,0
10363,4776,318,0
10364,2773,37,0
10365,12999,94,0
10366,242,1847,1
10367,6533,83,1
10368,10410,3,0
10369,11081,457,0
10370,1030,264,0
10371,13033,136,1
10372,8230,0,0
10373,11330,7,0
10374,9975,77,0
10375,4921,405,0
10376,1133,122,1
10377,5859,7,0
10378,4947,1447,1
10379,5804,216,0
10380,4542,77,0
10381,5905,201,0
10382,13465,68,0
10383,8678,991,1
10384,11007,25,0
10385,7527,135,1
10386,65,460,0
10387,5,934,0
10388,2894,37,0
10389,2920,77,0
10390,6825,73,1
10391,5488,670,1
10392,8892,264,1
10393,1263,52,0
10394,572,32,1
10395,572,55,0
10396,1866,212,0
10397,9471,219,1
10398,9853,446,1
10399,998,98,1
10400,9984,75,0
10401,935,952,1
10402,943,597,0
10403,9969,187,1
10404,8470,86,0
10405,3269,3,0
10406,1550,269,1
10407,10657,725,0
10408,5555,220,1
10409,2786,77,0
10410,472,670,0
10411,6009,149,0
10412,904,53,0
10413,2627,818,0
10414,6469,67,1
10415,12487,739,0
10416,9641,100,1
10417,7113,242,1
10418,9151,272,1
10419,2274,2048,0
10420,9290,557,0
10421,1502,214,0
10422,6123,428,1
10423,4635,49,0
10424,9031,148,1
10425,6922,1045,1
10426,14177,17,0
10427,11481,18,0
10428,10081,842,0
10429,4768,743,0
10430,4188,260,0
10431,1425,220,0
10432,8757,26,0
10433,11028,18,0
10434,2092,17,0
10435,12002,55,1
10436,2903,1976,0
10437,2300,1325,1
10438,1274,546,1
10439,2259,256,0
10440,14000,442,0
10441,1412,491,0
10442,4299,160,1
10443,2075,943,1
10444,4428,170,1
10445,943,956,0
10446,3469,242,1
10447,3579,17,0
10448,3775,439,0
10449,91,1320,1
10450,2733,48,0
10451,9403,981,1
10452,7604,402,1
10453,12792,95,0
10454,2873,307,0
10455,11749,77,0
10456,14251,3,0
10457,14413,231,0
10458,332,514,0
10459,11781,32,0
10460,1700,82,1
10461,10102,547,0
10462,13863,100,1
10463,1185,2004,0
10464,10361,126,1
10465,11451,219,1
10466,13969,1535,0
10467,2846,78,1
10468,4965,77,0
10469,5876,67,1
10470,9232,182,0
10471,702,368,0
10472,2364,1067,0
10473,2415,1150,0
10474,4845,6,0
10475,4533,762,0
10476,9746,1706,0
10477,3114,119,0
10478,13381,55,1
10479,8103,195,0
10480,4615,39,1
10481,5862,200,1
10482,13478,79,0
10483,11528,129,0
10484,5629,228,0
10485,2477,35,1
10486,3798,515,0
10487,557,1082,0
10488,1685,185,1
10489,3521,158,1
10490,4774,77,0
10491,5858,1077,0
10492,5300,587,0
10493,6565,220,1
10494,9075,67,1
10495,10469,207,0
10496,4146,353,0
10497,2763,743,0
10498,10662,39,1
10499,2179,357,0
10500,5039,1076,1
10501,4394,267,0
10502,4527,8,1
10503,12418,32,0
10504,234,424,1
10505,10343,246,0
10506,8005,60,0
10507,2758,129,1
10508,11404,77,0
10509,8162,193,1
10510,5042,1415,0
10511,13914,50,1
10512,12853,343,1
10513,3486,1201,0
10514,509,48,0
10515,11445,460,0
10516,5238,891,0
10517,4486,212,0
10518,7674,965,1
10519,1548,1112,0
10520,7795,52,0
10521,2165,547,0
10522,107,314,1
10523,4558,50,1
10524,5782,91,1
10525,10073,666,1
10526,4700,1191,1
10527,4826,42,0
10528,7138,1346,1
10529,3171,51,1
10530,6354,37,0
10531,1351,569,0
10532,6835,208,0
10533,6187,242,0
10534,11303,95,1
10535,10028,214,0
10536,5212,208,1
10537,7894,142,0
10538,13530,160,1
10539,6407,864,1
10540,12037,404,0
10541,12376,709,1
10542,1276,259,0
10543,5151,1021,1
10544,6950,67,1
10545,10246,743,0
10546,1126,37,0
10547,6293,98,1
10548,12679,17,0
10549,1876,73,0
10550,1186,77,0
10551,4997,5,0
10552,4985,35,1
10553,7068,43,0
10554,1171,482,1
10555,3366,25,0
10556,8202,575,0
10557,4035,160,1
10558,5650,169,1
10559,5878,709,0
10560,4773,7,1
10561,3484,209,1
10562,5616,102,0
10563,9605,473,1
10564,6876,40,1
10565,79,142,1
10566,7173,1467,0
10567,13472,91,0
10568,9210,1700,1
10569,2994,405,0
10570,1324,52,0
10571,12043,404,1
10572,5365,223,0
10573,7043,3,0
10574,2230,869,0
10575,9755,563,1
10576,1569,230,1
10577,10011,128,0
10578,253,768,0
10579,6648,9,1
10580,10047,7,0
10581,418,170,1
10582,8215,1317,0
10583,6309,67,1
10584,952,311,1
10585,14588,431,1
10586,11486,629,1
10587,6775,204,0
10588,635,297,0
10589,4876,204,0
10590,8148,405,0
10591,7929,37,0
10592,1912,1206,1
10593,6034,1428,0
10594,5389,413,1
10595,7913,116,0
10596,12035,32,0
10597,14413,55,1
10598,7155,561,0
10599,7058,2214,0
10600,10985,231,0
10601,685,212,0
10602,4796,109,1
10603,3629,1142,0
10604,1854,631,1
10605,5755,52,0
10606,10855,23,0
10607,812,35,1
10608,5359,512,0
10609,9563,148,1
10610,13564,35,1
10611,8814,38,1
10612,3895,160,0
10613,9846,100,1
10614,629,163,0
10615,9688,3,0
10616,12208,753,0
10617,11408,287,0
10618,2429,223,0
10619,11838,562,0
10620,7217,3,0
10621,11889,771,0
10622,9208,770,1
10623,5819,19,0
10624,3540,0,0
10625,6607,97,1
10626,11680,0,0
10627,9268,836,1
10628,1825,32,0
10629,11649,473,1
10630,3459,72,0
10631,8584,547,0
10632,2802,876,0
10633,1254,329,0
10634,943,1078,0
10635,9983,441,1
10636,5803,8,1
10637,9521,3,0
10638,12308,212,1
10639,8999,143,1
10640,2752,412,0
10641,1251,242,0
10642,524,1834,0
10643,1102,964,0
10644,465,433,1
10645,6823,18,0
10646,2909,109,0
10647,12829,467,1
10648,589,200,1
10649,1609,0,0
10650,7907,806,1
10651,4819,3,0
10652,9660,23,1
10653,11211,170,1
10654,3144,50,1
10655,9783,653,0
10656,10551,462,0
10657,12663,521,1
10658,3469,22,1
10659,1652,1,0
10660,458,259,0
10661,49,810,0
10662,3759,1503,0
10663,2546,67,1
10664,6250,260,0
10665,441,202,0
10666,3920,53,1
10667,658,1028,1
10668,8584,246,0
10669,8111,79,0
10670,1568,0,0
10671,6945,57,1
10672,6666,749,0
10673,674,0,0
10674,6220,171,0
10675,5058,60,0
10676,4635,187,0
10677,5885,40,1
10678,7219,542,1
10679,2435,40,1
10680,7247,680,1
10681,284,3,0
10682,6764,615,0
10683,10351,3,0
10684,12600,758,0
10685,12576,750,0
10686,12202,634,0
10687,13536,39,1
10688,13698,897,0
10689,10445,1051,1
10690,1220,111,0
10691,12366,77,0
10692,3322,1,0
10693,6666,1670,0
10694,1441,189,1
10695,348,95,0
10696,5598,103,1
10697,7448,77,0
10698,8334,37,0
10699,8371,411,1
10700,6815,343,1
10701,12318,37,0
10702,2534,1118,0
10703,28,1565,1
10704,2144,38,1
10705,2028,43,0
10706,5913,495,1
10707,242,49,0
10708,4545,77,0
10709,4128,46,1
10710,13125,445,1
10711,2452,2235,0
10712,623,265,1
10713,9047,46,1
10714,933,26,1
10715,5837,311,0
10716,4953,901,1
10717,3086,77,0
10718,5185,344,0
10719,4841,148,1
10720,4495,4,0
10721,6598,670,1
10722,1276,89,0
10723,2892,101,0
10724,10687,0,0
10725,6335,41,0
10726,3969,592,1
10727,7005,24,0
10728,3947,913,0
10729,2766,518,0
10730,704,49,1
10731,1979,1,0
10732,653,390,0
10733,1607,570,1
10734,9214,48,0
10735,12610,77,0
10736,6511,41,0
10737,453,182,0
10738,12539,473,1
10739,7457,48,0
10740,3171,1004,0
10741,11500,53,1
10742,4656,344,0
10743,943,31,0
10744,2697,8,1
10745,663,0,0
10746,14456,77,0
10747,8908,399,1
10748,3159,165,1
10749,644,34,0
10750,14232,60,0
10751,833,3,0
10752,4099,588,1
10753,2452,2039,0
10754,5126,431,1
10755,3202,412,0
10756,8240,128,0
10757,8174,41,0
10758,13714,405,0
10759,1556,1557,1
10760,7085,220,0
10761,3427,50,1
10762,4491,77,0
10763,9161,310,0
10764,11717,102,0
10765,7359,60,0
10766,8446,122,1
10767,4605,96,0
10768,10551,353,0
10769,943,631,0
10770,3460,220,1
10771,10696,119,0
10772,10268,42,0
10773,6180,204,0
10774,636,242,1
10775,4739,117,0
10776,5668,204,0
10777,10667,23,0
10778,253,403,1
10779,3405,48,0
10780,9702,189,1
10781,5309,39,1
10782,5575,834,1
10783,10856,208,0
10784,2253,773,0
10785,2994,7,1
10786,2309,49,1
10787,2396,25,0
10788,2544,55,1
10789,6564,21,1
10790,11647,11,0
10791,3273,155,0
10792,4485,176,0
10793,9424,369,1
10794,6164,2123,0
10795,2838,214,0
10796,5013,0,0
10797,10358,37,0
10798,3171,269,1
10799,927,72,1
10800,8707,1145,0
10801,6289,743,0
10802,11574,17,0
10803,1046,389,1
10804,10757,402,0
10805,2755,72,0
10806,295,2096,0
10807,351,894,0
10808,10917,189,1
10809,4891,231,0
10810,4775,428,1
10811,1029,14,0
10812,5780,1684,0
10813,3709,89,1
10814,4905,456,0
10815,3805,0,0
10816,13928,1767,1
10817,1975,446,0
10818,13624,67,1
10819,1516,358,0
10820,4639,223,0
10821,10517,1648,0
10822,4320,32,0
10823,6931,89,1
10824,12510,83,1
10825,571,204,0
10826,1525,404,0
10827,12423,527,1
10828,1116,32,0
10829,6805,1244,1
10830,871,25,0
10831,7507,7,1
10832,6970,40,1
10833,13418,278,1
10834,11808,233,1
10835,154,60,0
10836,49,257,0
10837,9386,172,0
10838,3962,17,0
10839,6186,67,1
10840,49,1597,0
10841,4788,39,1
10842,3659,35,1
10843,4865,369,1
10844,4627,1450,0
10845,114,265,0
10846,2433,533,0
10847,9606,404,0
10848,14136,56,0
10849,564,318,0
10850,5531,137,0
10851,9825,113,0
10852,368,258,1
10853,7470,42,0
10854,1693,17,0
10855,9927,104,1
10856,4068,39,1
10857,7132,100,1
10858,589,7,0
10859,1184,35,1
10860,8949,52,0
10861,2150,196,0
10862,6288,37,0
10863,8594,305,1
10864,4510,86,0
10865,2292,148,1
10866,9498,18,0
10867,1022,658,0
10868,60,1408,0
10869,943,1371,0
10870,5494,1257,1
10871,9292,289,1
10872,1187,230,1
10873,8574,82,1
10874,925,62,0
10875,5365,25,0
10876,4742,904,1
10877,6300,68,0
10878,2812,37,0
10879,387,1752,0
10880,10159,343,1
10881,2261,237,0
10882,14045,50,1
10883,2153,753,0
10884,13958,446,0
10885,1007,447,1
10886,4003,41,0
10887,6405,260,0
10888,6596,108,0
10889,1999,376,0
10890,8195,48,0
10891,3775,807,1
10892,2528,77,0
10893,857,1,0
10894,12308,1246,0
10895,8781,62,0
10896,7990,1203,1
10897,5357,223,0
10898,6789,905,0
10899,2041,400,1
10900,3264,283,0
10901,6413,944,0
10902,10755,16,0
10903,5548,246,0
10904,10385,137,0
10905,1734,742,0
10906,3478,33,1
10907,12587,91,0
10908,465,802,0
10909,1397,978,0
10910,11565,1272,1
10911,2886,47,1
10912,3567,200,1
10913,10969,653,0
10914,2012,2393,1
10915,3716,1,0
10916,764,90,1
10917,1335,813,1
10918,4141,22,1
10919,1331,67,0
10920,905,59,0
10921,6760,90,1
10922,6505,2092,0
10923,6043,48,0
10924,7668,483,0
10925,1395,446,0
10926,12390,176,1
10927,10923,236,1
10928,1259,210,1
10929,5990,256,0
10930,2233,279,1
10931,3154,201,0
10932,10301,160,1
10933,904,48,0
10934,7520,329,0
10935,11250,1432,0
10936,2490,67,1
10937,14087,7,0
10938,11651,1721,0
10939,1816,41,0
10940,5314,48,0
10941,348,49,0
10942,125,2562,0
10943,2629,140,0
10944,13511,110,0
10945,9778,977,0
10946,4439,361,0
10947,10023,40,1
10948,9582,140,0
10949,10641,224,1
10950,3558,23,1
10951,11742,269,0
10952,7357,7,0
10953,2551,901,1
10954,1432,68,0
10955,6560,86,0
10956,3022,50,1
10957,12962,61,0
10958,1472,427,1
10959,3402,18,0
10960,2309,557,0
10961,6555,27,0
10962,1175,25,0
10963,3818,224,1
10964,4256,67,1
10965,2468,137,0
10966,6421,223,0
10967,2660,7,0
10968,3901,105,1
10969,11339,56,0
10970,1518,507,0
10971,14516,49,0
10972,1762,129,0
10973,13730,770,1
10974,4463,438,0
10975,2646,520,1
10976,4520,3,0
10977,4862,361,0
10978,10790,264,1
10979,562,834,1
10980,4379,67,1
10981,11511,73,1
10982,6742,52,0
10983,4132,219,0
10984,1536,155,1
10985,1052,68,0
10986,8706,47,1
10987,8839,137,1
10988,3749,173,1
10989,5249,140,0
10990,9051,77,0
10991,584,307,1
10992,9356,1114,0
10993,1799,18,0
10994,3264,95,0
10995,745,1028,1
10996,1321,2200,0
10997,14185,449,1
10998,10270,344,0
10999,10711,105,1
11000,2687,7,0
11001,12382,442,0
11002,2441,17,0
11003,4951,547,0
11004,3103,100,1
11005,2968,48,0
11006,11004,49,1
11007,454,271,1
11008,8397,187,1
11009,8377,518,0
11010,2124,717,0
11011,4278,172,0
11012,2491,539,1
11013,8682,365,0
11014,196,3,0
11015,1003,996,0
11016,11311,410,0
11017,9327,86,0
11018,2558,1848,0
11019,5340,456,0
11020,6568,74,0
11021,5795,566,0
11022,13626,439,1
11023,6029,0,0
11024,57,17,0
11025,3191,433,0
11026,5319,77,0
11027,10206,72,1
11028,11468,456,0
11029,13428,271,1
11030,1471,427,1
11031,640,551,1
11032,9359,7,1
11033,12085,35,1
11034,533,462,0
11035,4317,204,0
11036,6154,103,1
11037,10050,83,1
11038,7019,220,0
11039,5632,402,0
11040,506,17,0
11041,9496,204,1
11042,766,1773,1
11043,4546,181,0
11044,493,80,0
11045,9614,77,0
11046,5272,77,0
11047,10417,39,1
11048,102,33,1
11049,12366,47,1
11050,6012,7,0
11051,1756,220,1
11052,9234,374,0
11053,14462,271,1
11054,2246,90,0
11055,8143,374,0
11056,2497,67,1
11057,4997,265,1
11058,475,48,0
11059,11071,361,0
11060,1729,979,0
11061,1670,51,1
11062,1656,305,1
11063,11926,269,1
11064,960,2021,1
11065,2075,740,0
11066,6276,77,0
11067,3639,51,0
11068,1601,389,1
11069,7084,0,0
11070,646,204,0
11071,82,678,0
11072,12735,258,1
11073,332,273,0
11074,943,1481,0
11075,5337,79,0
11076,8570,220,0
11077,9573,77,0
11078,9906,82,1
11079,10406,595,0
11080,13983,89,1
11081,1532,879,1
11082,12724,18,0
11083,2364,257,0
11084,13084,73,1
11085,2791,551,1
11086,12680,1744,0
11087,3517,673,1
11088,13861,750,0
11089,10154,214,1
11090,13450,47,0
11091,9243,1432,0
11092,3728,103,1
11093,12190,551,1
11094,11849,137,0
11095,7018,43,0
11096,3662,38,1
11097,49,1847,1
11098,1793,260,0
11099,7916,18,0
11100,7524,115,0
11101,7142,682,1
11102,2901,17,0
11103,12796,1079,0
11104,9064,137,0
11105,883,148,1
11106,2529,563,1
11107,12621,7,0
11108,6438,40,1
11109,3574,1044,1
11110,10686,113,1
11111,8500,129,1
11112,6548,35,1
11113,10758,74,1
11114,3277,615,0
11115,3333,35,1
11116,2026,228,0
11117,12815,77,0
11118,10992,346,0
11119,111,554,1
11120,6020,99,0
11121,11607,198,0
11122,2815,39,1
11123,4902,32,0
11124,10200,228,1
11125,2939,549,1
11126,8715,796,1
11127,11695,102,0
11128,12964,109,1
11129,8999,778,1
11130,10820,82,1
11131,964,770,1
11132,13114,41,0
11133,11333,40,1
11134,10456,575,0
11135,10983,149,0
11136,1349,221,1
11137,12058,26,1
11138,2350,155,0
11139,3619,48,1
11140,1195,1488,0
11141,4819,43,1
11142,4948,56,0
11143,6039,753,0
11144,79,69,1
11145,3816,100,0
11146,1195,582,0
11147,904,195,0
11148,2679,25,0
11149,1675,60,0
11150,4622,351,0
11151,13377,298,0
11152,1787,1041,1
11153,1040,78,1
11154,8560,342,0
11155,242,1083,1
11156,3883,18,0
11157,2873,887,0
11158,512,18,0
11159,11658,50,1
11160,7940,129,1
11161,13380,440,1
11162,10558,692,1
11163,11359,124,1
11164,5583,1161,0
11165,11600,375,1
11166,485,287,0
11167,7149,99,1
11168,13723,500,1
11169,8443,26,1
11170,11591,374,0
11171,4486,219,1
11172,5872,17,0
11173,13658,149,0
11174,355,223,0
11175,7706,99,1
11176,6453,52,0
11177,1188,104,1
11178,3943,1684,0
11179,183,53,1
11180,2355,1097,1
11181,5038,48,0
11182,880,491,0
11183,13347,53,1
11184,7002,17,0
11185,1303,141,0
11186,12107,169,1
11187,4127,269,0
11188,6687,77,0
11189,13416,163,0
11190,10178,1829,0
11191,11839,51,1
11192,5023,13,0
11193,12545,34,1
11194,3759,588,0
11195,8677,487,0
11196,5300,1388,0
11197,12106,52,0
11198,8701,77,0
11199,13260,67,1
11200,10621,49,0
11201,1887,992,0
11202,7149,17,0
11203,9760,978,0
11204,13941,77,0
11205,3001,39,1
11206,1793,445,1
11207,6614,206,0
11208,137,675,1
11209,14203,447,1
11210,4011,265,0
11211,8417,52,0
11212,3300,56,0
11213,288,769,1
11214,1695,1075,0
11215,12607,35,1
11216,9000,52,0
11217,6908,2375,1
11218,12273,442,0
11219,9290,265,0
11220,871,100,1
11221,7901,129,0
11222,11352,374,0
11223,10196,254,0
11224,4,82,1
11225,12211,119,0
11226,370,399,0
11227,156,128,0
11228,3069,164,1
11229,5304,1870,0
11230,2633,204,0
11231,3566,442,0
11232,11519,18,0
11233,5717,1101,0
11234,6888,143,1
11235,5408,457,0
11236,17,16,1
11237,5220,264,1
11238,3196,49,1
11239,10488,978,0
11240,11455,106,1
11241,7151,109,1
11242,4419,67,1
11243,986,52,0
11244,10796,310,1
11245,2255,933,0
11246,11209,7,0
11247,14131,3,0
11248,1118,16,0
11249,12750,164,0
11250,3264,320,0
11251,10122,977,0
11252,1055,416,0
11253,7206,818,0
11254,315,2558,1
11255,7319,7,0
11256,1005,52,0
11257,7241,557,0
11258,2052,111,0
11259,13871,7,0
11260,156,33,0
11261,3442,51,0
11262,5869,56,0
11263,1705,2608,1
11264,13141,109,0
11265,3235,398,1
11266,7942,149,0
11267,5134,348,0
11268,2654,228,0
11269,11516,77,0
11270,9857,149,0
11271,10335,604,1
11272,7575,703,1
11273,1871,964,1
11274,5625,125,1
11275,1238,48,0
11276,2731,25,0
11277,1146,1300,1
11278,2221,243,1
11279,10531,140,0
11280,9244,196,0
11281,3974,1488,1
11282,4540,16,1
11283,1122,969,1
11284,5821,7,0
11285,1443,18,0
11286,1600,3,0
11287,4921,220,1
11288,2225,113,1
11289,1865,140,1
11290,10312,254,0
11291,10733,514,0
11292,2920,172,0
11293,2605,438,0
11294,8731,2099,1
11295,1085,49,1
11296,3017,280,0
11297,13860,558,0
11298,11949,170,1
11299,6054,460,0
11300,4633,204,0
11301,8965,40,1
11302,9584,11,0
11303,6338,116,0
11304,1628,2017,0
11305,3331,197,0
11306,8356,135,1
11307,373,237,1
11308,9179,3,0
11309,12367,358,1
11310,12799,53,1
11311,8452,198,0
11312,1417,37,0
11313,10030,93,1
11314,11221,343,0
11315,3484,978,0
11316,2676,67,1
11317,10536,1045,1
11318,7526,7,0
11319,7462,95,1
11320,12103,562,0
11321,5697,48,0
11322,8521,455,1
11323,14390,269,1
11324,6079,40,0
11325,8281,52,1
11326,6768,113,1
11327,7124,67,1
11328,3878,399,0
11329,6795,232,1
11330,6023,15,1
11331,3859,212,1
11332,2163,18,0
11333,5498,1421,0
11334,14599,68,0
11335,9042,18,0
11336,4199,1075,0
11337,6934,613,0
11338,6809,189,1
11339,14600,231,0
11340,12515,119,0
11341,8827,17,0
11342,582,326,1
11343,7454,128,0
11344,3994,341,1
11345,6891,98,1
11346,3898,242,1
11347,8589,149,0
11348,6033,1322,1
11349,7407,187,0
11350,477,0,0
11351,4106,943,1
11352,4177,3,0
11353,10174,77,0
11354,9878,3,0
11355,4853,344,0
11356,12547,137,0
11357,5079,836,1
11358,7777,371,1
11359,13237,91,0
11360,13938,675,1
11361,3131,77,0
11362,2767,181,1
11363,6358,1374,0
11364,11384,116,0
11365,6017,100,1
11366,615,378,1
11367,8496,224,1
11368,9935,242,1
11369,12552,67,1
11370,1695,189,0
11371,6260,23,1
11372,6940,430,0
11373,7959,60,0
11374,2110,1916,1
11375,6214,128,0
11376,3045,517,0
11377,11251,539,0
11378,6212,2112,1
11379,777,77,0
11380,10471,204,0
11381,4674,709,0
11382,13275,60,0
11383,10258,219,1
11384,2858,73,1
11385,13733,254,0
11386,49,1371,0
11387,12931,926,0
11388,7281,101,0
11389,6833,546,1
11390,11308,117,1
11391,9872,82,1
11392,13862,402,1
11393,8557,229,1
11394,8992,149,1
11395,13951,1051,1
11396,3032,670,1
11397,13315,1626,0
11398,5525,48,0
11399,9224,948,0
11400,1957,77,0
11401,2864,353,0
11402,11108,433,0
11403,10938,449,1
11404,8331,1346,1
11405,6724,46,1
11406,659,300,1
11407,187,132,0
11408,5581,198,0
11409,8945,47,1
11410,325,217,1
11411,4822,424,1
11412,38,658,0
11413,3404,52,0
11414,2392,589,1
11415,5994,91,1
11416,5210,891,0
11417,1766,100,1
11418,4215,220,1
11419,6618,230,1
11420,11023,1927,0
11421,7188,176,1
11422,10290,41,0
11423,10643,137,1
11424,3962,136,1
11425,7210,944,1
11426,3887,989,1
11427,8920,1670,0
11428,332,200,1
11429,11954,358,1
11430,8345,1997,1
11431,410,79,0
11432,7240,645,0
11433,4367,77,0
11434,3599,134,1
11435,1705,664,1
11436,6690,207,0
11437,3331,836,1
11438,3575,254,0
11439,7344,866,0
11440,9810,100,1
11441,3608,593,1
11442,4590,40,1
11443,647,1420,0
11444,9070,797,1
11445,8838,167,1
11446,11213,26,1
11447,11500,195,0
11448,14430,653,1
11449,3936,918,0
11450,11490,17,0
11451,10097,7,0
11452,11277,307,1
11453,9357,133,0
11454,2757,440,1
11455,5119,3,1
11456,5049,25,0
11457,1701,128,1
11458,650,280,0
11459,4052,77,0
11460,4841,170,1
11461,3810,363,0
11462,3013,166,1
11463,764,376,0
11464,6143,9,1
11465,13384,431,1
11466,10769,341,1
11467,8336,115,0
11468,170,83,1
11469,7119,369,1
11470,1959,1523,1
11471,7111,109,0
11472,305,476,0
11473,2431,26,1
11474,5314,196,0
11475,11514,141,1
11476,556,40,1
11477,7157,351,1
11478,8603,575,0
11479,1897,0,0
11480,2577,549,1
11481,13842,933,0
11482,2660,35,0
11483,320,401,1
11484,11245,939,0
11485,320,223,0
11486,4783,25,0
11487,14002,67,1
11488,3882,149,0
11489,6140,91,1
11490,7616,91,1
11491,1548,884,0
11492,8403,61,1
11493,14184,18,0
11494,8421,176,1
11495,13821,142,1
11496,8865,18,0
11497,3913,86,1
11498,13232,102,0
11499,1174,8,1
11500,8049,1588,0
11501,2052,25,0
11502,11197,129,0
11503,7136,189,1
11504,6087,67,1
11505,3044,918,0
11506,1833,1580,0
11507,5976,52,0
11508,1182,743,0
11509,51,40,1
11510,2695,433,0
11511,2451,808,1
11512,4685,1153,0
11513,6091,1331,0
11514,3464,2308,0
11515,1724,116,0
11516,6267,100,1
11517,3517,2266,0
11518,4994,443,0
11519,601,587,0
11520,13135,142,1
11521,10821,311,0
11522,6159,1206,1
11523,14483,56,0
11524,2841,197,0
11525,242,1096,1
11526,14559,1483,1
11527,4180,353,0
11528,8096,7,0
11529,5456,189,1
11530,14578,386,0
11531,4024,2304,1
11532,10981,958,1
11533,6555,588,0
11534,10262,1882,1
11535,10983,109,1
11536,3045,1597,1
11537,11506,265,0
11538,14624,56,0
11539,4306,77,0
11540,1183,67,1
11541,10114,1287,1
11542,8912,1298,0
11543,10727,8,0
11544,13836,1613,0
11545,1901,357,0
11546,1467,418,0
11547,49,172,0
11548,2876,3,1
11549,14432,126,1
11550,49,1090,0
11551,107,690,0
11552,10818,866,0
11553,4625,49,0
11554,5625,228,0
11555,110,1014,0
11556,12521,137,0
11557,749,385,0
11558,1952,25,0
11559,11003,139,1
11560,5846,1299,0
11561,10360,439,0
11562,7718,187,0
11563,9666,164,1
11564,564,90,0
11565,14482,6,1
11566,1058,487,0
11567,5480,17,0
11568,11409,39,1
11569,12988,224,1
11570,8547,52,0
11571,4547,595,0
11572,13351,18,0
11573,3652,37,0
11574,831,60,0
11575,5420,798,1
11576,4140,3,0
11577,5521,1370,0
11578,6325,7,1
11579,3854,214,0
11580,9250,211,0
11581,3484,52,1
11582,8809,51,1
11583,8574,3,0
11584,3291,128,0
11585,10083,60,0
11586,943,446,0
11587,3532,165,1
11588,455,492,1
11589,11369,1972,1
11590,863,1699,0
11591,9887,94,1
11592,10963,473,1
11593,4048,750,1
11594,9142,243,1
11595,14056,777,0
11596,9693,402,0
11597,1427,18,0
11598,13226,440,1
11599,1402,320,1
11600,4697,142,1
11601,4072,2091,0
11602,2445,580,0
11603,6029,424,1
11604,18,240,1
11605,581,214,0
11606,1089,77,0
11607,381,60,0
11608,3717,272,1
11609,6899,120,1
11610,13791,120,0
11611,716,98,1
11612,6024,3,0
11613,2714,445,1
11614,9703,1259,1
11615,11657,137,0
11616,6115,48,0
11617,624,337,1
11618,11086,549,1
11619,5393,329,1
11620,14068,670,1
11621,3407,100,1
11622,11866,514,0
11623,11634,473,1
11624,3965,49,1
11625,5658,456,0
11626,8044,818,0
11627,10510,67,1
11628,12813,126,1
11629,3820,3,0
11630,370,476,0
11631,5851,51,0
11632,1545,3,0
11633,8420,703,1
11634,10894,26,0
11635,5335,740,1
11636,12986,160,1
11637,10488,100,0
11638,205,49,0
11639,12380,778,1
11640,1606,300,0
11641,755,122,1
11642,4002,126,1
11643,5154,18,0
11644,3940,204,0
11645,1187,563,1
11646,13068,1744,0
11647,2702,52,0
11648,5422,48,0
11649,6551,334,1
11650,13767,86,0
11651,2230,1404,0
11652,6810,978,0
11653,2121,2083,1
11654,2137,478,1
11655,625,100,1
11656,11155,100,1
11657,4069,91,0
11658,5411,72,0
11659,615,762,0
11660,3070,288,1
11661,1493,67,1
11662,8951,369,1
11663,8405,402,1
11664,2420,701,0
11665,13787,94,1
11666,5490,1678,1
11667,1761,135,1
11668,10340,100,1
11669,2840,677,0
11670,10728,866,0
11671,305,185,0
11672,7279,133,0
11673,11967,402,1
11674,1392,3,0
11675,926,442,0
11676,4275,34,0
11677,11401,67,1
11678,6794,3,1
11679,3718,242,0
11680,8217,60,0
11681,4062,1468,0
11682,6261,1573,1
11683,12007,473,1
11684,5224,311,0
11685,13091,40,1
11686,1452,202,0
11687,6385,3,0
11688,9836,64,1
11689,35,557,0
11690,10157,22,0
11691,1089,2075,0
11692,4302,17,0
11693,1291,22,0
11694,1440,365,1
11695,10958,37,1
11696,13066,77,0
11697,9520,382,1
11698,12454,376,0
11699,9867,369,1
11700,5,385,0
11701,4590,32,0
11702,1977,169,0
11703,3085,1235,0
11704,9127,500,1
11705,3176,77,0
11706,11009,100,1
11707,1667,645,0
11708,2280,196,1
11709,10087,757,0
11710,11178,269,1
11711,11090,101,0
11712,8644,126,1
11713,10819,67,1
11714,4228,91,1
11715,783,654,0
11716,13647,732,1
11717,8066,534,1
11718,1768,242,1
11719,10829,18,0
11720,11639,189,1
11721,8373,89,1
11722,1219,17,0
11723,850,49,1
11724,5545,160,1
11725,1786,462,0
11726,2786,444,0
11727,5050,188,0
11728,1089,824,0
11729,8491,95,1
11730,6649,534,1
11731,7351,44,0
11732,10962,35,1
11733,7197,18,0
11734,11154,103,0
11735,684,862,1
11736,9286,223,0
11737,9695,3,1
11738,10698,408,1
11739,5536,457,0
11740,743,1638,0
11741,14579,3,0
11742,9644,7,0
11743,1182,19,0
11744,7452,18,0
11745,1546,100,1
11746,1104,1066,0
11747,13352,17,0
11748,14450,1345,1
11749,3951,918,0
11750,7155,1191,1
11751,3747,306,0
11752,4167,991,0
11753,14047,163,0
11754,725,100,1
11755,1032,809,0
11756,81,329,0
11757,10443,512,1
11758,9611,1580,0
11759,4048,442,0
11760,2332,399,0
11761,12507,119,0
11762,7695,1380,1
11763,13485,455,1
11764,7237,96,0
11765,2885,293,1
11766,3173,67,1
11767,9136,170,1
11768,10393,575,0
11769,11510,43,1
11770,2853,883,0
11771,4744,149,0
11772,2895,0,0
11773,3678,49,0
11774,13576,370,1
11775,9458,19,0
11776,12412,73,1
11777,8929,98,1
11778,10736,3,0
11779,1749,322,1
11780,10166,2098,0
11781,3876,485,0
11782,11764,1057,0
11783,2284,320,0
11784,4974,1114,0
11785,3233,67,1
11786,1173,93,0
11787,4997,402,0
11788,3829,39,1
11789,6269,18,0
11790,943,117,0
11791,5038,3,0
11792,12617,687,1
11793,8960,1672,1
11794,4823,58,1
11795,12648,102,0
11796,3897,260,1
11797,11888,978,0
11798,4354,1024,0
11799,2452,26,0
11800,304,321,0
11801,3486,222,0
11802,2764,1557,1
11803,3228,402,1
11804,5422,164,1
11805,3002,239,0
11806,8639,16,1
11807,8881,215,0
11808,4710,58,1
11809,7033,615,0
11810,2767,90,1
11811,10843,984,0
11812,7551,77,0
11813,6916,375,1
11814,3509,809,0
11815,9405,86,0
11816,10921,137,0
11817,11882,75,1
11818,10211,39,1
11819,9497,35,1
11820,5615,155,0
11821,3229,269,1
11822,8037,18,0
11823,6699,75,1
11824,4780,55,1
11825,5735,47,1
11826,6543,7,0
11827,5838,414,1
11828,14458,699,1
11829,11588,267,0
11830,7620,770,1
11831,930,1531,0
11832,20,111,0
11833,268,2037,0
11834,414,1764,0
11835,5681,119,0
11836,2667,34,1
11837,548,208,0
11838,859,427,1
11839,4244,53,1
11840,3360,19,1
11841,1450,841,1
11842,2096,77,0
11843,3473,160,1
11844,1348,412,0
11845,3306,18,0
11846,1686,74,0
11847,295,203,0
11848,6192,37,0
11849,596,0,0
11850,5916,473,0
11851,874,650,1
11852,5411,40,1
11853,5812,48,0
11854,449,1060,1
11855,9520,41,0
11856,7638,1721,0
11857,2432,129,0
11858,242,242,1
11859,1003,1318,1
11860,1584,634,0
11861,8419,35,1
11862,8761,24,0
11863,6541,248,1
11864,261,104,1
11865,242,504,1
11866,3357,148,1
11867,14237,534,1
11868,7582,409,1
11869,9076,640,1
11870,497,17,0
11871,2535,24,0
11872,10309,872,1
11873,4167,404,1
11874,1161,86,0
11875,12803,214,0
11876,1387,2203,1
11877,11488,248,1
11878,305,220,0
11879,14017,86,1
11880,10400,214,0
11881,10432,142,0
11882,219,1725,0
11883,7217,243,1
11884,6296,342,0
11885,13758,797,1
11886,4350,243,1
11887,3690,3,0
11888,977,609,1
11889,242,117,1
11890,3168,2233,0
11891,1225,446,0
11892,268,478,1
11893,9268,129,0
11894,839,181,0
11895,10188,188,0
11896,4393,321,0
11897,8981,341,1
11898,1104,1578,1
11899,559,223,0
11900,13382,210,1
11901,58,764,0
11902,9476,3,0
11903,9584,593,1
11904,5934,220,1
11905,847,43,0
11906,3075,380,0
11907,8404,40,1
11908,13471,57,1
11909,7757,197,0
11910,1007,1016,1
11911,3059,208,0
11912,4100,624,0
11913,1634,25,0
11914,152,166,1
11915,1634,1867,1
11916,1167,17,0
11917,12111,100,1
11918,1734,922,0
11919,5490,12,1
11920,10739,3,0
11921,4470,61,1
11922,8348,2,0
11923,9786,148,1
11924,14528,75,1
11925,1794,376,0
11926,5100,111,0
11927,5393,434,1
11928,3703,67,0
11929,12,11,0
11930,7118,992,0
11931,10989,48,0
11932,1146,1,0
11933,13627,39,1
11934,1647,648,0
11935,3002,701,0
11936,1659,242,1
11937,1865,52,0
11938,11703,3,0
11939,99,77,0
11940,2436,3,0
11941,481,72,1
11942,12877,100,1
11943,9808,44,0
11944,14545,18,0
11945,3676,214,0
11946,5371,3,0
11947,8820,483,0
11948,12031,7,0
11949,7226,747,0
11950,6321,831,1
11951,1422,1552,1
11952,4089,369,1
11953,11915,67,1
11954,9482,141,1
11955,572,246,0
11956,531,137,0
11957,996,189,1
11958,3789,0,0
11959,13159,593,1
11960,3430,49,0
11961,7662,204,0
11962,1787,1430,1
11963,4997,22,1
11964,7553,57,1
11965,10578,75,1
11966,11347,67,1
11967,1007,964,1
11968,7031,196,0
11969,493,824,0
11970,767,369,1
11971,12206,122,1
11972,483,733,0
11973,12047,0,0
11974,10455,137,0
11975,8617,7,1
11976,6065,122,0
11977,3185,39,0
11978,7877,518,0
11979,1095,40,0
11980,1195,402,0
11981,14170,1080,1
11982,575,20,1
11983,13836,1559,1
11984,278,17,0
11985,9988,34,1
11986,314,142,0
11987,13692,35,1
11988,13473,67,1
11989,4684,155,1
11990,3529,189,1
11991,9162,1748,1
11992,7225,40,1
11993,10972,34,1
11994,943,1704,0
11995,12875,1063,1
11996,5636,518,0
11997,5227,405,0
11998,7924,49,0
11999,11525,93,0
12000,8168,82,1
12001,547,216,0
12002,6208,477,0
12003,1997,404,0
12004,6657,100,1
12005,13355,232,1
12006,1390,56,0
12007,384,33,0
12008,5292,480,0
12009,9240,450,1
12010,6508,462,0
12011,12782,0,0
12012,3464,351,0
12013,164,7,0
12014,6767,77,0
12015,6551,48,0
12016,2235,539,1
12017,12041,204,0
12018,6510,48,0
12019,11752,18,0
12020,6771,279,1
12021,3028,375,1
12022,8819,243,0
12023,10168,155,0
12024,13493,813,1
12025,1926,160,1
12026,1029,87,1
12027,13372,1395,0
12028,2110,669,0
12029,948,200,1
12030,860,964,0
12031,4477,510,0
12032,10066,196,0
12033,12851,126,1
12034,7111,161,1
12035,9811,49,1
12036,14175,128,0
12037,14484,0,0
12038,5975,3,0
12039,10763,52,0
12040,6484,100,1
12041,3062,48,0
12042,8270,1431,1
12043,620,3,0
12044,11975,39,1
12045,3703,375,0
12046,1575,1881,0
12047,11901,2152,0
12048,8478,39,1
12049,9174,100,1
12050,1430,204,0
12051,13897,232,1
12052,63,86,0
12053,242,1407,1
12054,3703,1675,0
12055,6288,52,1
12056,615,25,0
12057,5745,131,0
12058,8052,518,1
12059,5501,51,1
12060,6776,35,1
12061,3987,1687,1
12062,5853,577,1
12063,3483,563,1
12064,8075,61,0
12065,935,692,0
12066,13131,140,0
12067,6065,3,0
12068,11545,977,0
12069,10412,11,0
12070,3378,689,0
12071,4336,77,0
12072,10655,220,0
12073,1912,17,0
12074,12921,18,0
12075,7206,3,0
12076,2924,22,0
12077,11505,91,1
12078,5838,563,0
12079,7309,73,1
12080,3483,230,1
12081,12572,0,0
12082,7915,47,1
12083,12844,204,0
12084,2238,326,0
12085,3216,944,1
12086,6856,891,0
12087,11494,148,1
12088,7372,73,1
12089,12809,276,1
12090,536,0,0
12091,3916,233,1
12092,3497,216,0
12093,10928,1201,0
12094,4006,115,0
12095,488,204,0
12096,2868,86,0
12097,931,1566,0
12098,11024,402,0
12099,3821,3,0
12100,10100,43,1
12101,7376,515,0
12102,4247,3,0
12103,387,1269,0
12104,7442,67,1
12105,6554,25,0
12106,1291,128,0
12107,14282,1863,0
12108,3118,66,0
12109,3223,2417,0
12110,2602,557,0
12111,5200,48,0
12112,3632,176,1
12113,8000,446,1
12114,4968,234,0
12115,495,52,0
12116,13349,91,1
12117,1389,41,0
12118,3969,101,0
12119,5740,231,0
12120,10252,228,1
12121,5044,0,0
12122,2269,3,0
12123,1380,235,1
12124,8667,200,0
12125,4645,1086,1
12126,11264,17,0
12127,1873,17,0
12128,8216,93,1
12129,1887,492,0
12130,7428,836,0
12131,11812,836,0
12132,3111,37,0
12133,4383,77,0
12134,11307,129,1
12135,7318,77,0
12136,6728,363,0
12137,11860,91,1
12138,3761,1,0
12139,943,959,0
12140,6356,100,1
12141,5278,644,1
12142,7642,496,1
12143,1039,122,0
12144,628,602,0
12145,692,362,1
12146,10352,1001,0
12147,10312,248,1
12148,10562,13,0
12149,3829,7,0
12150,54,17,0
12151,5309,7,0
12152,2766,267,0
12153,8817,101,0
12154,7549,32,0
12155,5756,9,1
12156,9163,504,1
12157,9687,3,0
12158,11539,49,1
12159,1291,49,0
12160,4727,248,1
12161,13974,35,1
12162,5257,39,1
12163,2730,50,1
12164,11051,473,1
12165,13809,100,1
12166,5218,17,0
12167,2496,42,0
12168,117,35,1
12169,2836,171,0
12170,973,405,0
12171,9786,102,0
12172,6715,18,0
12173,1336,77,0
12174,3632,0,0
12175,14046,67,1
12176,6487,320,1
12177,10669,595,0
12178,6866,70,1
12179,13973,269,0
12180,1404,0,0
12181,6512,142,1
12182,8678,404,1
12183,1857,48,0
12184,5866,91,1
12185,5711,200,0
12186,5571,76,0
12187,8340,189,1
12188,75,65,1
12189,5606,119,0
12190,1499,83,1
12191,11816,709,0
12192,7227,402,0
12193,220,17,0
12194,5105,957,0
12195,13473,18,0
12196,767,0,0
12197,12829,428,1
12198,2135,196,0
12199,1341,67,1
12200,3406,1335,0
12201,8726,1557,1
12202,72,63,1
12203,179,128,0
12204,1489,1474,0
12205,6361,22,1
12206,3897,0,0
12207,8552,512,1
12208,1807,1486,1
12209,4999,169,1
12210,3100,403,1
12211,11735,1321,1
12212,7508,374,0
12213,6613,41,0
12214,1102,278,0
12215,2494,425,1
12216,2719,3,0
12217,5681,276,1
12218,5016,237,1
12219,13946,77,0
12220,11291,369,1
12221,1628,775,1
12222,226,229,1
12223,5049,3,1
12224,2273,100,0
12225,320,91,0
12226,4653,220,0
12227,5247,41,0
12228,10390,115,0
12229,4864,719,0
12230,7147,178,0
12231,4266,3,0
12232,7844,49,0
12233,7267,107,1
12234,2074,3,0
12235,14129,228,1
12236,1337,220,1
12237,8785,690,1
12238,5194,13,0
12239,2373,1628,0
12240,13364,944,1
12241,5190,743,0
12242,7457,17,0
12243,11649,128,0
12244,2619,149,0
12245,3087,142,1
12246,743,609,0
12247,804,77,0
12248,11359,155,0
12249,1823,692,1
12250,2253,547,0
12251,11853,204,0
12252,9835,83,1
12253,3257,17,0
12254,6151,149,0
12255,4739,194,0
12256,6675,224,1
12257,8556,17,0
12258,2440,719,0
12259,7587,124,1
12260,627,25,0
12261,2861,0,0
12262,14610,1113,0
12263,3155,254,0
12264,1669,42,0
12265,10641,137,0
12266,10185,709,1
12267,100,3,0
12268,2584,102,0
12269,2207,160,1
12270,2364,440,0
12271,949,17,0
12272,2671,18,0
12273,6122,47,0
12274,11232,1346,1
12275,10439,100,0
12276,4980,0,0
12277,789,1153,0
12278,5623,418,0
12279,4870,0,0
12280,3398,122,1
12281,1250,37,0
12282,9466,67,1
12283,12421,176,1
12284,8907,417,0
12285,3203,219,1
12286,4860,645,1
12287,5896,424,1
12288,3972,324,0
12289,12475,77,0
12290,13037,56,0
12291,1593,25,0
12292,3396,77,0
12293,228,101,0
12294,10,778,1
12295,6795,386,0
12296,6479,429,0
12297,6372,77,0
12298,210,128,0
12299,1434,595,0
12300,13439,122,1
12301,12866,155,0
12302,10979,52,1
12303,13725,47,0
12304,2076,89,0
12305,4546,743,0
12306,13561,374,0
12307,9708,40,0
12308,11361,15,1
12309,3583,3,0
12310,2008,67,1
12311,5828,17,0
12312,6786,653,0
12313,5632,1359,1
12314,5371,176,1
12315,3637,198,0
12316,9372,1021,1
12317,14492,195,0
12318,9475,39,1
12319,3809,3,0
12320,7349,1072,0
12321,221,176,1
12322,2049,5,0
12323,5082,256,0
12324,1933,34,1
12325,3693,457,0
12326,1007,22,1
12327,1089,495,0
12328,9169,181,1
12329,3648,113,1
12330,13030,242,0
12331,1904,440,0
12332,9851,17,0
12333,111,34,0
12334,1431,182,0
12335,12881,27,0
12336,6899,171,0
12337,811,100,1
12338,2986,911,1
12339,10350,1833,0
12340,13615,77,0
12341,1959,487,1
12342,14370,32,0
12343,9286,25,0
12344,6305,188,0
12345,11228,0,1
12346,808,403,1
12347,3385,667,1
12348,4411,2270,0
12349,12221,102,0
12350,4874,1244,1
12351,11059,418,0
12352,6420,1382,1
12353,1744,335,0
12354,2618,200,0
12355,13734,21,0
12356,1085,74,0
12357,1695,1179,0
12358,2234,52,0
12359,2470,7,0
12360,7646,978,0
12361,2364,312,0
12362,10116,38,0
12363,12017,77,0
12364,7598,181,0
12365,6749,415,1
12366,575,1,0
12367,8746,606,1
12368,11678,67,1
12369,9091,1276,1
12370,7019,536,0
12371,3943,910,0
12372,9487,185,0
12373,491,27,1
12374,1954,35,1
12375,6994,52,0
12376,2324,243,0
12377,12790,170,1
12378,4940,38,1
12379,14638,102,0
12380,5502,557,0
12381,9580,18,0
12382,168,223,0
12383,194,0,0
12384,14312,166,1
12385,1775,1011,1
12386,1980,64,1
12387,4268,77,0
12388,7683,402,0
12389,14465,56,0
12390,4823,1680,0
12391,3077,3,0
12392,10387,77,0
12393,9151,596,1
12394,1710,140,0
12395,5013,211,1
12396,3122,100,1
12397,7666,41,0
12398,9727,1023,1
12399,6521,358,0
12400,6499,518,1
12401,3287,35,1
12402,4680,563,1
12403,3589,68,0
12404,14526,18,0
12405,9332,15,1
12406,5369,400,1
12407,4954,52,0
12408,767,17,0
12409,7019,31,1
12410,1548,2235,0
12411,1920,56,0
12412,5370,405,1
12413,3106,113,0
12414,4667,67,1
12415,14619,77,0
12416,8660,148,1
12417,4766,48,0
12418,1504,18,0
12419,259,52,0
12420,1313,571,1
12421,163,119,0
12422,11596,365,0
12423,3075,670,0
12424,4022,2023,0
12425,9823,242,0
12426,4814,3,0
12427,2426,431,1
12428,4492,546,1
12429,5296,33,0
12430,3062,164,1
12431,4033,207,1
12432,9609,26,0
12433,14620,50,1
12434,5463,149,1
12435,5104,52,0
12436,9050,3,0
12437,493,150,1
12438,8254,39,1
12439,1522,1181,0
12440,6075,48,0
12441,8217,50,1
12442,9961,517,1
12443,3663,137,0
12444,9462,489,0
12445,1403,228,1
12446,12053,514,0
12447,6019,3,1
12448,3080,89,0
12449,13107,27,0
12450,6092,407,0
12451,6716,212,1
12452,9007,220,0
12453,6201,15,1
12454,6057,513,0
12455,1530,63,0
12456,9362,42,0
12457,1018,223,0
12458,13005,56,0
12459,6442,445,1
12460,12292,461,0
12461,707,188,0
12462,10252,26,0
12463,5442,9,1
12464,12371,551,1
12465,13042,82,1
12466,1834,128,0
12467,2627,3,0
12468,9921,77,0
12469,6751,25,0
12470,1438,77,0
12471,1910,35,1
12472,4459,18,0
12473,6574,1394,0
12474,601,322,0
12475,5442,155,0
12476,1820,52,0
12477,7180,107,1
12478,6095,668,1
12479,83,7,0
12480,12774,42,0
12481,6000,235,0
12482,2284,242,1
12483,8930,7,0
12484,817,204,0
12485,1081,204,0
12486,5726,35,1
12487,8063,102,0
12488,5400,50,1
12489,10528,206,0
12490,3230,447,0
12491,7317,202,0
12492,1655,477,0
12493,11065,67,1
12494,11300,219,1
12495,4258,254,0
12496,2960,178,1
12497,9950,11,0
12498,14519,543,0
12499,2977,278,1
12500,11192,133,0
12501,12255,32,0
12502,12018,22,1
12503,853,32,0
12504,7042,5,0
12505,8760,223,0
12506,3930,248,1
12507,5566,40,0
12508,13429,52,0
12509,9538,102,0
12510,4127,66,0
12511,8826,163,1
12512,7289,166,1
12513,6205,288,1
12514,2982,102,0
12515,12486,5,0
12516,11604,224,1
12517,9696,52,0
12518,12726,104,1
12519,6775,100,1
12520,14253,39,0
12521,205,402,0
12522,5183,40,1
12523,1676,111,0
12524,76,66,0
12525,2636,375,1
12526,12469,17,0
12527,3039,91,0
12528,9488,52,0
12529,13447,376,0
12530,2039,3,0
12531,5278,1070,1
12532,7712,26,1
12533,1237,386,0
12534,3666,446,0
12535,934,261,0
12536,5728,58,1
12537,1870,307,0
12538,393,246,0
12539,883,102,0
12540,5226,131,0
12541,13956,42,0
12542,192,17,0
12543,3838,464,0
12544,3923,558,1
12545,2873,49,1
12546,585,1229,1
12547,10115,35,1
12548,8162,48,0
12549,4990,1564,0
12550,9185,1603,1
12551,12945,140,0
12552,4008,473,1
12553,12253,35,1
12554,6109,460,1
12555,7594,52,0
12556,3082,438,1
12557,1614,310,1
12558,14337,977,0
12559,1871,265,1
12560,3111,52,0
12561,3038,19,1
12562,14257,485,0
12563,3152,80,1
12564,14171,501,0
12565,7105,1021,1
12566,13909,300,0
12567,9816,807,1
12568,6045,18,0
12569,12406,8,1
12570,9167,269,1
12571,3077,0,0
12572,5028,382,1
12573,7888,228,1
12574,5206,94,0
12575,868,374,0
12576,3529,3,0
12577,11340,61,1
12578,3818,137,0
12579,2272,226,1
12580,3637,369,1
12581,5212,17,0
12582,6952,225,1
12583,11846,83,1
12584,11000,3,0
12585,2121,1334,1
12586,8525,1445,0
12587,5448,35,1
12588,3106,365,0
12589,11512,39,0
12590,5424,134,1
12591,2187,13,1
12592,9309,530,1
12593,1548,1238,0
12594,4533,32,0
12595,1861,49,0
12596,11119,171,0
12597,2062,622,0
12598,11631,978,1
12599,7926,41,0
12600,2665,3,0
12601,2158,4,0
12602,6721,77,0
12603,1725,18,0
12604,7032,176,1
12605,9999,50,1
12606,4977,952,1
12607,6814,1207,0
12608,3676,351,0
12609,8723,34,1
12610,435,39,1
12611,9267,228,1
12612,3307,797,0
12613,242,2250,1
12614,5727,52,0
12615,2682,460,0
12616,3447,557,0
12617,4546,129,1
12618,2971,348,1
12619,14345,184,0
12620,1602,60,0
12621,11511,67,1
12622,7617,222,0
12623,6178,77,0
12624,13051,43,0
12625,13887,262,1
12626,10200,69,0
12627,12690,269,1
12628,2945,17,0
12629,12278,77,1
12630,2802,935,0
12631,5250,262,1
12632,2053,235,0
12633,1001,2169,0
12634,11031,102,0
12635,268,2243,0
12636,5789,219,1
12637,10428,128,0
12638,1196,204,0
12639,6043,17,0
12640,3638,17,0
12641,3308,480,0
12642,2349,189,1
12643,14540,44,0
12644,12918,100,1
12645,6356,140,0
12646,20,1,0
12647,9289,52,0
12648,2706,258,1
12649,4333,39,0
12650,12646,3,0
12651,7632,1483,1
12652,7801,2194,0
12653,1225,365,0
12654,2415,0,0
12655,6274,315,1
12656,3098,397,1
12657,5242,126,1
12658,13139,19,1
12659,1679,35,1
12660,645,288,1
12661,6078,204,0
12662,6247,102,0
12663,6141,487,0
12664,10890,126,1
12665,13453,94,0
12666,13655,264,1
12667,12182,46,0
12668,1881,41,1
12669,855,424,1
12670,1262,550,0
12671,11291,198,0
12672,9480,48,0
12673,7001,232,1
12674,3604,18,0
12675,5057,212,1
12676,324,48,0
12677,10324,228,1
12678,14491,813,1
12679,3596,1167,0
12680,6270,1754,1
12681,875,389,1
12682,11021,100,1
12683,1166,17,0
12684,11151,18,0
12685,8917,25,0
12686,2727,15,1
12687,2487,242,1
12688,2305,196,0
12689,6129,815,1
12690,4047,514,1
12691,10873,402,1
12692,9046,75,1
12693,12523,1103,0
12694,5388,1820,1
12695,10508,3,1
12696,3599,103,1
12697,13495,91,0
12698,7761,254,0
12699,10527,94,0
12700,3999,804,0
12701,3118,77,0
12702,11078,3,1
12703,11128,361,0
12704,4980,933,0
12705,2360,3,0
12706,6231,277,1
12707,403,140,0
12708,6073,77,0
12709,14473,243,1
12710,2474,80,1
12711,4418,74,1
12712,7754,93,1
12713,11970,579,1
12714,1713,197,0
12715,4311,83,1
12716,11756,49,0
12717,2190,0,0
12718,8653,77,0
12719,4715,1152,1
12720,12177,3,0
12721,11311,235,0
12722,10148,489,1
12723,1964,3,0
12724,10821,192,1
12725,1955,349,1
12726,9583,1056,1
12727,11936,209,1
12728,1888,204,0
12729,9547,357,0
12730,11145,18,0
12731,12935,0,0
12732,1112,244,0
12733,10280,447,1
12734,44,17,0
12735,12318,204,0
12736,11770,658,0
12737,7147,32,0
12738,8438,440,1
12739,2952,807,0
12740,2100,575,0
12741,10982,210,1
12742,6259,223,0
12743,3124,223,0
12744,3467,259,1
12745,3183,55,1
12746,9723,687,1
12747,8856,315,1
12748,1675,1255,1
12749,13421,901,1
12750,268,315,0
12751,6234,219,1
12752,12496,32,0
12753,8555,19,0
12754,6208,286,0
12755,6122,106,1
12756,7342,7,0
12757,4797,24,0
12758,2692,852,0
12759,4417,612,0
12760,8715,238,0
12761,10354,67,1
12762,3002,5,1
12763,14216,438,1
12764,5049,1,0
12765,8469,904,1
12766,11579,51,1
12767,7092,116,1
12768,6760,17,0
12769,8781,612,0
12770,4731,113,1
12771,6379,77,0
12772,5785,134,1
12773,11262,48,0
12774,11034,405,0
12775,855,48,0
12776,4221,142,0
12777,5815,100,1
12778,11583,173,1
12779,10813,7,0
12780,14091,7,0
12781,1578,178,0
12782,13651,169,1
12783,3481,642,1
12784,1723,279,0
12785,1295,34,1
12786,9060,18,0
12787,5107,18,0
12788,4845,54,0
12789,9733,891,0
12790,7183,40,1
12791,8606,311,0
12792,13895,52,1
12793,1151,224,1
12794,11279,242,0
12795,2249,373,0
12796,1629,242,0
12797,578,101,0
12798,4043,1065,0
12799,1256,547,0
12800,12648,170,1
12801,5225,42,0
12802,1411,7,0
12803,3403,35,1
12804,8100,654,0
12805,13592,19,0
12806,1042,280,0
12807,7716,242,1
12808,4395,48,0
12809,249,43,0
12810,6700,128,0
12811,835,542,0
12812,12192,1335,0
12813,6319,785,0
12814,6003,1317,0
12815,12306,89,0
12816,6804,260,0
12817,816,18,0
12818,2405,725,0
12819,11064,416,0
12820,2373,2198,0
12821,6954,197,0
12822,12918,52,0
12823,2063,3,0
12824,3563,195,0
12825,67,1298,1
12826,6199,176,1
12827,14300,1424,0
12828,7414,64,1
12829,49,1866,0
12830,11786,77,0
12831,8192,442,0
12832,2873,446,0
12833,9861,440,1
12834,3348,37,0
12835,4211,373,0
12836,6274,160,1
12837,4701,24,0
12838,302,111,0
12839,11682,68,0
12840,1488,431,1
12841,736,1321,0
12842,756,835,1
12843,6052,0,0
12844,4915,3,0
12845,3264,214,0
12846,4161,1001,0
12847,5367,1614,0
12848,4549,1134,0
12849,4016,115,0
12850,7336,462,1
12851,3289,402,0
12852,7833,47,1
12853,12307,196,0
12854,1642,517,0
12855,5887,7,0
12856,10240,79,0
12857,5471,1030,1
12858,12083,7,0
12859,7845,100,1
12860,2466,219,1
12861,10194,120,1
12862,4195,3,0
12863,8289,31,0
12864,7905,113,1
12865,11438,122,1
12866,3980,160,1
12867,2566,627,0
12868,11957,169,1
12869,14632,196,0
12870,54,0,0
12871,48,1251,0
12872,3042,43,1
12873,13134,41,0
12874,1165,365,0
12875,13201,7,0
12876,7542,40,1
12877,7636,67,1
12878,600,460,1
12879,2508,412,0
12880,12931,557,0
12881,2235,318,1
12882,5311,100,1
12883,11223,220,0
12884,8065,48,0
12885,7157,3,0
12886,10810,1958,0
12887,13031,1287,1
12888,2610,738,1
12889,8771,267,0
12890,12815,97,1
12891,440,267,0
12892,10415,235,0
12893,2924,754,0
12894,79,184,1
12895,377,208,0
12896,3170,33,0
12897,10782,18,0
12898,6032,32,1
12899,9698,396,0
12900,9890,204,0
12901,2711,1238,1
12902,5029,518,0
12903,358,82,1
12904,8146,267,0
12905,8167,39,1
12906,5878,242,1
12907,7904,961,0
12908,8531,208,0
12909,12162,694,0
12910,9892,210,1
12911,1190,612,0
12912,12444,25,0
12913,3512,77,0
12914,4202,3,0
12915,1295,438,1
12916,8266,243,1
12917,9085,1232,1
12918,1959,1344,0
12919,2471,816,0
12920,11792,35,1
12921,13997,32,0
12922,4185,489,1
12923,9191,129,1
12924,3162,679,1
12925,7475,366,1
12926,13426,440,1
12927,126,17,0
12928,11238,369,1
12929,4847,52,0
12930,475,1874,0
12931,4200,798,1
12932,2919,113,1
12933,6875,22,0
12934,679,35,1
12935,1058,330,0
12936,5424,103,1
12937,8388,9,1
12938,703,701,0
12939,5053,27,0
12940,11805,49,1
12941,1940,668,1
12942,12139,313,1
12943,11933,67,1
12944,11147,189,1
12945,13788,1453,0
12946,6648,778,1
12947,3910,276,1
12948,7460,73,0
12949,6172,368,0
12950,2786,794,0
12951,5632,236,1
12952,12337,16,0
12953,268,444,0
12954,1611,52,0
12955,1791,305,1
12956,6644,256,0
12957,9013,243,1
12958,8840,1,0
12959,2465,67,1
12960,5228,572,1
12961,6686,797,1
12962,10839,195,0
12963,6450,3,0
12964,14441,26,1
12965,6665,3,0
12966,14457,543,0
12967,2336,40,0
12968,4398,204,0
12969,11861,57,1
12970,14266,1310,1
12971,759,2052,1
12972,13621,371,1
12973,4458,111,0
12974,301,17,0
12975,5716,46,1
12976,8522,176,1
12977,10134,112,1
12978,12804,32,0
12979,12239,91,1
12980,12734,42,0
12981,14565,52,0
12982,4608,653,1
12983,3927,562,0
12984,12524,67,1
12985,9291,768,0
12986,1426,0,0
12987,1706,160,1
12988,3084,48,0
12989,7114,90,0
12990,13866,126,1
12991,10229,25,0
12992,9799,269,1
12993,989,331,1
12994,12937,41,0
12995,1670,77,0
12996,772,101,0
12997,12451,119,0
12998,161,41,0
12999,7708,269,1
13000,10619,557,0
13001,3188,19,0
13002,7978,77,0
13003,9811,242,0
13004,2722,7,0
13005,3246,143,1
13006,4739,22,0
13007,695,77,0
13008,53,2420,1
13009,3705,111,0
13010,4566,246,0
13011,6254,24,0
13012,10913,209,1
13013,5956,1313,0
13014,6914,86,0
13015,9420,19,1
13016,1739,48,0
13017,6455,749,0
13018,2678,91,1
13019,701,94,0
13020,4950,76,0
13021,324,17,0
13022,5208,214,0
13023,6817,2408,0
13024,3027,394,0
13025,14127,176,1
13026,566,1310,0
13027,9093,109,0
13028,12121,73,1
13029,455,1023,0
13030,13722,204,0
13031,11565,654,1
13032,10693,42,0
13033,5939,100,1
13034,544,329,1
13035,5888,77,0
13036,2041,77,0
13037,3661,539,0
13038,9757,126,1
13039,675,220,1
13040,8208,315,1
13041,10097,39,1
13042,8209,32,0
13043,12247,82,1
13044,12503,326,0
13045,2592,0,0
13046,2753,902,0
13047,2029,731,0
13048,2176,944,0
13049,281,3,0
13050,10317,348,1
13051,8674,3,0
13052,11654,324,0
13053,1177,288,1
13054,2631,457,0
13055,3199,343,0
13056,2953,431,1
13057,12340,32,0
13058,1652,223,0
13059,1144,135,1
13060,6768,321,1
13061,1695,766,0
13062,13931,77,0
13063,14336,67,1
13064,5001,67,1
13065,7485,806,1
13066,12330,753,0
13067,307,3,0
13068,777,2320,1
13069,2846,77,0
13070,866,3,0
13071,5761,939,0
13072,7901,539,0
13073,1003,548,1
13074,12344,32,0
13075,1089,1851,0
13076,10730,447,1
13077,3653,310,0
13078,13806,1028,1
13079,8095,77,0
13080,8198,833,1
13081,6400,230,1
13082,7572,83,1
13083,8831,473,1
13084,9412,142,1
13085,9628,438,1
13086,9334,3,0
13087,1675,3,0
13088,10766,170,1
13089,6936,476,0
13090,9506,142,0
13091,94,3,0
13092,160,25,0
13093,1494,3,0
13094,11883,409,1
13095,8347,552,1
13096,7911,77,0
13097,5966,242,1
13098,5153,269,1
13099,13298,115,0
13100,9620,518,0
13101,377,440,0
13102,13858,747,0
13103,5816,207,1
13104,13831,67,1
13105,6646,91,0
13106,8029,73,1
13107,1628,914,1
13108,13346,276,0
13109,5059,9,1
13110,12920,128,0
13111,12192,0,0
13112,3965,33,1
13113,6291,1363,0
13114,1500,343,1
13115,12189,343,1
13116,4289,109,1
13117,1548,625,0
13118,7362,7,0
13119,9738,1,0
13120,10812,86,0
13121,12437,100,1
13122,7680,220,1
13123,7379,103,1
13124,685,1167,0
13125,4156,37,0
13126,3323,17,0
13127,4611,39,0
13128,5928,52,0
13129,2292,170,1
13130,3709,391,0
13131,4599,1045,1
13132,7781,374,0
13133,7797,348,1
13134,10051,225,1
13135,2894,100,1
13136,8752,86,0
13137,2785,438,0
13138,6492,48,0
13139,20,256,1
13140,10344,442,0
13141,3333,39,0
13142,8119,104,1
13143,9099,111,0
13144,13023,1908,0
13145,2615,297,0
13146,4719,1268,0
13147,5583,441,1
13148,11530,1668,1
13149,6217,173,1
13150,4905,365,1
13151,9223,788,1
13152,14096,67,1
13153,6151,109,1
13154,11961,192,0
13155,9943,505,0
13156,6569,204,0
13157,4896,60,0
13158,12275,18,0
13159,12733,368,0
13160,7655,131,0
13161,5344,77,0
13162,1952,223,0
13163,1516,122,1
13164,553,22,1
13165,8300,0,0
13166,6905,153,0
13167,9053,91,1
13168,1095,1153,0
13169,560,3,0
13170,8030,448,0
13171,457,213,0
13172,7813,235,1
13173,10033,1483,1
13174,8367,39,1
13175,10971,935,1
13176,372,3,0
13177,13005,343,1
13178,352,375,1
13179,11361,32,0
13180,764,392,0
13181,12196,91,1
13182,5746,48,0
13183,8618,216,0
13184,3528,513,0
13185,3626,3,0
13186,7255,1999,1
13187,9948,1787,1
13188,6502,74,0
13189,11247,119,0
13190,1460,219,0
13191,2384,32,0
13192,1517,67,1
13193,382,881,1
13194,4870,135,1
13195,10610,1445,0
13196,66,436,0
13197,7495,22,0
13198,10578,542,0
13199,2799,770,1
13200,6358,1506,0
13201,6379,264,1
13202,1466,392,0
13203,11863,77,0
13204,1146,341,1
13205,1879,67,1
13206,6676,149,0
13207,2263,228,0
13208,3385,440,1
13209,8780,50,1
13210,1470,542,0
13211,3073,48,0
13212,3522,1095,1
13213,6471,242,1
13214,10004,992,0
13215,1633,1206,1
13216,3284,345,0
13217,1369,477,0
13218,10257,456,0
13219,8781,100,1
13220,12397,148,1
13221,10003,100,1
13222,12013,242,0
13223,1827,40,1
13224,8568,27,0
13225,637,109,0
13226,8050,412,0
13227,2253,246,0
13228,13218,460,0
13229,6571,56,0
13230,8531,128,0
13231,6962,271,1
13232,1576,167,1
13233,7835,99,1
13234,7046,74,0
13235,12133,0,0
13236,10107,39,0
13237,1057,290,0
13238,2458,18,0
13239,8241,100,1
13240,1727,883,0
13241,2005,129,0
13242,10588,200,0
13243,1566,307,1
13244,7155,1502,1
13245,2346,0,0
13246,9413,276,0
13247,1675,1975,0
13248,7659,17,0
13249,3168,223,0
13250,5562,39,0
13251,4155,17,0
13252,2656,427,1
13253,13396,42,0
13254,3123,392,1
13255,10743,42,0
13256,11,1021,1
13257,2068,473,1
13258,10766,148,1
13259,2123,20,1
13260,8102,2506,0
13261,5034,562,0
13262,7633,588,0
13263,2931,542,0
13264,8900,888,0
13265,2819,3,0
13266,3356,39,1
13267,13,1678,1
13268,6871,188,0
13269,7993,170,1
13270,10162,55,1
13271,5362,803,0
13272,8688,198,0
13273,11586,38,1
13274,2924,902,0
13275,938,129,1
13276,10835,0,0
13277,930,17,0
13278,8375,89,0
13279,5003,208,0
13280,5346,189,1
13281,2110,49,1
13282,5394,600,0
13283,281,197,0
13284,477,257,1
13285,13284,401,1
13286,9003,2273,1
13287,288,2344,0
13288,13321,17,0
13289,53,223,0
13290,839,539,0
13291,4777,256,1
13292,10656,18,0
13293,475,1399,0
13294,13575,82,1
13295,9234,24,0
13296,12679,3,0
13297,3791,3,0
13298,4358,3,0
13299,13620,256,0
13300,8850,100,1
13301,647,851,1
13302,3774,103,1
13303,12614,361,1
13304,3690,0,0
13305,14437,8,1
13306,1442,604,1
13307,11067,1114,0
13308,7709,198,0
13309,3797,16,0
13310,3914,936,1
13311,8227,100,1
13312,9601,3,0
13313,4461,210,1
13314,7321,3,0
13315,5045,588,0
13316,3682,37,0
13317,48,689,0
13318,10344,797,1
13319,11865,549,0
13320,2655,29,0
13321,13153,1030,1
13322,6574,689,1
13323,2108,0,0
13324,3264,904,0
13325,8166,212,1
13326,7968,17,0
13327,1071,86,0
13328,1950,34,1
13329,696,363,0
13330,13278,473,1
13331,5519,412,0
13332,391,48,0
13333,4446,88,1
13334,2034,429,1
13335,8700,35,1
13336,2026,375,0
13337,13189,406,1
13338,3211,349,1
13339,5490,1267,1
13340,8840,111,0
13341,2488,457,0
13342,10074,39,1
13343,1857,307,1
13344,9687,204,0
13345,13788,1276,1
13346,6897,16,1
13347,10004,441,1
13348,707,77,0
13349,4944,196,0
13350,2556,404,0
13351,13925,52,0
13352,14090,1904,0
13353,1959,899,0
13354,121,94,1
13355,1485,88,0
13356,6731,750,1
13357,7497,264,1
13358,4709,189,1
13359,4689,2097,0
13360,2051,412,0
13361,9857,374,0
13362,3128,149,0
13363,8689,77,0
13364,14200,32,0
13365,4910,2125,0
13366,5411,1,0
13367,4192,243,1
13368,4028,100,1
13369,5218,3,0
13370,935,1705,1
13371,11112,365,0
13372,242,972,1
13373,1403,142,0
13374,9482,283,0
13375,1835,730,0
13376,5515,405,1
13377,11756,887,1
13378,1821,658,0
13379,2028,141,1
13380,7352,46,1
13381,7633,479,0
13382,1758,47,0
13383,3920,195,0
13384,10433,148,1
13385,13277,605,0
13386,1405,3,0
13387,7237,343,1
13388,13131,100,1
13389,5362,836,0
13390,14575,100,1
13391,4273,0,0
13392,6271,119,0
13393,2065,0,0
13394,6550,23,1
13395,13926,343,1
13396,268,440,0
13397,4674,242,0
13398,4313,3,0
13399,2170,476,0
13400,1018,314,1
13401,10320,219,1
13402,6501,100,1
13403,11595,58,1
13404,9377,189,1
13405,8490,143,0
13406,5014,119,0
13407,4265,113,1
13408,880,1606,0
13409,3469,320,1
13410,7596,40,1
13411,13703,305,0
13412,11505,86,0
13413,8349,64,1
13414,451,210,1
13415,8536,762,0
13416,1250,52,0
13417,11587,689,0
13418,943,307,0
13419,2522,243,1
13420,3123,90,1
13421,1603,1960,1
13422,5977,1045,1
13423,3487,0,0
13424,10005,338,1
13425,3069,17,0
13426,2998,1879,1
13427,3469,597,1
13428,13359,2279,0
13429,5169,266,0
13430,387,2341,0
13431,906,195,0
13432,2061,101,0
13433,5739,881,0
13434,8424,3,0
13435,12988,137,0
13436,3031,148,1
13437,8483,61,1
13438,8587,75,1
13439,13789,939,1
13440,11817,56,0
13441,8893,13,1
13442,13838,129,1
13443,553,265,1
13444,5871,546,1
13445,283,165,1
13446,922,95,0
13447,2659,262,1
13448,3942,310,0
13449,1668,351,0
13450,11928,869,0
13451,14135,60,0
13452,7800,18,0
13453,792,18,0
13454,5867,17,0
13455,5067,3,0
13456,4384,539,0
13457,12475,269,1
13458,9881,286,0
13459,9137,86,0
13460,970,8,1
13461,12592,348,1
13462,12385,42,0
13463,3606,66,0
13464,6377,7,0
13465,13078,613,1
13466,9457,74,0
13467,4160,1795,0
13468,9427,17,0
13469,8171,1079,0
13470,5813,86,0
13471,10996,1493,0
13472,12561,26,1
13473,12746,40,1
13474,7780,122,0
13475,3648,435,1
13476,11986,15,1
13477,5490,174,0
13478,4496,536,1
13479,14341,67,1
13480,14352,19,1
13481,9017,65,0
13482,8944,207,1
13483,9089,102,0
13484,13000,2231,0
13485,10025,115,0
13486,3469,994,1
13487,1500,56,0
13488,7565,247,1
13489,3106,49,0
13490,2196,67,1
13491,7983,813,1
13492,4934,204,0
13493,6679,375,0
13494,13306,343,1
13495,7897,991,1
13496,49,488,0
13497,12102,212,0
13498,11616,7,0
13499,3750,1463,1
13500,1885,446,1
13501,6622,74,0
13502,3199,654,1
13503,13899,143,1
13504,894,48,0
13505,1652,1921,0
13506,26,345,1
13507,6356,52,0
13508,12975,41,0
13509,7683,447,1
13510,13561,109,0
13511,5499,320,1
13512,3447,49,1
13513,1710,37,0
13514,3310,489,1
13515,14202,149,0
13516,9832,133,0
13517,7544,563,1
13518,8758,462,0
13519,4537,163,0
13520,12100,161,1
13521,1900,615,1
13522,12001,409,1
13523,8289,200,0
13524,1790,520,1
13525,6511,17,0
13526,6245,204,0
13527,10876,64,1
13528,7103,750,0
13529,8600,546,1
13530,481,103,1
13531,10413,40,1
13532,455,1652,1
13533,3744,506,0
13534,4407,60,0
13535,8172,37,0
13536,5537,77,0
13537,2306,122,0
13538,3916,1361,0
13539,9430,0,0
13540,4967,104,1
13541,5108,140,0
13542,2507,329,1
13543,5200,41,0
13544,6486,35,1
13545,12757,67,1
13546,12466,77,0
13547,13348,53,1
13548,7347,313,1
13549,8384,228,0
13550,1930,374,1
13551,11751,1483,1
13552,11761,116,0
13553,3106,504,1
13554,11933,176,0
13555,2571,685,1
13556,9631,77,0
13557,1196,100,1
13558,8882,133,0
13559,7923,39,1
13560,6195,940,1
13561,8001,52,0
13562,4574,148,1
13563,377,242,0
13564,8001,311,1
13565,12150,202,0
13566,1761,78,1
13567,1409,141,0
13568,3381,964,1
13569,13242,375,0
13570,11910,1107,0
13571,8721,562,0
13572,633,342,1
13573,6885,749,0
13574,2893,32,0
13575,8501,402,1
13576,685,1072,0
13577,12777,83,1
13578,13267,56,0
13579,3218,53,1
13580,5500,369,1
13581,2877,1687,1
13582,1870,1337,1
13583,2213,1696,1
13584,3140,204,0
13585,8476,170,1
13586,268,402,0
13587,13992,155,0
13588,3915,512,1
13589,10035,67,1
13590,14550,67,1
13591,14174,2546,1
13592,3939,943,1
13593,1150,220,1
13594,3523,109,0
13595,177,147,1
13596,14521,214,1
13597,305,259,0
13598,13315,1857,1
13599,13867,77,0
13600,3484,37,1
13601,9869,176,0
13602,8871,48,0
13603,13859,0,0
13604,13052,32,0
13605,943,2151,0
13606,1683,160,1
13607,13839,520,1
13608,2282,178,1
13609,6279,119,1
13610,1148,520,1
13611,10259,678,0
13612,4463,160,0
13613,9223,48,0
13614,5478,885,1
13615,7462,279,1
13616,844,534,1
13617,9057,43,1
13618,8816,549,1
13619,5287,260,0
13620,2420,106,1
13621,4173,1434,0
13622,2147,369,1
13623,5386,66,0
13624,11880,588,1
13625,10565,3,0
13626,9752,91,0
13627,847,128,0
13628,14427,91,1
13629,14144,77,0
13630,10323,402,1
13631,14587,284,1
13632,12586,32,0
13633,5568,27,1
13634,10013,248,1
13635,5496,557,0
13636,12372,1427,1
13637,2786,264,0
13638,12756,978,0
13639,9145,18,0
13640,6335,48,0
13641,10997,100,0
13642,12943,155,0
13643,2005,376,0
13644,863,644,0
13645,8585,17,0
13646,11740,56,0
13647,10867,89,1
13648,8956,166,1
13649,6817,1954,1
13650,4305,1580,0
13651,13675,72,1
13652,1568,980,1
13653,14006,341,1
13654,6316,344,0
13655,566,1058,0
13656,7081,19,1
13657,12467,24,0
13658,11757,609,1
13659,5559,1051,1
13660,3438,77,0
13661,8375,1142,0
13662,9776,2118,0
13663,13912,307,1
13664,6010,106,1
13665,8367,7,0
13666,14121,170,1
13667,2490,18,0
13668,3170,405,0
13669,575,106,0
13670,10557,2569,1
13671,11830,72,0
13672,11732,5,0
13673,8746,890,0
13674,13901,397,1
13675,2017,140,0
13676,4842,197,0
13677,12172,3,0
13678,5264,195,0
13679,2761,2592,0
13680,5904,462,1
13681,377,351,0
13682,12941,1176,0
13683,14117,19,0
13684,12136,182,0
13685,6861,613,1
13686,13410,829,1
13687,8813,204,0
13688,2924,2362,0
13689,5866,86,0
13690,2843,3,0
13691,407,456,0
13692,7397,49,0
13693,9738,1038,1
13694,942,172,0
13695,9981,219,1
13696,3095,101,0
13697,5211,392,0
13698,14219,189,1
13699,1165,402,0
13700,10114,2138,0
13701,1711,1463,0
13702,2771,2554,0
13703,2210,599,1
13704,5374,42,0
13705,2728,373,0
13706,6616,536,0
13707,3149,0,0
13708,1858,569,0
13709,265,75,0
13710,314,106,0
13711,1552,439,1
13712,4440,109,1
13713,4521,1977,1
13714,9971,944,0
13715,2899,892,0
13716,8235,3,0
13717,11025,67,1
13718,10914,100,0
13719,471,547,0
13720,14385,1107,0
13721,10573,242,0
13722,4654,1147,0
13723,1854,22,1
13724,1512,18,0
13725,7166,165,1
13726,7868,578,1
13727,1323,574,0
13728,7039,142,0
13729,6250,13,0
13730,6792,220,0
13731,6404,256,0
13732,9854,67,1
13733,14249,862,1
13734,2157,557,0
13735,12381,115,0
13736,12437,37,0
13737,1359,25,0
13738,8554,5,1
13739,2423,612,1
13740,5986,443,0
13741,927,443,0
13742,12057,86,0
13743,5099,1667,1
13744,12841,67,1
13745,7460,67,1
13746,5976,100,1
13747,10372,77,0
13748,151,943,1
13749,2914,74,0
13750,3661,743,0
13751,8137,39,1
13752,9216,264,1
13753,7859,120,0
13754,9579,7,0
13755,1059,374,0
13756,2301,43,1
13757,12092,39,1
13758,1603,121,1
13759,8131,196,0
13760,12252,193,1
13761,828,170,1
13762,8528,52,0
13763,677,343,0
13764,10670,436,1
13765,89,75,1
13766,7836,41,0
13767,5763,13,0
13768,493,519,0
13769,3236,510,0
13770,944,412,1
13771,13483,1138,1
13772,9617,204,0
13773,11794,709,1
13774,10654,443,1
13775,11446,197,0
13776,6933,20,1
13777,1807,390,0
13778,3298,67,1
13779,13049,495,0
13780,3788,204,0
13781,1891,3,0
13782,8909,35,1
13783,12804,40,1
13784,146,133,0
13785,4304,833,1
13786,387,1615,0
13787,183,195,1
13788,10727,443,1
13789,8783,39,1
13790,8663,83,1
13791,2056,140,0
13792,9974,17,0
13793,10702,510,1
13794,750,126,1
13795,7271,77,0
13796,4443,173,1
13797,4268,112,1
13798,3687,1109,1
13799,8517,210,1
13800,2860,318,0
13801,2353,25,0
13802,3728,134,1
13803,787,35,1
13804,12595,35,1
13805,1474,192,1
13806,12239,86,0
13807,8056,132,0
13808,390,32,0
13809,6721,259,1
13810,6429,31,1
13811,9050,17,0
13812,11063,768,0
13813,8188,222,1
13814,7333,1079,0
13815,2594,376,0
13816,5456,48,0
13817,5440,56,0
13818,2087,212,1
13819,7229,0,0
13820,12927,376,0
13821,9878,405,1
13822,13563,77,0
13823,10914,37,1
13824,10070,3,0
13825,4105,18,0
13826,3792,37,0
13827,5689,148,1
13828,4925,86,0
13829,12014,809,0
13830,464,365,0
13831,485,149,0
13832,7917,60,0
13833,10220,67,1
13834,1886,399,0
13835,4815,1132,0
13836,10937,126,1
13837,7201,77,0
13838,5410,50,1
13839,9715,402,1
13840,4907,269,1
13841,802,200,0
13842,936,242,0
13843,9801,1483,1
13844,8990,404,1
13845,8539,260,0
13846,1112,443,0
13847,13525,109,0
13848,3301,214,0
13849,5100,25,0
13850,12489,39,1
13851,11290,101,0
13852,3758,58,1
13853,6824,3,0
13854,1845,266,0
13855,8253,32,0
13856,2476,21,0
13857,9190,67,1
13858,12492,140,0
13859,3674,91,1
13860,799,129,0
13861,4958,1180,1
13862,3002,283,0
13863,3703,1993,0
13864,943,483,0
13865,590,33,0
13866,3180,547,0
13867,1336,1974,0
13868,7323,1,0
13869,475,1620,0
13870,12791,189,1
13871,9548,1312,0
13872,6757,376,0
13873,2298,189,1
13874,6773,95,0
13875,3416,119,0
13876,12252,48,0
13877,458,523,0
13878,12257,1103,0
13879,5450,0,0
13880,211,39,1
13881,5766,365,0
13882,12896,55,1
13883,11520,883,0
13884,13868,40,1
13885,13156,128,0
13886,10616,82,0
13887,3748,939,0
13888,8632,169,0
13889,11477,119,0
13890,1695,837,0
13891,1875,254,0
13892,13589,692,1
13893,4707,7,0
13894,11014,77,0
13895,3469,1847,1
13896,10228,93,1
13897,1865,37,0
13898,1251,214,0
13899,6456,39,0
13900,8115,204,0
13901,2805,163,1
13902,2802,679,0
13903,4199,1477,1
13904,13071,67,1
13905,2539,18,0
13906,7804,0,0
13907,4285,182,0
13908,1983,44,0
13909,11522,388,1
13910,3067,1154,1
13911,7127,1605,0
13912,902,427,1
13913,9426,8,1
13914,5969,1825,1
13915,6520,48,0
13916,7512,18,0
13917,1180,119,0
13918,13608,126,1
13919,12302,198,0
13920,8199,208,0
13921,4177,17,0
13922,14078,924,1
13923,4869,2222,0
13924,12016,101,0
13925,472,219,0
13926,1426,41,0
13927,5624,3,0
13928,4944,2122,1
13929,12430,272,1
13930,10277,1786,0
13931,3168,1940,0
13932,6771,455,1
13933,1235,305,0
13934,1089,2336,0
13935,2415,223,0
13936,7695,94,0
13937,9081,155,1
13938,11879,100,0
13939,5102,473,1
13940,1642,219,0
13941,8825,35,1
13942,2110,227,0
13943,5863,77,0
13944,10187,284,1
13945,9063,17,0
13946,232,163,0
13947,2379,274,0
13948,4922,321,0
13949,1283,19,1
13950,923,607,1
13951,12156,443,0
13952,1464,279,1
13953,5912,259,1
13954,4839,18,0
13955,12744,68,0
13956,3227,539,0
13957,12190,344,0
13958,9493,18,0
13959,13470,3,0
13960,6644,48,0
13961,10917,115,0
13962,40,38,1
13963,5216,91,1
13964,12679,478,1
13965,3427,60,0
13966,7571,1551,1
13967,14495,109,1
13968,87,73,1
13969,11598,52,0
13970,6224,126,1
13971,10991,418,0
13972,273,1741,0
13973,1119,91,1
13974,276,311,0
13975,2227,40,0
13976,824,230,1
13977,9075,18,0
13978,6169,39,1
13979,1478,160,0
13980,10739,176,1
13981,3554,350,1
13982,1532,385,0
13983,5594,58,1
13984,5145,107,1
13985,9415,343,1
13986,10505,926,0
13987,3837,232,1
13988,2967,101,0
13989,4442,1149,0
13990,12984,200,1
13991,12626,47,1
13992,8012,49,1
13993,2752,32,0
13994,11572,374,1
13995,12158,1811,0
13996,8667,219,1
13997,1703,259,1
13998,8324,3,0
13999,5330,397,1
14000,6524,148,1
14001,354,1158,0
14002,3761,1223,1
14003,13019,18,0
14004,2152,369,1
14005,11600,675,1
14006,1962,95,0
14007,2323,116,0
14008,6527,195,0
14009,106,615,0
14010,10764,547,0
14011,6982,879,1
14012,7136,3,0
14013,6910,620,1
14014,9701,1311,1
14015,694,89,1
14016,2709,513,0
14017,12779,170,1
14018,11207,67,1
14019,1783,777,0
14020,1089,341,0
14021,12117,627,0
14022,8001,558,0
14023,3684,637,1
14024,10370,86,1
14025,14243,634,0
14026,9471,200,0
14027,13817,143,1
14028,1012,0,0
14029,13341,595,0
14030,4319,1204,0
14031,3102,37,0
14032,8081,220,0
14033,10896,126,1
14034,5229,17,0
14035,11570,46,0
14036,14034,94,1
14037,4612,404,0
14038,623,147,1
14039,9145,67,1
14040,1982,550,0
14041,11963,1000,1
14042,3810,1355,0
14043,11459,270,1
14044,5977,31,0
14045,8461,68,0
14046,3819,58,1
14047,943,579,0
14048,12223,271,1
14049,14581,67,1
14050,5258,242,1
14051,9487,964,1
14052,10824,7,0
14053,5397,1286,1
14054,441,207,0
14055,628,586,0
14056,6123,409,1
14057,10522,91,0
14058,12159,259,0
14059,2902,97,1
14060,1078,992,0
14061,10074,35,1
14062,1152,515,0
14063,11612,237,1
14064,2558,1,0
14065,10055,549,1
14066,3153,17,0
14067,6845,149,0
14068,9325,242,0
14069,430,260,0
14070,9582,37,0
14071,11679,18,0
14072,10391,50,1
14073,13922,232,1
14074,2753,223,0
14075,1998,77,0
14076,11174,442,0
14077,132,35,1
14078,11674,20,1
14079,6931,200,0
14080,1301,566,0
14081,9864,83,1
14082,14600,55,1
14083,717,149,0
14084,49,1092,0
14085,9078,56,0
14086,11114,349,0
14087,1331,877,0
14088,11775,100,1
14089,11631,52,0
14090,7683,49,0
14091,2733,3,1
14092,11946,200,0
14093,11208,743,0
14094,1357,119,0
14095,10151,725,0
14096,49,1083,0
14097,3878,991,0
14098,9619,863,1
14099,10167,18,0
14100,6046,689,0
14101,1548,412,0
14102,8862,471,1
14103,13099,402,0
14104,10520,35,1
14105,11935,77,0
14106,8214,618,1
14107,6620,67,1
14108,193,135,1
14109,8039,285,1
14110,3121,155,0
14111,7900,68,0
14112,4686,178,1
14113,5309,35,1
14114,630,590,1
14115,2157,49,1
14116,14516,220,1
14117,4682,439,1
14118,9180,160,1
14119,4855,50,1
14120,553,2248,1
14121,10617,35,1
14122,2835,67,1
14123,13668,264,1
14124,1548,692,0
14125,14162,259,1
14126,12904,198,0
14127,8493,40,1
14128,5825,58,0
14129,3990,557,0
14130,6110,32,0
14131,3255,17,0
14132,3949,77,0
14133,4556,214,0
14134,9661,341,1
14135,273,375,1
14136,1562,66,0
14137,5333,1044,0
14138,3700,732,1
14139,3846,307,1
14140,13207,2394,1
14141,4623,365,0
14142,4319,111,0
14143,9803,60,0
14144,9219,389,0
14145,14508,18,0
14146,12764,42,0
14147,9213,3,0
14148,242,440,1
14149,7696,52,0
14150,921,99,1
14151,2900,439,0
14152,3823,39,1
14153,7940,392,0
14154,11617,3,0
14155,6265,170,1
14156,279,0,0
14157,13270,18,0
14158,14420,1582,0
14159,7397,483,0
14160,6264,2333,1
14161,7997,40,1
14162,2508,25,0
14163,2936,18,0
14164,5611,1238,0
14165,10129,35,1
14166,2545,1103,0
14167,11609,473,1
14168,2675,264,1
14169,5867,257,1
14170,12775,86,0
14171,5249,100,1
14172,3327,402,0
14173,3584,93,1
14174,8186,35,0
14175,5461,37,0
14176,10063,32,0
14177,12878,438,0
14178,888,0,0
14179,2826,240,1
14180,8887,3,0
14181,10606,67,1
14182,7375,365,1
14183,7458,52,0
14184,79,3,0
14185,11778,24,0
14186,8786,100,1
14187,1478,77,0
14188,7671,52,0
14189,2624,37,0
14190,8438,476,1
14191,6008,32,0
14192,1985,964,1
14193,9072,77,0
14194,11894,1673,0
14195,7973,82,1
14196,11652,67,1
14197,6816,79,0
14198,4180,374,0
14199,7255,365,0
14200,5944,1536,1
14201,4739,402,0
14202,627,465,0
14203,13692,39,1
14204,4833,38,0
14205,8897,376,0
14206,2073,95,0
14207,5034,985,0
14208,6037,17,1
14209,2915,42,0
14210,7629,0,0
14211,9368,344,0
14212,11487,99,1
14213,1018,584,0
14214,14538,56,0
14215,986,37,0
14216,12282,167,1
14217,9338,100,1
14218,1228,369,1
14219,13679,32,0
14220,4616,310,1
14221,11708,228,0
14222,384,49,1
14223,2439,86,0
14224,97,81,1
14225,5423,3,0
14226,6057,272,1
14227,5305,37,1
14228,8377,248,1
14229,6919,27,0
14230,12544,100,1
14231,13605,77,0
14232,10870,77,0
14233,14231,411,1
14234,2473,405,0
14235,5375,588,1
14236,4900,462,0
14237,10960,77,0
14238,10916,0,0
14239,12386,348,1
14240,1816,0,0
14241,10456,577,1
14242,396,1103,0
14243,6373,949,1
14244,9804,67,1
14245,4739,128,0
14246,10439,37,0
14247,1628,1515,1
14248,4478,50,1
14249,2291,172,1
14250,2750,620,0
14251,1518,1248,0
14252,688,32,0
14253,7375,467,1
14254,8009,1380,1
14255,7976,96,0
14256,407,409,1
14257,1690,2243,0
14258,2961,1239,1
14259,10351,17,0
14260,10608,225,1
14261,546,196,0
14262,10048,398,1
14263,1954,39,1
14264,4515,528,1
14265,1044,0,0
14266,6499,267,1
14267,6570,2213,0
14268,12276,242,0
14269,11451,200,0
14270,6971,67,1
14271,9717,260,0
14272,10365,37,0
14273,3635,204,0
14274,8258,187,1
14275,1983,15,1
14276,7933,741,1
14277,10503,221,0
14278,6326,560,1
14279,12075,1380,1
14280,8115,52,0
14281,998,0,0
14282,13441,235,0
14283,12724,67,1
14284,4257,67,1
14285,12087,216,0
14286,5834,607,1
14287,2606,149,0
14288,6342,641,0
14289,6773,43,0
14290,6560,91,0
14291,11594,200,0
14292,5823,60,0
14293,860,409,1
14294,1870,107,1
14295,2588,272,1
14296,13245,343,1
14297,630,1,0
14298,6046,1153,0
14299,6654,256,1
14300,284,195,1
14301,9959,17,0
14302,3567,307,1
14303,2553,67,1
14304,13499,55,1
14305,13672,7,1
14306,6056,201,0
14307,7400,27,0
14308,6429,220,0
14309,9220,248,1
14310,4821,37,0
14311,11804,119,0
14312,10593,369,1
14313,11754,278,1
14314,3413,77,0
14315,13264,76,0
14316,12784,269,1
14317,10292,55,0
14318,8757,1159,0
14319,10965,2435,0
14320,1090,3,0
14321,13327,459,0
14322,9587,21,0
14323,8801,7,0
14324,9639,102,0
14325,755,111,0
14326,9986,267,0
14327,541,1150,0
14328,10575,456,0
14329,3374,709,0
14330,8046,583,0
14331,9161,829,1
14332,2605,315,1
14333,6446,41,0
14334,11793,91,1
14335,9613,105,1
14336,10882,100,1
14337,14099,269,0
14338,12713,42,0
14339,663,17,0
14340,5963,1843,0
14341,10227,90,0
14342,3296,176,0
14343,3984,109,0
14344,9425,271,1
14345,5822,267,0
14346,5293,129,0
14347,9934,18,0
14348,10814,19,0
14349,2443,143,1
14350,9429,1065,0
14351,2430,19,1
14352,9712,86,1
14353,2536,40,1
14354,247,326,0
14355,10831,0,0
14356,10722,2350,0
14357,377,261,1
14358,8629,264,1
14359,6232,103,1
14360,3066,96,0
14361,7428,129,0
14362,1244,1982,1
14363,5145,22,1
14364,5757,24,0
14365,3104,344,0
14366,12090,1064,0
14367,1047,49,1
14368,1593,2025,1
14369,4357,967,0
14370,6018,67,1
14371,3451,246,0
14372,14343,7,0
14373,8557,0,0
14374,831,134,1
14375,11948,1335,1
14376,1579,94,0
14377,4283,771,1
14378,6243,1996,1
14379,205,250,0
14380,7996,210,1
14381,214,287,0
14382,2813,228,0
14383,11719,445,1
14384,5158,100,1
14385,386,443,0
14386,1501,17,1
14387,4259,1095,1
14388,1191,566,1
14389,13107,16,1
14390,4012,112,0
14391,3841,813,1
14392,2882,3,0
14393,1149,508,0
14394,7818,37,0
14395,5459,60,1
14396,7942,292,0
14397,6247,170,1
14398,3771,17,0
14399,5614,91,0
14400,2045,3,0
14401,3685,122,0
14402,3812,52,0
14403,4932,77,0
14404,8684,654,1
14405,1508,39,1
14406,8246,204,0
14407,577,447,1
14408,5956,3,0
14409,3933,7,0
14410,6834,18,1
14411,943,826,0
14412,3935,1238,1
14413,969,25,0
14414,11718,37,1
14415,1583,24,0
14416,5181,1456,0
14417,6075,3,0
14418,160,58,1
14419,4272,21,0
14420,5408,588,0
14421,5490,2164,1
14422,7178,67,1
14423,12470,67,1
14424,12045,269,1
14425,2677,32,0
14426,6261,2327,0
14427,5844,52,0
14428,38,507,0
14429,9764,49,1
14430,7936,40,1
14431,13195,82,1
14432,660,678,0
14433,1336,616,0
14434,7806,254,0
14435,8751,402,1
14436,12832,439,1
14437,226,2419,1
14438,11386,50,1
14439,4430,1108,0
14440,3499,1496,0
14441,3326,1452,0
14442,2756,964,1
14443,3619,197,1
14444,10179,3,0
14445,12589,1943,1
14446,13025,46,1
14447,2592,67,1
14448,3618,743,0
14449,8729,140,0
14450,14218,50,1
14451,8669,115,0
14452,3296,67,1
14453,5458,2504,0
14454,13324,64,1
14455,3153,1748,1
14456,1556,111,0
14457,11267,256,1
14458,12870,102,0
14459,6115,17,0
14460,7805,155,0
14461,13099,242,1
14462,569,3,0
14463,13086,126,1
14464,4059,224,1
14465,8582,521,1
14466,5779,83,1
14467,10064,3,0
14468,11525,1654,1
14469,6417,66,1
14470,4622,991,1
14471,3532,115,0
14472,3894,343,1
14473,669,462,0
14474,2791,76,0
14475,6668,797,0
14476,13400,67,1
14477,5022,0,0
14478,3234,17,0
14479,12697,0,0
14480,3654,204,0
14481,11,438,1
14482,4851,3,0
14483,182,377,0
14484,8083,17,0
14485,2817,269,1
14486,5215,1216,1
14487,3430,5,1
14488,107,25,0
14489,1161,91,0
14490,5416,1060,1
14491,9936,77,0
14492,5316,1296,0
14493,3916,1279,0
14494,839,1524,0
14495,2949,216,0
14496,5635,300,1
14497,14060,240,1
14498,11392,654,1
14499,5458,2041,0
14500,9914,195,1
14501,3700,1322,0
14502,943,729,0
14503,5103,264,1
14504,13126,3,0
14505,12813,42,0
14506,942,219,0
14507,3482,66,1
14508,6281,546,1
14509,5179,418,0
14510,6719,539,1
14511,12259,0,0
14512,13726,56,0
14513,4050,624,0
14514,3325,0,0
14515,685,670,0
14516,10576,267,0
14517,12820,549,0
14518,10391,3,0
14519,2360,195,1
14520,372,2023,0
14521,242,536,1
14522,10043,7,0
14523,6663,112,0
14524,5188,1885,1
14525,922,147,1
14526,10038,20,1
14527,13,1183,1
14528,1917,759,1
14529,13848,771,1
14530,3497,478,1
14531,8884,34,1
14532,12905,82,1
14533,5347,67,1
14534,8602,48,0
14535,11697,182,0
14536,7901,90,1
14537,3807,8,1
14538,3855,37,0
14539,10014,1792,1
14540,3878,95,0
14541,2319,1909,0
14542,14421,260,0
14543,1623,93,1
14544,2342,187,1
14545,4623,514,1
14546,1104,118,1
14547,5265,547,0
14548,8336,165,1
14549,4365,26,0
14550,4291,35,1
14551,12008,128,0
14552,1287,109,0
14553,805,100,1
14554,2732,17,0
14555,2274,1018,0
14556,2665,82,1
14557,8550,3,0
14558,10654,72,0
14559,6641,1723,1
14560,2806,204,0
14561,5857,48,0
14562,3041,240,1
14563,3163,17,0
14564,334,221,0
14565,4352,68,0
14566,12106,100,1
14567,5807,457,0
14568,2941,204,0
14569,4647,1742,1
14570,6728,1075,0
14571,2161,716,1
14572,1843,406,1
14573,9411,288,0
14574,6370,231,0
14575,3247,758,0
14576,6365,3,0
14577,481,711,1
14578,7389,200,0
14579,314,1024,0
14580,7328,427,1
14581,2368,0,0
14582,2311,223,0
14583,12285,1050,1
14584,8886,128,0
14585,2186,89,0
14586,3974,2364,1
14587,12928,195,0
14588,11684,885,1
14589,1044,48,0
14590,3498,489,1
14591,5747,624,0
14592,13077,9,1
14593,13355,908,0
14594,2632,719,1
14595,14586,137,0
14596,242,776,0
14597,5399,155,0
14598,4354,1795,0
14599,1765,1173,1
14600,11347,18,0
14601,908,26,0
14602,5528,1856,1
14603,12949,91,0
14604,1770,462,1
14605,13616,35,1
14606,9895,341,0
14607,2165,546,1
14608,3179,37,0
14609,13418,2292,0
14610,6304,1923,1
14611,1957,100,1
14612,789,884,0
14613,5226,115,0
14614,7288,91,1
14615,3408,1142,0
14616,1979,169,1
14617,3650,37,0
14618,1981,377,0
14619,4992,214,1
14620,7261,242,1
14621,12130,402,1
14622,8784,100,1
14623,11701,200,0
14624,8713,343,1
14625,4610,41,0
14626,4619,140,0
14627,1971,39,1
14628,3170,214,0
14629,8045,473,0
14630,7930,2213,1
14631,4717,402,0
14632,7600,97,1
14633,665,214,0
14634,8936,1063,1
14635,9432,91,0
14636,365,3,0
14637,1408,314,1
14638,4441,859,0
14639,6478,242,1
14640,5259,18,0
14641,6941,1837,0
14642,6754,18,0
14643,2049,242,1
14644,7970,102,0
14645,9170,813,1
14646,10798,369,1
14647,11240,142,0
14648,9097,42,0
14649,3588,67,1
14650,11135,40,1
14651,2761,17,0
14652,11671,1161,0
14653,5052,319,0
14654,5211,318,0
14655,14398,23,0
14656,8997,262,1
14657,1661,1991,0
14658,3617,1130,1
14659,8678,220,0
14660,1758,40,0
14661,8070,521,1
14662,9781,955,1
14663,2474,111,0
14664,8709,600,1
14665,2053,17,0
14666,1198,256,1
14667,6039,1183,1
14668,13,1281,1
14669,1525,400,1
14670,1653,32,0
14671,472,89,0
14672,14416,214,0
14673,8088,102,0
14674,9112,119,0
14675,5168,59,0
14676,6897,438,0
14677,7152,813,1
14678,6913,26,1
14679,10027,3,0
14680,5051,60,0
14681,11332,37,0
14682,8032,409,1
14683,10187,368,0
14684,3719,0,0
14685,12756,37,1
14686,8648,274,0
14687,10500,1786,0
14688,2945,771,0
14689,12973,501,0
14690,11199,67,1
14691,4132,1439,0
14692,6790,182,0
14693,6114,17,0
14694,895,1085,1
14695,4531,32,0
14696,13876,25,0
14697,2560,33,0
14698,11305,1138,1
14699,3110,91,0
14700,1102,1260,0
14701,2684,32,0
14702,12352,2112,1
14703,6123,3,0
14704,4315,533,1
14705,11395,155,0
14706,1829,300,1
14707,6302,577,1
14708,2786,566,0
14709,7583,40,1
14710,628,1534,0
14711,13378,42,0
14712,2010,51,1
14713,6855,742,1
14714,1677,0,0
14715,729,35,1
14716,1875,93,1
14717,4876,52,0
14718,9883,400,0
14719,264,539,0
14720,10036,417,0
14721,14501,1417,1
14722,12387,163,0
14723,13723,242,0
14724,7474,690,1
14725,8198,272,1
14726,7282,349,0
14727,9173,17,0
14728,11572,462,1
14729,6082,217,1
14730,8611,210,1
14731,5840,462,1
14732,10978,405,0
14733,5,426,0
14734,2620,52,1
14735,2646,17,0
14736,3824,409,1
14737,4684,812,1
14738,3821,82,1
14739,7662,100,1
14740,7914,97,1
14741,6760,19,1
14742,2910,833,1
14743,10072,100,1
14744,10512,224,1
14745,2973,345,1
14746,5996,176,0
14747,2533,48,0
14748,5649,719,0
14749,7857,3,0
14750,5535,230,1
14751,13570,39,1
14752,11027,100,1
14753,5021,94,0
14754,5197,3,0
14755,1870,399,1
14756,2792,7,0
14757,5961,3,0
14758,4699,5,0
14759,2433,690,1
14760,14394,224,1
14761,8934,77,0
14762,7187,67,1
14763,8502,214,1
14764,6042,542,0
14765,1241,435,1
14766,898,129,1
14767,4332,230,1
14768,6563,270,1
14769,10304,1913,0
14770,13921,56,0
14771,5855,348,0
14772,4482,77,0
14773,3475,15,1
14774,5904,353,0
14775,10535,116,0
14776,1,2190,0
14777,10594,412,0
14778,14347,67,1
14779,1438,418,0
14780,164,39,1
14781,5569,48,0
14782,13319,414,0
14783,9615,82,1
14784,9478,758,1
14785,2579,103,1
14786,2938,18,0
14787,3011,142,0
14788,6008,40,1
14789,1729,1395,0
14790,12362,188,0
14791,7707,0,0
14792,213,102,0
14793,11165,100,1
14794,10852,1064,0
14795,1571,67,1
14796,10883,343,1
14797,2523,346,1
14798,8153,68,0
14799,3417,1395,0
14800,9738,25,0
14801,12323,1247,0
14802,9114,134,1
14803,2303,18,0
14804,1258,548,1
14805,2728,552,1
14806,2452,180,0
14807,3999,26,1
14808,1870,242,0
14809,6180,52,0
14810,595,17,0
14811,11234,100,1
14812,5490,1281,1
14813,4767,3,0
14814,1225,351,0
14815,3587,160,1
14816,7825,34,1
14817,2932,49,0
14818,4117,369,1
14819,49,147,0
14820,7206,60,0
14821,13021,697,0
14822,4741,170,1
14823,14223,1876,1
14824,10639,50,1
14825,2888,279,0
14826,1195,1490,0
14827,4938,375,0
14828,778,232,1
14829,12560,32,0
14830,226,883,1
14831,5757,109,1
14832,1768,147,1
14833,3522,0,0
14834,5383,20,1
14835,5845,170,1
14836,11722,546,0
14837,13463,473,1
14838,6672,17,0
14839,291,214,0
14840,7397,904,1
14841,7942,785,0
14842,3077,17,0
14843,1910,39,1
14844,12408,91,0
14845,2375,32,0
14846,1396,1112,0
14847,11944,77,0
14848,1922,1345,0
14849,11478,254,0
14850,158,86,0
14851,7281,34,1
14852,4165,813,1
14853,975,326,0
14854,1999,318,0
14855,9189,200,0
14856,13918,104,1
14857,2217,52,0
14858,5770,41,0
14859,371,1293,1
14860,3925,997,0
14861,2074,136,1
14862,2069,52,0
14863,9172,7,0
14864,2356,692,1
14865,516,392,1
14866,9245,1015,0
14867,5902,77,0
14868,9736,482,1
14869,11912,137,0
14870,13986,77,0
14871,12614,546,1
14872,3170,777,0
14873,12505,1786,0
14874,6674,49,1
14875,5878,476,0
14876,7585,435,1
14877,6938,140,0
14878,11316,77,0
14879,2188,909,1
14880,12533,82,1
14881,2694,2019,0
14882,11153,77,0
14883,7354,214,0
14884,3642,59,0
14885,2241,77,0
14886,3190,148,1
14887,6493,348,0
14888,8952,47,1
14889,220,48,0
14890,11461,429,0
14891,6314,658,1
14892,4408,67,1
14893,6722,348,1
14894,10138,204,0
14895,7771,89,1
14896,2448,392,0
14897,335,0,0
14898,6240,37,0
14899,13306,56,0
14900,2455,462,0
14901,5290,171,0
14902,10690,464,0
14903,7626,111,0
14904,2688,204,0
14905,2108,48,0
14906,12011,77,0
14907,3283,112,1
14908,7290,813,1
14909,2052,615,0
14910,11779,35,1
14911,1243,39,1
14912,365,269,1
14913,2645,112,1
14914,1617,440,1
14915,13193,629,1
14916,6061,39,1
14917,11936,37,0
14918,2429,387,0
14919,10203,82,1
14920,11711,131,0
14921,8577,19,1
14922,7769,607,1
14923,5350,111,0
14924,9197,1290,1
14925,9856,54,0
14926,12809,1035,0
14927,13176,26,0
14928,9123,1746,0
14929,12802,417,0
14930,12672,67,1
14931,6743,1023,0
14932,458,504,0
14933,3809,0,0
14934,2599,17,0
14935,10258,514,0
14936,680,49,1
14937,160,849,0
14938,145,38,1
14939,10908,112,1
14940,1589,941,1
14941,7036,321,1
14942,2621,242,0
14943,6633,224,1
14944,6131,193,1
14945,5999,2320,1
14946,2910,1079,0
14947,874,149,1
14948,6807,555,0
14949,1227,67,1
14950,9555,1084,1
14951,7060,77,0
14952,9878,7,1
14953,10066,3,0
14954,4438,438,0
14955,1841,3,0
14956,5590,236,1
14957,6423,410,1
14958,14410,198,0
14959,13951,832,0
14960,13612,67,1
14961,9456,348,1
14962,848,420,1
14963,12749,3,0
14964,4742,242,1
14965,4155,724,0
14966,6112,231,0
14967,480,504,1
14968,11104,126,1
14969,6523,25,0
14970,8387,1483,1
14971,1297,95,1
14972,10157,200,0
14973,8242,125,0
14974,1532,2342,0
14975,2363,48,0
14976,1369,1494,1
14977,3878,128,0
14978,2198,48,0
14979,11983,1322,1
14980,5557,25,0
14981,5033,25,0
14982,3471,13,0
14983,2250,954,1
14984,4381,18,0
14985,9030,330,0
14986,659,1086,0
14987,3855,204,1
14988,2481,820,1
14989,5587,1630,0
14990,3049,175,0
14991,1089,1038,0
14992,814,50,1
14993,562,2020,0
14994,1498,918,0
14995,4749,202,1
14996,8225,256,0
14997,4592,134,1
14998,1962,5,0
14999,705,985,0
15000,1637,646,1
15001,2800,875,0
15002,6011,1760,1
15003,5997,140,0
15004,13253,204,0
15005,1022,809,0
15006,10659,67,1
15007,12078,478,1
15008,13759,126,1
15009,983,225,1
15010,7948,60,1
15011,766,1052,0
15012,3649,189,1
15013,946,18,0
15014,1395,1584,1
15015,1730,52,0
15016,7931,98,1
15017,13276,301,1
15018,4857,1164,0
15019,8473,604,1
15020,7220,100,0
15021,3877,196,0
15022,475,748,0
15023,8203,462,0
15024,3951,440,1
15025,5587,2543,0
15026,1331,757,0
15027,11437,796,0
15028,9805,32,0
15029,3422,1343,0
15030,6133,148,1
15031,10221,1417,0
15032,3331,539,0
15033,14155,67,1
15034,11444,343,1
15035,3727,595,0
15036,7219,75,1
15037,11394,883,0
15038,5681,431,1
15039,182,153,0
15040,14132,116,0
15041,3586,225,1
15042,11835,100,1
15043,242,25,0
15044,8363,53,1
15045,7517,743,0
15046,1175,204,1
15047,9427,543,1
15048,1182,318,0
15049,4538,17,0
15050,5801,148,1
15051,3791,0,0
15052,104,75,1
15053,1962,49,0
15054,3450,232,1
15055,5161,77,0
15056,2651,431,1
15057,11417,677,1
15058,1723,43,1
15059,5382,76,0
15060,772,438,1
15061,2420,1090,0
15062,14393,771,1
15063,8783,7,0
15064,9799,2291,0
15065,3505,2236,0
15066,3669,91,1
15067,10031,102,0
15068,5948,996,0
15069,10711,503,0
15070,11726,52,0
15071,9502,119,0
15072,5289,375,0
15073,421,460,0
15074,1871,1659,1
15075,5587,1355,0
15076,3897,2035,0
15077,7259,77,0
15078,4734,40,1
15079,7821,35,1
15080,442,129,1
15081,8312,204,0
15082,789,49,1
15083,12241,60,0
15084,10116,243,0
15085,7669,240,1
15086,6643,1402,1
15087,8070,1744,0
15088,2852,75,1
15089,12065,125,0
15090,1330,3,0
15091,11711,189,1
15092,2296,549,1
15093,4418,660,0
15094,1996,47,0
15095,8736,109,1
15096,13663,230,1
15097,1175,111,0
15098,10366,147,1
15099,3897,1955,0
15100,8252,1080,1
15101,11919,431,0
15102,4553,709,0
15103,14228,67,1
15104,11664,191,1
15105,8625,18,1
15106,8270,1019,0
15107,2428,348,0
15108,8821,74,0
15109,12462,83,1
15110,9583,363,0
15111,2337,1901,0
15112,732,24,0
15113,4560,326,0
15114,4454,26,0
15115,9839,3,1
15116,5724,83,1
15117,8774,197,0
15118,6626,242,0
15119,11376,910,0
15120,2559,34,1
15121,9651,93,1
15122,12702,575,0
15123,332,399,1
15124,6592,501,0
15125,11056,118,1
15126,1141,301,1
15127,1234,3,0
15128,1821,797,0
15129,11220,18,0
15130,8860,1343,0
15131,14541,83,1
15132,13954,21,0
15133,12205,402,1
15134,9824,67,1
15135,12137,67,0
15136,49,826,0
15137,1637,515,0
15138,6207,743,0
15139,4121,369,1
15140,8645,539,0
15141,11792,7,0
15142,3305,98,1
15143,1356,211,1
15144,9573,523,1
15145,11522,508,0
15146,9631,19,1
15147,5045,160,0
15148,769,77,0
15149,12039,223,0
15150,847,32,0
15151,12577,2255,1
15152,1233,438,0
15153,242,627,1
15154,7715,67,1
15155,13435,109,1
15156,739,1426,1
15157,10300,370,1
15158,10819,18,0
15159,4025,100,1
15160,12522,23,1
15161,10640,67,1
15162,4017,3,0
15163,13235,67,0
15164,1260,549,1
15165,2883,344,1
15166,8863,278,1
15167,1102,265,0
15168,7359,615,0
15169,4196,100,1
15170,5799,50,1
15171,3368,369,1
15172,405,724,1
15173,3102,100,1
15174,5574,1472,0
15175,58,140,0
15176,6499,522,1
15177,4087,26,0
15178,1419,33,0
15179,2361,419,1
15180,3154,397,1
15181,217,151,1
15182,4481,67,1
15183,5565,149,0
15184,5210,17,0
15185,10058,3,0
15186,9386,627,1
15187,1562,41,0
15188,577,128,0
15189,3634,473,1
15190,8348,179,1
15191,6554,223,0
15192,7989,978,1
15193,995,52,0
15194,10680,17,0
15195,4810,18,0
15196,4655,402,0
15197,14224,49,1
15198,6821,200,0
15199,11685,751,1
15200,1399,100,1
15201,12763,3,0
15202,2326,140,0
15203,1276,565,0
15204,820,237,0
15205,5527,86,0
15206,11674,111,0
15207,1404,135,1
15208,3277,1859,1
15209,12114,228,0
15210,974,369,1
15211,9848,200,0
15212,14366,137,0
15213,4079,654,1
15214,13924,50,1
15215,1304,100,1
15216,8950,17,0
15217,11618,429,1
15218,3525,16,1
15219,13524,429,0
15220,3928,17,0
15221,10202,932,1
15222,620,47,0
15223,1959,1236,1
15224,14438,196,0
15225,7590,13,0
15226,9603,1047,1
15227,11244,18,0
15228,8879,35,1
15229,9901,47,1
15230,8147,100,0
15231,4507,1292,1
15232,6283,141,1
15233,870,42,0
15234,13175,769,1
15235,581,351,0
15236,1354,583,0
15237,1338,74,1
15238,8724,26,0
15239,3196,926,1
15240,8717,593,1
15241,4588,546,1
15242,5482,287,0
15243,403,52,0
15244,5023,445,1
15245,5742,1821,1
15246,9855,612,0
15247,544,41,0
15248,4058,89,0
15249,3501,1028,1
15250,2983,1968,1
15251,2897,321,0
15252,7814,39,1
15253,8354,1138,1
15254,2244,425,1
15255,8921,118,0
15256,7278,47,0
15257,10026,271,1
15258,8413,211,1
15259,13549,87,0
15260,14183,42,0
15261,10147,143,1
15262,6712,101,1
15263,1397,100,0
15264,1072,25,0
15265,2287,0,0
15266,2094,224,1
15267,193,78,1
15268,2286,122,0
15269,49,504,0
15270,1096,86,0
15271,7091,74,0
15272,89,133,0
15273,11214,17,0
15274,8150,741,1
15275,635,19,1
15276,5472,100,0
15277,10728,1557,1
15278,7558,139,1
15279,1763,111,0
15280,372,2415,1
15281,519,109,0
15282,2947,361,0
15283,14302,42,0
15284,9725,74,0
15285,2846,0,0
15286,5856,189,1
15287,5125,93,1
15288,3992,128,0
15289,6975,100,1
15290,127,99,1
15291,13710,189,1
15292,4105,67,1
15293,9570,16,0
15294,3578,94,0
15295,7157,41,0
15296,13737,595,0
15297,1761,17,0
15298,4363,2590,1
15299,2503,410,0
15300,4168,77,0
15301,242,407,1
15302,6690,126,1
15303,13596,783,0
15304,6499,248,1
15305,12268,568,1
15306,4130,549,1
15307,4289,3,0
15308,4463,16,0
15309,11614,417,0
15310,5648,38,1
15311,11791,274,0
15312,13268,7,0
15313,6015,154,0
15314,1723,200,0
15315,4922,1249,1
15316,3958,49,0
15317,4041,157,1
15318,1118,129,1
15319,711,94,0
15320,160,239,0
15321,3485,18,0
15322,2053,382,1
15323,1871,185,1
15324,13618,402,1
15325,11822,133,0
15326,9001,267,0
15327,9550,515,0
15328,6950,18,0
15329,10898,431,1
15330,8826,1171,0
15331,7338,492,1
15332,13328,67,1
15333,9342,35,1
15334,9759,68,0
15335,12863,122,1
15336,1244,2380,1
15337,1866,342,0
15338,4871,33,0
15339,943,113,0
15340,6,22,1
15341,8758,374,0
15342,3596,687,1
15343,4610,441,1
15344,7018,220,0
15345,12697,136,1
15346,14,445,1
15347,14517,472,1
15348,5660,0,0
15349,6188,901,1
15350,10770,3,0
15351,8667,22,0
15352,14204,17,0
15353,5122,0,0
15354,11,160,1
15355,2576,997,0
15356,11268,3,0
15357,14152,198,0
15358,9374,694,0
15359,11920,19,1
15360,1642,1407,0
15361,2920,473,1
15362,10134,46,0
15363,10923,402,0
15364,651,16,1
15365,3626,41,0
15366,4407,103,1
15367,2259,563,0
15368,2278,271,0
15369,1040,427,1
15370,3066,654,0
15371,12677,160,1
15372,4000,46,1
15373,6146,77,0
15374,3196,557,0
15375,2517,369,1
15376,13545,1,0
15377,8169,192,0
15378,1948,219,0
15379,2213,224,1
15380,4921,242,1
15381,1695,110,0
15382,1286,48,0
15383,8750,483,1
15384,1758,1326,0
15385,2621,446,0
15386,10880,86,0
15387,10146,3,0
15388,8622,87,0
15389,7603,7,0
15390,2855,827,1
15391,5393,197,0
15392,12431,18,0
15393,7396,17,0
15394,1403,675,1
15395,10138,37,0
15396,1177,315,1
15397,2983,714,0
15398,1714,86,1
15399,10067,326,0
15400,13048,149,0
15401,5479,126,1
15402,5457,409,1
15403,7697,220,1
15404,12139,782,1
15405,7240,88,1
15406,14202,109,1
15407,4679,1061,1
15408,8706,77,0
15409,9403,493,0
15410,6174,547,0
15411,12197,40,1
15412,2115,376,0
15413,7072,17,0
15414,2653,33,1
15415,5520,424,1
15416,492,23,1
15417,6272,2116,0
15418,2261,197,0
15419,2271,1,0
15420,3745,200,0
15421,6109,196,0
15422,5002,136,0
15423,6411,374,0
15424,1734,1630,0
15425,6653,462,0
15426,8939,606,1
15427,2749,478,1
15428,8890,686,1
15429,4799,32,0
15430,7223,77,0
15431,1387,719,0
15432,1575,2529,1
15433,10248,100,0
15434,2694,2028,1
15435,2324,38,0
15436,14484,584,0
15437,11554,170,1
15438,4179,42,0
15439,2142,1744,1
15440,2015,875,0
15441,5278,226,0
15442,8143,360,1
15443,5336,577,1
15444,5913,439,1
15445,14295,67,1
15446,3839,171,0
15447,1503,428,1
15448,624,17,0
15449,3660,40,1
15450,943,525,0
15451,1680,67,1
15452,5335,2475,0
15453,11174,348,0
15454,348,670,0
15455,3470,41,0
15456,2767,539,0
15457,8082,615,0
15458,724,743,0
15459,2293,196,0
15460,2461,836,0
15461,11019,228,0
15462,11287,230,1
15463,5842,100,1
15464,4589,1138,1
15465,9727,891,0
15466,8107,128,0
15467,3979,67,1
15468,5125,248,1
15469,13232,148,1
15470,12241,50,1
15471,9995,18,0
15472,12293,401,1
15473,1754,321,1
15474,6255,18,0
15475,6304,41,1
15476,503,39,1
15477,5913,77,0
15478,4245,1093,1
15479,429,13,0
15480,3456,558,0
15481,9292,150,1
15482,12247,3,0
15483,2621,456,0
15484,7851,118,0
15485,2037,1,0
15486,863,47,0
15487,6075,77,0
15488,2759,94,0
15489,8774,77,0
15490,6746,55,1
15491,6604,546,1
15492,14009,52,0
15493,6327,136,0
15494,2979,49,1
15495,12269,77,0
15496,1549,0,0
15497,5099,1061,0
15498,1962,994,0
15499,4648,254,0
15500,1466,181,0
15501,10623,52,0
15502,8250,0,0
15503,11170,264,1
15504,13296,1698,0
15505,6877,196,0
15506,9885,541,1
15507,8158,160,1
15508,11271,39,1
15509,5064,425,1
15510,624,517,1
15511,13255,3,0
15512,38,930,1
15513,6364,62,0
15514,4924,67,1
15515,8398,35,1
15516,5715,170,1
15517,237,32,0
15518,14328,60,0
15519,4990,106,1
15520,13432,99,1
15521,242,399,1
15522,4128,344,0
15523,12957,35,1
15524,12571,90,0
15525,8555,539,1
15526,10087,2381,0
15527,9012,0,0
15528,1479,38,1
15529,10660,326,1
15530,994,113,1
15531,6757,90,1
15532,115,318,1
15533,5010,411,1
15534,8062,267,0
15535,2807,101,0
15536,3412,95,1
15537,3793,18,0
15538,12651,19,1
15539,2720,39,1
15540,6939,119,0
15541,4313,418,0
15542,39,37,0
15543,11026,438,0
15544,1251,117,0
15545,13455,77,0
15546,1173,32,1
15547,3052,49,0
15548,377,278,0
15549,2364,128,0
15550,12596,228,0
15551,12033,1999,0
15552,6632,219,1
15553,9465,1002,0
15554,7447,189,1
15555,3114,431,1
15556,12857,18,0
15557,714,19,1
15558,6809,1965,0
15559,1262,402,0
15560,10708,1407,1
15561,13795,18,0
15562,8159,67,1
15563,1258,996,0
15564,5711,138,0
15565,7321,0,0
15566,858,52,0
15567,939,26,0
15568,13293,39,1
15569,3111,764,0
15570,768,90,0
15571,1385,37,0
15572,10324,375,0
15573,8628,67,1
15574,560,77,0
15575,2250,0,0
15576,7155,133,1
15577,8215,901,1
15578,7111,758,0
15579,13596,1135,1
15580,10436,7,0
15581,2678,326,1
15582,3916,1074,0
15583,13984,52,0
15584,3715,374,0
15585,5982,3,0
15586,314,1261,0
15587,9761,35,1
15588,7168,109,1
15589,9178,606,1
15590,3361,24,0
15591,703,33,1
15592,10121,1804,1
15593,8912,171,0
15594,7404,460,1
15595,9905,473,1
15596,8513,204,0
15597,13775,189,1
15598,6884,405,1
15599,12891,1369,1
15600,8925,978,0
15601,863,278,0
15602,13453,230,1
15603,7876,109,1
15604,12522,53,0
15605,9205,148,1
15606,6123,77,0
15607,212,402,0
15608,290,140,0
15609,3929,1236,0
15610,5756,1295,0
15611,4405,37,0
15612,3462,17,0
15613,6898,148,1
15614,8638,374,0
15615,7463,208,0
15616,1862,143,1
15617,4522,77,0
15618,3872,1027,0
15619,11386,60,0
15620,2646,77,0
15621,1962,320,1
15622,10566,620,1
15623,5149,18,0
15624,10953,67,1
15625,8941,361,0
15626,110,918,0
15627,14098,37,1
15628,3781,129,1
15629,8833,7,0
15630,7355,113,1
15631,961,786,0
15632,14180,501,0
15633,9022,83,1
15634,900,1395,0
15635,1336,2299,1
15636,3666,402,0
15637,12472,750,0
15638,10099,18,0
15639,9066,67,1
15640,12673,687,1
15641,3946,42,0
15642,2949,143,1
15643,6052,3,0
15644,10653,0,0
15645,13920,0,0
15646,4469,457,0
15647,3753,3,0
15648,6427,3,0
15649,8600,361,0
15650,9098,67,1
15651,230,162,0
15652,7570,74,0
15653,14566,67,1
15654,8535,17,0
15655,11717,170,1
15656,1275,0,1
15657,9024,18,0
15658,2871,52,0
15659,4131,7,0
15660,6703,17,0
15661,12538,836,0
15662,1083,106,1
15663,5199,1924,1
15664,1137,212,0
15665,1101,376,0
15666,3002,500,0
15667,9644,39,1
15668,713,219,1
15669,6562,148,1
15670,7127,555,0
15671,5054,753,0
15672,12649,67,1
15673,7405,790,1
15674,13712,228,1
15675,1858,242,0
15676,10446,171,0
15677,2924,1986,1
15678,3893,39,0
15679,11,315,1
15680,11231,32,0
15681,3135,39,0
15682,6840,177,0
15683,6095,447,1
15684,3342,131,0
15685,3078,67,1
15686,1661,1091,0
15687,9628,588,0
15688,9328,265,0
15689,615,223,0
15690,13805,1161,0
15691,8126,329,0
15692,2110,625,0
15693,8781,196,0
15694,4844,231,0
15695,2944,77,1
15696,1925,39,1
15697,11124,48,0
15698,324,1297,1
15699,8322,1601,0
15700,14038,260,0
15701,1085,390,0
15702,11778,109,1
15703,579,266,0
15704,14574,58,1
15705,7782,402,1
15706,6676,173,1
15707,6352,91,0
15708,1884,18,0
15709,6083,124,1
15710,9690,997,1
15711,2926,139,1
15712,2824,226,0
15713,5175,18,0
15714,7556,346,1
15715,11409,35,1
15716,6521,58,0
15717,559,1,0
15718,7533,424,1
15719,13761,48,0
15720,20,258,0
15721,2711,3,0
15722,1029,300,1
15723,3120,208,0
15724,8399,87,0
15725,9375,48,0
15726,8145,126,1
15727,1540,737,1
15728,10544,230,1
15729,8718,52,0
15730,1931,0,0
15731,3247,17,0
15732,13354,32,0
15733,6706,34,0
15734,13142,42,0
15735,1195,483,0
15736,7657,1453,0
15737,12943,216,0
15738,1792,3,0
15739,6828,67,0
15740,5033,150,1
15741,10401,3,0
15742,10375,39,0
15743,12536,221,0
15744,7617,699,0
15745,13076,3,0
15746,6613,1170,1
15747,3148,964,1
15748,849,375,0
15749,9618,6,1
15750,873,48,0
15751,5178,1211,0
15752,4934,52,0
15753,7838,126,1
15754,1842,126,1
15755,7346,48,0
15756,5815,37,0
15757,6019,0,0
15758,7722,52,0
15759,975,228,1
15760,13015,82,1
15761,49,545,1
15762,2409,770,0
15763,9284,77,0
15764,5965,219,1
15765,13652,741,1
15766,5684,1198,0
15767,5296,17,0
15768,6360,18,0
15769,6239,734,0
15770,5587,576,0
15771,6223,18,0
15772,1624,17,0
15773,1347,25,0
15774,13967,607,1
15775,7018,214,0
15776,2907,160,1
15777,7166,189,1
15778,623,476,0
15779,10648,176,1
15780,4210,1591,0
15781,7872,3,0
15782,475,2066,0
15783,268,100,0
15784,14478,2609,0
15785,5688,77,0
15786,3863,272,1
15787,14361,104,1
15788,12608,77,0
15789,943,1807,0
15790,385,38,0
15791,2331,1539,0
15792,1251,220,1
15793,2053,584,0
15794,5489,613,1
15795,12266,53,1
15796,9156,101,0
15797,10704,86,0
15798,3124,25,0
15799,1688,3,0
15800,8348,877,0
15801,2391,37,0
15802,12788,39,1
15803,7964,515,0
15804,5642,35,1
15805,9310,1712,0
15806,264,19,0
15807,686,359,0
15808,612,86,0
15809,5759,231,0
15810,8627,42,0
15811,10800,242,0
15812,7055,200,0
15813,6639,148,0
15814,9752,57,1
15815,6636,18,0
15816,3556,204,0
15817,5643,52,0
15818,8163,546,1
15819,2823,682,1
15820,481,1146,1
15821,8985,908,0
15822,1858,95,0
15823,1475,32,0
15824,4570,48,0
15825,5244,48,0
15826,6345,77,1
15827,8643,22,1
15828,6711,52,0
15829,9577,109,1
15830,13515,79,0
15831,10604,100,1
15832,10491,77,0
15833,5854,654,1
15834,826,64,1
15835,5438,126,1
15836,7127,306,0
15837,9249,40,1
15838,5873,228,1
15839,1830,794,1
15840,14209,1113,0
15841,11370,86,1
15842,433,263,1
15843,943,952,1
15844,2780,187,0
15845,11256,518,0
15846,9988,1021,1
15847,7954,1417,0
15848,8631,34,0
15849,6981,344,0
15850,5727,204,0
15851,13786,37,0
15852,5061,364,1
15853,14222,102,0
15854,227,159,0
15855,11727,2021,0
15856,7376,0,0
15857,2355,978,1
15858,8409,1883,0
15859,2201,77,0
15860,1359,1438,0
15861,465,775,0
15862,10376,100,1
15863,162,118,0
15864,2540,1114,1
15865,8852,487,0
15866,10037,501,0
15867,371,1,0
15868,7282,429,0
15869,271,17,1
15870,468,77,0
15871,1756,402,1
15872,1243,35,1
15873,8168,3,0
15874,11216,211,1
15875,916,1380,1
15876,7665,26,0
15877,11637,126,1
15878,10229,85,1
15879,14071,37,0
15880,10840,42,0
15881,7407,399,0
15882,1099,137,0
15883,8429,204,0
15884,2017,100,1
15885,12075,94,0
15886,1311,1723,0
15887,7407,265,0
15888,1431,104,1
15889,4784,223,0
15890,286,0,0
15891,6598,196,0
15892,4362,9,1
15893,6478,89,1
15894,12442,34,1
15895,230,286,0
15896,9399,126,1
15897,2942,1317,0
15898,6207,318,0
15899,2588,833,1
15900,13549,1306,1
15901,13762,32,0
15902,4945,58,1
15903,13139,1554,1
15904,7368,11,0
15905,1931,17,0
15906,5996,18,1
15907,8921,698,0
15908,438,4,0
15909,4217,969,1
15910,10527,230,1
15911,5596,274,0
15912,1484,1564,0
15913,8182,256,1
15914,12114,91,1
15915,9450,243,1
15916,1460,49,0
15917,5609,163,0
15918,8337,326,0
15919,8139,3,0
15920,6086,37,0
15921,2866,271,0
15922,9532,440,1
15923,6305,155,1
15924,11621,17,0
15925,6689,1172,0
15926,10495,35,1
15927,3187,42,0
15928,10271,68,0
15929,9559,52,0
15930,2674,588,1
15931,2202,275,0
15932,2450,3,0
15933,13657,908,0
15934,6638,17,0
15935,14547,445,0
15936,5467,18,0
15937,4622,2018,0
15938,13967,202,0
15939,6912,3,0
15940,2613,41,0
15941,7388,18,0
15942,10984,52,0
15943,908,142,0
15944,6526,77,0
15945,9988,1071,1
15946,5540,1230,1
15947,12891,2585,0
15948,45,126,1
15949,2379,741,1
15950,7764,119,0
15951,1592,254,0
15952,14277,951,1
15953,13594,126,1
15954,7141,405,0
15955,8412,260,1
15956,5656,41,0
15957,7874,67,1
15958,7456,1890,0
15959,4976,429,1
15960,12797,126,1
15961,2679,229,1
15962,6138,82,1
15963,6903,901,1
15964,9340,219,1
15965,160,3,0
15966,7569,102,0
15967,11644,17,0
15968,3875,3,0
15969,12785,18,0
15970,10176,219,1
15971,14323,18,0
15972,3750,4,0
15973,14533,1011,1
15974,1506,188,0
15975,6997,67,1
15976,1758,1270,0
15977,1873,0,0
15978,6115,3,0
15979,9290,49,1
15980,2729,39,0
15981,1518,1974,0
15982,2840,399,0
15983,11747,60,0
15984,2313,779,1
15985,8002,701,0
15986,5370,517,1
15987,4975,129,1
15988,14378,167,1
15989,1102,959,0
15990,9757,42,0
15991,11539,550,0
15992,9529,410,1
15993,5638,223,0
15994,6492,0,0
15995,5947,219,1
15996,2164,32,0
15997,14121,148,1
15998,6130,40,1
15999,465,319,1
16000,11458,551,1
16001,5874,176,0
16002,2401,169,1
16003,10366,214,0
16004,1821,322,0
16005,4503,992,0
16006,11385,17,0
16007,1366,49,0
16008,4621,450,1
16009,10425,400,1
16010,3053,37,0
16011,14549,589,1
16012,181,2478,1
16013,1331,18,1
16014,1225,200,0
16015,5376,18,0
16016,2690,849,0
16017,7627,944,0
16018,8625,344,0
16019,5466,785,0
16020,13586,32,0
16021,3464,1619,0
16022,13137,230,1
16023,105,91,0
16024,659,177,0
16025,5209,1142,0
16026,2981,220,1
16027,8551,804,1
16028,6046,457,0
16029,5311,37,0
16030,38,1154,0
16031,10311,881,0
16032,3022,3,0
16033,8737,109,0
16034,5239,1019,1
16035,2224,17,0
16036,2581,17,0
16037,48,2037,0
16038,2368,17,0
16039,13584,126,1
16040,3079,41,0
16041,6032,40,0
16042,5052,362,1
16043,14447,100,1
16044,4072,128,0
16045,12320,263,0
16046,6019,72,1
16047,4349,50,1
16048,29,48,0
16049,8494,67,1
16050,2603,40,1
16051,1624,41,0
16052,3044,1058,0
16053,3178,938,1
16054,12042,1698,0
16055,7287,3,0
16056,2647,42,0
16057,2874,495,0
16058,11011,100,1
16059,1154,26,0
16060,227,869,0
16061,416,267,0
16062,2056,204,0
16063,8338,61,1
16064,10366,440,1
16065,4726,504,1
16066,13370,60,0
16067,1022,587,0
16068,13534,17,0
16069,7566,440,1
16070,9856,6,0
16071,5272,604,1
16072,5074,101,0
16073,3779,3,0
16074,8455,67,1
16075,9485,216,1
16076,5360,242,1
16077,5160,67,1
16078,7076,588,0
16079,5633,495,0
16080,408,1894,0
16081,2432,19,0
16082,1176,524,0
16083,8116,551,0
16084,12496,40,1
16085,13566,52,0
16086,14264,52,0
16087,3095,588,1
16088,14080,1286,1
16089,49,400,0
16090,10152,67,1
16091,2678,125,1
16092,1046,2220,0
16093,7175,17,1
16094,6248,918,0
16095,10730,242,0
16096,1102,95,0
16097,14634,549,1
16098,3730,354,0
16099,11660,109,1
16100,581,208,0
16101,3048,242,0
16102,1440,77,0
16103,606,49,0
16104,6136,18,0
16105,938,19,1
16106,12862,402,1
16107,6205,315,1
16108,8030,670,0
16109,3973,224,1
16110,8138,0,0
16111,7128,34,1
16112,111,16,0
16113,2560,43,0
16114,7324,353,0
16115,6910,357,0
16116,10785,91,0
16117,1009,485,0
16118,3385,1346,1
16119,3926,108,0
16120,2314,329,0
16121,4488,852,0
16122,10722,710,1
16123,3308,277,1
16124,13992,143,1
16125,12885,73,1
16126,6917,109,1
16127,12779,148,1
16128,766,728,0
16129,13272,18,0
16130,14454,192,1
16131,11349,102,0
16132,1436,601,0
16133,268,978,0
16134,6835,220,0
16135,7561,0,0
16136,8258,365,0
16137,2010,48,0
16138,2542,478,1
16139,13136,77,0
16140,12202,501,0
16141,344,109,1
16142,7576,17,0
16143,13206,214,0
16144,3464,404,1
16145,2259,414,1
16146,532,1771,0
16147,6575,39,0
16148,13273,108,0
16149,13190,334,1
16150,9395,170,1
16151,2975,0,0
16152,1336,2101,1
16153,8600,246,0
16154,6537,1211,1
16155,9600,229,1
16156,7396,219,1
16157,3769,204,0
16158,1307,0,0
16159,4319,223,0
16160,5540,1,0
16161,4111,170,1
16162,10454,166,1
16163,455,891,0
16164,9403,716,1
16165,4713,42,0
16166,6490,67,1
16167,10288,231,0
16168,11205,67,1
16169,3463,402,0
16170,2939,149,0
16171,1548,978,0
16172,6013,34,0
16173,2415,799,0
16174,4932,0,0
16175,9856,81,1
16176,13703,626,1
16177,3525,34,1
16178,9438,1023,0
16179,8731,1708,0
16180,12453,102,0
16181,6900,119,0
16182,9969,1103,0
16183,10565,0,0
16184,13759,42,0
16185,12382,425,1
16186,2138,320,1
16187,11212,58,1
16188,5211,539,0
16189,4067,588,0
16190,2035,329,0
16191,2998,1246,0
16192,2913,3,0
16193,1556,269,1
16194,12632,201,0
16195,1753,109,0
16196,3755,269,1
16197,5668,100,1
16198,8675,67,1
16199,14045,60,0
16200,9373,137,0
16201,4947,490,0
16202,13478,211,1
16203,1841,699,1
16204,4503,1023,0
16205,3579,992,1
16206,10008,908,0
16207,833,41,0
16208,4092,52,0
16209,2415,157,0
16210,1121,7,0
16211,14500,77,0
16212,13330,431,1
16213,13238,405,0
16214,7025,51,1
16215,12069,0,0
16216,1837,926,1
16217,13240,1474,0
16218,4223,232,1
16219,11,34,1
16220,9287,716,1
16221,6128,100,1
16222,1765,101,0
16223,10380,374,0
16224,8253,40,1
16225,8214,1760,1
16226,12020,67,1
16227,566,1338,0
16228,5879,1011,1
16229,10320,172,0
16230,6384,750,0
16231,198,778,1
16232,4574,102,0
16233,7688,1683,1
16234,3221,3,0
16235,13634,1786,0
16236,9179,0,0
16237,1771,1590,1
16238,15,277,1
16239,5417,549,1
16240,1661,2110,0
16241,1284,3,0
16242,10991,106,1
16243,8469,242,0
16244,5313,1493,0
16245,4111,148,1
16246,8223,588,1
16247,11667,116,0
16248,5,235,1
16249,9498,67,1
16250,13943,846,1
16251,7051,3,0
16252,2280,41,0
16253,5234,17,0
16254,4780,231,0
16255,7101,37,0
16256,4527,0,0
16257,5795,794,0
16258,6695,76,0
16259,13401,18,0
16260,9572,429,1
16261,8651,77,0
16262,1181,402,0
16263,13326,35,1
16264,3667,7,0
16265,2341,196,0
16266,9881,442,0
16267,12831,402,0
16268,458,5,0
16269,14511,831,1
16270,3437,685,1
16271,8237,365,0
16272,8030,1407,0
16273,3550,540,1
16274,2353,1536,0
16275,1366,447,1
16276,468,279,1
16277,4614,558,1
16278,5274,79,0
16279,1634,615,0
16280,451,77,0
16281,6809,17,0
16282,1428,97,1
16283,2393,405,1
16284,3732,100,0
16285,3386,74,1
16286,49,428,0
16287,6712,874,0
16288,4649,42,0
16289,13668,77,0
16290,8236,41,1
16291,1190,615,0
16292,3851,52,0
16293,7878,54,0
16294,907,334,0
16295,11755,52,0
16296,12093,370,1
16297,8775,2277,1
16298,10168,216,0
16299,3210,67,1
16300,5278,859,0
16301,481,49,1
16302,13472,57,1
16303,10507,67,1
16304,1558,666,1
16305,9236,104,1
16306,6215,598,0
16307,13591,61,1
16308,1542,460,0
16309,1870,402,0
16310,7892,546,1
16311,9858,17,0
16312,6051,7,0
16313,6989,67,1
16314,863,1599,0
16315,268,1011,1
16316,1395,517,1
16317,12634,39,1
16318,4840,52,0
16319,8160,201,0
16320,14102,1277,1
16321,4122,48,0
16322,5821,39,0
16323,2576,1051,1
16324,267,122,1
16325,14412,37,1
16326,12926,95,1
16327,3544,17,0
16328,12493,105,1
16329,5295,18,0
16330,12551,1581,0
16331,4272,55,1
16332,3886,293,1
16333,4962,269,1
16334,408,2090,1
16335,6071,163,1
16336,13848,11,0
16337,6170,252,1
16338,11125,142,0
16339,8421,719,0
16340,7795,140,0
16341,672,37,0
16342,1181,447,1
16343,622,0,0
16344,10145,1515,1
16345,3809,17,0
16346,2681,7,0
16347,1424,34,0
16348,10836,77,0
16349,8188,1201,1
16350,1176,266,0
16351,11278,100,1
16352,12411,49,1
16353,6400,94,0
16354,13919,369,1
16355,1376,164,1
16356,14271,178,1
16357,14216,101,0
16358,13571,94,0
16359,7521,18,0
16360,9802,124,1
16361,3230,49,1
16362,13915,813,1
16363,9915,891,0
16364,4990,66,0
16365,3958,3,0
16366,9373,262,1
16367,2024,577,1
16368,7820,89,1
16369,489,101,0
16370,12568,405,1
16371,11198,125,0
16372,9480,478,1
16373,8683,247,1
16374,2679,223,0
16375,1456,39,1
16376,12505,49,1
16377,14570,219,1
16378,10401,0,0
16379,8506,460,0
16380,11137,35,1
16381,13556,402,0
16382,7998,892,1
16383,2892,438,0
16384,12030,100,0
16385,4072,407,0
16386,2256,382,1
16387,3523,24,0
16388,4418,33,0
16389,7407,74,0
16390,4599,405,1
16391,8729,100,1
16392,267,3,0
16393,3132,242,1
16394,6394,49,1
16395,14029,100,1
16396,6209,41,0
16397,11954,405,1
16398,359,771,1
16399,12429,0,0
16400,3396,0,0
16401,13583,35,1
16402,5278,1543,0
16403,12013,447,1
16404,472,129,0
16405,8344,189,1
16406,5563,204,0
16407,6652,35,0
16408,12489,35,1
16409,5114,42,0
16410,807,246,0
16411,7216,485,0
16412,4761,266,1
16413,6160,133,0
16414,6300,83,1
16415,2810,91,0
16416,9709,102,0
16417,3560,149,0
16418,10508,1572,0
16419,3302,68,0
16420,6872,348,0
16421,7877,93,1
16422,1026,926,0
16423,4599,187,1
16424,1961,193,1
16425,13571,256,1
16426,6535,1056,1
16427,13183,176,1
16428,13883,3,0
16429,7466,553,0
16430,10989,0,0
16431,10213,966,0
16432,3740,48,0
16433,4360,609,0
16434,14469,414,1
16435,306,209,1
16436,7462,77,0
16437,6632,77,0
16438,8084,100,1
16439,977,461,0
16440,5152,248,1
16441,5002,1629,1
16442,1369,1248,0
16443,11150,27,0
16444,14238,687,1
16445,10205,189,1
16446,683,19,1
16447,3094,18,0
16448,12866,9,1
16449,6116,32,0
16450,7368,771,0
16451,13177,18,0
16452,6751,1176,0
16453,8941,547,0
16454,9938,77,0
16455,7863,49,1
16456,12291,320,1
16457,3832,17,0
16458,8753,100,0
16459,455,1115,1
16460,1977,621,0
16461,1596,223,0
16462,8078,73,1
16463,49,2250,0
16464,765,62,0
16465,2021,196,0
16466,6177,37,1
16467,2010,269,1
16468,13305,1028,1
16469,8358,40,1
16470,5110,111,0
16471,2042,285,0
16472,4711,220,1
16473,2624,100,1
16474,11722,232,0
16475,693,67,1
16476,14118,297,0
16477,3283,48,0
16478,4138,77,0
16479,8691,959,1
16480,12231,52,0
16481,766,537,1
16482,8589,374,0
16483,14355,237,1
16484,6507,243,0
16485,12659,0,0
16486,6340,56,0
16487,11057,473,1
16488,3348,100,1
16489,721,375,1
16490,12290,48,0
16491,14085,77,0
16492,1095,762,0
16493,245,35,1
16494,14433,68,0
16495,7886,1959,0
16496,2857,834,1
16497,13422,77,0
16498,6577,52,0
16499,11566,67,1
16500,3906,441,0
16501,5369,31,1
16502,1887,193,1
16503,516,181,1
16504,5473,18,0
16505,11213,91,0
16506,13349,86,0
16507,930,1010,0
16508,4760,53,1
16509,9799,314,0
16510,6266,1775,0
16511,12086,165,1
16512,1567,279,1
16513,8100,96,0
16514,5936,260,1
16515,10403,204,0
16516,4393,49,0
16517,557,644,1
16518,11584,440,1
16519,2966,229,0
16520,7260,267,0
16521,6038,204,0
16522,7848,1549,1
16523,1959,1140,0
16524,4725,0,0
16525,4899,3,0
16526,4804,703,1
16527,4885,351,0
16528,13374,22,1
16529,7128,16,1
16530,6945,86,0
16531,7907,77,0
16532,38,616,0
16533,13611,18,0
16534,6468,182,0
16535,7146,815,1
16536,4918,57,1
16537,7557,100,1
16538,10181,98,0
16539,1511,546,0
16540,14560,320,1
16541,776,482,1
16542,1331,100,0
16543,4303,18,0
16544,5534,115,0
16545,13877,204,0
16546,12836,301,1
16547,14240,831,1
16548,11068,198,0
16549,2086,164,1
16550,3509,286,0
16551,4969,26,1
16552,6747,37,0
16553,7527,17,0
16554,5056,99,1
16555,7671,528,1
16556,14628,100,0
16557,6261,1932,0
16558,3600,189,1
16559,3668,1832,1
16560,5248,764,0
16561,6308,77,0
16562,2392,111,0
16563,549,1159,1
16564,12227,202,0
16565,7437,689,0
16566,532,302,0
16567,6103,992,0
16568,1213,49,1
16569,9830,953,1
16570,6396,95,1
16571,1079,254,0
16572,880,91,0
16573,9846,52,0
16574,1975,185,0
16575,11609,214,0
16576,6858,17,0
16577,3171,1141,0
16578,6656,155,0
16579,1082,1213,1
16580,746,23,0
16581,8348,112,1
16582,2235,129,1
16583,8680,274,0
16584,7136,48,0
16585,1162,101,0
16586,6875,200,0
16587,6859,54,0
16588,371,111,0
16589,14549,1312,0
16590,920,204,0
16591,3385,1800,0
16592,1858,212,1
16593,13715,17,0
16594,11087,1407,1
16595,6824,242,1
16596,10262,1158,0
16597,5021,371,1
16598,708,0,0
16599,12375,369,1
16600,7010,1172,1
16601,1767,439,0
16602,4560,125,1
16603,3045,1407,0
16604,14604,126,1
16605,1602,3,0
16606,14068,196,0
16607,1932,7,0
16608,801,31,1
16609,1568,16,0
16610,12162,14,0
16611,7091,49,1
16612,6923,67,1
16613,3526,231,0
16614,12170,126,1
16615,886,365,0
16616,3650,17,0
16617,458,208,0
16618,282,148,1
16619,3701,407,1
16620,12754,370,1
16621,1073,206,1
16622,3084,812,0
16623,7254,709,0
16624,839,129,0
16625,1488,805,1
16626,322,51,1
16627,8642,126,1
16628,11496,100,1
16629,242,654,0
16630,14091,39,1
16631,4616,1758,0
16632,429,220,0
16633,1490,883,1
16634,1962,440,0
16635,7741,128,0
16636,12453,148,1
16637,1205,1311,1
16638,14592,37,1
16639,6611,262,1
16640,4447,3,0
16641,10696,301,1
16642,14373,200,0
16643,4622,448,0
16644,5783,3,0
16645,13516,41,0
16646,4842,266,0
16647,13934,494,0
16648,12851,42,0
16649,13155,3,0
16650,8196,100,1
16651,2229,126,1
16652,3676,212,0
16653,13640,17,0
16654,549,2395,1
16655,3587,101,0
16656,1536,188,0
16657,1984,1,0
16658,8654,18,0
16659,6791,128,0
16660,14122,1555,0
16661,889,208,1
16662,6383,220,1
16663,6672,77,0
16664,3199,1272,1
16665,5000,404,1
16666,3249,771,0
16667,4013,42,0
16668,1103,813,1
16669,10915,34,1
16670,6320,242,0
16671,8949,100,1
16672,3703,227,0
16673,1225,440,1
16674,10735,257,1
16675,10617,7,0
16676,1486,47,1
16677,1568,736,0
16678,755,25,0
16679,5349,1629,1
16680,9569,269,0
16681,5466,944,1
16682,6818,491,0
16683,9244,504,1
16684,14400,455,0
16685,2460,243,1
16686,4122,17,0
16687,4235,254,0
16688,4150,17,0
16689,5029,93,1
16690,6619,195,0
16691,14194,196,0
16692,6392,771,1
16693,7517,19,1
16694,7843,18,0
16695,12985,495,0
16696,10947,1370,1
16697,658,1494,0
16698,3797,588,0
16699,9151,1079,0
16700,637,149,0
16701,1938,369,1
16702,371,223,0
16703,2776,77,0
16704,480,1067,1
16705,13904,19,0
16706,2511,624,0
16707,11446,17,0
16708,11553,3,0
16709,9230,77,0
16710,5362,233,1
16711,10060,39,1
16712,7706,794,0
16713,3618,376,0
16714,10400,35,1
16715,2280,3,0
16716,1351,212,1
16717,6966,735,1
16718,4607,49,1
16719,7943,89,1
16720,3441,40,1
16721,4211,98,1
16722,10606,18,0
16723,1683,457,1
16724,3139,125,0
16725,4393,446,0
16726,7711,100,1
16727,8305,128,0
16728,7050,102,0
16729,4624,41,0
16730,9104,170,1
16731,10685,95,1
16732,355,314,1
16733,8982,91,0
16734,3486,1667,1
16735,11133,758,0
16736,12769,813,1
16737,8515,43,1
16738,2535,149,0
16739,1557,243,1
16740,13838,181,0
16741,7229,17,0
16742,5203,207,1
16743,49,1222,0
16744,6924,256,0
16745,11155,204,0
16746,53,1352,1
16747,3149,99,1
16748,5245,849,0
16749,4849,42,0
16750,11893,60,0
16751,1301,2123,0
16752,3943,3,0
16753,11008,7,0
16754,8789,224,1
16755,5791,243,1
16756,13243,1557,1
16757,6969,243,1
16758,3449,7,0
16759,1648,407,1
16760,12948,86,0
16761,6022,7,0
16762,1118,19,1
16763,5635,277,1
16764,13920,472,1
16765,3870,937,1
16766,123,48,0
16767,8279,229,1
16768,3847,230,1
16769,1088,1856,1
16770,6978,1177,1
16771,625,204,0
16772,12263,947,1
16773,2106,402,1
16774,10195,269,0
16775,1695,878,0
16776,12398,532,1
16777,2475,133,0
16778,5064,77,0
16779,10096,1370,1
16780,11916,204,0
16781,12541,487,0
16782,5946,26,0
16783,1270,242,1
16784,13761,17,0
16785,1479,260,0
16786,9095,78,1
16787,5359,481,0
16788,10420,3,0
16789,717,462,0
16790,12745,873,0
16791,23,77,0
16792,5065,1,0
16793,13458,368,0
16794,884,219,1
16795,10339,361,0
16796,2879,813,1
16797,1220,1,0
16798,11956,42,0
16799,6740,235,1
16800,421,334,1
16801,689,320,0
16802,3917,634,0
16803,13918,182,0
16804,1887,1161,0
16805,10619,49,1
16806,6028,467,0
16807,14166,343,1
16808,1950,479,1
16809,3555,620,1
16810,13639,189,1
16811,1861,1346,0
16812,6698,189,1
16813,3856,93,1
16814,5086,518,0
16815,2656,135,1
16816,1999,19,0
16817,8366,675,1
16818,5807,438,1
16819,8105,730,0
16820,9,443,0
16821,5204,140,0
16822,7599,906,0
16823,2713,835,0
16824,8044,134,1
16825,14330,8,1
16826,7895,22,0
16827,1201,964,1
16828,801,404,0
16829,5278,1109,0
16830,7439,2123,0
16831,13626,626,0
16832,12847,405,0
16833,755,1,0
16834,11913,46,1
16835,2324,2270,0
16836,6874,2046,0
16837,8206,128,0
16838,151,111,0
16839,10985,55,1
16840,937,1815,1
16841,11103,2188,0
16842,14588,119,0
16843,1823,1158,0
16844,12272,77,0
16845,7062,533,0
16846,6348,77,0
16847,8454,67,1
16848,11554,102,0
16849,4580,269,1
16850,5811,52,0
16851,2014,824,0
16852,14591,18,0
16853,8714,25,0
16854,2651,119,0
16855,2110,1198,0
16856,3123,77,0
16857,1408,1851,1
16858,7632,34,0
16859,8174,77,0
16860,5485,1079,0
16861,12101,210,1
16862,10125,40,1
16863,1350,32,0
16864,5032,711,1
16865,6821,22,0
16866,1952,48,0
16867,6451,90,1
16868,742,87,1
16869,2392,1312,0
16870,11922,126,1
16871,2634,220,1
16872,13754,607,1
16873,13624,18,0
16874,1276,351,0
16875,4546,836,0
16876,1069,269,1
16877,1395,351,0
16878,12232,47,1
16879,7431,1392,0
16880,6470,657,1
16881,6954,1095,1
16882,10693,126,1
16883,14617,242,1
16884,943,667,0
16885,10327,3,0
16886,13538,128,0
16887,9619,471,0
16888,801,400,1
16889,1074,230,1
16890,12009,39,1
16891,9716,785,0
16892,1893,327,1
16893,3059,1997,0
16894,13420,288,0
16895,273,1409,0
16896,3244,155,0
16897,4688,3,0
16898,9483,0,0
16899,13452,77,0
16900,1018,4,0
16901,13103,859,0
16902,7327,0,0
16903,2084,149,0
16904,9648,214,0
16905,6697,39,1
16906,13544,40,1
16907,8930,35,1
16908,1596,1038,1
16909,3374,405,0
16910,12194,512,1
16911,11909,1045,1
16912,7520,243,0
16913,6907,32,0
16914,4942,1176,0
16915,6498,0,0
16916,9703,160,1
16917,7513,286,0
16918,5980,514,0
16919,2037,25,0
16920,6757,181,1
16921,2128,56,0
16922,4643,160,1
16923,3930,518,0
16924,5908,1349,1
16925,7844,147,0
16926,4694,1779,1
16927,12704,0,0
16928,1737,51,1
16929,8699,67,1
16930,13084,67,1
16931,14115,17,0
16932,10104,18,0
16933,14602,13,0
16934,5,410,1
16935,3848,965,1
16936,2888,95,0
16937,8688,369,1
16938,3414,129,0
16939,7782,514,0
16940,4403,52,0
16941,1007,242,1
16942,2190,724,0
16943,611,2078,1
16944,365,0,0
16945,6171,53,1
16946,4177,824,1
16947,2614,714,0
16948,2098,41,0
16949,3268,716,0
16950,9588,49,0
16951,6244,126,1
16952,1169,749,0
16953,6322,34,1
16954,6768,407,0
16955,6517,376,0
16956,1322,3,0
16957,12963,705,1
16958,4885,446,1
16959,7098,94,0
16960,5614,1063,1
16961,5039,200,1
16962,6376,51,1
16963,1460,391,1
16964,6356,463,0
16965,11862,20,1
16966,9513,443,1
16967,13492,40,1
16968,4977,283,0
16969,7822,79,0
16970,2339,375,0
16971,12440,445,1
16972,348,428,0
16973,8359,1172,0
16974,4526,1129,0
16975,1468,400,0
16976,3490,330,1
16977,11749,464,1
16978,12109,431,1
16979,5956,693,0
16980,6726,40,1
16981,12960,18,0
16982,6917,149,0
16983,156,994,1
16984,6020,264,1
16985,4323,73,1
16986,3784,288,1
16987,1534,25,0
16988,5365,111,0
16989,3276,42,0
16990,8835,1659,0
16991,11730,0,0
16992,1460,89,0
16993,2429,1,0
16994,6134,102,0
16995,4395,242,1
16996,1359,1791,1
16997,13070,52,0
16998,4512,111,0
16999,7912,77,0
17000,6399,122,1
17001,7805,216,0
17002,14258,2236,0
17003,4932,17,0
17004,4446,441,1
17005,11995,1097,0
17006,2116,278,1
17007,4617,34,1
17008,2209,93,1
17009,226,954,0
17010,8336,131,0
17011,9164,19,1
17012,1215,429,1
17013,417,470,0
17014,1220,556,0
17015,8666,132,0
17016,8531,194,0
17017,11852,86,0
17018,1673,8,1
17019,1898,706,1
17020,2622,228,1
17021,2843,0,0
17022,11687,91,0
17023,355,4,0
17024,4312,1863,1
17025,14127,719,0
17026,1786,24,0
17027,6882,58,0
17028,279,1023,0
17029,12048,3,0
17030,4589,417,0
17031,1240,48,0
17032,3004,220,0
17033,12266,195,0
17034,13829,1132,1
17035,6844,53,1
17036,3148,1525,1
17037,10637,100,1
17038,5725,42,0
17039,4503,88,0
17040,2201,270,1
17041,6451,3,0
17042,7502,231,0
17043,7102,125,1
17044,10209,220,1
17045,871,77,0
17046,886,38,1
17047,5553,1749,1
17048,2999,267,0
17049,675,48,0
17050,4514,18,0
17051,11956,247,1
17052,6091,1278,1
17053,8385,38,0
17054,12427,18,0
17055,126,3,0
17056,7751,626,1
17057,4321,100,1
17058,9255,505,0
17059,7728,166,1
17060,12678,48,0
17061,917,364,1
17062,3955,3,0
17063,7404,196,0
17064,242,460,1
17065,6050,343,1
17066,4941,1259,1
17067,13116,3,0
17068,143,1997,1
17069,2927,920,1
17070,5802,135,1
17071,10871,406,1
17072,10967,86,0
17073,417,1036,1
17074,13189,519,0
17075,960,615,0
17076,3493,20,1
17077,8490,155,1
17078,11221,1114,0
17079,13126,82,1
17080,3671,1007,0
17081,292,562,0
17082,1295,101,0
17083,1556,0,0
17084,3600,3,0
17085,346,247,1
17086,6254,109,1
17087,10877,100,1
17088,13080,613,1
17089,3411,7,0
17090,1798,44,0
17091,4978,573,1
17092,4971,908,0
17093,5672,326,1
17094,3126,39,0
17095,13268,35,1
17096,8183,37,0
17097,6125,3,0
17098,2352,100,1
17099,5200,17,0
17100,8498,2030,0
17101,4187,82,1
17102,2491,90,1
17103,12980,149,0
17104,13971,943,0
17105,1749,587,0
17106,1231,1047,1
17107,13966,128,0
17108,3229,0,0
17109,11228,17,0
17110,9143,25,0
17111,10688,7,0
17112,1797,686,1
17113,9579,517,1
17114,11002,259,1
17115,12395,510,1
17116,6576,267,0
17117,11908,397,1
17118,4992,122,0
17119,11662,1137,0
17120,13605,163,1
17121,5150,77,0
17122,11442,34,1
17123,6435,128,0
17124,2194,52,0
17125,8200,52,0
17126,2505,1,0
17127,10135,994,1
17128,4653,208,0
17129,13976,77,0
17130,3543,77,0
17131,3905,0,0
17132,10672,0,0
17133,9216,77,0
17134,9705,100,1
17135,3565,188,0
17136,5208,43,0
17137,351,228,0
17138,1790,48,0
17139,6771,95,1
17140,7382,120,0
17141,10095,50,1
17142,5218,821,1
17143,1742,160,1
17144,7619,483,0
17145,13146,200,0
17146,10713,46,0
17147,12655,60,0
17148,3879,64,1
17149,4391,142,1
17150,2724,171,1
17151,1069,48,1
17152,11142,1326,0
17153,2964,136,0
17154,13035,25,0
17155,13334,18,0
17156,3801,563,1
17157,9323,1030,1
17158,11155,52,0
17159,3522,17,0
17160,11765,809,0
17161,6286,68,0
17162,1194,17,0
17163,10916,41,0
17164,2428,286,0
17165,6798,281,0
17166,3597,741,1
17167,1173,1931,0
17168,10787,230,1
17169,964,579,1
17170,5065,426,0
17171,6241,48,0
17172,743,1462,0
17173,763,3,0
17174,13692,7,0
17175,1887,88,0
17176,12349,341,0
17177,8508,376,0
17178,5172,234,0
17179,4662,91,0
17180,4823,220,0
17181,9100,16,0
17182,177,5,0
17183,3332,678,0
17184,2335,501,0
17185,425,7,0
17186,2618,450,1
17187,9434,26,1
17188,302,2059,0
17189,27,675,1
17190,8621,134,1
17191,3863,330,0
17192,5367,87,1
17193,1785,1,0
17194,10463,577,1
17195,5661,83,1
17196,8841,200,0
17197,3571,3,0
17198,1495,0,0
17199,1484,754,0
17200,7579,93,1
17201,472,153,0
17202,1509,172,0
17203,5552,171,0
17204,1336,477,0
17205,3670,1778,1
17206,4067,438,1
17207,8375,212,1
17208,1381,601,0
17209,6928,101,0
17210,3854,536,1
17211,13517,39,1
17212,351,440,1
17213,1762,836,1
17214,11142,802,0
17215,14491,501,0
17216,5808,750,1
17217,8874,50,1
17218,10501,86,0
17219,3917,813,1
17220,621,918,0
17221,9792,445,1
17222,14401,86,0
17223,6001,152,0
17224,4935,77,0
17225,2156,159,0
17226,242,483,0
17227,4746,265,0
17228,4621,440,0
17229,4319,314,1
17230,4020,17,1
17231,2375,40,1
17232,13206,43,0
17233,12385,126,1
17234,2245,1943,1
17235,6779,438,1
17236,4505,122,0
17237,9971,149,1
17238,9528,228,1
17239,467,7,0
17240,3060,200,0
17241,13452,49,1
17242,8794,770,1
17243,5203,42,0
17244,6813,397,1
17245,6203,40,1
17246,4642,1145,0
17247,107,824,0
17248,5829,901,1
17249,783,1114,1
17250,12295,204,0
17251,3434,624,0
17252,1001,2003,0
17253,7780,329,0
17254,12115,225,1
17255,493,1136,1
17256,11476,557,0
17257,3849,1012,1
17258,2895,3,0
17259,1343,547,0
17260,6967,48,0
17261,4072,1871,0
17262,13963,23,0
17263,214,429,0
17264,9462,149,0
17265,1644,944,1
17266,14540,15,1
17267,10787,94,0
17268,7390,369,1
17269,5324,0,0
17270,8160,397,1
17271,5509,269,0
17272,8861,1916,0
17273,7448,341,1
17274,1675,154,0
17275,11349,170,1
17276,6873,3,0
17277,6233,35,1
17278,9847,798,1
17279,11343,230,1
17280,3044,158,0
17281,677,356,1
17282,11700,242,1
17283,5662,978,0
17284,10970,735,1
17285,5941,514,0
17286,2834,226,1
17287,7053,100,1
17288,2399,115,0
17289,8570,141,1
17290,216,150,0
17291,13069,978,0
17292,5806,515,0
17293,383,142,1
17294,4204,315,1
17295,11543,95,1
17296,7698,1351,0
17297,6981,1827,1
17298,10172,82,1
17299,4493,126,1
17300,3885,7,1
17301,14357,202,0
17302,8383,0,0
17303,10878,361,0
17304,1537,2245,0
17305,9968,3,0
17306,12895,265,0
17307,8638,109,0
17308,10564,137,0
17309,3023,100,1
17310,1900,1,0
17311,5435,272,1
17312,1634,1149,0
17313,1906,322,0
17314,14517,197,0
17315,1482,100,1
17316,3814,52,0
17317,10685,77,0
17318,1527,109,0
17319,2738,88,0
17320,838,256,0
17321,1301,499,1
17322,4951,361,0
17323,11868,40,1
17324,14049,102,0
17325,6819,100,1
17326,2432,539,0
17327,3521,229,1
17328,7369,86,0
17329,14123,100,0
17330,12151,44,0
17331,10024,343,1
17332,2662,402,1
17333,12911,239,1
17334,8943,211,1
17335,4538,1539,0
17336,724,19,1
17337,6332,1011,1
17338,10171,52,0
17339,7367,38,1
17340,2003,261,0
17341,1123,509,1
17342,13369,37,1
17343,9562,35,1
17344,6517,129,1
17345,10038,47,0
17346,7106,125,1
17347,1089,851,0
17348,200,991,0
17349,950,802,0
17350,6238,143,1
17351,12102,219,1
17352,8843,18,0
17353,9871,1201,1
17354,3264,185,0
17355,4039,41,0
17356,5569,3,0
17357,1833,280,0
17358,1042,65,0
17359,12045,41,0
17360,20,3,0
17361,649,60,0
17362,12834,77,0
17363,2230,574,0
17364,8625,877,0
17365,9763,67,1
17366,2836,215,0
17367,12673,89,0
17368,12172,53,1
17369,7587,155,0
17370,8979,1198,0
17371,10402,35,1
17372,11296,131,0
17373,12291,77,0
17374,12040,137,0
17375,10281,343,1
17376,3414,90,0
17377,8645,19,1
17378,9291,510,1
17379,9988,315,1
17380,14585,3,0
17381,6565,476,0
17382,5357,1,0
17383,13675,762,0
17384,9944,67,1
17385,5201,142,0
17386,10391,1275,1
17387,2621,48,0
17388,20,630,1
17389,9988,592,0
17390,4208,462,1
17391,5670,833,1
17392,2718,162,0
17393,1577,7,0
17394,5065,961,0
17395,827,77,0
17396,5223,0,0
17397,4606,56,0
17398,9806,17,0
17399,13335,2112,0
17400,5660,135,1
17401,8803,412,0
17402,8256,1431,1
17403,7127,497,1
17404,4825,3,0
17405,12157,129,1
17406,11339,343,1
17407,850,265,0
17408,5083,7,0
17409,11367,43,1
17410,647,1017,1
17411,1441,3,0
17412,12341,18,0
17413,11475,109,0
17414,10817,35,1
17415,2920,7,0
17416,5170,204,0
17417,7626,1519,1
17418,5666,440,1
17419,3168,133,0
17420,12481,262,1
17421,6312,346,1
17422,7517,129,0
17423,5698,719,0
17424,11955,143,1
17425,11694,42,0
17426,8428,1099,0
17427,2702,100,1
17428,9497,7,0
17429,305,138,0
17430,11970,770,1
17431,7615,17,0
17432,2326,52,0
17433,12674,163,0
17434,10947,61,0
17435,1686,242,0
17436,10157,219,1
17437,3922,208,0
17438,674,196,0
17439,2499,1411,0
17440,11132,18,0
17441,3890,7,0
17442,14609,77,0
17443,1865,154,0
17444,10000,220,1
17445,2474,1,0
17446,1542,58,0
17447,5113,18,0
17448,7019,365,0
17449,7635,219,1
17450,8042,42,0
17451,1085,4,0
17452,372,223,0
17453,1748,100,1
17454,6663,108,0
17455,4145,40,1
17456,9214,17,0
17457,627,266,0
17458,10080,264,1
17459,480,22,1
17460,91,1304,0
17461,7493,47,1
17462,13959,67,1
17463,7364,35,1
17464,14210,23,0
17465,572,40,1
17466,9695,933,0
17467,3229,17,0
17468,372,1510,0
17469,3155,93,1
17470,5355,77,0
17471,10040,93,0
17472,615,1752,0
17473,11448,148,1
17474,8933,1774,1
17475,4866,91,1
17476,7235,52,0
17477,268,329,0
17478,2633,100,1
17479,1112,8,1
17480,9624,1744,0
17481,7231,77,0
17482,13573,3,0
17483,12591,1004,1
17484,2319,78,0
17485,692,319,1
17486,1038,82,1
17487,685,351,0
17488,6544,1061,0
17489,4922,467,0
17490,5283,34,0
17491,14586,262,1
17492,8735,60,0
17493,8313,100,1
17494,7132,37,0
17495,9964,39,0
17496,397,42,0
17497,5517,86,1
17498,7,81,0
17499,49,1348,0
17500,1597,47,1
17501,5004,518,0
17502,8269,1837,0
17503,4985,7,0
17504,9218,343,1
17505,2731,1198,1
17506,3203,220,1
17507,1810,269,0
17508,9911,836,0
17509,10082,55,0
17510,6930,0,0
17511,2547,834,0
17512,10933,52,0
17513,8925,463,0
17514,2320,249,0
17515,1734,2275,0
17516,7349,3,0
17517,10254,37,0
17518,268,1883,0
17519,9410,77,0
17520,353,242,1
17521,13814,3,0
17522,2696,7,0
17523,4979,476,1
17524,9159,680,1
17525,3854,33,0
17526,9752,86,0
17527,11225,100,1
17528,5577,67,1
17529,12285,533,0
17530,7151,149,0
17531,7910,256,0
17532,6313,1,0
17533,2524,248,1
17534,301,48,0
17535,421,440,0
17536,2457,862,0
17537,11671,992,0
17538,2924,311,0
17539,6425,210,1
17540,358,3,0
17541,4952,226,0
17542,47,32,0
17543,1628,111,0
17544,2412,34,1
17545,6174,246,0
17546,348,402,0
17547,1767,237,1
17548,4410,481,0
17549,7730,67,1
17550,6210,24,0
17551,847,447,0
17552,291,128,0
17553,7750,246,0
17554,1269,360,1
17555,5694,584,0
17556,4619,52,0
17557,8257,91,0
17558,5935,267,0
17559,4049,14,0
17560,13867,50,1
17561,7805,9,1
17562,12977,648,0
17563,2429,25,0
17564,8591,122,1
17565,2319,2571,1
17566,14614,60,0
17567,4668,388,0
17568,10866,148,1
17569,6623,94,1
17570,501,353,0
17571,8923,3,0
17572,9590,557,0
17573,7036,407,0
17574,6498,17,0
17575,29,0,0
17576,8384,40,0
17577,7099,1830,0
17578,8981,163,0
17579,2262,89,1
17580,8957,547,0
17581,3271,66,0
17582,4372,16,1
17583,3355,750,0
17584,709,136,1
17585,3848,1176,0
17586,5411,32,0
17587,14191,402,1
17588,6743,0,0
17589,5976,1728,0
17590,2055,735,1
17591,12233,0,0
17592,10124,1805,1
17593,7848,2241,1
17594,42,48,0
17595,621,48,0
17596,6570,169,1
17597,1903,997,0
17598,6086,52,0
17599,3615,319,1
17600,158,326,0
17601,11289,91,1
17602,3824,113,1
17603,1182,392,0
17604,4047,1142,0
17605,439,0,0
17606,11100,58,1
17607,7088,39,0
17608,258,3,0
17609,659,2336,1
17610,11615,375,0
17611,4840,100,1
17612,1959,1108,0
17613,7423,276,1
17614,9500,18,0
17615,764,181,1
17616,11411,39,1
17617,11160,200,0
17618,7918,27,0
17619,11768,41,0
17620,1008,1572,0
17621,2190,197,0
17622,9921,1030,1
17623,3222,16,1
17624,5574,135,1
17625,11020,77,0
17626,5633,1,0
17627,454,622,0
17628,5840,961,0
17629,12080,888,0
17630,8110,7,0
17631,1870,2314,1
17632,3024,593,0
17633,1313,1479,1
17634,9864,68,0
17635,458,187,0
17636,6251,32,0
17637,6118,39,0
17638,9331,237,0
17639,3703,759,1
17640,12356,125,1
17641,4495,2176,0
17642,431,261,0
17643,8922,126,1
17644,9147,4,0
17645,3797,27,0
17646,2411,3,0
17647,316,40,0
17648,5189,271,1
17649,265,542,1
17650,819,226,1
17651,1602,50,1
17652,4308,412,1
17653,1718,418,0
17654,11157,32,0
17655,5047,369,1
17656,12229,67,1
17657,4706,195,1
17658,4052,644,1
17659,13470,82,1
17660,1755,269,1
17661,2012,285,0
17662,7836,48,0
17663,6259,269,1
17664,1686,33,1
17665,2481,397,1
17666,14228,18,0
17667,11492,546,1
17668,1592,93,1
17669,2445,477,0
17670,11513,100,1
17671,10516,35,1
17672,1647,149,1
17673,10784,99,1
17674,7766,932,1
17675,10744,374,0
17676,113,441,0
17677,49,956,0
17678,822,1453,1
17679,8157,176,1
17680,5869,2000,0
17681,6965,39,1
17682,3936,884,0
17683,13248,1050,0
17684,13376,60,0
17685,6978,1447,1
17686,3861,41,0
17687,10353,67,1
17688,11923,1232,1
17689,5075,224,1
17690,3067,1675,0
17691,11423,52,0
17692,4901,200,0
17693,3757,334,1
17694,9806,818,0
17695,399,0,0
17696,11269,2399,1
17697,1973,262,1
17698,508,844,0
17699,6513,237,0
17700,7752,77,0
17701,9058,13,0
17702,6874,388,0
17703,687,873,0
17704,14339,83,1
17705,3644,113,0
17706,157,165,1
17707,9780,818,0
17708,2015,372,1
17709,253,178,1
17710,2897,565,0
17711,10905,60,0
17712,1880,220,1
17713,319,77,0
17714,1999,539,1
17715,2358,330,1
17716,10568,56,0
17717,14422,100,1
17718,1361,585,1
17719,9639,170,1
17720,12232,77,0
17721,4658,126,1
17722,1763,1109,1
17723,11486,780,0
17724,10583,220,1
17725,12367,1451,1
17726,2125,128,0
17727,57,51,1
17728,7146,1638,0
17729,13361,77,0
17730,11492,361,0
17731,7246,67,1
17732,11304,8,1
17733,10685,400,1
17734,7927,797,1
17735,11564,7,0
17736,779,182,0
17737,1343,546,1
17738,3265,242,1
17739,465,789,0
17740,4493,42,0
17741,2268,776,0
17742,5540,111,0
17743,2552,35,1
17744,1817,569,0
17745,4605,1114,1
17746,3015,61,1
17747,11540,771,0
17748,2399,131,0
17749,387,154,0
17750,11212,7,1
17751,11184,42,0
17752,1466,743,1
17753,11888,100,1
17754,14613,344,1
17755,11285,100,1
17756,1676,675,1
17757,6470,389,1
17758,1668,95,0
17759,8148,365,0
17760,6741,3,0
17761,26,1289,1
17762,2107,103,1
17763,9756,310,0
17764,14149,128,0
17765,8284,259,0
17766,2585,48,0
17767,48,993,0
17768,549,2247,1
17769,6955,176,1
17770,12048,858,1
17771,2637,476,0
17772,2416,48,0
17773,615,2246,0
17774,4983,158,0
17775,10062,126,1
17776,3629,514,1
17777,695,47,1
17778,13899,155,0
17779,2639,77,0
17780,11571,417,0
17781,7579,254,0
17782,9137,91,1
17783,7743,407,0
17784,241,21,0
17785,2753,913,0
17786,2362,15,1
17787,7644,108,0
17788,11394,1198,1
17789,764,539,1
17790,221,67,0
17791,5052,1094,0
17792,12950,52,0
17793,4091,72,1
17794,9187,77,0
17795,11820,344,0
17796,3583,344,1
17797,2326,463,0
17798,12304,1476,1
17799,13359,2212,1
17800,12322,242,1
17801,3594,997,0
17802,14294,82,1
17803,2903,403,0
17804,1014,67,1
17805,5695,1015,0
17806,12572,3,0
17807,5101,488,1
17808,6977,3,0
17809,279,17,0
17810,1652,263,0
17811,553,1740,1
17812,4626,1796,1
17813,13746,196,0
17814,7818,140,0
17815,354,3,0
17816,8141,169,1
17817,12148,53,1
17818,3291,113,0
17819,12087,155,0
17820,3482,46,1
17821,13973,169,1
17822,5424,818,0
17823,11535,142,0
17824,13128,72,0
17825,5624,103,1
17826,842,1138,1
17827,2840,926,1
17828,3288,514,0
17829,5770,197,0
17830,4382,229,1
17831,6511,140,0
17832,3365,273,1
17833,6150,220,0
17834,10230,2421,0
17835,9374,25,0
17836,9995,67,1
17837,2111,743,1
17838,859,0,0
17839,7790,211,1
17840,12452,60,0
17841,1980,235,0
17842,9355,1152,1
17843,7213,193,1
17844,10869,440,1
17845,3550,17,0
17846,7149,3,0
17847,4398,100,0
17848,13726,343,1
17849,5146,1299,1
17850,8035,1151,1
17851,6578,353,0
17852,13085,214,0
17853,6208,348,0
17854,13441,64,1
17855,4670,1948,1
17856,3989,169,1
17857,11964,3,0
17858,11378,126,1
17859,882,0,0
17860,2059,566,0
17861,611,378,0
17862,5303,137,0
17863,6653,149,0
17864,3051,3,0
17865,4548,1594,0
17866,4787,67,1
17867,14052,376,0
17868,7817,67,1
17869,1336,348,1
17870,12070,17,0
17871,2963,402,1
17872,1429,228,1
17873,9762,305,0
17874,8326,19,1
17875,6810,209,1
17876,4251,189,1
17877,9667,200,0
17878,2656,77,0
17879,1411,39,0
17880,863,1877,0
17881,8746,1650,0
17882,5641,815,1
17883,8384,762,0
17884,3878,440,0
17885,2208,5,0
17886,12471,77,0
17887,5442,143,1
17888,13087,3,0
17889,553,89,1
17890,6908,457,0
17891,391,517,1
17892,11320,462,0
17893,1369,507,0
17894,1275,615,1
17895,8960,1016,1
17896,1723,709,1
17897,10149,77,0
17898,7893,228,1
17899,904,1,0
17900,11558,739,1
17901,13196,67,1
17902,3631,158,0
17903,7624,42,0
17904,1162,34,1
17905,3559,41,0
17906,12874,55,1
17907,11448,170,1
17908,10552,264,1
17909,13388,2390,1
17910,7967,39,1
17911,12417,40,1
17912,1721,3,0
17913,13351,67,1
17914,10545,715,1
17915,1029,961,0
17916,6665,0,0
17917,7055,219,1
17918,11016,100,1
17919,762,38,0
17920,7425,22,1
17921,4388,48,0
17922,11074,1591,0
17923,11842,272,1
17924,9444,128,0
17925,386,17,0
17926,11744,219,1
17927,3177,39,0
17928,12495,3,0
17929,472,242,0
17930,12919,417,0
17931,3995,43,0
17932,3085,399,0
17933,7426,41,0
17934,7263,122,1
17935,10708,5,0
17936,4911,456,0
17937,7537,53,1
17938,12678,3,0
17939,10019,64,1
17940,3306,67,1
17941,5244,1131,0
17942,999,3,0
17943,3477,18,0
17944,14059,542,1
17945,661,101,0
17946,12360,43,1
17947,10052,37,0
17948,1018,1014,0
17949,8196,52,0
17950,7316,593,1
17951,14227,37,1
17952,7301,134,1
17953,4549,1211,1
17954,3405,0,0
17955,4584,55,1
17956,2905,18,0
17957,5902,1861,1
17958,7298,405,0
17959,1396,1034,0
17960,4620,530,1
17961,5930,216,1
17962,1137,214,0
17963,8690,743,0
17964,1042,1580,0
17965,11608,1224,0
17966,14512,64,1
17967,11060,344,0
17968,2426,1303,1
17969,362,94,0
17970,9756,831,1
17971,6341,514,0
17972,3282,223,0
17973,4580,169,1
17974,13601,43,1
17975,14236,46,0
17976,13907,50,1
17977,11367,196,0
17978,5607,73,1
17979,2115,0,0
17980,11608,2239,0
17981,9487,74,0
17982,12643,137,0
17983,5590,220,0
17984,6635,67,1
17985,2385,187,0
17986,3827,101,0
17987,2507,823,0
17988,2937,48,0
17989,3001,35,1
17990,13029,18,0
17991,1123,1697,0
17992,42,870,1
17993,12580,189,1
17994,391,17,0
17995,4216,40,1
17996,4098,140,0
17997,6492,17,0
17998,7412,269,1
17999,10582,17,0
18000,8348,287,0
18001,6758,226,0
18002,888,3,0
18003,3650,140,0
18004,7659,0,0
18005,12348,39,1
18006,9274,254,0
18007,969,111,0
18008,10940,102,0
18009,1234,48,0
18010,5697,3,0
18011,290,52,0
18012,8541,1857,1
18013,981,52,0
18014,9390,25,0
18015,9439,204,0
18016,3517,1231,0
18017,7243,243,1
18018,3542,985,0
18019,14439,0,0
18020,2998,938,1
18021,7531,20,1
18022,2878,94,1
18023,14297,94,1
18024,12146,47,1
18025,14132,8,1
18026,2882,1098,0
18027,3817,19,1
18028,5773,21,0
18029,1648,649,1
18030,9743,77,0
18031,1865,62,1
18032,10518,402,1
18033,7677,485,0
18034,8594,807,1
18035,8165,943,1
18036,8775,419,1
18037,659,80,1
18038,10959,831,1
18039,7554,100,0
18040,6978,17,0
18041,806,64,1
18042,1359,323,0
18043,13730,217,1
18044,3008,343,1
18045,1695,1842,0
18046,3806,26,0
18047,9731,2456,0
18048,3406,0,1
18049,2261,77,0
18050,5628,101,0
18051,11995,110,0
18052,13476,100,1
18053,3787,270,1
18054,1355,200,0
18055,3781,318,0
18056,10215,3,0
18057,11673,344,0
18058,12553,941,1
18059,1109,7,1
18060,2614,51,0
18061,13292,797,1
18062,9794,176,1
18063,3990,49,1
18064,8935,977,0
18065,9215,143,0
18066,1594,357,0
18067,10780,3,0
18068,857,25,0
18069,10893,73,0
18070,139,47,0
18071,4548,1837,0
18072,6685,35,1
18073,8435,42,0
18074,7309,18,0
18075,14181,67,1
18076,408,1533,1
18077,5793,514,0
18078,13238,220,1
18079,9546,178,1
18080,8605,485,0
18081,7430,196,0
18082,2230,159,0
18083,4631,91,0
18084,8121,1192,1
18085,6400,371,1
18086,2434,27,1
18087,13320,67,1
18088,6527,23,0
18089,4324,52,0
18090,7875,228,1
18091,1159,35,1
18092,11072,58,1
18093,1651,0,1
18094,11330,39,0
18095,13619,170,1
18096,2625,196,0
18097,1244,2296,1
18098,4557,41,0
18099,6887,1203,1
18100,5679,495,0
18101,5256,440,0
18102,4155,48,0
18103,2824,385,0
18104,5749,219,1
18105,4439,246,0
18106,11235,464,0
18107,7063,247,1
18108,3068,129,0
18109,5336,575,0
18110,4873,13,0
18111,4751,137,0
18112,13024,18,0
18113,10074,7,0
18114,3814,100,1
18115,379,77,0
18116,10565,193,1
18117,4823,214,0
18118,140,102,0
18119,8608,34,0
18120,2872,49,1
18121,6329,440,1
18122,5064,17,0
18123,766,429,0
18124,1895,73,1
18125,8922,42,0
18126,1334,82,1
18127,4254,40,1
18128,947,451,0
18129,2461,318,0
18130,3656,204,0
18131,12155,47,0
18132,8633,72,0
18133,9774,607,1
18134,6268,1359,1
18135,1601,157,0
18136,9866,51,0
18137,12258,109,0
18138,9739,142,0
18139,11275,622,0
18140,6804,38,0
18141,7718,662,0
18142,5192,9,1
18143,4418,49,0
18144,8989,885,1
18145,1600,0,0
18146,7162,369,1
18147,10318,173,1
18148,573,77,0
18149,6254,374,0
18150,2843,60,0
18151,242,2148,1
18152,3469,187,1
18153,11296,189,1
18154,7335,220,0
18155,1331,176,0
18156,1306,7,0
18157,6120,100,1
18158,10686,402,0
18159,6701,206,0
18160,9483,482,1
18161,6992,67,1
18162,14484,103,1
18163,1623,267,0
18164,1812,39,0
18165,9135,18,0
18166,3022,60,1
18167,584,680,1
18168,10310,472,1
18169,904,223,0
18170,1117,3,0
18171,4602,143,1
18172,6273,256,1
18173,534,100,1
18174,304,117,0
18175,10902,42,0
18176,13832,260,0
18177,6047,361,0
18178,407,435,1
18179,5845,102,0
18180,5093,40,1
18181,13265,50,1
18182,4815,137,1
18183,730,804,1
18184,751,232,1
18185,13447,129,1
18186,2603,1,0
18187,13905,68,0
18188,13204,264,1
18189,1085,320,0
18190,4665,3,0
18191,3878,260,0
18192,14008,1882,1
18193,591,17,0
18194,4516,853,0
18195,8996,141,0
18196,11993,35,1
18197,3497,3,0
18198,8761,109,0
18199,11018,402,1
18200,14409,107,1
18201,3033,709,0
18202,3773,443,1
18203,2281,122,0
18204,3277,1227,0
18205,12071,1007,1
18206,581,358,0
18207,1312,374,0
18208,7664,17,1
18209,1085,1074,0
18210,1515,2027,0
18211,188,818,0
18212,10320,77,0
18213,9838,67,1
18214,10699,17,0
18215,13683,67,1
18216,8705,41,0
18217,907,310,1
18218,11430,247,1
18219,178,1778,1
18220,1628,4,0
18221,12502,67,1
18222,1319,60,0
18223,743,1104,0
18224,942,446,0
18225,6940,431,0
18226,2602,926,0
18227,107,121,1
18228,3943,48,0
18229,10484,267,0
18230,9538,148,1
18231,1085,1,0
18232,1307,235,1
18233,9155,170,1
18234,13835,343,1
18235,2941,17,0
18236,416,254,0
18237,4368,343,1
18238,8664,687,1
18239,7037,38,0
18240,3445,279,1
18241,12228,126,1
18242,8354,417,0
18243,8535,129,0
18244,5808,947,1
18245,4633,52,0
18246,14348,473,1
18247,8343,73,1
18248,5814,1064,0
18249,6511,48,0
18250,493,223,0
18251,1457,220,1
18252,3064,189,1
18253,6068,166,1
18254,12038,211,1
18255,11414,216,0
18256,9663,195,1
18257,184,18,0
18258,2010,3,0
18259,4239,270,1
18260,5743,374,0
18261,4437,39,1
18262,7518,52,0
18263,547,155,0
18264,3650,3,0
18265,7266,149,0
18266,11209,39,0
18267,5534,131,0
18268,8250,3,0
18269,8957,246,0
18270,1600,77,0
18271,1661,2150,0
18272,315,0,0
18273,11786,264,1
18274,8982,86,0
18275,1886,77,0
18276,1870,709,1
18277,6038,100,1
18278,1389,402,1
18279,2878,256,0
18280,14393,593,1
18281,1472,0,0
18282,4521,848,0
18283,4369,19,1
18284,7414,235,0
18285,1495,189,1
18286,7655,165,0
18287,13,1434,0
18288,4016,189,1
18289,536,303,1
18290,9370,121,1
18291,2027,126,1
18292,639,56,0
18293,8377,267,0
18294,2770,373,0
18295,13917,56,0
18296,1445,86,1
18297,1102,187,0
18298,3091,39,1
18299,7464,48,0
18300,11952,533,0
18301,8586,3,0
18302,9489,17,0
18303,2559,110,0
18304,5600,978,0
18305,6709,109,0
18306,5577,18,0
18307,8861,2145,1
18308,8422,26,0
18309,4879,954,1
18310,3921,142,0
18311,13536,7,0
18312,11135,15,0
18313,11706,16,1
18314,9141,3,0
18315,1240,77,0
18316,49,1704,1
18317,55,49,1
18318,12736,32,0
18319,8338,653,1
18320,4717,54,1
18321,5208,33,0
18322,1107,40,1
18323,1209,40,1
18324,719,348,1
18325,4739,447,0
18326,7133,402,0
18327,7941,135,1
18328,9569,169,1
18329,12310,248,1
18330,5057,473,0
18331,2597,402,1
18332,1828,18,0
18333,1175,933,0
18334,48,167,0
18335,8175,1138,1
18336,11374,267,0
18337,5528,3,0
18338,10260,382,0
18339,2119,19,1
18340,5975,197,1
18341,13408,579,1
18342,1619,769,1
18343,11008,39,1
18344,13466,17,0
18345,4126,442,0
18346,49,2583,0
18347,4075,220,0
18348,2053,80,1
18349,6609,204,0
18350,13152,314,0
18351,13505,445,1
18352,6548,7,0
18353,8041,52,0
18354,14015,8,1
18355,405,57,0
18356,11476,242,0
18357,3832,220,1
18358,13076,2356,1
18359,12671,68,0
18360,6322,101,0
18361,5840,287,0
18362,2762,160,1
18363,1973,137,0
18364,7940,743,0
18365,665,1584,0
18366,13413,297,0
18367,3559,64,1
18368,5029,248,1
18369,3655,34,1
18370,3486,699,0
18371,3490,1053,0
18372,4340,197,0
18373,12557,220,0
18374,11176,1943,1
18375,8615,110,0
18376,11783,0,0
18377,4411,58,0
18378,1066,82,1
18379,7464,520,1
18380,1090,696,0
18381,7260,93,1
18382,4583,542,0
18383,3035,165,1
18384,4390,439,0
18385,1658,390,0
18386,10860,242,1
18387,1478,34,0
18388,14162,196,0
18389,7392,188,0
18390,2316,111,0
18391,13314,1470,0
18392,1892,77,0
18393,2864,109,1
18394,7407,557,0
18395,4959,1125,0
18396,3996,551,1
18397,3253,952,1
18398,472,1086,1
18399,11749,225,1
18400,11894,1512,1
18401,4932,78,1
18402,8531,435,0
18403,2440,697,0
18404,7540,3,0
18405,12849,732,1
18406,10746,634,0
18407,320,375,0
18408,4090,3,0
18409,3264,631,0
18410,12770,23,0
18411,2449,188,1
18412,8259,658,0
18413,8677,1299,0
18414,9855,106,1
18415,12542,320,1
18416,7328,77,0
18417,12881,1259,1
18418,5973,3,0
18419,5561,109,0
18420,9063,103,1
18421,9684,2396,0
18422,4677,3,0
18423,2574,831,1
18424,4344,77,0
18425,49,991,0
18426,14076,18,0
18427,1081,100,1
18428,2296,374,0
18429,1334,482,1
18430,10099,73,1
18431,1939,37,0
18432,9753,187,0
18433,8519,39,0
18434,10492,47,1
18435,9726,1756,1
18436,2208,446,0
18437,13891,460,0
18438,686,402,0
18439,2912,435,1
18440,10016,102,0
18441,12469,3,0
18442,4016,543,0
18443,5642,39,1
18444,8259,425,1
18445,614,48,0
18446,1337,0,0
18447,4481,18,0
18448,472,200,0
18449,3408,514,1
18450,6551,196,0
18451,14044,77,0
18452,5018,926,0
18453,9770,204,0
18454,10687,17,0
18455,220,266,0
18456,3484,100,1
18457,5480,0,0
18458,2816,546,1
18459,1440,172,1
18460,6059,41,0
18461,10249,115,0
18462,5905,562,0
18463,11312,17,0
18464,6272,1893,0
18465,3817,90,1
18466,618,141,1
18467,8653,259,1
18468,2327,18,0
18469,12885,18,0
18470,847,419,1
18471,3040,100,1
18472,11797,462,1
18473,345,15,1
18474,6024,82,1
18475,1807,266,0
18476,3356,35,1
18477,7611,2080,0
18478,1089,345,0
18479,5112,475,0
18480,6794,41,0
18481,2299,778,1
18482,4536,514,1
18483,7823,110,0
18484,9542,3,0
18485,5025,3,0
18486,794,364,1
18487,11358,459,0
18488,4274,68,0
18489,6509,41,0
18490,302,0,0
18491,4757,473,1
18492,710,100,0
18493,9067,52,0
18494,3002,399,0
18495,12457,25,0
18496,863,1644,0
18497,7876,149,0
18498,4970,73,1
18499,3180,546,1
18500,1886,259,1
18501,6601,176,1
18502,517,298,0
18503,8212,741,1
18504,6826,126,1
18505,2617,7,0
18506,6520,17,0
18507,12099,35,1
18508,421,7,0
18509,3741,7,0
18510,6702,220,1
18511,10751,67,1
18512,2860,181,0
18513,10418,100,1
18514,1579,371,1
18515,2639,0,0
18516,11049,55,1
18517,12323,790,1
18518,8928,204,0
18519,544,48,0
18520,11926,51,0
18521,6208,750,1
18522,6801,18,0
18523,155,17,0
18524,272,543,0
18525,14133,343,1
18526,79,182,1
18527,11421,546,1
18528,2950,40,1
18529,1803,104,1
18530,269,402,0
18531,3044,698,0
18532,6182,137,0
18533,3981,18,0
18534,4819,196,0
18535,5623,41,0
18536,2806,37,0
18537,1997,400,1
18538,11113,873,0
18539,12590,18,0
18540,10928,699,0
18541,12275,67,1
18542,2289,3,0
18543,2202,715,1
18544,1240,3,0
18545,771,1283,1
18546,11906,0,0
18547,8360,7,0
18548,194,17,0
18549,2026,1390,1
18550,2591,17,0
18551,7507,460,0
18552,2774,48,0
18553,5489,2605,1
18554,312,77,0
18555,1301,1442,0
18556,68,38,1
18557,7787,34,0
18558,9586,3,0
18559,13287,343,1
18560,9417,400,1
18561,7128,457,0
18562,1351,95,0
18563,2888,220,0
18564,8431,170,1
18565,2372,39,0
18566,8900,153,1
18567,6735,16,0
18568,8381,48,0
18569,2756,3,0
18570,14618,40,1
18571,49,455,0
18572,6240,204,0
18573,13729,419,1
18574,12348,7,0
18575,4343,244,0
18576,7320,361,1
18577,510,563,1
18578,1215,374,0
18579,9905,128,0
18580,8296,813,1
18581,4028,204,0
18582,6908,1071,1
18583,8637,271,1
18584,11300,200,0
18585,10422,54,0
18586,5065,25,0
18587,4557,242,1
18588,2177,48,0
18589,9409,685,0
18590,8244,60,0
18591,2104,40,1
18592,3571,38,1
18593,109,77,0
18594,6375,32,0
18595,3523,374,0
18596,13609,2405,1
18597,8169,311,0
18598,150,110,0
18599,6159,3,0
18600,4296,0,0
18601,2556,31,1
18602,267,663,0
18603,10700,77,0
18604,10191,1841,0
18605,3312,52,0
18606,5412,17,0
18607,6797,18,0
18608,4847,77,0
18609,8162,0,0
18610,447,18,0
18611,9967,67,1
18612,2278,15,1
18613,368,233,1
18614,4997,320,0
18615,11493,204,0
18616,11001,39,0
18617,42,47,1
18618,9834,485,0
18619,2940,50,1
18620,4875,1445,0
18621,3003,17,0
18622,5161,220,1
18623,1997,95,0
18624,1301,99,0
18625,2998,486,0
18626,2716,100,0
18627,653,2043,1
18628,10113,204,0
18629,8670,883,0
18630,13625,40,1
18631,1695,919,0
18632,5554,100,1
18633,9711,200,0
18634,2178,877,0
18635,11950,185,0
18636,12525,35,1
18637,452,198,0
18638,1815,184,1
18639,9049,53,1
18640,7441,7,0
18641,252,214,0
18642,8832,26,0
18643,7715,73,1
18644,12176,77,0
18645,5849,91,1
18646,9790,1019,0
18647,1870,278,0
18648,11557,212,0
18649,1786,109,1
18650,6210,109,1
18651,7552,497,1
18652,9159,2091,0
18653,5952,237,1
18654,11333,32,0
18655,9231,310,1
18656,585,327,1
18657,5438,42,0
18658,12899,3,0
18659,243,149,0
18660,9463,855,0
18661,2016,60,0
18662,7678,1293,1
18663,11416,52,0
18664,3393,42,0
18665,8147,37,1
18666,2503,235,0
18667,8345,35,1
18668,6688,343,0
18669,4702,196,0
18670,4789,100,1
18671,4977,49,1
18672,797,41,0
18673,11670,42,0
18674,8021,429,0
18675,12908,18,0
18676,481,1781,1
18677,3646,1474,1
18678,6244,42,0
18679,1230,58,1
18680,1018,87,1
18681,10152,18,0
18682,2006,7,0
18683,2824,879,1
18684,4397,134,1
18685,1317,1663,1
18686,7082,583,0
18687,13889,464,1
18688,8828,310,0
18689,6248,204,0
18690,1591,304,1
18691,943,1256,0
18692,9438,0,0
18693,3551,35,1
18694,12896,231,0
18695,2246,43,0
18696,9973,133,0
18697,6520,3,0
18698,363,101,1
18699,1728,287,1
18700,8332,1604,1
18701,3287,39,1
18702,2837,386,0
18703,10334,140,1
18704,7637,86,0
18705,2658,35,1
18706,19,67,1
18707,4197,320,1
18708,6139,243,1
18709,2563,3,0
18710,5647,348,1
18711,7748,7,0
18712,1675,875,0
18713,4273,3,0
18714,7844,1619,0
18715,5814,716,0
18716,5694,883,1
18717,3670,127,0
18718,7896,401,1
18719,903,0,0
18720,2817,97,1
18721,13854,57,1
18722,4473,94,1
18723,9282,685,1
18724,942,405,0
18725,13402,798,1
18726,3763,1017,1
18727,9253,397,1
18728,6852,148,1
18729,2588,1299,0
18730,2924,1323,0
18731,9061,589,1
18732,122,95,1
18733,7360,34,1
18734,1600,427,1
18735,49,770,0
18736,4058,74,0
18737,11285,52,0
18738,9932,7,0
18739,4045,52,0
18740,300,7,0
18741,92,76,0
18742,5209,212,1
18743,5415,42,0
18744,11126,109,1
18745,7886,678,0
18746,10879,57,1
18747,3792,100,1
18748,3291,662,0
18749,2842,166,1
18750,11773,64,1
18751,3263,361,1
18752,13693,514,0
18753,545,308,0
18754,10905,818,0
18755,7349,1304,0
18756,9696,204,0
18757,5478,601,0
18758,3580,128,0
18759,13,2208,1
18760,11160,49,1
18761,7429,21,0
18762,2295,35,1
18763,999,0,0
18764,5378,78,0
18765,10186,77,0
18766,3539,0,0
18767,8614,77,0
18768,6302,60,0
18769,205,957,0
18770,13665,39,0
18771,4378,0,0
18772,6587,286,1
18773,9248,1706,0
18774,13903,86,0
18775,834,52,0
18776,457,272,1
18777,4657,19,1
18778,6498,427,1
18779,3019,94,0
18780,2570,35,1
18781,318,1079,0
18782,7709,369,1
18783,11152,242,1
18784,8893,77,0
18785,14441,91,0
18786,9980,7,0
18787,7286,242,0
18788,12089,1079,0
18789,499,588,0
18790,481,95,0
18791,5587,2376,0
18792,314,111,0
18793,6127,762,1
18794,4201,196,0
18795,8878,52,0
18796,8556,3,0
18797,14221,403,1
18798,6051,35,1
18799,7495,200,0
18800,7796,311,0
18801,6141,833,1
18802,5192,143,1
18803,10442,94,0
18804,12412,18,0
18805,10796,41,0
18806,12788,7,0
18807,3911,831,0
18808,2000,797,1
18809,5816,126,1
18810,2915,126,1
18811,4495,584,0
18812,2502,750,1
18813,1385,100,1
18814,3405,1609,1
18815,11293,100,1
18816,5675,38,0
18817,4917,626,1
18818,268,1470,0
18819,1784,74,0
18820,9182,1692,1
18821,4892,7,1
18822,4196,140,0
18823,871,52,0
18824,5307,91,0
18825,14321,689,0
18826,4197,242,0
18827,1563,223,0
18828,2630,7,0
18829,8075,1471,1
18830,49,259,0
18831,7275,944,0
18832,1391,32,0
18833,5038,1000,1
18834,13677,1580,0
18835,981,204,0
18836,157,115,0
18837,12867,19,1
18838,14284,18,0
18839,11664,311,0
18840,4681,74,1
18841,869,223,0
18842,5411,111,0
18843,4616,827,0
18844,10707,341,1
18845,9658,37,0
18846,4393,409,0
18847,4515,223,0
18848,6866,304,1
18849,824,256,1
18850,819,1029,0
18851,2591,41,0
18852,3509,587,0
18853,1310,94,0
18854,8074,666,1
18855,1197,1,0
18856,176,42,0
18857,538,807,1
18858,4520,229,1
18859,8012,5,0
18860,12192,478,1
18861,242,33,1
18862,1350,857,1
18863,2886,106,1
18864,8427,18,0
18865,2383,200,0
18866,3249,527,1
18867,3851,37,0
18868,13023,2200,0
18869,1896,67,1
18870,11071,547,0
18871,2548,941,1
18872,3633,100,0
18873,2789,67,0
18874,1489,654,1
18875,7014,232,1
18876,7914,17,0
18877,5721,1280,0
18878,6181,1380,1
18879,7080,33,0
18880,3897,38,1
18881,6491,1389,0
18882,2285,40,1
18883,6225,408,0
18884,13220,276,0
18885,5430,563,1
18886,3703,1495,0
18887,14214,264,1
18888,2634,48,0
18889,3085,95,0
18890,13286,126,1
18891,10899,0,0
18892,13849,419,1
18893,2768,67,1
18894,5002,827,1
18895,2084,429,1
18896,10901,629,1
18897,5390,66,1
18898,9487,440,0
18899,1469,835,0
18900,1055,311,0
18901,5200,226,0
18902,1460,212,0
18903,6078,37,0
18904,12086,189,1
18905,11720,68,0
18906,2957,495,0
18907,286,3,0
18908,1613,501,0
18909,1750,67,1
18910,2723,100,1
18911,7324,149,0
18912,1724,8,1
18913,1732,373,0
18914,5490,1200,1
18915,840,66,0
18916,545,47,1
18917,288,246,0
18918,1886,25,0
18919,5553,3,0
18920,839,905,0
18921,1,25,0
18922,14523,37,0
18923,13538,473,1
18924,5641,1357,0
18925,1554,397,1
18926,1748,17,0
18927,9713,365,1
18928,6981,940,1
18929,11733,35,1
18930,7779,220,0
18931,8148,187,1
18932,3993,254,0
18933,3085,49,0
18934,2547,982,1
18935,3739,67,1
18936,5767,126,1
18937,581,242,0
18938,8480,503,0
18939,6088,77,0
18940,4673,654,0
18941,721,91,0
18942,2110,158,0
18943,7498,67,1
18944,8087,48,0
18945,1033,18,0
18946,2641,687,1
18947,8439,1131,0
18948,7630,612,0
18949,935,846,1
18950,6151,374,0
18951,7518,62,0
18952,14453,725,0
18953,12671,485,0
18954,192,3,0
18955,2661,3,0
18956,506,293,1
18957,8804,551,0
18958,3583,149,0
18959,3170,219,0
18960,2474,223,0
18961,12367,212,0
18962,11480,442,0
18963,704,242,0
18964,549,551,0
18965,1454,50,1
18966,9350,18,0
18967,3945,2295,0
18968,9574,457,0
18969,11795,771,1
18970,11026,457,0
18971,669,24,0
18972,8509,1397,0
18973,8472,187,1
18974,3426,60,0
18975,9795,35,1
18976,2977,196,0
18977,9777,157,1
18978,13085,43,1
18979,12069,114,1
18980,288,15,1
18981,13044,33,1
18982,10304,1181,1
18983,14319,188,0
18984,2906,330,0
18985,14167,52,0
18986,13594,42,0
18987,2254,102,0
18988,6347,37,1
18989,6208,797,0
18990,234,0,0
18991,2726,37,0
18992,3179,599,1
18993,11893,50,1
18994,6423,235,0
18995,908,223,0
18996,2544,653,1
18997,3669,41,1
18998,1791,783,0
18999,6819,52,0
19000,4827,77,0
19001,3498,374,1
19002,4439,546,1
19003,13229,204,0
19004,195,224,1
19005,2739,694,0
19006,6089,254,0
19007,5997,204,0
19008,2046,697,1
19009,5561,114,1
19010,3222,160,1
19011,4981,1406,1
19012,10159,56,0
19013,8166,514,0
19014,305,128,0
19015,1950,16,1
19016,5571,108,0
19017,900,654,1
19018,685,440,0
19019,12745,374,0
19020,1471,77,0
19021,1718,41,1
19022,2086,41,0
19023,3038,77,0
19024,6147,1563,1
19025,5411,412,0
19026,2529,94,0
19027,2364,402,0
19028,9721,1216,0
19029,14028,142,1
19030,1589,598,0
19031,5521,344,1
19032,8458,67,1
19033,749,2137,0
19034,4932,3,0
19035,13200,369,1
19036,943,2583,0
19037,13625,32,0
19038,5967,49,1
19039,9570,34,1
19040,5541,311,1
19041,1781,795,0
19042,4051,18,0
19043,10760,50,1
19044,7035,361,0
19045,13713,19,0
19046,11826,39,1
19047,7608,77,0
19048,4963,91,1
19049,26,943,1
19050,2926,48,0
19051,7617,1201,0
19052,9071,0,0
19053,2215,276,1
19054,11101,100,1
19055,13677,696,1
19056,13704,442,0
19057,3264,89,0
19058,8903,3,0
19059,12871,129,0
19060,5426,378,0
19061,4722,41,0
19062,4175,3,0
19063,3977,117,0
19064,14094,67,1
19065,2190,17,0
19066,1178,525,1
19067,1382,637,1
19068,2701,95,1
19069,1644,374,0
19070,14603,115,0
19071,4052,2254,1
19072,5502,242,0
19073,2306,329,0
19074,1900,465,1
19075,13322,148,1
19076,9679,501,0
19077,14446,100,1
19078,10625,55,1
19079,6799,38,1
19080,1065,578,0
19081,6210,353,0
19082,11395,216,0
19083,14088,56,0
19084,3954,129,0
19085,9369,348,1
19086,8019,34,0
19087,2520,262,1
19088,9366,197,0
19089,8338,55,1
19090,13168,41,0
19091,2445,1974,0
19092,8983,91,0
19093,6425,270,1
19094,13165,204,0
19095,1080,716,1
19096,2657,40,1
19097,8463,210,1
19098,1156,9,1
19099,299,205,1
19100,7211,67,1
19101,180,90,1
19102,3605,944,0
19103,11313,18,0
19104,10084,23,1
19105,11278,52,0
19106,586,198,0
19107,12021,397,1
19108,13092,2037,0
19109,5025,629,1
19110,4311,68,0
19111,11,1490,0
19112,3267,426,0
19113,1972,1047,1
19114,1691,116,0
19115,12087,9,1
19116,3806,413,1
19117,3905,17,0
19118,7714,86,1
19119,8315,2027,0
19120,10336,2126,1
19121,3886,77,0
19122,13192,1011,1
19123,6391,176,1
19124,5,1109,1
19125,7334,196,0
19126,10800,74,0
19127,2552,7,0
19128,14259,100,1
19129,3186,402,0
19130,12123,386,0
19131,8142,634,0
19132,13012,256,0
19133,1273,115,1
19134,7758,1708,0
19135,9677,270,1
19136,9384,242,1
19137,4240,40,1
19138,2740,93,1
19139,7148,224,1
19140,8097,149,0
19141,10224,7,0
19142,1323,2125,0
19143,8511,60,0
19144,6037,204,0
19145,1809,52,0
19146,3784,160,1
19147,1994,3,0
19148,2350,9,1
19149,4344,37,0
19150,9646,237,0
19151,4477,40,0
19152,5558,41,0
19153,7311,286,0
19154,4301,518,0
19155,9120,269,1
19156,5835,2407,1
19157,3786,35,1
19158,5519,271,1
19159,2277,2282,0
19160,6543,517,1
19161,5633,226,0
19162,2415,41,0
19163,9848,89,1
19164,6416,3,0
19165,13649,42,0
19166,13361,67,1
19167,10980,178,1
19168,12530,3,0
19169,1081,52,0
19170,11858,274,0
19171,7208,196,0
19172,4133,60,0
19173,9513,72,0
19174,5300,425,0
19175,6391,3,0
19176,3512,568,1
19177,2756,22,1
19178,4025,52,0
19179,13686,343,1
19180,4962,1109,1
19181,6219,112,1
19182,13985,37,1
19183,1744,1331,0
19184,4488,49,0
19185,1548,698,0
19186,9009,137,0
19187,2053,3,0
19188,12627,546,1
19189,12179,110,1
19190,9726,1131,0
19191,7570,33,1
19192,7182,164,1
19193,5191,67,1
19194,4888,60,0
19195,846,645,0
19196,9011,46,0
19197,8205,0,0
19198,6622,49,1
19199,3969,288,1
19200,314,158,1
19201,6046,1516,0
19202,7514,270,1
19203,12845,52,0
19204,11162,3,0
19205,1311,69,0
19206,13769,1520,1
19207,11544,7,0
19208,3073,0,0
19209,2638,100,1
19210,2572,830,1
19211,1070,37,0
19212,7699,170,1
19213,14452,305,0
19214,9048,40,1
19215,6657,37,0
19216,5285,327,1
19217,6991,547,0
19218,14430,61,0
19219,3631,20,1
19220,8999,216,0
19221,652,815,1
19222,6111,256,1
19223,4319,1014,0
19224,14217,908,0
19225,3289,187,1
19226,1126,100,0
19227,9136,148,1
19228,14012,140,0
19229,2444,807,1
19230,11619,18,0
19231,4174,959,1
19232,351,1238,0
19233,1043,60,0
19234,8162,1475,1
19235,4298,761,1
19236,9725,242,0
19237,687,24,0
19238,5365,188,0
19239,6941,77,0
19240,1723,405,0
19241,9673,23,0
19242,9939,260,0
19243,13223,441,1
19244,4573,330,1
19245,615,2386,0
19246,10171,100,1
19247,2632,697,0
19248,5219,807,0
19249,14060,17,0
19250,4610,645,0
19251,419,414,1
19252,1336,60,0
19253,3325,1748,1
19254,87,18,0
19255,326,1,0
19256,13512,321,0
19257,5036,42,0
19258,242,1,0
19259,13639,115,0
19260,2429,584,0
19261,4056,369,1
19262,4361,710,1
19263,9099,387,0
19264,8238,57,1
19265,5362,25,0
19266,3313,0,0
19267,2993,126,1
19268,3139,326,1
19269,6753,68,0
19270,2579,134,1
19271,2621,3,0
19272,6508,149,0
19273,2483,0,0
19274,4125,613,1
19275,357,460,0
19276,11696,101,0
19277,11641,376,0
19278,3344,267,0
19279,11042,747,0
19280,8796,230,1
19281,14379,86,1
19282,1899,557,1
19283,1637,197,0
19284,3733,374,0
19285,1277,943,1
19286,11579,48,0
19287,518,299,0
19288,638,111,0
19289,500,26,0
19290,5186,1,0
19291,13406,67,1
19292,13124,375,0
19293,4036,39,1
19294,7708,77,0
19295,1962,214,0
19296,5464,53,1
19297,5666,242,0
19298,13443,220,1
19299,9150,949,1
19300,6134,148,1
19301,6806,224,1
19302,2753,1542,1
19303,1618,196,0
19304,7650,35,1
19305,4597,226,0
19306,10604,52,0
19307,6805,1172,0
19308,3111,100,1
19309,6081,155,0
19310,10959,310,0
19311,3307,322,1
19312,3464,428,0
19313,3697,301,1
19314,13540,50,1
19315,2476,171,0
19316,13786,209,1
19317,3547,230,1
19318,55,989,1
19319,4885,208,0
19320,5153,0,0
19321,5,269,1
19322,1655,922,0
19323,13133,407,0
19324,9228,18,0
19325,4390,626,1
19326,7680,219,1
19327,13051,242,0
19328,876,51,1
19329,5281,568,0
19330,1719,77,0
19331,11696,438,1
19332,5988,34,1
19333,5277,267,0
19334,3911,2185,0
19335,14220,100,0
19336,1532,226,1
19337,5349,827,1
19338,1087,7,0
19339,1518,580,0
19340,12463,182,0
19341,11833,613,1
19342,2353,875,0
19343,1765,16,0
19344,480,399,1
19345,10557,256,0
19346,8307,176,1
19347,7354,43,0
19348,4001,492,0
19349,5959,343,1
19350,3059,49,0
19351,2215,119,0
19352,7673,91,0
19353,3331,743,0
19354,10160,719,0
19355,350,226,1
19356,7253,2351,1
19357,13874,247,1
19358,10626,378,0
19359,8901,67,1
19360,5341,646,1
19361,14230,67,1
19362,7187,18,0
19363,1029,80,0
19364,2216,8,1
19365,3,1813,0
19366,2016,1730,1
19367,3492,176,1
19368,1116,40,1
19369,107,4,0
19370,377,579,0
19371,6998,575,0
19372,5941,220,1
19373,208,50,1
19374,1857,3,0
19375,5569,196,0
19376,1338,22,1
19377,352,228,1
19378,7553,86,0
19379,3428,49,0
19380,5455,40,0
19381,3150,402,1
19382,12543,2149,0
19383,9776,2561,1
19384,2727,412,0
19385,10036,1138,1
19386,4760,23,0
19387,49,212,0
19388,4419,18,0
19389,1758,180,0
19390,2667,101,1
19391,8413,79,0
19392,10120,97,1
19393,12525,7,0
19394,9488,100,1
19395,1981,0,0
19396,7009,22,0
19397,3800,77,0
19398,3170,440,0
19399,14607,2251,0
19400,6102,438,0
19401,14424,55,1
19402,2347,246,0
19403,2028,419,1
19404,5234,48,0
19405,6755,252,0
19406,94,427,1
19407,6644,197,0
19408,7250,50,1
19409,3867,741,1
19410,414,167,0
19411,8647,195,0
19412,7,2055,1
19413,3469,107,1
19414,3635,100,1
19415,3133,3,0
19416,10633,875,0
19417,8468,52,0
19418,14125,50,1
19419,7380,1493,0
19420,1866,398,0
19421,426,0,0
19422,738,77,0
19423,12658,35,1
19424,12709,193,1
19425,9555,206,1
19426,354,1198,0
19427,2246,615,0
19428,1563,883,0
19429,9889,100,0
19430,6503,259,1
19431,13163,18,0
19432,5458,1378,0
19433,9268,318,0
19434,6235,208,0
19435,9391,131,0
19436,3884,77,0
19437,6064,926,0
19438,4796,149,0
19439,4818,128,0
19440,6755,72,1
19441,4386,77,0
19442,10961,483,0
19443,5971,23,0
19444,5358,40,0
19445,907,437,0
19446,11078,77,0
19447,5903,473,1
19448,4619,764,0
19449,6671,204,0
19450,4427,73,1
19451,903,1579,1
19452,1256,246,0
19453,2527,813,1
19454,5772,83,1
19455,314,223,0
19456,2148,193,1
19457,1570,446,0
19458,5044,17,0
19459,4196,37,0
19460,4910,77,0
19461,4626,290,0
19462,6615,77,0
19463,388,362,0
19464,6129,383,1
19465,6552,26,0
19466,14013,242,0
19467,12411,242,1
19468,1804,204,0
19469,6820,532,1
19470,4227,212,0
19471,10015,18,0
19472,8518,287,0
19473,4089,198,0
19474,11821,624,0
19475,11066,40,1
19476,2485,361,0
19477,1347,38,1
19478,10357,0,0
19479,1244,1485,1
19480,7219,137,0
19481,13640,520,1
19482,5214,518,0
19483,11410,771,1
19484,4776,19,1
19485,4060,74,0
19486,14437,72,0
19487,8711,512,1
19488,3650,204,0
19489,2840,402,0
19490,2886,20,1
19491,242,220,1
19492,10241,48,0
19493,5534,189,1
19494,14599,83,1
19495,11415,1367,1
19496,10229,600,1
19497,566,588,0
19498,2492,645,1
19499,6986,93,1
19500,3983,18,0
19501,6682,200,0
19502,7456,106,1
19503,8208,1021,1
19504,4750,196,0
19505,5680,376,0
19506,4920,523,0
19507,12418,40,1
19508,10769,163,0
19509,9486,208,0
19510,1200,459,0
19511,9504,23,1
19512,8359,2610,0
19513,589,214,0
19514,11460,77,0
19515,10141,77,0
19516,11336,140,0
19517,4452,171,0
19518,2087,259,0
19519,5466,149,0
19520,6818,192,1
19521,6073,794,1
19522,2467,35,0
19523,390,40,1
19524,13220,617,1
19525,4166,226,1
19526,200,48,0
19527,9050,122,0
19528,11687,375,1
19529,9627,101,0
19530,13968,873,0
19531,8776,402,0
19532,13793,18,0
19533,3662,329,0
19534,8416,82,1
19535,5123,26,1
19536,2278,32,0
19537,6541,267,0
19538,5213,49,1
19539,5602,975,0
19540,9100,101,0
19541,13051,187,1
19542,8068,42,0
19543,9906,3,0
19544,3798,48,0
19545,1755,41,0
19546,8052,522,1
19547,5616,170,1
19548,1548,2251,1
19549,11404,939,1
19550,2125,399,0
19551,7975,1063,1
19552,6901,35,1
19553,2655,657,1
19554,6752,67,1
19555,3877,534,1
19556,1927,26,1
19557,2797,27,1
19558,7016,1483,1
19559,7757,3,0
19560,734,378,1
19561,11386,3,0
19562,411,98,1
19563,4758,797,1
19564,9632,82,1
19565,13533,369,1
19566,7970,170,1
19567,1420,189,1
19568,5897,79,0
19569,10318,24,0
19570,7737,90,0
19571,8391,626,1
19572,7477,627,1
19573,10294,37,1
19574,5211,836,1
19575,11427,86,1
19576,12602,77,0
19577,7411,3,0
19578,1624,0,0
19579,357,58,1
19580,268,186,0
19581,6924,94,1
19582,6630,0,0
19583,12031,39,1
19584,10454,77,0
19585,4530,67,1
19586,5711,446,0
19587,899,149,0
19588,1744,497,1
19589,412,17,0
19590,10699,0,0
19591,2122,447,1
19592,56,0,0
19593,5355,41,0
19594,5024,1190,0
19595,6210,374,0
19596,42,106,1
19597,5495,42,0
19598,11974,61,1
19599,7239,189,1
19600,1013,443,0
19601,7894,26,0
19602,633,17,0
19603,14269,2493,1
19604,2118,41,0
19605,6963,440,1
19606,8668,141,0
19607,8329,582,0
19608,5532,125,0
19609,1193,126,1
19610,2130,139,1
19611,6378,34,1
19612,4943,1484,0
19613,2895,1023,0
19614,12433,609,0
19615,1177,1173,1
19616,9623,195,0
19617,10978,7,1
19618,6949,193,1
19619,4749,41,0
19620,8900,1687,1
19621,1175,1,0
19622,142,107,1
19623,8656,17,0
19624,6897,101,0
19625,3520,653,1
19626,876,77,0
19627,6735,101,0
19628,11098,68,0
19629,3562,67,1
19630,2911,204,0
19631,14268,106,1
19632,7979,77,0
19633,107,694,0
19634,8639,736,1
19635,356,85,1
19636,11484,100,1
19637,11385,996,0
19638,12024,418,0
19639,14146,116,0
19640,2532,91,0
19641,8948,149,0
19642,10001,242,0
19643,1694,149,0
19644,5663,992,0
19645,1135,128,0
19646,5565,374,0
19647,7124,18,0
19648,10630,41,0
19649,12675,67,1
19650,13016,733,0
19651,10138,100,1
19652,2349,131,0
19653,11969,86,1
19654,7265,0,1
19655,9013,1815,1
19656,9186,34,1
19657,1537,462,1
19658,1959,1034,0
19659,14344,276,1
19660,4490,41,0
19661,2297,256,0
19662,126,48,0
19663,2475,1583,1
19664,12654,100,1
19665,11389,620,1
19666,1784,402,1
19667,3522,48,0
19668,566,320,0
19669,954,239,1
19670,13282,219,1
19671,243,374,0
19672,9787,1736,0
19673,11448,102,0
19674,9379,22,1
19675,12662,180,1
19676,6225,1276,1
19677,3249,1073,0
19678,5685,262,1
19679,14086,120,0
19680,475,2497,0
19681,4669,18,0
19682,186,165,1
19683,5784,128,0
19684,9578,1836,1
19685,3304,1000,1
19686,12937,400,1
19687,1649,549,1
19688,553,402,1
19689,2761,3,0
19690,13104,321,1
19691,6726,32,0
19692,4676,1369,1
19693,6949,3,0
19694,8302,563,1
19695,10895,32,0
19696,9540,17,0
19697,2341,293,1
19698,11426,73,1
19699,9289,204,0
19700,5039,48,0
19701,10904,37,0
19702,12962,221,1
19703,3508,100,1
19704,3513,25,0
19705,9919,260,0
19706,5877,18,0
19707,11298,3,0
19708,14466,231,0
19709,12932,343,1
19710,255,55,1
19711,2092,3,0
19712,3211,287,0
19713,13073,520,1
19714,3149,17,0
19715,8520,267,0
19716,7569,170,1
19717,5804,155,0
19718,9537,943,1
19719,9702,17,0
19720,8673,1976,0
19721,1932,517,1
19722,79,401,1
19723,10365,52,0
19724,2675,17,0
19725,1026,265,1
19726,9482,320,0
19727,1264,551,1
19728,5451,86,1
19729,20,7,0
19730,1301,264,0
19731,7154,77,0
19732,9961,405,1
19733,38,322,0
19734,7764,431,1
19735,7439,1504,0
19736,2219,697,0
19737,13322,102,0
19738,8828,831,1
19739,12428,212,0
19740,5714,169,0
19741,1225,428,1
19742,12805,462,1
19743,5210,3,0
19744,3283,3,0
19745,13662,100,1
19746,2037,109,1
19747,3084,869,0
19748,10197,189,1
19749,8268,102,0
19750,13735,300,1
19751,5622,77,0
19752,4253,362,0
19753,11480,348,0
19754,6570,51,1
19755,14362,548,1
19756,3168,834,0
19757,2141,747,0
19758,2050,86,0
19759,9336,329,1
19760,4575,831,0
19761,13190,77,0
19762,12120,32,0
19763,5033,1136,1
19764,9299,91,1
19765,7617,1667,0
19766,4276,326,0
19767,12855,17,0
19768,13722,100,1
19769,11934,19,0
19770,4213,37,0
19771,1659,627,1
19772,3256,3,0
19773,10817,7,0
19774,6179,3,0
19775,3521,111,0
19776,3220,699,1
19777,11951,100,1
19778,14313,494,0
19779,13752,1994,0
19780,6331,18,0
19781,7986,867,1
19782,14108,83,1
19783,13764,86,0
19784,8513,209,1
19785,12750,1385,1
19786,4435,91,0
19787,2134,807,1
19788,4915,17,0
19789,4300,198,0
19790,6308,1090,1
19791,8278,209,1
19792,6666,1387,0
19793,5264,53,1
19794,2840,709,1
19795,7892,547,0
19796,4566,361,0
19797,11475,149,0
19798,11670,126,1
19799,10368,431,1
19800,7123,77,0
19801,12116,457,0
19802,13637,997,0
19803,5277,254,0
19804,1718,3,0
19805,6651,111,0
19806,9907,292,0
19807,2494,809,0
19808,12157,539,0
19809,4794,460,0
19810,8409,74,1
19811,5810,813,1
19812,11532,1461,1
19813,5573,17,0
19814,13040,1523,1
19815,11606,109,1
19816,6083,155,0
19817,2149,86,0
19818,5691,438,1
19819,10291,579,0
19820,13824,100,1
19821,1886,147,1
19822,942,242,0
19823,9683,204,0
19824,5928,100,1
19825,8269,615,0
19826,8953,91,0
19827,2161,425,1
19828,2901,211,1
19829,5318,58,1
19830,12526,73,1
19831,13216,214,1
19832,4729,155,1
19833,1423,17,0
19834,2638,204,0
19835,4091,443,1
19836,10197,0,0
19837,8416,3,0
19838,6675,0,0
19839,11305,1966,0
19840,2205,35,1
19841,7407,627,0
19842,202,9,1
19843,11977,146,1
19844,8244,50,1
19845,7612,128,0
19846,10763,100,1
19847,3085,557,0
19848,4611,7,0
19849,12230,17,0
19850,12548,242,0
19851,2951,3,0
19852,807,361,0
19853,404,518,0
19854,2621,365,0
19855,8015,412,0
19856,2968,645,1
19857,9581,79,0
19858,2437,1312,0
19859,9748,142,0
19860,137,142,0
19861,6257,155,1
19862,11585,361,0
19863,3313,3,0
19864,3372,35,1
19865,11162,0,0
19866,2734,2300,1
19867,5835,330,1
19868,8829,37,0
19869,9308,67,1
19870,860,446,0
19871,14257,68,0
19872,9028,169,0
19873,1634,701,0
19874,9658,100,1
19875,671,18,0
19876,40,329,0
19877,10589,204,0
19878,9037,539,1
19879,3736,187,0
19880,4959,58,0
19881,3541,111,0
19882,3908,100,1
19883,561,316,1
19884,5172,223,0
19885,1427,67,1
19886,1091,77,0
19887,13294,806,1
19888,13809,52,0
19889,7609,52,0
19890,2052,1617,1
19891,6049,17,0
19892,8961,269,1
19893,3552,321,1
19894,8320,343,1
19895,8557,48,0
19896,5722,318,0
19897,8229,67,1
19898,5958,170,1
19899,9791,87,0
19900,9936,3,0
19901,934,107,0
19902,8789,137,0
19903,3314,25,0
19904,10872,1445,0
19905,2983,1123,1
19906,4795,37,0
19907,798,348,0
19908,7852,204,0
19909,3022,0,0
19910,4973,374,0
19911,315,724,0
19912,3243,25,0
19913,1196,558,0
19914,2230,1396,0
19915,1069,235,1
19916,13635,89,1
19917,2290,67,1
19918,4762,473,1
19919,13674,60,0
19920,1796,3,0
19921,4859,7,0
19922,5483,195,1
19923,7177,220,0
19924,2186,687,1
19925,7871,42,0
19926,642,159,0
19927,6902,58,1
19928,9827,176,1
19929,10563,259,1
19930,9159,407,0
19931,1676,1195,1
19932,1487,3,0
19933,5867,0,0
19934,3267,266,0
19935,5694,1198,0
19936,907,197,0
19937,1977,111,0
19938,1809,204,0
19939,7562,248,1
19940,14530,100,1
19941,3673,228,0
19942,9533,13,0
19943,8513,100,0
19944,6868,698,0
19945,1993,547,1
19946,11288,126,1
19947,13120,148,1
19948,6121,242,0
19949,7938,225,1
19950,80,70,0
19951,1870,261,0
19952,871,209,0
19953,5553,22,1
19954,9142,3,0
19955,9222,163,1
19956,2065,60,0
19957,2337,512,1
19958,8856,457,0
19959,4720,100,1
19960,2313,1003,0
19961,4726,22,1
19962,2073,242,1
19963,14024,29,0
19964,6349,204,0
19965,8433,3,0
19966,8343,67,1
19967,1197,2457,1
19968,908,86,0
19969,6334,316,1
19970,9814,200,0
19971,3032,196,0
19972,3759,592,1
19973,3172,67,1
19974,12203,305,1
19975,131,835,1
19976,2055,1445,0
19977,12570,770,1
19978,1914,372,1
19979,1212,2310,1
19980,10061,100,1
19981,12,593,1
19982,137,104,1
19983,9679,813,1
19984,6365,269,1
19985,5381,112,1
19986,10192,343,1
19987,2587,112,0
19988,205,212,0
19989,2210,37,0
19990,574,17,0
19991,6651,25,0
19992,2280,223,0
19993,2739,824,0
19994,5171,149,0
19995,267,77,0
19996,9524,148,1
19997,1956,77,0
19998,1269,24,0
19999,6314,348,1
20000,3915,617,1
20001,3315,43,1
20002,6238,155,0
20003,6758,379,0
20004,414,1532,0
20005,13152,1427,1
20006,485,429,1
20007,268,91,0
20008,4536,1142,0
20009,6157,1796,1
20010,268,1887,0
20011,653,954,1
20012,1629,49,0
20013,4669,67,1
20014,5129,77,0
20015,4269,67,1
20016,11950,428,1
20017,4776,743,0
20018,2314,38,0
20019,11162,99,1
20020,8596,55,1
20021,6231,583,0
20022,9899,857,1
20023,8264,750,0
20024,3277,323,0
20025,3026,114,1
20026,7625,204,0
20027,5665,18,0
20028,11600,26,1
20029,7192,100,1
20030,222,155,0
20031,2100,577,1
20032,13172,198,0
20033,2924,2414,0
20034,5505,51,1
20035,1923,163,1
20036,5540,715,1
20037,8356,3,0
20038,8546,128,0
20039,5362,266,0
20040,11064,176,1
20041,13034,50,1
20042,9873,51,0
20043,5811,204,0
20044,11605,51,1
20045,863,89,0
20046,2807,34,1
20047,4116,100,0
20048,11600,142,1
20049,1800,716,1
20050,4328,77,0
20051,7061,52,0
20052,5308,77,0
20053,12767,104,1
20054,1952,111,0
20055,566,429,0
20056,4600,28,1
20057,9962,42,0
20058,8183,100,1
20059,2933,1923,1
20060,14171,634,0
20061,1977,4,0
20062,5672,125,0
20063,2000,725,0
20064,10225,3,0
20065,1469,6,1
20066,1509,351,0
20067,12059,129,1
20068,12449,18,0
20069,4983,954,0
20070,10972,101,0
20071,5540,439,1
20072,4885,1072,0
20073,5983,52,0
20074,2774,724,0
20075,12863,77,0
20076,88,447,1
20077,4913,97,1
20078,10471,52,0
20079,7391,793,0
20080,13737,262,1
20081,7500,67,1
20082,3084,1404,0
20083,2351,141,0
20084,9788,67,1
20085,1062,220,0
20086,13734,55,1
20087,554,100,0
20088,11012,473,0
20089,1197,1711,1
20090,7895,107,0
20091,5026,495,0
20092,251,77,0
20093,6747,100,1
20094,6643,344,0
20095,754,91,0
20096,218,1733,0
20097,5989,334,1
20098,3680,176,1
20099,924,47,1
20100,9840,77,0
20101,2027,42,0
20102,7695,230,1
20103,1593,1931,0
20104,11576,468,0
20105,10017,200,0
20106,2,3,0
20107,2032,40,1
20108,3688,196,0
20109,205,5,0
20110,3767,35,1
20111,8117,326,0
20112,1022,477,0
20113,8457,49,0
20114,11297,40,1
20115,13398,1450,0
20116,12696,3,0
20117,4143,143,1
20118,268,537,0
20119,3379,563,1
20120,6799,3,0
20121,463,275,0
20122,2355,37,0
20123,6047,246,1
20124,815,67,1
20125,9698,1114,1
20126,7264,0,1
20127,4678,442,0
20128,2064,228,1
20129,965,216,1
20130,4106,584,0
20131,13164,1080,1
20132,9564,242,0
20133,12338,256,0
20134,13442,274,0
20135,4838,512,1
20136,13058,747,0
20137,10211,35,1
20138,7,700,0
20139,11978,155,0
20140,1386,353,0
20141,5627,187,1
20142,12425,0,0
20143,8189,170,1
20144,857,2260,1
20145,14404,91,0
20146,8979,802,0
20147,2924,153,0
20148,4085,891,0
20149,3670,1006,0
20150,7131,91,0
20151,4876,100,1
20152,1419,242,0
20153,172,83,1
20154,3461,404,0
20155,10455,262,1
20156,4001,441,1
20157,9275,148,1
20158,5757,149,0
20159,14206,204,0
20160,14063,269,0
20161,885,52,0
20162,3409,32,0
20163,9355,1467,0
20164,513,265,1
20165,3236,546,1
20166,4959,220,1
20167,5831,284,1
20168,899,109,1
20169,1080,425,1
20170,508,440,1
20171,14055,1172,0
20172,13925,204,0
20173,13956,126,1
20174,3322,25,0
20175,6388,1,0
20176,7248,7,1
20177,1613,813,1
20178,604,1500,1
20179,12630,77,0
20180,80,705,0
20181,13077,143,1
20182,3223,49,0
20183,1640,112,0
20184,5017,1131,0
20185,9782,126,1
20186,9967,18,0
20187,12766,3,0
20188,6861,1113,0
20189,1975,456,0
20190,507,82,1
20191,11532,1582,0
20192,14593,118,1
20193,1471,135,1
20194,5413,19,0
20195,5645,37,0
20196,1303,849,0
20197,1895,67,1
20198,14518,18,0
20199,8266,260,1
20200,12616,1743,1
20201,4975,180,1
20202,8955,298,0
20203,5640,109,1
20204,8857,891,1
20205,1344,891,0
20206,3461,447,0
20207,2946,122,0
20208,11990,978,0
20209,4144,32,0
20210,108,17,0
20211,6691,20,1
20212,795,3,0
20213,6648,216,0
20214,2077,40,1
20215,1254,38,0
20216,3977,95,1
20217,3997,18,0
20218,3556,918,0
20219,7480,240,1
20220,12968,18,0
20221,3677,197,0
20222,8438,208,0
20223,1446,37,0
20224,12826,47,0
20225,6662,53,1
20226,7179,764,0
20227,11826,35,1
20228,3168,2340,1
20229,14401,142,1
20230,3252,94,0
20231,189,77,0
20232,13581,53,1
20233,870,247,1
20234,9231,831,0
20235,12562,443,1
20236,12393,194,1
20237,11892,135,1
20238,10435,170,1
20239,3365,41,0
20240,6275,770,1
20241,6923,18,0
20242,1463,67,1
20243,2945,48,0
20244,449,169,0
20245,13579,18,0
20246,12075,371,1
20247,8965,15,1
20248,7606,134,1
20249,10844,67,1
20250,2526,34,1
20251,1089,519,0
20252,58,52,0
20253,12087,143,1
20254,7069,67,1
20255,3172,196,0
20256,12388,101,0
20257,3059,259,1
20258,7179,37,0
20259,6696,320,1
20260,11134,1460,1
20261,4471,321,1
20262,3626,229,1
20263,3236,547,0
20264,10989,424,1
20265,14497,326,1
20266,2794,361,0
20267,4308,32,1
20268,11601,192,1
20269,9766,204,0
20270,11382,42,0
20271,8271,93,1
20272,11501,1239,1
20273,13184,18,0
20274,2888,770,0
20275,12218,52,0
20276,14100,102,0
20277,9123,1553,0
20278,242,31,1
20279,10460,100,1
20280,12492,52,0
20281,5754,204,0
20282,9324,192,1
20283,46,709,0
20284,417,1029,0
20285,11825,1828,1
20286,13873,35,1
20287,7666,3,0
20288,5473,67,1
20289,2989,172,0
20290,2382,534,1
20291,6292,583,0
20292,5565,109,1
20293,2080,3,0
20294,10502,220,1
20295,5656,1297,1
20296,53,25,0
20297,13890,86,0
20298,4964,37,0
20299,14197,232,1
20300,7972,1555,0
20301,3746,67,1
20302,11010,750,0
20303,2627,77,0
20304,10584,0,0
20305,6190,1320,1
20306,9185,111,0
20307,3974,2305,0
20308,8369,48,0
20309,7839,2127,0
20310,9268,77,0
20311,566,25,0
20312,4422,9,1
20313,13148,207,1
20314,6063,219,1
20315,14089,18,0
20316,8576,836,1
20317,11745,148,1
20318,1384,425,1
20319,320,182,0
20320,3541,326,1
20321,1763,339,0
20322,8890,1555,0
20323,925,52,0
20324,9430,17,0
20325,3328,118,0
20326,3067,922,0
20327,2512,25,0
20328,11208,181,1
20329,7802,125,0
20330,6544,222,0
20331,1532,223,0
20332,1757,601,0
20333,2304,75,1
20334,8055,195,0
20335,3516,258,1
20336,5058,17,0
20337,2114,122,1
20338,988,74,0
20339,811,37,0
20340,5671,57,1
20341,458,95,0
20342,2856,129,0
20343,3874,361,0
20344,11435,785,0
20345,12419,1800,0
20346,1314,22,1
20347,5562,35,1
20348,6555,101,0
20349,6359,143,1
20350,7997,32,0
20351,1303,172,0
20352,7146,1462,0
20353,9758,229,0
20354,10199,67,1
20355,6622,33,1
20356,1906,587,0
20357,2175,196,0
20358,2452,692,0
20359,8442,1484,1
20360,5675,1422,0
20361,145,260,1
20362,2753,251,1
20363,14212,100,1
20364,11223,739,1
20365,11342,129,1
20366,10296,366,1
20367,10433,102,0
20368,3077,193,1
20369,3703,178,0
20370,5775,39,0
20371,14187,402,1
20372,10346,113,0
20373,10706,73,0
20374,3751,116,1
20375,1619,40,0
20376,5330,562,0
20377,7950,438,1
20378,2011,1432,0
20379,1290,330,1
20380,4759,583,0
20381,2053,1014,0
20382,302,40,1
20383,8054,442,0
20384,2087,456,0
20385,8003,256,1
20386,1045,91,1
20387,7940,836,0
20388,2930,624,0
20389,7050,148,1
20390,7543,77,0
20391,4547,1696,0
20392,3505,155,1
20393,12699,32,0
20394,8994,77,0
20395,660,349,1
20396,903,3,0
20397,1998,771,1
20398,4487,0,0
20399,5684,870,1
20400,4778,546,1
20401,88,668,1
20402,9138,34,1
20403,12006,228,0
20404,8786,37,0
20405,5619,77,0
20406,3365,3,0
20407,4988,116,0
20408,5229,240,1
20409,1642,74,0
20410,12192,3,0
20411,13428,412,0
20412,9929,100,0
20413,165,82,1
20414,13354,40,1
20415,10609,149,1
20416,6941,1594,0
20417,13883,478,1
20418,9828,89,1
20419,9873,771,1
20420,11202,902,0
20421,11806,42,0
20422,7887,858,1
20423,3929,833,1
20424,6461,91,1
20425,2771,77,0
20426,10285,18,0
20427,13955,310,1
20428,10029,86,0
20429,12745,109,0
20430,12548,926,1
20431,379,240,1
20432,4699,22,1
20433,8748,276,0
20434,6704,626,1
20435,4595,3,0
20436,4983,106,0
20437,12610,167,1
20438,5572,546,0
20439,1242,402,1
20440,9325,49,1
20441,8435,126,1
20442,5953,369,1
20443,8594,1109,0
20444,8669,77,0
20445,7089,547,0
20446,10679,476,1
20447,10609,1639,0
20448,3240,32,0
20449,6201,32,0
20450,5645,52,0
20451,7374,101,0
20452,2533,223,0
20453,7303,35,1
20454,11153,264,1
20455,4513,3,0
20456,14461,56,0
20457,3873,831,1
20458,13880,126,1
20459,789,1412,0
20460,53,2453,0
20461,2173,264,1
20462,14011,402,1
20463,14594,429,1
20464,6124,112,1
20465,2319,815,1
20466,630,111,0
20467,4294,109,1
20468,10004,88,0
20469,2774,1122,1
20470,882,41,0
20471,12639,19,0
20472,1542,22,0
20473,1336,615,0
20474,3646,2540,1
20475,3443,242,1
20476,5280,17,0
20477,1455,116,0
20478,678,95,1
20479,9803,134,1
20480,13661,119,0
20481,6310,102,0
20482,4231,285,0
20483,3693,160,1
20484,12510,68,0
20485,3550,986,1
20486,1948,717,1
20487,2917,324,1
20488,8523,86,1
20489,2390,100,1
20490,13053,73,1
20491,14046,18,0
20492,3154,562,0
20493,5803,116,1
20494,2464,18,0
20495,11265,3,0
20496,9301,416,0
20497,12506,91,0
20498,8064,163,0
20499,8526,438,0
20500,11269,66,1
20501,12683,518,0
20502,9435,405,1
20503,11192,553,0
20504,957,101,0
20505,2545,994,1
20506,268,1785,0
20507,11322,77,0
20508,4951,546,1
20509,6418,1381,1
20510,3489,549,0
20511,13000,2221,1
20512,5655,277,1
20513,10778,21,0
20514,6256,204,0
20515,537,304,1
20516,6942,18,0
20517,288,546,1
20518,11063,178,1
20519,7580,39,1
20520,2824,584,0
20521,4024,2073,1
20522,9577,149,0
20523,12794,970,1
20524,3314,1059,1
20525,6557,0,0
20526,8007,1274,1
20527,12136,104,1
20528,11948,724,0
20529,2725,240,1
20530,466,300,1
20531,640,344,0
20532,2695,512,1
20533,11217,67,1
20534,10738,1050,1
20535,910,41,0
20536,1996,672,0
20537,11222,343,1
20538,4091,3,0
20539,849,111,0
20540,8019,315,1
20541,1890,457,1
20542,2110,95,0
20543,9567,77,0
20544,10405,5,0
20545,8581,232,1
20546,4227,448,0
20547,733,1786,0
20548,12994,67,1
20549,14001,424,1
20550,5956,678,0
20551,5265,361,0
20552,970,72,0
20553,9626,416,0
20554,9826,22,1
20555,7958,272,1
20556,1137,208,0
20557,4220,18,0
20558,4148,35,1
20559,9897,60,0
20560,14629,77,0
20561,5090,267,0
20562,7984,32,0
20563,455,645,0
20564,4186,348,1
20565,12433,346,1
20566,10441,1812,1
20567,9530,67,1
20568,244,2164,1
20569,3068,90,0
20570,8107,473,1
20571,5907,40,1
20572,6321,310,0
20573,7838,42,0
20574,7585,321,1
20575,13340,232,1
20576,4714,41,0
20577,11779,7,0
20578,1771,654,0
20579,7100,18,0
20580,1932,405,1
20581,5347,18,0
20582,13186,149,0
20583,12519,237,1
20584,10423,996,0
20585,2190,933,0
20586,938,90,1
20587,1918,129,1
20588,9440,402,1
20589,360,780,1
20590,1304,978,0
20591,11084,557,0
20592,12740,100,1
20593,2540,396,0
20594,10311,21,1
20595,1597,77,0
20596,7668,5,0
20597,5384,372,0
20598,6834,67,0
20599,6438,32,0
20600,168,329,1
20601,3625,17,0
20602,2170,22,1
20603,8750,3,0
20604,8372,435,1
20605,2960,768,0
20606,7584,77,0
20607,982,3,0
20608,4458,1,0
20609,221,17,0
20610,8619,32,0
20611,6717,141,0
20612,1763,1811,0
20613,12717,402,1
20614,1292,326,0
20615,1890,1021,1
20616,20,22,0
20617,8224,100,1
20618,9109,283,0
20619,11290,160,1
20620,6745,228,0
20621,4421,56,0
20622,2235,392,1
20623,1136,518,0
20624,242,5,1
20625,2613,3,0
20626,3921,55,1
20627,7577,3,0
20628,935,141,0
20629,185,35,1
20630,1204,244,0
20631,6157,407,0
20632,4990,648,0
20633,12572,17,0
20634,5978,128,1
20635,5270,18,0
20636,3348,204,0
20637,4626,49,0
20638,1102,523,0
20639,2648,277,1
20640,11574,0,0
20641,6887,25,0
20642,8739,49,1
20643,7253,1983,1
20644,4685,227,0
20645,4477,178,0
20646,8626,225,1
20647,1906,2430,0
20648,8689,568,1
20649,1642,447,0
20650,5793,219,1
20651,13524,66,1
20652,3160,33,0
20653,11982,401,1
20654,8040,143,1
20655,1622,166,1
20656,10748,1,0
20657,2469,815,0
20658,13138,813,1
20659,3951,160,0
20660,63,1987,0
20661,4528,35,1
20662,10112,456,0
20663,107,642,1
20664,14489,116,0
20665,2954,374,0
20666,373,439,0
20667,7291,379,0
20668,7832,129,1
20669,11209,35,1
20670,13653,460,0
20671,3085,1488,0
20672,2374,1278,0
20673,9769,208,0
20674,14464,19,0
20675,11644,20,1
20676,3689,7,0
20677,5781,155,0
20678,1102,456,0
20679,5871,246,0
20680,12970,170,1
20681,6671,52,0
20682,3512,48,0
20683,13545,796,1
20684,3451,361,0
20685,10437,724,0
20686,1650,650,0
20687,7325,35,1
20688,9670,75,1
20689,863,1780,0
20690,10429,995,0
20691,2860,297,0
20692,13865,260,0
20693,7159,543,0
20694,8434,137,0
20695,691,51,0
20696,6111,563,1
20697,7184,2094,1
20698,11302,40,1
20699,7976,1272,0
20700,7912,66,0
20701,8123,100,0
20702,8072,77,0
20703,1461,587,0
20704,11910,276,1
20705,1870,128,0
20706,4425,491,0
20707,422,405,0
20708,1196,52,0
20709,12631,3,0
20710,4690,100,1
20711,1069,223,0
20712,7733,187,0
20713,4745,17,0
20714,3684,41,0
20715,730,142,0
20716,6883,547,0
20717,843,34,0
20718,11696,34,1
20719,4920,770,0
20720,6943,256,0
20721,3084,143,1
20722,3906,645,0
20723,2129,11,0
20724,10227,539,0
20725,590,43,0
20726,2916,133,0
20727,7173,1152,1
20728,8170,67,1
20729,2643,773,0
20730,6585,294,1
20731,6213,1114,1
20732,10012,178,1
20733,3702,248,1
20734,6651,1,0
20735,2231,169,1
20736,354,111,0
20737,10497,39,1
20738,11699,73,1
20739,5003,113,1
20740,1029,1082,0
20741,6882,405,1
20742,10488,209,1
20743,5333,1697,0
20744,6538,95,0
20745,5599,1254,0
20746,1603,1,0
20747,9077,1047,1
20748,3984,149,0
20749,2953,119,0
20750,13327,31,1
20751,6137,344,1
20752,7232,77,0
20753,10703,207,0
20754,4538,846,1
20755,11127,357,0
20756,14537,189,1
20757,549,223,0
20758,147,109,1
20759,4326,187,1
20760,53,1719,1
20761,362,563,1
20762,6131,0,0
20763,1465,77,0
20764,7174,7,0
20765,10935,42,0
20766,13056,1298,0
20767,264,129,1
20768,13297,235,0
20769,320,142,0
20770,4528,7,0
20771,2353,1,0
20772,12516,114,1
20773,7242,216,0
20774,4043,362,0
20775,13516,43,1
20776,2949,9,1
20777,3064,0,0
20778,1547,833,1
20779,6656,1002,0
20780,8174,17,0
20781,2619,374,1
20782,429,476,0
20783,10946,39,1
20784,494,290,0
20785,4402,126,1
20786,7233,226,0
20787,3380,39,1
20788,14007,271,1
20789,2529,256,1
20790,908,1,0
20791,1126,52,1
20792,4397,615,0
20793,3835,13,0
20794,13251,2195,0
20795,874,429,0
20796,3498,360,1
20797,14324,126,1
20798,3909,134,1
20799,550,831,0
20800,3236,178,0
20801,6451,582,0
20802,4542,164,1
20803,1168,448,0
20804,9814,89,0
20805,1249,343,1
20806,12337,101,0
20807,6664,325,0
20808,10245,35,1
20809,8401,355,0
20810,9333,82,1
20811,9760,52,0
20812,3215,374,0
20813,3573,813,1
20814,6929,743,0
20815,14409,261,0
20816,2701,455,1
20817,2472,95,1
20818,3880,348,1
20819,2477,7,0
20820,12218,100,1
20821,12477,46,0
20822,5355,0,0
20823,3589,83,1
20824,6304,214,0
20825,14625,68,0
20826,3017,696,1
20827,943,845,0
20828,1878,39,1
20829,9884,473,1
20830,12190,108,0
20831,3071,262,1
20832,302,737,1
20833,9095,3,0
20834,14054,56,0
20835,5747,1034,0
20836,8061,83,1
20837,1018,2346,0
20838,8887,48,0
20839,11697,104,1
20840,11707,114,0
20841,4722,77,0
20842,9375,17,0
20843,5987,485,0
20844,936,447,0
20845,2543,55,1
20846,3310,360,1
20847,1642,404,0
20848,7310,53,1
20849,1965,964,1
20850,8151,248,1
20851,8143,873,0
20852,6064,242,0
20853,3944,187,1
20854,2876,160,1
20855,9405,91,0
20856,6028,365,0
20857,3832,3,0
20858,11123,67,1
20859,2580,101,0
20860,10715,72,0
20861,12901,1312,0
20862,5820,42,0
20863,13338,35,1
20864,6500,577,1
20865,9973,75,1
20866,3207,125,0
20867,1946,60,0
20868,3170,365,0
20869,462,77,0
20870,3523,785,0
20871,8692,90,0
20872,13041,126,1
20873,4356,39,0
20874,4456,75,1
20875,12312,939,1
20876,785,397,1
20877,5134,322,0
20878,1555,3,0
20879,12121,18,0
20880,260,19,0
20881,5054,1183,1
20882,6904,521,1
20883,13601,3,0
20884,5172,25,0
20885,1886,22,1
20886,10726,100,1
20887,5180,358,1
20888,4436,440,0
20889,8099,61,1
20890,14497,125,0
20891,4730,966,0
20892,9218,396,0
20893,7053,17,0
20894,2248,52,0
20895,11391,19,1
20896,14460,40,1
20897,9016,686,1
20898,8430,326,1
20899,10374,224,1
20900,12824,100,1
20901,9737,17,0
20902,685,43,0
20903,8015,271,1
20904,8820,49,1
20905,295,1943,1
20906,1628,223,0
20907,5034,201,0
20908,12184,131,0
20909,12937,31,1
20910,1945,118,0
20911,11993,7,0
20912,12490,153,1
20913,4455,129,0
20914,6670,242,0
20915,2210,140,0
20916,1047,77,0
20917,2750,862,1
20918,12292,609,1
20919,8212,274,0
20920,1926,3,1
20921,13343,232,1
20922,6419,33,0
20923,4174,200,1
20924,1982,49,1
20925,7954,429,0
20926,13139,1154,0
20927,4487,48,0
20928,3311,279,1
20929,7510,1023,0
20930,1503,31,0
20931,8830,3,0
20932,5167,67,1
20933,2897,483,0
20934,10181,1456,0
20935,9725,964,1
20936,4915,1287,1
20937,9234,149,0
20938,1114,1011,1
20939,14282,118,1
20940,2364,214,0
20941,5531,262,1
20942,3313,41,0
20943,6249,115,0
20944,1642,212,0
20945,14106,577,1
20946,13393,67,1
20947,9626,719,0
20948,6365,17,0
20949,7902,40,1
20950,12840,18,0
20951,1886,615,0
20952,2081,77,0
20953,13870,1442,1
20954,871,140,0
20955,11327,202,0
20956,1684,856,1
20957,367,908,0
20958,6046,588,0
20959,9540,3,0
20960,950,452,0
20961,863,2132,0
20962,115,1367,1
20963,242,473,1
20964,7193,195,0
20965,2445,162,1
20966,13374,447,0
20967,2481,3,0
20968,5357,25,0
20969,13946,715,1
20970,5426,106,1
20971,4215,440,1
20972,1627,641,0
20973,2610,515,0
20974,5488,196,0
20975,3919,188,0
20976,2415,1962,0
20977,5725,126,1
20978,7208,243,1
20979,3137,809,1
20980,12306,687,1
20981,242,2229,1
20982,4140,77,0
20983,2545,5,0
20984,5450,48,0
20985,203,122,0
20986,2449,155,0
20987,5529,412,1
20988,106,2363,1
20989,5648,3,0
20990,884,402,1
20991,10984,37,0
20992,2154,438,1
20993,10440,18,0
20994,4250,126,1
20995,8673,894,1
20996,7363,267,0
20997,11329,125,0
20998,2709,272,1
20999,13660,77,0
21000,498,212,1
21001,3813,51,0
21002,1791,206,1
21003,1241,365,1
21004,1181,22,1
21005,11943,224,1
21006,2941,100,1
21007,4817,66,0
21008,331,212,0
21009,11269,2373,1
21010,10306,1046,0
21011,13429,37,1
21012,6847,836,0
21013,4666,329,0
21014,11723,17,0
21015,1253,67,1
21016,10721,809,0
21017,7394,627,0
21018,4393,242,1
21019,258,77,0
21020,2923,897,1
21021,3780,212,0
21022,12550,67,1
21023,9507,35,1
21024,10090,227,0
21025,8728,100,0
21026,4260,2401,0
21027,4768,129,1
21028,10011,214,0
21029,6095,77,0
21030,6505,771,0
21031,3124,311,1
21032,4446,1115,1
21033,12389,813,1
21034,209,145,1
21035,1442,495,0
21036,588,7,0
21037,8245,626,0
21038,2989,219,1
21039,10692,3,0
21040,2780,402,1
21041,2842,46,0
21042,7941,78,1
21043,3974,682,1
21044,338,372,1
21045,731,52,0
21046,3389,1648,0
21047,1176,19,0
21048,6690,42,0
21049,8588,1335,0
21050,6395,402,1
21051,13996,75,0
21052,6261,461,0
21053,2445,587,0
21054,3427,967,0
21055,5903,214,1
21056,8818,269,1
21057,8310,77,0
21058,7955,72,1
21059,943,402,0
21060,296,18,0
21061,9900,412,0
21062,8856,479,1
21063,49,1384,0
21064,7570,447,0
21065,13595,192,0
21066,7402,169,0
21067,5217,18,0
21068,1410,883,1
21069,1082,494,0
21070,11446,646,1
21071,10966,40,1
21072,4807,262,1
21073,11604,137,1
21074,211,7,0
21075,7634,658,0
21076,8670,1198,1
21077,1152,3,0
21078,2856,743,0
21079,9948,1539,0
21080,5423,1799,1
21081,12423,11,0
21082,11848,901,1
21083,3270,955,1
21084,844,269,0
21085,1599,100,0
21086,7726,813,1
21087,1027,479,1
21088,14359,15,1
21089,9033,77,0
21090,4759,300,1
21091,387,111,0
21092,3915,433,0
21093,5596,741,1
21094,6346,18,0
21095,11929,198,0
21096,3808,7,0
21097,4599,399,1
21098,13609,2332,0
21099,9050,41,0
21100,1368,517,0
21101,3811,311,0
21102,9935,187,0
21103,9262,343,1
21104,7661,1522,0
21105,581,7,0
21106,12554,771,1
21107,3579,0,0
21108,7842,15,1
21109,2162,495,0
21110,9986,93,1
21111,11865,109,0
21112,2904,49,0
21113,557,465,0
21114,5691,16,1
21115,3929,487,0
21116,354,1726,0
21117,160,365,0
21118,514,240,1
21119,11723,515,1
21120,2608,35,1
21121,9973,553,0
21122,4981,60,0
21123,5179,48,0
21124,6480,271,1
21125,5175,67,1
21126,10811,447,1
21127,4319,1,0
21128,7009,200,0
21129,2666,3,0
21130,2927,2345,1
21131,5822,248,1
21132,9212,1703,0
21133,11861,91,0
21134,4290,1425,1
21135,7031,534,1
21136,8231,211,0
21137,448,1481,0
21138,2,17,0
21139,13671,243,1
21140,2246,242,0
21141,8109,279,1
21142,1807,875,0
21143,12288,447,0
21144,6870,192,1
21145,12345,170,1
21146,3891,326,0
21147,4151,100,0
21148,5291,537,0
21149,215,1024,0
21150,9899,32,0
21151,6907,40,1
21152,4206,1369,1
21153,4407,615,0
21154,1417,599,1
21155,2533,111,0
21156,11426,67,1
21157,4844,55,1
21158,4737,122,1
21159,7143,100,1
21160,5287,13,0
21161,8313,52,0
21162,4764,1157,1
21163,6842,56,0
21164,13644,943,1
21165,3387,512,1
21166,584,770,1
21167,13288,1035,0
21168,1531,620,1
21169,11523,83,1
21170,566,502,0
21171,355,111,0
21172,5802,612,0
21173,2985,534,1
21174,2125,419,1
21175,13747,939,1
21176,9424,198,0
21177,2121,461,1
21178,3840,0,0
21179,8337,125,1
21180,10271,83,1
21181,3765,42,0
21182,2840,242,1
21183,1981,25,0
21184,5435,513,0
21185,1840,43,1
21186,12082,77,0
21187,1839,77,0
21188,6007,7,0
21189,4660,462,0
21190,2508,111,0
21191,1118,101,0
21192,903,77,1
21193,4679,1405,0
21194,3741,39,1
21195,4572,101,0
21196,3758,7,0
21197,13247,813,1
21198,4550,505,0
21199,1297,455,0
21200,5768,7,0
21201,160,562,1
21202,12331,180,1
21203,13269,67,1
21204,5059,155,0
21205,8819,1918,1
21206,1526,1451,1
21207,2774,197,0
21208,664,47,1
21209,4333,35,1
21210,9657,40,1
21211,6429,212,0
21212,12378,2278,0
21213,3952,264,1
21214,13785,33,0
21215,4403,37,0
21216,8047,242,1
21217,12614,547,0
21218,13650,1095,1
21219,13862,514,0
21220,14164,166,1
21221,6783,169,1
21222,14270,94,0
21223,13082,129,0
21224,2455,149,0
21225,1343,361,0
21226,4267,67,1
21227,73,77,1
21228,7818,204,0
21229,104,2172,1
21230,12336,283,1
21231,1049,330,0
21232,8137,35,1
21233,5130,196,0
21234,5670,487,0
21235,4463,101,0
21236,278,136,1
21237,9593,807,1
21238,1929,3,0
21239,1501,77,0
21240,3471,445,1
21241,7279,553,0
21242,8621,3,0
21243,7510,193,1
21244,5788,113,0
21245,13059,592,1
21246,1565,1172,0
21247,2228,230,1
21248,1397,204,0
21249,242,405,1
21250,2525,171,0
21251,4889,86,0
21252,2733,1831,1
21253,5046,91,0
21254,1408,111,0
21255,10274,202,0
21256,24,23,0
21257,1553,343,1
21258,5275,377,0
21259,1581,57,1
21260,7411,72,1
21261,3335,637,1
21262,2576,832,0
21263,755,243,1
21264,13239,326,0
21265,1969,100,1
21266,4885,259,0
21267,4273,17,0
21268,9140,18,0
21269,13784,743,0
21270,6554,3,0
21271,950,2409,0
21272,4729,143,0
21273,7249,348,0
21274,2779,0,0
21275,1173,584,0
21276,1819,137,0
21277,4072,615,0
21278,4744,549,1
21279,1509,405,0
21280,2678,104,0
21281,2523,30,1
21282,8954,0,0
21283,11603,58,1
21284,10130,74,0
21285,6117,3,0
21286,951,438,1
21287,5428,570,1
21288,1632,77,0
21289,7064,401,1
21290,10437,41,1
21291,14408,931,1
21292,426,3,0
21293,1492,68,0
21294,9929,37,1
21295,2732,78,1
21296,5890,77,0
21297,4224,141,1
21298,6627,813,1
21299,1186,3,0
21300,5548,361,0
21301,12540,170,1
21302,1175,223,0
21303,5903,49,0
21304,12753,169,0
21305,12682,653,1
21306,6422,211,1
21307,2924,1155,0
21308,4270,118,0
21309,11707,758,0
21310,12912,56,0
21311,7768,42,0
21312,10979,100,0
21313,11052,278,1
21314,1984,111,0
21315,3644,533,1
21316,1396,833,0
21317,13414,412,0
21318,6280,424,1
21319,6057,1079,0
21320,13339,1002,1
21321,9518,1985,0
21322,6736,37,0
21323,1935,26,1
21324,2912,680,1
21325,14197,908,0
21326,4554,89,1
21327,775,189,1
21328,10314,37,1
21329,6164,514,1
21330,165,3,0
21331,9769,220,0
21332,6342,277,1
21333,10061,204,0
21334,13653,58,1
21335,4755,459,0
21336,12534,101,0
21337,1432,83,1
21338,10381,265,0
21339,7675,1755,1
21340,2739,1141,0
21341,11277,89,1
21342,12549,225,1
21343,12187,230,1
21344,7176,3,0
21345,152,112,0
21346,7704,40,1
21347,6013,160,0
21348,13571,563,1
21349,658,60,0
21350,3122,204,0
21351,1237,908,0
21352,2368,3,0
21353,3701,95,0
21354,2667,736,1
21355,249,49,0
21356,5715,148,1
21357,5465,106,1
21358,3257,1000,1
21359,8990,208,0
21360,4809,102,0
21361,3935,118,1
21362,14567,77,0
21363,10431,32,0
21364,4585,442,0
21365,6095,74,1
21366,8654,73,0
21367,2097,86,1
21368,13936,100,1
21369,6023,32,0
21370,10576,518,0
21371,7552,672,0
21372,5239,1221,0
21373,3645,143,0
21374,760,0,0
21375,13663,256,1
21376,3506,40,1
21377,12113,978,0
21378,10473,15,1
21379,414,1855,0
21380,13568,18,0
21381,1698,49,1
21382,13293,7,0
21383,1787,1488,1
21384,5345,86,0
21385,97,223,0
21386,4418,440,1
21387,1886,440,1
21388,10679,220,1
21389,12422,82,1
21390,12741,97,1
21391,12357,620,1
21392,1377,3,0
21393,8589,1640,1
21394,1186,48,0
21395,2121,815,1
21396,5682,155,0
21397,1975,467,1
21398,1886,957,1
21399,10809,200,0
21400,7767,342,1
21401,9196,427,1
21402,14324,42,0
21403,8255,788,1
21404,1793,122,0
21405,3141,42,0
21406,4426,225,1
21407,10039,100,0
21408,5611,895,0
21409,6926,537,0
21410,6877,278,1
21411,2107,197,0
21412,568,374,0
21413,869,1495,0
21414,368,1561,0
21415,1009,68,0
21416,5629,69,0
21417,7331,216,0
21418,1562,48,0
21419,2394,315,1
21420,2712,650,1
21421,3363,119,0
21422,12028,321,0
21423,12842,106,1
21424,10447,56,0
21425,5859,35,1
21426,1873,515,0
21427,2339,228,1
21428,11725,1484,0
21429,9598,86,0
21430,10770,482,1
21431,9703,101,0
21432,9461,137,0
21433,11689,1023,0
21434,3291,435,0
21435,8375,365,0
21436,5180,405,0
21437,1303,220,1
21438,14468,120,0
21439,14626,1536,1
21440,1787,770,0
21441,10334,37,0
21442,11613,18,0
21443,14215,67,1
21444,10942,301,1
21445,3113,345,1
21446,8228,140,0
21447,36,34,1
21448,9890,52,0
21449,539,100,1
21450,205,358,0
21451,11237,67,1
21452,4575,136,1
21453,5682,143,1
21454,12429,197,0
21455,10130,447,0
21456,12858,67,1
21457,6912,41,0
21458,267,536,0
21459,12983,77,0
21460,3951,91,0
21461,11940,19,1
21462,2884,100,1
21463,9426,116,0
21464,10137,0,0
21465,10608,464,0
21466,2376,5,0
21467,3797,592,1
21468,242,669,1
21469,13445,100,1
21470,5060,376,1
21471,2590,41,0
21472,10599,188,0
21473,10050,485,0
21474,7732,0,0
21475,11961,315,1
21476,2125,320,0
21477,13215,91,1
21478,5597,126,1
21479,10888,3,0
21480,1549,134,1
21481,10906,3,0
21482,5738,485,0
21483,4723,3,0
21484,5496,265,0
21485,649,818,0
21486,866,320,1
21487,5900,557,0
21488,13811,902,0
21489,332,147,1
21490,12131,100,1
21491,8279,17,0
21492,5155,247,1
21493,5521,66,1
21494,791,503,0
21495,9628,1021,1
21496,385,260,1
21497,931,402,1
21498,653,132,0
21499,7016,34,0
21500,14294,3,0
21501,11436,109,0
21502,12134,187,0
21503,236,46,0
21504,4692,17,0
21505,4753,414,1
21506,9836,235,0
21507,7263,77,0
21508,9515,122,1
21509,2959,77,0
21510,4070,1851,1
21511,1870,2313,1
21512,1692,24,0
21513,665,351,0
21514,12606,18,0
21515,7158,3,0
21516,7359,134,1
21517,2396,695,1
21518,11268,82,1
21519,7541,330,1
21520,11259,557,0
21521,4678,658,0
21522,12925,397,1
21523,7867,460,0
21524,5289,228,1
21525,12309,189,1
21526,340,262,1
21527,1175,37,0
21528,9737,1856,1
21529,1272,417,0
21530,1265,868,0
21531,4220,73,1
21532,4710,405,1
21533,7745,269,1
21534,5295,67,1
21535,10754,102,0
21536,1338,242,0
21537,1480,615,0
21538,6858,829,1
21539,3895,588,0
21540,5261,1138,1
21541,7287,17,0
21542,465,313,1
21543,71,52,0
21544,4749,17,0
21545,2659,137,0
21546,5764,418,0
21547,9239,42,0
21548,13368,319,1
21549,12348,35,1
21550,3291,321,0
21551,943,2303,0
21552,8630,68,0
21553,493,1618,1
21554,6558,444,1
21555,13616,39,1
21556,9078,343,1
21557,472,266,0
21558,7663,49,1
21559,5108,100,1
21560,576,46,0
21561,4905,435,1
21562,2052,745,1
21563,6442,13,0
21564,6337,514,0
21565,3676,33,0
21566,3882,109,1
21567,2283,274,0
21568,302,598,0
21569,125,1635,1
21570,11992,269,0
21571,5650,269,1
21572,9109,242,0
21573,4831,41,0
21574,766,1485,1
21575,5729,975,0
21576,11698,40,1
21577,8431,148,1
21578,9904,293,1
21579,12935,3,0
21580,12171,518,0
21581,5808,36,0
21582,8500,77,0
21583,14547,219,1
21584,7161,101,0
21585,9956,198,0
21586,6547,52,0
21587,2889,606,1
21588,11070,1933,0
21589,5915,46,1
21590,5435,213,0
21591,7827,42,0
21592,1168,926,0
21593,9611,696,1
21594,1642,709,0
21595,8084,978,0
21596,3406,48,1
21597,2552,39,1
21598,7895,261,0
21599,14499,768,0
21600,2321,407,0
21601,6129,1334,1
21602,6912,777,1
21603,3521,25,0
21604,4378,48,0
21605,11854,18,0
21606,11891,176,1
21607,2766,254,0
21608,12313,771,1
21609,11383,18,0
21610,5460,48,0
21611,5011,228,1
21612,14448,908,0
21613,437,49,1
21614,1359,803,0
21615,10926,77,0
21616,11067,1474,0
21617,11471,1063,1
21618,6190,1847,1
21619,13664,100,1
21620,49,409,0
21621,6301,86,0
21622,12621,39,0
21623,3928,20,1
21624,937,38,1
21625,812,7,0
21626,1277,674,0
21627,1863,52,0
21628,606,89,0
21629,14341,3,0
21630,7587,216,0
21631,2525,21,1
21632,5357,314,1
21633,6720,607,1
21634,3972,303,1
21635,12723,189,1
21636,52,66,0
21637,8529,230,1
21638,2860,376,0
21639,10620,0,0
21640,849,223,0
21641,3469,523,1
21642,12082,264,1
21643,14259,52,0
21644,12078,1069,0
21645,13817,9,1
21646,1248,51,0
21647,11817,343,1
21648,10940,148,1
21649,8364,77,0
21650,9809,3,0
21651,9487,447,1
21652,14212,204,0
21653,3760,77,0
21654,2319,383,1
21655,1787,798,1
21656,1695,1117,0
21657,1718,478,1
21658,4581,39,1
21659,9200,7,0
21660,7395,1033,1
21661,7007,58,1
21662,6666,521,1
21663,5043,180,0
21664,8783,35,1
21665,4472,101,0
21666,5500,198,0
21667,11277,391,0
21668,10327,482,1
21669,1813,47,1
21670,12224,243,1
21671,7256,195,1
21672,12726,182,0
21673,5477,37,0
21674,7727,3,0
21675,3200,75,1
21676,10186,269,1
21677,8557,17,0
21678,11947,27,0
21679,8560,41,1
21680,14333,73,1
21681,1147,1079,0
21682,9676,501,0
21683,9559,100,1
21684,810,242,1
21685,13307,91,0
21686,3068,33,1
21687,11580,1032,0
21688,8578,77,0
21689,7188,3,0
21690,1303,402,1
21691,4755,400,1
21692,1736,833,1
21693,5163,52,0
21694,2336,546,1
21695,10856,404,1
21696,1005,37,0
21697,844,615,0
21698,7171,52,0
21699,5976,204,0
21700,4341,28,1
21701,5485,272,1
21702,3895,101,0
21703,5556,402,1
21704,8123,37,0
21705,5092,18,0
21706,4509,52,0
21707,5250,224,0
21708,6056,562,0
21709,335,3,0
21710,3655,101,0
21711,14395,106,1
21712,5426,1091,0
21713,6867,43,1
21714,953,1383,0
21715,8363,23,1
21716,8463,77,0
21717,1771,0,0
21718,288,223,0
21719,1509,257,0
21720,7138,128,0
21721,4670,1233,0
21722,5744,2046,0
21723,8482,405,0
21724,14088,343,1
21725,14417,52,0
21726,205,1410,0
21727,14425,77,0
21728,4227,964,1
21729,3817,743,0
21730,1726,326,0
21731,7555,35,1
21732,9563,102,0
21733,1331,2397,0
21734,3054,60,0
21735,4047,212,1
21736,11798,18,0
21737,242,500,1
21738,3075,849,0
21739,7946,40,1
21740,5796,52,0
21741,6727,35,0
21742,5806,48,0
21743,160,1092,0
21744,6741,97,1
21745,5737,39,0
21746,2475,1864,1
21747,9482,242,0
21748,455,88,0
21749,4663,44,0
21750,2430,836,1
21751,4329,157,0
21752,3846,391,0
21753,7645,18,0
21754,6328,35,1
21755,12677,101,0
21756,9326,223,0
21757,13553,836,1
21758,4083,343,1
21759,4459,1447,1
21760,3436,169,0
21761,8482,220,1
21762,6376,269,0
21763,3279,60,0
21764,6143,155,0
21765,3882,374,0
21766,1387,416,0
21767,6899,55,1
21768,156,483,0
21769,10554,94,0
21770,863,169,0
21771,2558,775,1
21772,242,1260,1
21773,6572,149,0
21774,5018,557,0
21775,13620,94,1
21776,2059,99,1
21777,9985,148,1
21778,7422,269,0
21779,2601,588,1
21780,11512,7,0
21781,4554,391,0
21782,7250,60,0
21783,1161,260,1
21784,10840,126,1
21785,1090,266,0
21786,8271,267,0
21787,1089,2312,1
21788,3715,24,0
21789,7884,584,0
21790,1197,1098,0
21791,5808,26,0
21792,3800,408,1
21793,5353,141,1
21794,5568,10,0
21795,13643,424,1
21796,2032,15,1
21797,5006,1185,0
21798,11242,56,0
21799,6292,277,1
21800,5018,33,0
21801,10873,514,0
21802,10156,13,0
21803,5754,100,1
21804,4773,460,0
21805,1521,891,0
21806,478,60,0
21807,944,25,0
21808,11541,977,0
21809,7095,37,0
21810,8576,297,0
21811,4583,85,1
21812,115,2001,1
21813,2593,77,0
21814,314,1795,0
21815,3948,404,0
21816,6966,1445,0
21817,2881,889,1
21818,1057,798,1
21819,1419,49,1
21820,5116,653,1
21821,7229,3,0
21822,12967,39,1
21823,3151,91,1
21824,8034,128,0
21825,3689,320,0
21826,14133,56,0
21827,3098,562,0
21828,8929,1671,0
21829,395,7,0
21830,3044,478,1
21831,10647,601,0
21832,6863,68,0
21833,1527,462,0
21834,105,1011,1
21835,242,810,1
21836,2481,17,0
21837,10590,77,0
21838,8119,182,0
21839,6063,514,0
21840,11851,334,1
21841,8186,39,1
21842,2067,271,1
21843,6138,3,0
21844,2991,1552,1
21845,11429,74,1
21846,8158,27,1
21847,3840,891,0
21848,2763,90,0
21849,4165,501,0
21850,818,38,0
21851,13375,35,1
21852,9403,425,1
21853,2793,873,0
21854,4289,17,0
21855,8487,1317,0
21856,11151,67,1
21857,9789,119,0
21858,533,374,0
21859,14382,139,1
21860,6902,3,0
21861,8599,25,0
21862,6189,67,1
21863,11205,18,0
21864,4313,0,0
21865,1564,178,1
21866,4977,777,0
21867,12462,68,0
21868,4657,129,0
21869,2003,107,1
21870,11078,0,1
21871,8008,517,0
21872,9093,149,1
21873,5793,220,1
21874,5328,125,1
21875,5646,343,1
21876,12921,67,1
21877,4150,0,0
21878,3641,160,0
21879,5346,48,0
21880,1230,405,0
21881,11695,170,1
21882,11247,276,1
21883,11623,232,1
21884,4762,128,0
21885,1491,135,1
21886,48,40,0
21887,7330,3,1
21888,5411,167,0
21889,10662,7,0
21890,205,565,0
21891,4201,7,1
21892,4242,243,1
21893,4462,100,1
21894,9784,262,1
21895,1161,682,1
21896,1678,196,0
21897,1471,78,1
21898,9715,220,1
21899,3987,888,0
21900,69,15,1
21901,2621,278,0
21902,5659,67,1
21903,8145,207,1
21904,10786,107,1
21905,10586,549,1
21906,2498,137,0
21907,13367,77,0
21908,1102,22,0
21909,272,115,0
21910,8616,52,0
21911,10140,100,1
21912,4399,202,0
21913,5413,158,1
21914,6539,67,1
21915,49,709,1
21916,11483,485,0
21917,12776,369,1
21918,551,311,0
21919,4915,41,0
21920,4909,249,0
21921,6736,52,0
21922,7842,2178,0
21923,69,40,1
21924,6351,101,0
21925,242,1802,1
21926,6449,256,1
21927,2246,60,0
21928,2775,558,1
21929,7061,100,1
21930,11829,460,0
21931,288,1158,0
21932,8733,38,1
21933,10793,861,0
21934,1178,1256,1
21935,433,192,0
21936,267,964,0
21937,11089,0,0
21938,11419,3,0
21939,268,342,0
21940,5115,176,1
21941,5920,943,1
21942,5308,17,0
21943,10559,156,1
21944,38,987,0
21945,215,65,0
21946,11672,94,1
21947,2980,170,1
21948,2316,943,1
21949,3210,18,0
21950,5775,7,0
21951,4070,584,0
21952,13161,163,0
21953,489,288,1
21954,569,0,0
21955,11462,343,1
21956,366,214,0
21957,1821,750,1
21958,4338,288,1
21959,5678,86,0
21960,1313,1230,1
21961,1162,16,1
21962,5390,2,0
21963,12985,1084,0
21964,9176,811,1
21965,1616,109,1
21966,4052,910,0
21967,1572,204,0
21968,5630,3,0
21969,4682,626,1
21970,8858,709,1
21971,13211,39,1
21972,1614,831,0
21973,3092,142,1
21974,2694,850,0
21975,58,100,1
21976,2249,868,0
21977,3170,49,0
21978,1471,3,0
21979,13244,149,1
21980,6176,947,1
21981,13988,1035,0
21982,9091,1453,0
21983,5315,320,0
21984,11116,232,0
21985,1520,433,0
21986,1074,256,1
21987,14405,293,1
21988,2886,377,0
21989,4635,74,1
21990,4771,204,0
21991,9536,320,1
21992,1046,1558,0
21993,11957,64,1
21994,1807,323,0
21995,9865,64,1
21996,9234,353,0
21997,5083,39,1
21998,3381,0,0
21999,6044,758,1
22000,9105,409,1
22001,7145,357,0
22002,8799,18,0
22003,8016,278,1
22004,2923,1171,0
22005,3833,19,1
22006,8527,122,0
22007,9536,3,0
22008,7520,780,1
22009,2264,25,0
22010,1655,1028,0
22011,4000,77,0
22012,10581,7,0
22013,86,7,0
22014,2411,95,1
22015,473,418,0
22016,4190,438,0
22017,268,26,0
22018,1079,248,1
22019,11093,86,0
22020,11778,462,0
22021,9671,49,1
22022,3711,269,1
22023,5810,501,0
22024,13481,77,0
22025,11821,833,1
22026,1309,709,0
22027,1865,1978,0
22028,12811,785,0
22029,5550,343,1
22030,13659,126,1
22031,2046,176,1
22032,5720,52,0
22033,6036,1323,0
22034,10216,77,0
22035,2634,0,0
22036,5605,438,1
22037,5055,35,1
22038,7133,597,0
22039,12941,965,1
22040,728,242,1
22041,1479,3,0
22042,139,1484,0
22043,9270,84,1
22044,267,535,0
22045,6946,52,0
22046,5781,124,1
22047,11122,1667,1
22048,291,273,0
22049,6655,41,1
22050,6397,0,0
22051,782,3,0
22052,3705,1,0
22053,14566,18,0
22054,3024,11,0
22055,5071,406,1
22056,9494,0,0
22057,6010,218,0
22058,5196,133,0
22059,9658,204,0
22060,4943,582,0
22061,8120,38,0
22062,2028,402,0
22063,12033,320,1
22064,5223,197,0
22065,472,1817,0
22066,13490,1632,1
22067,4020,355,1
22068,5110,87,1
22069,12005,91,1
22070,53,1082,0
22071,8266,13,0
22072,4779,171,1
22073,4644,117,0
22074,9754,188,0
22075,9263,100,1
22076,5365,1,0
22077,13889,225,0
22078,6329,405,0
22079,1856,1439,1
22080,623,668,1
22081,1732,98,1
22082,11835,52,0
22083,5094,404,0
22084,5301,49,1
22085,3548,235,0
22086,3641,198,1
22087,5338,1051,1
22088,2983,111,0
22089,9851,3,0
22090,6484,37,0
22091,3833,539,1
22092,1361,2452,0
22093,5278,222,0
22094,2246,74,0
22095,904,85,1
22096,8138,48,0
22097,10905,3,0
22098,7725,137,1
22099,3000,102,0
22100,877,91,1
22101,11137,7,0
22102,2711,17,0
22103,366,798,1
22104,10600,293,1
22105,10549,9,1
22106,11202,156,1
22107,7941,427,1
22108,1305,7,1
22109,9937,0,0
22110,11601,263,0
22111,1439,358,1
22112,8920,749,0
22113,97,1,0
22114,5294,1329,0
22115,3243,1,0
22116,9771,797,1
22117,4440,149,0
22118,1102,208,0
22119,2075,1907,1
22120,1737,269,1
22121,9539,56,0
22122,12662,77,0
22123,7836,2289,1
22124,7471,37,0
22125,3929,611,0
22126,10699,196,0
22127,9676,813,1
22128,4781,214,0
22129,13157,86,0
22130,14209,613,1
22131,1330,533,1
22132,8679,343,1
22133,13871,35,1
22134,12546,901,1
22135,1994,225,1
22136,8606,315,1
22137,14021,18,0
22138,3860,1050,1
22139,1080,493,0
22140,7744,119,0
22141,1194,532,0
22142,1509,887,0
22143,6054,58,1
22144,578,457,0
22145,12525,39,1
22146,2304,553,0
22147,8731,1538,0
22148,20,911,0
22149,6758,824,0
22150,4546,90,0
22151,7075,716,1
22152,9189,219,1
22153,3707,48,0
22154,13395,99,1
22155,5620,1317,0
22156,631,77,0
22157,6220,21,1
22158,5929,52,0
22159,577,74,0
22160,2263,142,1
22161,685,22,0
22162,1942,60,0
22163,5633,1317,0
22164,13796,73,1
22165,7425,631,0
22166,4106,1084,1
22167,665,172,0
22168,48,2443,0
22169,2264,223,0
22170,2983,1082,0
22171,4288,269,1
22172,10826,77,0
22173,5931,73,1
22174,1820,204,0
22175,12185,77,0
22176,13939,106,1
22177,14181,18,0
22178,3170,991,0
22179,7274,48,0
22180,2487,597,0
22181,3502,58,1
22182,274,190,0
22183,13614,131,0
22184,480,187,1
22185,5300,322,0
22186,1415,18,0
22187,6912,141,0
22188,8326,77,0
22189,8338,231,0
22190,4746,49,1
22191,181,1491,0
22192,908,326,0
22193,1897,3,0
22194,1422,183,1
22195,13498,473,1
22196,3002,95,0
22197,3632,60,0
22198,2456,7,0
22199,986,140,0
22200,14166,96,0
22201,7386,106,1
22202,5506,1186,0
22203,10063,40,1
22204,13628,3,0
22205,5907,32,0
22206,909,52,0
22207,2997,91,0
22208,10453,18,0
22209,4620,928,0
22210,10086,228,1
22211,6323,813,1
22212,14385,276,1
22213,8248,82,1
22214,6570,379,1
22215,12312,77,0
22216,13197,77,0
22217,8288,1201,1
22218,6243,881,0
22219,118,3,0
22220,3991,501,0
22221,7270,441,0
22222,3607,997,0
22223,703,320,0
22224,1706,34,1
22225,8602,101,0
22226,13886,58,1
22227,885,100,1
22228,3733,462,0
22229,4909,86,1
22230,8419,7,0
22231,2358,1209,0
22232,1018,3,0
22233,7018,991,0
22234,267,399,0
22235,4645,1056,0
22236,2983,4,0
22237,10536,400,0
22238,3951,625,0
22239,3259,39,1
22240,766,234,0
22241,6822,135,1
22242,6039,1145,0
22243,6921,18,0
22244,1926,27,1
22245,10603,50,1
22246,5055,39,1
22247,268,894,0
22248,5697,189,1
22249,1369,425,1
22250,9286,111,0
22251,7886,429,0
22252,8925,37,0
22253,6960,719,0
22254,13242,228,1
22255,13358,16,1
22256,749,621,0
22257,1386,24,0
22258,2486,473,1
22259,6137,46,1
22260,7624,126,1
22261,7560,425,1
22262,12807,412,1
22263,2876,77,0
22264,5444,549,1
22265,544,3,0
22266,11136,1836,1
22267,2364,1262,0
22268,4326,402,0
22269,778,908,0
22270,11527,18,0
22271,5845,148,1
22272,3125,3,0
22273,5574,2402,0
22274,9603,834,1
22275,7832,836,1
22276,5984,32,0
22277,13860,263,1
22278,4731,467,1
22279,6872,442,0
22280,3792,140,0
22281,2824,621,0
22282,11890,32,0
22283,2415,731,1
22284,5540,1403,1
22285,658,1974,0
22286,1280,93,0
22287,2679,20,1
22288,1216,532,1
22289,4595,0,0
22290,1899,242,1
22291,6274,1021,1
22292,121,256,0
22293,268,1069,0
22294,2396,794,1
22295,10205,1799,1
22296,4908,35,1
22297,4877,269,1
22298,696,1075,0
22299,10744,109,1
22300,3117,662,0
22301,664,77,0
22302,3584,518,0
22303,1715,633,1
22304,5282,197,0
22305,943,625,0
22306,4004,254,0
22307,11911,716,1
22308,1758,692,1
22309,10276,42,0
22310,2135,953,1
22311,15,300,1
22312,429,242,0
22313,13430,74,1
22314,12153,149,0
22315,13964,232,1
22316,13582,126,1
22317,276,558,0
22318,1020,337,0
22319,11831,18,0
22320,4350,13,0
22321,14263,360,1
22322,2865,198,0
22323,1950,438,1
22324,5033,1,0
22325,4280,17,0
22326,13181,219,1
22327,10101,26,0
22328,6668,809,0
22329,12688,77,0
22330,4915,197,0
22331,4866,86,0
22332,1773,935,0
22333,3549,1335,0
22334,10379,40,0
22335,4039,957,1
22336,10595,60,0
22337,1057,10,1
22338,4705,169,0
22339,6664,1387,0
22340,12270,417,0
22341,14062,3,0
22342,182,106,1
22343,7642,25,0
22344,1544,472,1
22345,5408,27,0
22346,11963,3,0
22347,5242,207,1
22348,7563,32,0
22349,619,77,0
22350,3410,716,1
22351,3601,133,0
22352,10181,868,0
22353,846,41,0
22354,9997,3,0
22355,6017,52,0
22356,8048,34,1
22357,3401,67,1
22358,5750,67,1
22359,1276,1747,0
22360,14640,86,1
22361,5693,1310,1
22362,8230,17,0
22363,7870,53,1
22364,6187,49,1
22365,9916,260,1
22366,4095,1040,1
22367,8877,262,1
22368,13202,77,0
22369,5768,35,1
22370,8350,7,0
22371,14356,106,1
22372,3358,86,0
22373,4460,1484,0
22374,13020,2226,0
22375,88,74,1
22376,14637,420,1
22377,2840,113,0
22378,2076,33,1
22379,5710,60,0
22380,1085,154,0
22381,8531,957,0
22382,5237,606,1
22383,1395,138,0
22384,3753,806,1
22385,1762,539,0
22386,13975,149,1
22387,8607,0,0
22388,2962,369,1
22389,7782,220,1
22390,12659,41,0
22391,7720,0,0
22392,5101,1184,1
22393,242,1440,1
22394,5839,119,0
22395,3331,3,0
22396,9236,182,0
22397,1701,320,0
22398,10731,699,1
22399,3942,1040,1
22400,4258,267,0
22401,1400,242,1
22402,1761,0,0
22403,7645,67,1
22404,7022,18,0
22405,649,0,0
22406,9854,18,0
22407,7133,49,0
22408,8423,1526,1
22409,1521,232,1
22410,7906,214,1
22411,5575,1047,1
22412,12286,295,0
22413,9689,237,0
22414,3170,952,1
22415,627,17,1
22416,14213,1863,0
22417,2836,25,0
22418,3331,376,0
22419,293,607,1
22420,11514,220,1
22421,4384,376,0
22422,387,1540,0
22423,8411,943,0
22424,10120,48,0
22425,5241,284,1
22426,12875,86,0
22427,4287,657,1
22428,10081,43,1
22429,407,365,1
22430,8289,343,0
22431,7150,440,1
22432,5694,106,0
22433,11999,34,1
22434,1408,223,0
22435,6198,47,1
22436,2993,42,0
22437,1251,3,0
22438,8655,891,0
22439,2063,60,0
22440,12931,242,0
22441,8529,563,1
22442,3065,37,0
22443,4142,100,1
22444,3796,228,1
22445,1057,1430,1
22446,1634,365,0
22447,8408,119,0
22448,901,220,1
22449,1318,573,1
22450,4685,178,0
22451,1585,77,0
22452,12557,208,1
22453,110,49,1
22454,6007,39,1
22455,14265,3,0
22456,9384,3,0
22457,3750,705,0
22458,14158,126,1
22459,4756,329,0
22460,13536,35,1
22461,1650,491,0
22462,8018,7,0
22463,4628,100,0
22464,13847,112,1
22465,2448,376,0
22466,919,242,1
22467,8848,25,0
22468,4410,1901,0
22469,8696,3,0
22470,160,220,0
22471,7164,345,1
22472,242,279,1
22473,7754,254,0
22474,2864,292,0
22475,242,1566,1
22476,8859,67,1
22477,11227,60,0
22478,827,411,1
22479,4586,140,1
22480,10125,32,0
22481,9325,447,0
22482,3876,83,1
22483,3660,15,1
22484,2741,204,0
22485,1197,390,0
22486,9801,438,0
22487,783,396,0
22488,7183,32,0
22489,4345,272,1
22490,10416,8,1
22491,8624,438,1
22492,1556,197,0
22493,14572,813,1
22494,215,266,0
22495,14639,558,1
22496,12758,303,1
22497,4710,77,0
22498,7920,18,0
22499,2640,77,1
22500,4764,254,0
22501,465,430,0
22502,2458,73,1
22503,3681,471,1
22504,314,615,1
22505,2808,22,1
22506,11185,449,1
22507,11385,2371,0
22508,2243,401,0
22509,963,35,1
22510,4335,102,0
22511,7625,52,0
22512,11632,666,0
22513,666,39,1
22514,13276,119,0
22515,14120,57,1
22516,8634,57,1
22517,7150,405,0
22518,1,311,1
22519,8793,86,0
22520,8878,100,1
22521,14595,256,0
22522,1395,43,0
22523,4577,498,0
22524,2967,16,1
22525,2609,18,0
22526,12095,100,1
22527,10605,52,1
22528,668,344,0
22529,14504,1351,0
22530,454,412,0
22531,13691,67,1
22532,1855,8,1
22533,13222,3,0
22534,13965,91,1
22535,12770,53,1
22536,2187,41,0
22537,1175,197,0
22538,9330,170,1
22539,5106,52,0
22540,2883,763,0
22541,10165,32,0
22542,10234,100,1
22543,10929,35,1
22544,1046,1438,0
22545,1277,602,0
22546,1167,48,0
22547,13089,813,1
22548,8228,52,0
22549,766,1191,1
22550,565,362,0
22551,9482,447,0
22552,8377,254,0
22553,4805,196,0
22554,9104,148,1
22555,13028,797,1
22556,2888,58,0
22557,8024,459,0
22558,2184,539,0
22559,13797,67,0
22560,1627,583,0
22561,7490,237,0
22562,3446,547,0
22563,652,1357,0
22564,4856,345,1
22565,11828,19,1
22566,3936,502,0
22567,5241,966,0
22568,13193,3,0
22569,12290,17,0
22570,6829,220,0
22571,11589,1400,1
22572,5358,962,0
22573,3579,48,0
22574,3464,5,0
22575,9748,413,1
22576,9491,944,1
22577,4244,23,0
22578,8086,40,1
22579,6681,228,0
22580,2587,344,0
22581,110,1738,0
22582,4774,1585,1
22583,7118,645,0
22584,10549,155,0
22585,2929,3,0
22586,2138,242,0
22587,1446,84,1
22588,4014,32,0
22589,7948,3,0
22590,1450,1768,1
22591,6451,19,1
22592,7678,90,0
22593,3617,1276,1
22594,13805,441,1
22595,9175,200,0
22596,4877,51,1
22597,7457,520,1
22598,5065,300,1
22599,12508,67,1
22600,12678,164,1
22601,5916,440,1
22602,8966,40,1
22603,3147,55,1
22604,1034,37,0
22605,12937,404,0
22606,728,377,0
22607,10450,939,0
22608,7808,216,0
22609,11776,891,0
22610,7216,68,0
22611,11576,104,1
22612,5955,809,0
22613,10484,93,1
22614,1062,208,0
22615,13134,212,1
22616,9885,585,1
22617,4685,69,0
22618,7758,2099,1
22619,8606,366,1
22620,4361,1379,1
22621,4058,5,0
22622,1903,662,0
22623,9288,119,0
22624,1695,41,0
22625,6389,429,1
22626,11236,230,1
22627,2617,35,1
22628,3285,3,0
22629,7990,171,1
22630,253,1976,0
22631,7291,1321,0
22632,8894,211,1
22633,6532,1811,1
22634,2645,66,0
22635,4779,1160,0
22636,8709,2172,1
22637,6227,77,0
22638,2584,170,1
22639,9082,204,0
22640,8439,77,0
22641,6358,1895,0
22642,1089,1369,0
22643,13289,82,1
22644,1572,52,0
22645,4707,35,1
22646,408,2486,1
22647,7722,37,0
22648,12864,40,1
22649,9947,82,1
22650,6687,97,1
22651,1695,2431,0
22652,5688,813,1
22653,3827,34,0
22654,4592,3,0
22655,1916,345,0
22656,2188,1028,1
22657,55,1988,1
22658,10721,286,0
22659,2852,553,0
22660,1845,1,0
22661,11549,368,0
22662,9285,126,1
22663,166,120,0
22664,6328,7,0
22665,8898,440,0
22666,13457,77,0
22667,922,1067,0
22668,294,219,1
22669,13999,18,0
22670,8945,77,0
22671,3932,269,1
22672,2541,557,1
22673,11878,376,0
22674,2639,3,0
22675,1634,440,1
22676,13194,473,1
22677,12536,55,1
22678,6485,673,0
22679,3117,929,1
22680,115,743,1
22681,11048,61,0
22682,7794,22,0
22683,6219,46,1
22684,9071,48,0
22685,3977,279,1
22686,8937,247,1
22687,421,212,0
22688,13365,60,0
22689,5401,3,0
22690,9235,67,1
22691,218,152,0
22692,11233,15,1
22693,11564,35,1
22694,11396,77,0
22695,3833,167,0
22696,6489,1040,1
22697,943,400,0
22698,2787,3,0
22699,6674,926,1
22700,6843,457,0
22701,13977,260,1
22702,3512,3,0
22703,1317,1003,0
22704,4005,101,0
22705,3620,39,1
22706,2332,33,0
22707,6374,505,0
22708,9179,48,0
22709,7670,1484,0
22710,12581,343,1
22711,6067,1588,0
22712,3878,208,0
22713,967,265,1
22714,7154,464,1
22715,13508,67,0
22716,4303,67,1
22717,14299,626,1
22718,12942,166,1
22719,2221,41,0
22720,4221,467,1
22721,6255,73,1
22722,2400,160,0
22723,6663,551,1
22724,7897,220,0
22725,1695,2159,0
22726,11427,91,0
22727,6671,100,1
22728,13159,11,0
22729,3963,1046,1
22730,11312,3,0
22731,7578,242,0
22732,1592,248,1
22733,10143,3,0
22734,8311,67,1
22735,3572,1797,1
22736,5422,17,0
22737,4233,1090,1
22738,14110,136,1
22739,6052,17,0
22740,3881,3,0
22741,1110,18,0
22742,9115,276,1
22743,10748,223,0
22744,2192,895,0
22745,178,127,0
22746,8821,33,1
22747,11003,17,0
22748,5917,64,1
22749,4742,500,1
22750,10706,67,1
22751,6967,424,1
22752,6241,0,0
22753,4116,84,1
22754,481,2140,1
22755,3183,171,0
22756,2020,3,0
22757,198,9,0
22758,10108,67,1
22759,2250,17,0
22760,1542,770,0
22761,6581,7,0
22762,6457,52,0
22763,10227,129,0
22764,1484,1578,0
22765,1788,1937,1
22766,8534,769,1
22767,5824,40,0
22768,6047,546,1
22769,7780,3,0
22770,11877,267,0
22771,5115,719,0
22772,3462,216,0
22773,7732,515,0
22774,759,1311,0
22775,1173,835,0
22776,1235,807,1
22777,4108,210,1
22778,9363,3,0
22779,1102,1096,0
22780,659,993,0
22781,6041,16,1
22782,9773,171,0
22783,1306,39,1
22784,13979,67,1
22785,6584,824,1
22786,3760,469,0
22787,12837,906,0
22788,1437,1534,0
22789,7824,82,1
22790,7363,518,0
22791,2385,49,1
22792,6175,219,1
22793,8904,813,1
22794,145,17,0
22795,188,103,1
22796,9321,82,1
22797,11373,35,1
22798,5858,680,1
22799,627,1,0
22800,14205,37,0
22801,12869,67,1
22802,3581,77,1
22803,9404,155,0
22804,4706,53,0
22805,6030,313,1
22806,9388,242,1
22807,8536,682,1
22808,2782,83,1
22809,14063,169,1
22810,11604,0,0
22811,7984,412,0
22812,42,266,0
22813,2537,100,1
22814,1642,456,0
22815,3549,478,1
22816,11113,24,0
22817,1255,46,1
22818,12059,412,0
22819,13773,549,1
22820,3498,462,1
22821,5949,77,0
22822,931,440,1
22823,7324,462,0
22824,1207,204,0
22825,7794,242,0
22826,13116,0,0
22827,9489,43,1
22828,13372,979,0
22829,11572,109,1
22830,2388,67,1
22831,13466,48,0
22832,1115,1274,1
22833,10228,267,0
22834,12207,102,0
22835,8689,17,0
22836,2272,25,0
22837,2897,517,0
22838,7329,39,1
22839,5297,22,1
22840,12599,77,0
22841,13993,67,1
22842,11130,170,1
22843,4699,320,1
22844,6460,86,0
22845,6508,109,1
22846,54,48,0
22847,2958,539,0
22848,10216,715,1
22849,10845,67,1
22850,3384,17,0
22851,250,3,0
22852,8973,534,1
22853,2680,402,1
22854,3539,17,0
22855,598,330,0
22856,11414,155,0
22857,2110,1625,0
22858,9102,1346,0
22859,13059,77,0
22860,6208,322,0
22861,9859,399,1
22862,14026,68,0
22863,14019,271,1
22864,6082,1439,1
22865,11310,73,1
22866,3342,115,0
22867,13154,77,0
22868,6523,2530,1
22869,3135,7,0
22870,10828,91,1
22871,859,135,1
22872,8362,103,1
22873,9773,2312,1
22874,465,223,0
22875,916,371,1
22876,11101,204,0
22877,2094,137,0
22878,1833,696,1
22879,4904,204,0
22880,463,1403,0
22881,2873,402,1
22882,6629,219,1
22883,229,975,0
22884,13438,19,0
22885,12352,211,1
22886,3594,853,0
22887,11989,264,1
22888,4545,46,1
22889,6543,405,1
22890,12427,67,1
22891,227,216,0
22892,12693,188,0
22893,9742,67,1
22894,6568,360,0
22895,6812,341,1
22896,360,260,0
22897,3431,1520,1
22898,6194,0,0
22899,7635,402,1
22900,5353,220,0
22901,6204,402,1
22902,12261,11,0
22903,8200,37,0
22904,3960,1045,1
22905,11598,100,1
22906,669,353,0
22907,5076,182,0
22908,1202,928,0
22909,14025,505,0
22910,8270,1221,1
22911,8410,344,0
22912,12817,225,1
22913,8989,168,1
22914,7343,18,0
22915,8171,272,1
22916,160,201,1
22917,8163,361,0
22918,4530,18,0
22919,2961,17,0
22920,9862,129,1
22921,3938,29,0
22922,10644,1304,0
22923,2636,228,1
22924,10123,3,0
22925,5200,406,0
22926,14305,100,1
22927,11483,83,1
22928,6273,94,0
22929,9647,77,0
22930,11450,64,1
22931,4462,978,0
22932,190,48,0
22933,4833,329,1
22934,3168,594,0
22935,14359,44,0
22936,6021,7,0
22937,10654,713,1
22938,950,1326,0
22939,12133,813,1
22940,11844,100,1
22941,8118,55,0
22942,5158,37,0
22943,1871,187,1
22944,9452,369,1
22945,7045,38,0
22946,10007,483,1
22947,3638,338,1
22948,4097,49,1
22949,9299,228,0
22950,8451,765,0
22951,7371,1077,0
22952,9946,15,1
22953,2595,0,0
22954,5137,0,0
22955,11521,17,0
22956,8605,68,0
22957,13700,333,0
22958,2888,447,0
22959,11531,204,0
22960,3162,935,1
22961,6547,100,1
22962,7766,17,0
22963,1629,117,0
22964,555,512,0
22965,7452,67,1
22966,9621,39,1
22967,4714,310,1
22968,449,223,0
22969,14419,214,0
22970,11738,77,0
22971,10661,169,0
22972,13587,957,0
22973,1744,1543,0
22974,2364,391,0
22975,13525,758,1
22976,69,835,0
22977,12352,79,0
22978,8063,170,1
22979,151,223,0
22980,4267,18,0
22981,3451,547,0
22982,13132,93,1
22983,6481,39,1
22984,3360,129,1
22985,3387,1901,0
22986,7699,148,1
22987,5719,353,0
22988,8346,18,0
22989,1629,483,0
22990,5783,242,1
22991,9533,260,0
22992,28,315,1
22993,1861,187,1
22994,10442,230,1
22995,12579,750,0
22996,8926,690,1
22997,2191,1365,1
22998,9356,654,1
22999,5844,1280,0
23000,10884,73,1
23001,14560,77,0
23002,3845,58,1
23003,3716,111,0
23004,14134,768,0
23005,13775,131,0
23006,10475,239,0
23007,12943,143,1
23008,12700,397,1
23009,10909,473,0
23010,8897,19,1
23011,7543,210,1
23012,474,86,1
23013,1438,0,0
23014,9655,26,1
23015,1376,17,0
23016,5712,47,1
23017,2656,78,1
23018,5159,18,0
23019,10984,100,1
23020,14185,276,0
23021,8140,237,1
23022,13559,141,0
23023,658,322,0
23024,4286,216,0
23025,7649,597,1
23026,3113,87,0
23027,6477,764,0
23028,13294,3,0
23029,115,376,1
23030,1344,40,0
23031,10355,100,1
23032,10899,1668,1
23033,7692,771,0
23034,12204,431,1
23035,7120,17,0
23036,1925,7,0
23037,1172,473,1
23038,946,67,1
23039,55,2298,1
23040,2207,101,0
23041,1556,352,0
23042,2272,1,0
23043,13877,37,0
23044,3794,101,0
23045,5068,813,1
23046,23,668,1
23047,1472,135,1
23048,11023,1272,1
23049,7159,115,0
23050,9825,467,0
23051,3890,35,1
23052,7192,52,0
23053,13250,49,1
23054,1220,878,1
23055,8376,237,1
23056,1197,2335,1
23057,11513,204,0
23058,11142,878,1
23059,308,116,0
23060,5411,25,0
23061,12310,93,1
23062,13781,1767,1
23063,13859,1690,1
23064,6198,77,0
23065,5148,18,0
23066,13069,52,0
23067,99,52,0
23068,11414,9,1
23069,2110,662,0
23070,14235,293,1
23071,9923,49,1
23072,271,0,1
23073,4123,119,0
23074,7336,374,0
23075,13546,125,1
23076,1390,569,0
23077,6293,77,0
23078,458,627,0
23079,3622,1000,1
23080,1218,14,1
23081,12498,1080,1
23082,372,1,0
23083,12904,369,1
23084,11013,7,0
23085,9223,41,0
23086,2846,135,1
23087,1260,109,1
23088,7089,361,0
23089,4393,517,0
23090,3110,86,0
23091,2065,103,1
23092,10706,18,0
23093,2860,743,0
23094,9855,1198,0
23095,11412,697,0
23096,6683,202,1
23097,1509,536,0
23098,6462,1636,1
23099,11584,844,0
23100,4689,360,0
23101,11668,148,1
23102,1084,495,0
23103,871,110,0
23104,5152,93,1
23105,4923,369,1
23106,5789,200,0
23107,930,1335,0
23108,6911,27,0
23109,12944,3,0
23110,8246,100,1
23111,689,440,1
23112,7346,0,0
23113,5736,58,1
23114,4072,473,0
23115,372,1869,0
23116,516,129,1
23117,12710,3,0
23118,2567,40,1
23119,7687,375,0
23120,4915,48,0
23121,4078,3,0
23122,3703,45,0
23123,3820,211,1
23124,7349,1320,1
23125,9527,2465,0
23126,7926,824,1
23127,2547,1502,1
23128,1923,77,0
23129,268,157,0
23130,9497,39,1
23131,3200,542,0
23132,8013,699,1
23133,10887,399,0
23134,13061,1064,0
23135,2992,196,0
23136,4438,34,1
23137,14360,973,0
23138,1331,173,0
23139,1132,116,0
23140,5425,613,1
23141,1634,1584,1
23142,9778,403,1
23143,6961,37,0
23144,8378,311,0
23145,11774,228,0
23146,4610,992,0
23147,149,67,1
23148,6604,361,0
23149,14487,512,1
23150,6463,1755,1
23151,5626,50,1
23152,7008,25,0
23153,12027,402,1
23154,12450,765,0
23155,5554,62,0
23156,5361,678,0
23157,12199,7,0
23158,4441,80,1
23159,1663,91,1
23160,472,1076,0
23161,3181,17,0
23162,14518,67,1
23163,1903,409,1
23164,724,376,0
23165,7260,518,0
23166,7035,246,0
23167,12036,472,1
23168,5663,492,0
23169,2110,1153,0
23170,595,25,0
23171,971,1632,1
23172,13052,40,1
23173,3678,597,1
23174,8954,17,0
23175,13267,343,1
23176,6631,56,0
23177,2214,37,0
23178,4772,225,1
23179,12283,200,0
23180,4584,21,0
23181,2246,1407,1
23182,7155,982,1
23183,305,208,0
23184,8461,83,1
23185,9208,22,1
23186,3236,32,0
23187,13513,67,1
23188,10732,176,1
23189,49,450,0
23190,4553,242,1
23191,4321,52,0
23192,13716,73,1
23193,4443,1288,0
23194,7027,39,1
23195,1975,536,0
23196,1512,614,1
23197,3507,320,0
23198,13048,109,1
23199,3740,338,1
23200,1821,809,0
23201,8472,964,1
23202,1541,409,1
23203,4082,797,1
23204,268,1153,0
23205,6094,55,1
23206,10246,19,1
23207,2601,27,0
23208,9557,441,0
23209,332,242,1
23210,6028,435,0
23211,13319,1310,1
23212,8052,757,0
23213,6240,52,0
23214,6888,155,0
23215,8729,52,0
23216,6837,79,0
23217,2841,17,0
23218,10308,58,1
23219,1780,91,1
23220,6512,26,1
23221,1323,143,1
23222,4779,215,0
23223,1962,450,0
23224,9076,2084,0
23225,7355,321,1
23226,4230,142,1
23227,12814,178,1
23228,7964,3,0
23229,11408,678,0
23230,1918,19,0
23231,8201,260,0
23232,10476,269,1
23233,13362,1668,1
23234,969,1,0
23235,13402,214,0
23236,472,399,1
23237,1723,447,1
23238,1018,0,0
23239,3993,267,0
23240,10674,969,1
23241,1965,242,1
23242,11689,3,0
23243,13520,1030,1
23244,10488,37,0
23245,10135,402,0
23246,14100,170,1
23247,4310,319,0
23248,3825,160,1
23249,7735,402,0
23250,4020,41,1
23251,115,297,1
23252,5502,49,1
23253,405,91,0
23254,7465,246,0
23255,8743,97,1
23256,1649,149,0
23257,3734,987,0
23258,1438,17,0
23259,2216,116,0
23260,11197,1293,1
23261,13081,231,0
23262,13337,200,0
23263,6277,149,0
23264,242,625,1
23265,5689,102,0
23266,4559,260,0
23267,4490,1322,1
23268,3878,402,0
23269,3402,67,1
23270,11283,23,1
23271,859,77,0
23272,5460,17,0
23273,13728,3,0
23274,5031,588,1
23275,3293,128,0
23276,747,204,0
23277,987,129,0
23278,2816,547,0
23279,5220,1218,0
23280,1952,41,0
23281,227,1803,0
23282,4299,192,0
23283,11266,464,0
23284,1937,348,1
23285,10514,99,0
23286,797,0,0
23287,7719,1238,0
23288,680,242,0
23289,7086,834,0
23290,14166,654,0
23291,8691,440,1
23292,4538,3,0
23293,13469,73,1
23294,3914,219,1
23295,8573,423,1
23296,152,2368,1
23297,10362,0,0
23298,7449,219,1
23299,10733,402,1
23300,1417,100,1
23301,6151,353,0
23302,2292,102,0
23303,1423,41,0
23304,9940,83,1
23305,10220,73,0
23306,8350,35,1
23307,7375,407,1
23308,943,455,0
23309,11642,303,1
23310,14403,607,1
23311,1095,404,0
23312,8668,220,1
23313,3516,25,0
23314,8061,485,0
23315,2615,19,1
23316,63,249,0
23317,8342,42,0
23318,708,2602,1
23319,10061,37,0
23320,152,18,0
23321,7339,8,1
23322,2304,133,0
23323,3536,938,0
23324,9902,7,0
23325,9892,77,0
23326,6754,67,1
23327,2166,60,0
23328,8692,539,0
23329,3509,750,0
23330,1695,1247,0
23331,9117,121,1
23332,8744,542,0
23333,10614,170,1
23334,6673,405,0
23335,6005,1198,0
23336,2125,43,0
23337,10539,128,0
23338,12823,338,1
23339,12787,193,1
23340,6995,1246,1
23341,5922,86,0
23342,6131,3,0
23343,764,129,0
23344,10659,18,0
23345,11781,40,1
23346,659,289,1
23347,5316,1211,0
23348,48,1607,0
23349,12620,506,0
23350,12637,99,1
23351,2566,128,1
23352,3353,277,1
23353,10798,3,0
23354,3120,39,0
23355,8024,31,1
23356,9608,613,1
23357,13383,67,1
23358,6434,67,1
23359,1239,512,1
23360,7510,891,0
23361,9662,39,1
23362,9974,0,0
23363,12504,7,0
23364,10597,341,0
23365,12433,458,1
23366,7321,48,0
23367,1251,404,0
23368,4931,263,1
23369,3652,978,0
23370,79,342,1
23371,9826,185,0
23372,867,1255,1
23373,10658,39,1
23374,13080,188,0
23375,4841,102,0
23376,8560,22,0
23377,4354,197,0
23378,4910,1295,0
23379,8959,68,0
23380,1122,2046,0
23381,6700,473,1
23382,1885,17,0
23383,4284,32,0
23384,7799,3,0
23385,5291,1047,1
23386,4393,2143,0
23387,12989,17,0
23388,2061,438,0
23389,6139,13,0
23390,2626,3,0
23391,1073,237,0
23392,8842,34,1
23393,12457,266,0
23394,6117,17,0
23395,10113,100,1
23396,9015,58,0
23397,10833,67,1
23398,10841,50,1
23399,6229,405,0
23400,9436,102,0
23401,20,25,0
23402,9225,17,0
23403,2764,866,0
23404,10868,1902,1
23405,880,1163,0
23406,1450,2316,1
23407,11735,25,0
23408,12220,122,1
23409,1768,536,0
23410,7177,208,0
23411,3291,409,0
23412,854,56,0
23413,3761,227,1
23414,5670,1299,0
23415,10290,0,0
23416,11194,947,1
23417,1161,798,1
23418,4911,407,1
23419,11017,343,0
23420,7024,230,1
23421,4084,52,0
23422,14455,473,1
23423,4766,41,0
23424,3878,122,0
23425,5101,1923,1
23426,5751,100,0
23427,2229,42,0
23428,8366,26,1
23429,9099,26,0
23430,481,2500,1
23431,6299,42,0
23432,4739,957,0
23433,311,79,0
23434,6451,1,0
23435,12273,797,1
23436,2753,1961,0
23437,4962,745,0
23438,3480,41,0
23439,7239,131,0
23440,7391,101,1
23441,3070,27,0
23442,11841,43,1
23443,943,1304,0
23444,12226,1853,0
23445,9514,303,0
23446,11961,311,0
23447,7758,2033,0
23448,12401,109,0
23449,12030,52,0
23450,4155,310,1
23451,2364,283,0
23452,5590,402,0
23453,13638,519,1
23454,6150,440,0
23455,13117,1359,1
23456,1285,834,0
23457,11374,93,1
23458,6043,88,1
23459,3935,424,1
23460,2317,742,0
23461,11468,409,1
23462,6245,52,0
23463,11825,122,1
23464,8263,189,1
23465,12639,129,1
23466,3479,3,0
23467,1519,77,0
23468,14342,40,1
23469,1380,519,1
23470,10350,2026,1
23471,9703,34,1
23472,13437,343,1
23473,2508,835,0
23474,2110,745,0
23475,1461,716,0
23476,4309,67,1
23477,9674,68,0
23478,6298,115,0
23479,8092,320,1
23480,9766,100,1
23481,4219,305,0
23482,2158,223,0
23483,9519,521,1
23484,8521,212,0
23485,5921,3,0
23486,627,4,0
23487,6804,329,0
23488,7565,42,0
23489,372,1024,0
23490,4995,163,0
23491,11616,39,1
23492,574,953,1
23493,3666,904,0
23494,11687,228,1
23495,5966,994,1
23496,2415,25,0
23497,3918,326,1
23498,9472,3,0
23499,911,101,0
23500,12446,473,1
23501,2053,641,1
23502,1136,511,0
23503,12377,101,0
23504,8426,219,1
23505,579,1486,1
23506,12827,607,1
23507,7455,537,0
23508,7647,1274,1
23509,5,1060,1
23510,7744,1303,1
23511,12318,52,0
23512,7608,1106,1
23513,10461,3,0
23514,12032,83,1
23515,7150,242,0
23516,9702,0,0
23517,10078,438,1
23518,3690,41,0
23519,2871,140,0
23520,14081,188,0
23521,692,838,0
23522,7009,219,1
23523,145,13,0
23524,14291,431,1
23525,5038,41,0
23526,4599,2288,1
23527,8469,1407,0
23528,4842,41,0
23529,10998,22,1
23530,97,54,1
23531,13253,978,0
23532,2631,315,1
23533,911,34,0
23534,13345,719,0
23535,10468,34,1
23536,8233,0,0
23537,5195,65,0
23538,8845,1171,0
23539,3350,1081,0
23540,13392,51,0
23541,4831,17,0
23542,2187,122,1
23543,9625,56,0
23544,13371,82,1
23545,3429,77,0
23546,9435,58,0
23547,10016,170,1
23548,9464,77,0
23549,6043,418,0
23550,3371,402,1
23551,3924,0,0
23552,7204,96,0
23553,2840,936,0
23554,7588,7,0
23555,10574,67,1
23556,11398,741,1
23557,1137,49,0
23558,3389,2299,1
23559,10097,35,1
23560,3464,446,0
23561,4177,48,0
23562,75,696,1
23563,11750,1320,1
23564,5935,93,1
23565,1684,552,0
23566,1433,100,0
23567,9096,68,0
23568,2361,412,0
23569,8909,7,0
23570,3574,907,0
23571,5088,35,1
23572,5458,2014,0
23573,387,1643,0
23574,940,376,0
23575,11555,320,1
23576,10910,304,1
23577,11582,771,1
23578,7442,18,0
23579,2174,26,1
23580,11932,1131,0
23581,4885,358,0
23582,6222,338,1
23583,3526,61,1
23584,5573,77,0
23585,4711,1800,0
23586,12052,77,0
23587,11731,269,0
23588,8733,329,0
23589,13894,129,1
23590,281,48,0
23591,2913,482,1
23592,12879,43,0
23593,10637,204,0
23594,8260,412,0
23595,5268,73,0
23596,371,158,0
23597,7844,242,0
23598,3878,365,0
23599,28,34,1
23600,44,41,0
23601,6398,55,1
23602,10631,262,1
23603,5889,2016,1
23604,13560,68,0
23605,5358,790,0
23606,1006,25,0
23607,13332,402,1
23608,9566,89,1
23609,10921,224,1
23610,13600,49,1
23611,4458,48,0
23612,3867,274,0
23613,2757,405,0
23614,1319,575,0
23615,11095,128,0
23616,13316,166,1
23617,268,689,0
23618,4322,155,0
23619,5754,77,0
23620,8755,951,1
23621,1440,3,0
23622,7813,3,0
23623,30,157,1
23624,4092,77,0
23625,5085,256,0
23626,8971,320,1
23627,6975,52,0
23628,4957,411,1
23629,13310,39,1
23630,10747,15,1
23631,8565,176,0
23632,12065,326,1
23633,3227,665,1
23634,1654,16,1
23635,7312,1422,0
23636,10442,371,1
23637,575,229,1
23638,9672,67,1
23639,1830,695,1
23640,14485,18,0
23641,4248,207,0
23642,9903,445,0
23643,7123,264,1
23644,5436,48,0
23645,12998,120,0
23646,2846,427,1
23647,5633,223,0
23648,44,3,1
23649,9506,26,0
23650,1627,1135,0
23651,6672,41,0
23652,4393,77,0
23653,355,990,0
23654,5141,1207,0
23655,7057,18,0
23656,907,1634,0
23657,4980,17,0
23658,11904,40,1
23659,1325,575,0
23660,7280,195,1
23661,4485,67,1
23662,11234,37,0
23663,10806,67,1
23664,7239,165,1
23665,2200,3,0
23666,3206,300,0
23667,5963,2149,0
23668,12913,170,1
23669,1325,60,0
23670,685,265,0
23671,14544,60,0
23672,7564,109,1
23673,3350,788,0
23674,802,219,1
23675,2271,223,0
23676,285,670,1
23677,6275,77,0
23678,14285,274,0
23679,10290,64,1
23680,4930,389,1
23681,8590,69,0
23682,10448,440,0
23683,6914,228,1
23684,143,35,1
23685,5179,17,0
23686,13391,148,1
23687,10111,397,1
23688,7266,24,0
23689,4406,16,0
23690,335,17,0
23691,6639,102,1
23692,3471,260,0
23693,12542,3,0
23694,4671,86,0
23695,1177,592,1
23696,13171,57,1
23697,8282,445,1
23698,577,709,0
23699,8917,8,1
23700,11514,1346,0
23701,8493,32,0
23702,11324,369,1
23703,12559,588,1
23704,3478,265,0
23705,1683,1661,1
23706,242,391,1
23707,6137,66,1
23708,4303,73,1
23709,11341,2407,1
23710,3965,90,0
23711,8409,447,1
23712,1561,2153,0
23713,12882,40,1
23714,6272,402,1
23715,9139,160,1
23716,1423,0,0
23717,11364,52,0
23718,3763,851,1
23719,7667,75,1
23720,12729,109,0
23721,4443,109,0
23722,5949,264,1
23723,11324,198,0
23724,5006,1288,0
23725,1293,264,0
23726,8829,204,1
23727,5185,46,1
23728,5967,242,0
23729,242,2330,1
23730,13935,214,1
23731,3395,607,1
23732,5830,2046,0
23733,5558,809,1
23734,5279,217,1
23735,7049,56,0
23736,4317,52,0
23737,5275,25,0
23738,13982,210,1
23739,7372,18,0
23740,332,627,1
23741,10564,1132,1
23742,2221,48,0
23743,10571,405,0
23744,559,15,1
23745,1979,269,0
23746,7444,230,1
23747,49,320,0
23748,63,25,0
23749,2922,102,0
23750,3791,992,0
23751,3614,418,0
23752,549,541,1
23753,1212,112,1
23754,13321,0,0
23755,4294,149,0
23756,9437,126,1
23757,646,52,0
23758,7211,18,0
23759,348,128,0
23760,3656,978,0
23761,5751,37,0
23762,2983,2322,1
23763,5387,67,1
23764,4038,42,0
23765,7883,456,0
23766,6708,3,0
23767,5296,3,1
23768,6546,262,1
23769,1210,7,0
23770,4410,25,0
23771,13507,100,0
23772,5571,551,1
23773,893,2491,0
23774,6421,1789,1
23775,12894,149,0
23776,8636,208,0
23777,5815,52,0
23778,10478,1849,0
23779,10969,231,0
23780,8505,440,1
23781,156,440,1
23782,2521,198,0
23783,105,505,0
23784,2278,118,0
23785,5719,24,0
23786,5293,19,1
23787,600,58,1
23788,3295,100,0
23789,9014,83,1
23790,6369,0,0
23791,152,287,0
23792,3723,93,1
23793,3961,33,0
23794,7786,170,1
23795,13741,18,0
23796,6000,64,1
23797,10636,7,0
23798,1018,1204,0
23799,14039,423,1
23800,10893,67,1
23801,1001,468,0
23802,10357,163,1
23803,7556,609,0
23804,11665,39,0
23805,9758,196,0
23806,6642,838,1
23807,4248,202,1
23808,9361,1135,1
23809,429,1149,0
23810,1183,73,1
23811,2786,99,1
23812,3794,16,0
23813,7939,916,0
23814,12186,224,1
23815,14340,18,0
23816,242,569,1
23817,144,108,1
23818,1966,129,1
23819,1906,425,1
23820,4522,100,1
23821,13543,1767,1
23822,5742,48,0
23823,5456,3,0
23824,11561,35,1
23825,1695,1611,1
23826,6757,297,0
23827,9122,303,0
23828,1884,73,1
23829,7345,619,0
23830,8235,189,1
23831,3292,345,0
23832,11131,807,1
23833,7990,41,0
23834,7756,104,1
23835,10031,170,1
23836,2218,626,1
23837,1089,906,0
23838,2524,254,0
23839,105,142,0
23840,5213,440,1
23841,7096,412,0
23842,7011,2068,0
23843,326,223,0
23844,9983,492,0
23845,2790,86,0
23846,4339,914,1
23847,11124,424,1
23848,14262,18,0
23849,2083,542,1
23850,7934,1483,1
23851,9558,0,0
23852,3828,32,0
23853,7529,77,0
23854,1158,189,1
23855,5315,242,1
23856,3693,101,0
23857,13731,133,0
23858,7105,288,1
23859,12399,1030,1
23860,744,495,0
23861,13535,126,1
23862,2013,265,1
23863,5332,77,1
23864,258,219,1
23865,1044,189,1
23866,863,428,0
23867,8099,231,0
23868,6069,35,1
23869,9459,126,1
23870,6819,204,0
23871,6006,32,0
23872,377,95,0
23873,2783,124,1
23874,1838,77,0
23875,11177,473,1
23876,8993,832,0
23877,13574,77,0
23878,2613,77,0
23879,4947,67,0
23880,3803,18,0
23881,1842,42,0
23882,400,0,0
23883,1690,1573,1
23884,372,1478,1
23885,8760,25,0
23886,4748,67,1
23887,13429,100,0
23888,878,74,0
23889,10093,100,0
23890,10055,109,1
23891,5894,1167,1
23892,5038,0,0
23893,12584,269,1
23894,6311,115,0
23895,2110,153,0
23896,13550,95,1
23897,3752,100,1
23898,2637,220,0
23899,2441,19,1
23900,8863,185,0
23901,12782,41,0
23902,7960,148,1
23903,4752,37,0
23904,9460,3,0
23905,2955,189,1
23906,1213,926,1
23907,2643,1489,1
23908,5934,219,1
23909,3713,77,0
23910,249,402,0
23911,14089,67,1
23912,8112,109,0
23913,6671,41,0
23914,4910,216,1
23915,13983,391,0
23916,5248,37,0
23917,11949,102,0
23918,8719,100,1
23919,5326,75,1
23920,7744,903,0
23921,179,473,1
23922,7417,67,1
23923,1818,248,0
23924,741,34,1
23925,6074,47,1
23926,1240,986,1
23927,1664,401,1
23928,8278,204,0
23929,4648,267,0
23930,5053,1408,1
23931,6427,41,0
23932,6451,266,0
23933,13619,148,1
23934,8596,412,0
23935,4048,348,0
23936,4725,17,0
23937,904,23,0
23938,11768,543,1
23939,6202,2035,0
23940,2906,1079,0
23941,6864,969,1
23942,7167,1465,1
23943,11270,109,0
23944,10825,37,0
23945,13224,67,1
23946,1225,1149,0
23947,7840,1548,1
23948,11207,18,0
23949,5358,766,0
23950,1573,131,0
23951,9688,103,1
23952,11059,210,1
23953,14051,240,1
23954,13023,1276,1
23955,13403,89,1
23956,3447,926,0
23957,7159,17,0
23958,5756,216,0
23959,10889,1852,0
23960,1298,122,0
23961,9543,442,0
23962,409,353,0
23963,7058,129,1
23964,8673,178,1
23965,9493,67,1
23966,1332,67,1
23967,6817,344,0
23968,600,196,0
23969,562,317,0
23970,2612,418,0
23971,13819,176,1
23972,5539,155,1
23973,7206,17,0
23974,645,101,0
23975,6604,40,0
23976,9469,77,0
23977,7354,798,1
23978,6333,138,0
23979,12582,405,0
23980,3404,204,0
23981,7844,74,1
23982,12251,18,0
23983,6061,7,0
23984,3701,972,1
23985,8538,1493,0
23986,2606,24,0
23987,3283,66,0
23988,4811,169,1
23989,4780,653,0
23990,1106,100,1
23991,11217,18,0
23992,571,100,1
23993,1084,237,0
23994,3212,697,0
23995,7413,148,1
23996,5553,41,0
23997,2279,404,1
23998,7912,46,1
23999,9176,862,0
24000,11021,52,0
24001,7941,0,0
24002,1374,288,1
24003,807,547,0
24004,5922,375,1
24005,2170,147,1
24006,12998,61,1
24007,6123,0,0
24008,3632,17,0
24009,9073,315,1
24010,1894,17,0
24011,6889,77,0
24012,2210,52,0
24013,494,220,1
24014,1336,322,0
24015,8396,77,0
24016,13433,18,0
24017,2639,48,0
24018,6069,39,1
24019,1365,40,1
24020,9062,67,1
24021,8445,42,0
24022,1387,697,1
24023,6184,18,0
24024,9110,888,0
24025,4944,48,0
24026,210,146,0
24027,2370,1119,1
24028,8060,91,1
24029,3448,248,1
24030,3283,0,0
24031,1270,33,0
24032,1558,628,0
24033,2160,755,0
24034,888,48,0
24035,220,3,0
24036,11379,52,0
24037,3903,1206,1
24038,863,2053,0
24039,1544,197,0
24040,1150,402,1
24041,7444,94,0
24042,5567,1270,0
24043,6159,1033,1
24044,10754,170,1
24045,5406,33,1
24046,5203,247,1
24047,5763,445,1
24048,5043,49,1
24049,8740,86,0
24050,3851,100,1
24051,1106,37,0
24052,839,836,1
24053,902,135,1
24054,9624,521,1
24055,3881,72,0
24056,7169,719,0
24057,1097,499,1
24058,115,181,1
24059,3055,38,1
24060,414,1849,0
24061,2639,208,1
24062,1089,646,0
24063,9724,505,0
24064,3128,173,1
24065,49,1642,0
24066,11946,687,1
24067,13182,7,1
24068,508,103,0
24069,13331,329,1
24070,4416,18,0
24071,5508,412,0
24072,3269,584,1
24073,10366,483,0
24074,3707,134,1
24075,14100,148,1
24076,10545,77,0
24077,55,67,0
24078,4626,407,0
24079,10528,237,1
24080,10683,1884,0
24081,5507,3,0
24082,11816,440,1
24083,7866,461,0
24084,242,337,0
24085,1230,562,0
24086,4643,34,1
24087,7482,18,0
24088,7461,32,0
24089,4266,189,1
24090,9438,17,0
24091,9346,985,0
24092,1041,483,0
24093,4471,95,0
24094,11787,887,1
24095,2018,49,0
24096,3049,481,0
24097,4241,219,1
24098,10843,439,1
24099,666,35,1
24100,4259,41,0
24101,9700,40,1
24102,508,2484,0
24103,3690,17,0
24104,12056,22,0
24105,4290,405,0
24106,9258,129,1
24107,4562,149,0
24108,1723,278,1
24109,900,402,1
24110,5,111,0
24111,13858,94,1
24112,11015,1432,0
24113,6851,17,0
24114,388,276,1
24115,14382,17,0
24116,7175,0,0
24117,9834,68,0
24118,1556,48,0
24119,5042,1965,0
24120,4752,100,1
24121,1865,77,0
24122,12732,86,0
24123,182,2420,1
24124,9683,100,1
24125,4103,18,0
24126,8572,40,1
24127,13287,56,0
24128,11855,284,1
24129,13948,3,0
24130,5764,724,0
24131,2562,11,0
24132,1030,0,0
24133,13331,260,0
24134,10530,67,1
24135,9363,0,0
24136,1794,129,0
24137,9056,60,0
24138,3712,18,0
24139,3889,77,0
24140,615,1589,0
24141,12131,204,0
24142,132,39,1
24143,1477,17,0
24144,4310,617,0
24145,10178,234,0
24146,5354,405,0
24147,7356,43,1
24148,9620,93,1
24149,2223,715,1
24150,14279,109,1
24151,4969,69,1
24152,8097,24,0
24153,13031,2138,0
24154,94,0,0
24155,940,539,1
24156,7044,947,1
24157,11810,119,0
24158,10049,77,0
24159,5277,518,0
24160,1870,536,0
24161,11473,50,1
24162,2156,9,1
24163,10510,18,0
24164,3247,41,0
24165,11783,3,0
24166,521,170,1
24167,596,967,0
24168,13407,40,0
24169,12209,83,1
24170,14377,82,1
24171,7254,220,1
24172,9316,168,1
24173,7611,2413,0
24174,14219,115,0
24175,12656,126,1
24176,3961,242,0
24177,2508,622,0
24178,11338,200,1
24179,3455,50,1
24180,429,260,1
24181,5204,978,1
24182,9391,115,0
24183,5258,49,0
24184,6405,38,1
24185,2454,403,1
24186,4956,3,0
24187,53,2293,1
24188,2092,197,0
24189,2507,1119,0
24190,10380,24,0
24191,12751,77,0
24192,2228,1380,1
24193,7427,121,1
24194,7698,892,1
24195,8025,366,1
24196,11507,128,0
24197,7732,646,1
24198,743,383,1
24199,9645,743,0
24200,2200,82,1
24201,9526,242,0
24202,10234,37,0
24203,5739,171,1
24204,6164,2175,1
24205,2105,1404,0
24206,12731,220,1
24207,14293,68,0
24208,13881,1312,1
24209,2452,1112,0
24210,3724,17,0
24211,1520,276,0
24212,10345,522,0
24213,4899,17,0
24214,3718,569,0
24215,9287,0,0
24216,13336,67,1
24217,11321,44,0
24218,10923,1359,1
24219,11640,148,1
24220,1562,344,0
24221,6243,1414,0
24222,540,39,1
24223,386,116,1
24224,9821,996,0
24225,359,11,0
24226,12055,0,0
24227,6235,404,1
24228,9175,687,1
24229,10325,119,0
24230,2504,155,1
24231,2785,101,0
24232,4457,482,1
24233,5787,654,0
24234,11369,2278,0
24235,3611,4,0
24236,6250,445,1
24237,255,1631,1
24238,14159,412,0
24239,6179,197,0
24240,12297,262,1
24241,4625,187,1
24242,7017,91,1
24243,5796,100,1
24244,5809,193,1
24245,7339,116,0
24246,3882,462,0
24247,8948,549,1
24248,2474,1136,0
24249,10932,1431,1
24250,3106,399,0
24251,12023,2153,0
24252,11984,18,0
24253,9157,1247,0
24254,3185,219,0
24255,7959,818,0
24256,7430,18,0
24257,1547,1299,0
24258,3570,165,1
24259,5253,518,0
24260,6757,129,1
24261,524,106,1
24262,1023,3,0
24263,426,440,1
24264,3760,996,0
24265,1534,1952,1
24266,3726,246,0
24267,3619,1808,1
24268,146,553,0
24269,1870,279,0
24270,2206,18,0
24271,9482,49,0
24272,8162,17,0
24273,288,941,1
24274,8465,857,1
24275,623,440,0
24276,3583,109,0
24277,8383,17,0
24278,7883,113,1
24279,8725,977,0
24280,6705,265,0
24281,5007,242,0
24282,2440,176,1
24283,3789,1509,1
24284,156,668,1
24285,3908,52,0
24286,5825,7,0
24287,3434,833,1
24288,10977,52,0
24289,13833,11,0
24290,3132,926,0
24291,5600,100,0
24292,8067,148,1
24293,1377,8,1
24294,12677,16,0
24295,11106,67,1
24296,7548,119,0
24297,4699,964,1
24298,4488,242,1
24299,8361,341,1
24300,429,536,0
24301,722,187,0
24302,2105,812,0
24303,7876,374,0
24304,1758,1668,1
24305,205,1623,0
24306,6874,508,0
24307,7476,82,1
24308,8275,739,1
24309,10762,424,1
24310,7157,48,0
24311,11738,264,1
24312,14251,369,1
24313,3623,18,0
24314,1995,67,1
24315,4981,878,1
24316,2920,896,1
24317,3658,39,1
24318,9056,17,0
24319,5142,189,1
24320,9652,518,0
24321,7622,149,0
24322,9866,269,1
24323,532,611,0
24324,305,200,0
24325,2071,739,1
24326,11650,90,0
24327,4363,1105,0
24328,13764,91,1
24329,6370,55,1
24330,9082,37,0
24331,7895,1500,1
24332,305,964,0
24333,10207,269,1
24334,10638,26,0
24335,7815,52,0
24336,10544,94,0
24337,1761,3,0
24338,10917,131,0
24339,861,77,1
24340,3119,263,1
24341,14239,1343,0
24342,724,90,0
24343,8265,0,0
24344,4701,109,1
24345,6971,18,0
24346,209,49,0
24347,2615,839,0
24348,14154,195,0
24349,13757,137,0
24350,3409,40,1
24351,2291,7,1
24352,7489,43,1
24353,10275,42,0
24354,2076,49,1
24355,5177,77,0
24356,7312,243,0
24357,6191,1221,0
24358,9037,836,0
24359,9718,42,0
24360,6972,17,0
24361,9276,40,1
24362,6764,176,1
24363,8327,541,1
24364,10010,1433,0
24365,1355,22,0
24366,1789,329,0
24367,11757,346,0
24368,107,294,0
24369,516,297,0
24370,11710,885,1
24371,5698,697,0
24372,6092,1077,0
24373,3628,1978,0
24374,12843,108,0
24375,1787,486,0
24376,2456,35,1
24377,3668,99,1
24378,9449,485,0
24379,9184,1694,0
24380,242,904,1
24381,14039,214,0
24382,11061,57,1
24383,2952,305,1
24384,3101,39,0
24385,1276,405,0
24386,12822,17,0
24387,6197,128,0
24388,11076,1015,1
24389,12692,129,0
24390,4659,412,0
24391,5892,1306,0
24392,3168,25,0
24393,12834,13,1
24394,627,339,0
24395,5247,48,0
24396,614,17,0
24397,11068,369,1
24398,2561,115,0
24399,11342,19,0
24400,1685,351,0
24401,6850,88,0
24402,1487,607,0
24403,1520,1660,1
24404,4086,17,0
24405,13218,58,1
24406,12997,77,0
24407,3289,1103,0
24408,7297,7,0
24409,6860,508,0
24410,13133,409,1
24411,526,1957,0
24412,2811,809,1
24413,3021,9,1
24414,1628,276,0
24415,7367,122,0
24416,3461,220,1
24417,3019,230,1
24418,12432,473,1
24419,4588,246,0
24420,10307,142,0
24421,1787,290,0
24422,6191,1019,1
24423,2422,200,0
24424,6446,0,0
24425,1742,101,0
24426,12920,473,1
24427,9517,67,1
24428,1146,223,0
24429,3182,149,0
24430,3858,109,0
24431,9515,77,0
24432,12655,519,1
24433,5930,1002,0
24434,7118,441,1
24435,5871,547,0
24436,5090,93,1
24437,7538,48,0
24438,414,2234,1
24439,13245,56,0
24440,5586,242,1
24441,7027,7,0
24442,9350,73,0
24443,4492,178,0
24444,1173,40,1
24445,525,300,1
24446,8281,100,1
24447,7078,620,0
24448,6393,77,0
24449,10668,750,0
24450,8455,18,0
24451,12155,106,1
24452,10490,40,1
24453,11349,148,1
24454,2434,101,1
24455,10375,7,1
24456,5834,202,0
24457,13117,236,1
24458,4802,18,0
24459,11997,149,1
24460,967,964,1
24461,3951,1058,0
24462,1520,838,1
24463,2887,142,0
24464,4307,512,1
24465,2154,16,0
24466,13392,169,1
24467,9771,725,0
24468,12708,348,1
24469,7340,129,1
24470,5424,60,0
24471,11434,40,0
24472,5580,214,0
24473,14075,417,0
24474,3389,286,0
24475,8942,39,1
24476,11760,128,0
24477,2009,369,1
24478,14585,67,1
24479,3423,673,0
24480,4967,182,0
24481,12519,25,0
24482,11284,1238,1
24483,1644,149,0
24484,5242,42,0
24485,5579,100,1
24486,7325,7,0
24487,6179,0,0
24488,11120,2183,1
24489,4889,91,0
24490,5549,235,0
24491,4318,13,0
24492,9630,957,0
24493,794,124,1
24494,3404,37,0
24495,14579,43,1
24496,2649,653,0
24497,9151,330,0
24498,6739,703,0
24499,5079,129,0
24500,10419,361,0
24501,1765,592,1
24502,3980,588,0
24503,13645,503,0
24504,681,41,0
24505,683,77,0
24506,190,17,0
24507,2007,49,1
24508,1452,607,1
24509,9376,402,1
24510,1414,77,0
24511,5981,50,1
24512,4922,399,0
24513,622,48,0
24514,8267,1667,1
24515,5398,719,0
24516,839,1957,0
24517,588,39,1
24518,12458,1204,0
24519,8833,39,1
24520,9938,100,1
24521,12994,18,0
24522,6152,0,0
24523,7832,90,1
24524,8257,86,0
24525,11774,142,1
24526,3124,111,0
24527,4139,77,0
24528,5324,17,0
24529,1361,2076,0
24530,14216,34,1
24531,5927,1351,0
24532,2230,9,1
24533,10708,49,1
24534,6448,164,0
24535,278,3,0
24536,8273,411,1
24537,2638,77,0
24538,1568,34,0
24539,8822,1481,0
24540,7959,17,0
24541,8473,77,0
24542,3308,583,0
24543,9475,35,1
24544,2344,39,1
24545,2625,187,1
24546,4171,73,1
24547,13707,408,0
24548,534,37,0
24549,1979,1795,0
24550,6336,739,1
24551,1497,788,0
24552,3885,1684,0
24553,1514,67,1
24554,7475,1562,0
24555,9612,200,0
24556,7499,176,1
24557,8103,23,0
24558,993,49,1
24559,1548,1299,1
24560,662,350,1
24561,9274,93,1
24562,5350,223,0
24563,8690,392,0
24564,1634,1026,1
24565,4313,1556,1
24566,11700,187,1
24567,12909,182,0
24568,6479,287,0
24569,955,644,1
24570,11717,148,1
24571,567,113,1
24572,3754,2066,0
24573,1286,17,0
24574,3178,486,0
24575,2118,17,0
24576,10066,0,0
24577,3924,17,0
24578,6766,1114,1
24579,2912,2248,0
24580,10725,908,0
24581,338,2079,1
24582,7160,3,0
24583,11047,86,0
24584,7571,171,0
24585,2197,77,0
24586,1176,2261,0
24587,1551,369,1
24588,1870,1371,0
24589,13771,687,1
24590,5406,49,1
24591,2355,84,1
24592,9352,512,1
24593,5284,17,0
24594,4912,87,0
24595,3326,2494,0
24596,11642,324,0
24597,3047,67,1
24598,8662,35,1
24599,8280,687,1
24600,3143,322,0
24601,12683,267,0
24602,299,264,1
24603,11011,62,0
24604,1962,447,0
24605,7993,148,1
24606,10091,7,0
24607,11999,471,0
24608,5022,60,0
24609,1478,27,0
24610,9103,1021,1
24611,97,111,0
24612,7812,1002,0
24613,707,41,0
24614,9490,271,1
24615,5429,621,0
24616,2630,39,1
24617,1854,627,1
24618,12752,3,0
24619,12808,35,1
24620,3204,389,1
24621,3285,17,0
24622,13544,32,0
24623,6616,440,1
24624,8600,547,0
24625,1847,79,0
24626,11036,48,0
24627,14273,67,1
24628,1966,19,1
24629,4795,140,1
24630,10087,66,0
24631,13950,57,1
24632,1977,584,0
24633,9196,17,0
24634,12034,3,0
24635,14007,412,0
24636,5976,48,0
24637,3001,7,0
24638,3569,143,0
24639,6643,1535,0
24640,5587,1686,0
24641,10254,52,0
24642,1178,196,0
24643,10687,1922,1
24644,12996,148,1
24645,9977,109,0
24646,3267,106,0
24647,1642,242,0
24648,8891,222,0
24649,8951,198,0
24650,2266,877,0
24651,8226,109,1
24652,8782,369,1
24653,720,260,0
24654,1168,49,0
24655,8097,462,0
24656,7795,100,1
24657,6132,188,1
24658,9086,178,1
24659,9191,19,0
24660,1039,3,0
24661,468,95,1
24662,6081,216,0
24663,1787,185,0
24664,5983,100,1
24665,12664,836,0
24666,852,67,1
24667,3148,447,1
24668,90,235,1
24669,14004,102,0
24670,7589,40,1
24671,3860,673,0
24672,1886,1,0
24673,9409,794,0
24674,1025,478,1
24675,4226,228,1
24676,3158,618,1
24677,6099,97,1
24678,8363,195,0
24679,1781,680,1
24680,4835,19,1
24681,288,426,0
24682,5597,42,0
24683,9107,143,1
24684,5009,78,1
24685,8155,184,0
24686,4106,223,0
24687,7926,3,0
24688,812,39,1
24689,451,270,1
24690,3158,86,0
24691,1058,624,0
24692,7581,344,0
24693,6644,0,0
24694,49,1256,0
24695,9991,501,0
24696,267,208,0
24697,7985,67,1
24698,2097,91,0
24699,5667,1277,1
24700,9297,77,0
24701,7348,400,1
24702,4892,35,0
24703,2703,48,0
24704,92,551,1
24705,9724,1011,1
24706,11032,343,1
24707,3684,1737,0
24708,4580,3,0
24709,839,77,0
24710,7434,533,0
24711,5587,1554,0
24712,9441,48,0
24713,1102,669,0
24714,1870,1847,1
24715,6778,7,0
24716,3619,41,1
24717,3903,1033,1
24718,14503,226,1
24719,1482,52,0
24720,12796,330,0
24721,13410,310,0
24722,14278,739,1
24723,3010,33,0
24724,835,1552,1
24725,3044,227,0
24726,4160,1531,0
24727,5966,265,1
24728,7966,405,1
24729,5584,277,1
24730,2888,320,1
24731,5301,242,0
24732,7958,833,1
24733,10049,100,1
24734,267,0,0
24735,13516,0,0
24736,12288,49,1
24737,10993,0,0
24738,10765,188,0
24739,6637,119,0
24740,7663,242,0
24741,9337,18,0
24742,5563,37,0
24743,11617,98,1
24744,8576,318,0
24745,8906,83,1
24746,11337,375,0
24747,4026,3,0
24748,1781,407,0
24749,6073,0,0
24750,963,39,0
24751,8911,67,1
24752,688,547,0
24753,8483,40,0
24754,6670,709,0
24755,6150,141,0
24756,8857,193,1
24757,10139,113,1
24758,12697,3,0
24759,7959,0,0
24760,8907,1138,1
24761,10986,37,0
24762,1089,50,0
24763,1347,1,0
24764,1634,1346,1
24765,2438,115,0
24766,199,52,0
24767,1249,56,0
24768,268,1029,0
24769,8077,242,1
24770,7899,269,1
24771,4503,3,0
24772,2881,111,0
24773,11677,83,1
24774,4491,223,0
24775,2657,32,0
24776,3731,279,1
24777,7360,457,0
24778,2554,7,0
24779,3929,272,1
24780,3056,43,1
24781,2733,0,1
24782,3322,77,1
24783,13995,91,0
24784,13553,19,1
24785,14120,91,0
24786,10054,128,0
24787,12008,473,1
24788,11103,1595,0
24789,3277,41,0
24790,1874,107,1
24791,8301,32,0
24792,8373,242,1
24793,1141,119,0
24794,7746,409,1
24795,3767,39,1
24796,1321,103,0
24797,11033,52,0
24798,5382,108,0
24799,3687,25,0
24800,11302,32,0
24801,653,25,0
24802,5045,592,1
24803,7504,228,1
24804,360,38,0
24805,10690,225,1
24806,3969,77,0
24807,8251,0,0
24808,3866,49,0
24809,7276,86,0
24810,1730,1286,1
24811,8092,77,0
24812,10995,77,0
24813,1189,689,0
24814,12516,109,0
24815,11833,1113,0
24816,4476,348,0
24817,10117,1090,1
24818,1076,329,0
24819,3808,35,1
24820,9952,102,0
24821,3901,0,0
24822,6683,207,0
24823,1250,100,1
24824,5573,155,0
24825,10338,276,0
24826,11104,207,0
24827,4645,1686,0
24828,1975,663,0
24829,7072,3,0
24830,13695,35,1
24831,465,1,0
24832,6990,1441,1
24833,9472,28,1
24834,11884,142,0
24835,5897,211,1
24836,4518,77,0
24837,1634,1016,0
24838,4962,1204,0
24839,7792,3,0
24840,3426,910,0
24841,4752,204,0
24842,5422,3,0
24843,10678,102,0
24844,1853,109,0
24845,6837,211,1
24846,7594,37,0
24847,9341,265,1
24848,4596,7,0
24849,8438,402,1
24850,4775,467,1
24851,3617,1745,1
24852,7377,77,0
24853,5449,1830,0
24854,9017,1580,0
24855,7614,0,0
24856,244,174,0
24857,11247,782,1
24858,2013,476,0
24859,3329,201,0
24860,1344,195,0
24861,4032,77,0
24862,3264,959,0
24863,9484,568,0
24864,4227,904,0
24865,1588,369,1
24866,3721,37,0
24867,4005,27,0
24868,5057,1246,0
24869,6514,347,1
24870,2184,49,1
24871,2332,74,0
24872,1907,73,1
24873,12708,836,0
24874,13995,86,1
24875,4485,18,0
24876,557,824,1
24877,2540,654,0
24878,6014,329,0
24879,5857,3,0
24880,7018,405,0
24881,4796,24,0
24882,6022,39,1
24883,4672,473,1
24884,2297,94,1
24885,7633,34,1
24886,6494,211,1
24887,1711,334,1
24888,14073,1002,0
24889,4414,402,1
24890,3797,34,0
24891,13001,128,0
24892,14226,691,0
24893,10381,557,0
24894,11328,100,1
24895,10759,77,0
24896,4738,719,0
24897,4736,412,0
24898,12946,49,1
24899,9346,397,1
24900,12690,169,0
24901,9336,243,0
24902,549,1000,1
24903,465,847,0
24904,5025,823,0
24905,13455,219,1
24906,10926,264,1
24907,4009,264,1
24908,12160,320,1
24909,2902,77,0
24910,10069,343,1
24911,1445,91,0
24912,3768,35,1
24913,465,1901,1
24914,985,7,0
24915,580,1240,1
24916,10743,126,1
24917,7024,256,1
24918,7301,818,0
24919,13569,100,1
24920,12278,495,0
24921,1083,47,1
24922,11049,21,0
24923,9209,1826,1
24924,726,39,1
24925,5249,204,0
24926,7841,237,0
24927,12795,32,0
24928,2436,520,1
24929,4636,401,1
24930,941,276,0
24931,1620,463,0
24932,6361,1608,0
24933,7534,35,1
24934,8867,575,0
24935,12889,224,1
24936,3745,219,1
24937,10209,3,0
24938,2839,149,0
24939,7085,58,1
24940,4515,111,0
24941,5859,39,1
24942,12174,142,1
24943,9219,157,0
24944,847,49,0
24945,1102,89,0
24946,475,2404,0
24947,3170,446,0
24948,3087,375,1
24949,2963,514,0
24950,5772,68,0
24951,10071,410,0
24952,1331,349,0
24953,4387,438,0
24954,1222,534,1
24955,9441,189,1
24956,6292,694,0
24957,8208,101,0
24958,8882,553,0
24959,13554,68,0
24960,9584,771,0
24961,6102,16,1
24962,5504,77,1
24963,6555,438,0
24964,1336,658,1
24965,912,237,0
24966,12969,48,0
24967,178,0,0
24968,3286,233,1
24969,8841,450,1
24970,8962,35,1
24971,798,322,0
24972,2938,67,1
24973,11611,39,0
24974,4135,503,1
24975,8328,0,0
24976,6568,33,0
24977,8716,126,1
24978,2930,1299,0
24979,13422,264,1
24980,10481,44,0
24981,8400,148,1
24982,7202,269,0
24983,3156,697,0
24984,2975,400,1
24985,1640,344,0
24986,954,41,0
24987,5852,17,1
24988,12670,67,1
24989,4096,198,0
24990,8551,1343,0
24991,269,242,1
24992,11307,19,0
24993,8071,35,1
24994,7763,601,1
24995,1961,17,0
24996,681,3,0
24997,6315,196,0
24998,4280,0,0
24999,9547,970,1
25000,6516,91,0
25001,6237,170,1
25002,3567,391,0
25003,7098,256,1
25004,5564,1432,0
25005,2460,38,1
25006,12884,100,1
25007,55,1591,1
25008,3264,220,0
25009,3676,455,0
25010,6489,1758,0
25011,3277,3,0
25012,7564,149,0
25013,2632,734,1
25014,13572,243,1
25015,320,2165,1
25016,7693,3,0
25017,4022,223,0
25018,2483,189,1
25019,4141,48,0
25020,10915,27,1
25021,2266,18,0
25022,4895,41,0
25023,3241,242,1
25024,9256,124,1
25025,327,106,1
25026,2345,715,1
25027,9455,67,1
25028,214,462,1
25029,11304,41,0
25030,1291,5,0
25031,8919,220,1
25032,3446,361,0
25033,9571,439,0
25034,11596,89,0
25035,319,214,1
25036,620,17,0
25037,2658,39,1
25038,4840,204,0
25039,3626,17,0
25040,20,471,0
25041,8824,77,0
25042,6787,473,1
25043,5292,583,0
25044,13631,305,0
25045,847,399,0
25046,3099,101,0
25047,11094,1442,1
25048,8602,77,0
25049,2774,0,0
25050,3876,68,0
25051,14391,56,0
25052,13130,1176,0
25053,3369,970,0
25054,1498,764,0
25055,4592,60,0
25056,3866,74,1
25057,12380,155,0
25058,3955,115,0
25059,13612,18,0
25060,10762,48,0
25061,4367,1106,1
25062,13025,66,0
25063,10901,243,0
25064,12381,189,1
25065,3440,265,0
25066,5898,40,1
25067,1422,311,1
25068,2638,52,0
25069,510,94,0
25070,10622,126,1
25071,8779,400,1
25072,14367,429,1
25073,2851,38,0
25074,14319,1530,0
25075,12681,34,1
25076,12432,128,0
25077,11393,2550,1
25078,4169,375,0
25079,1991,40,1
25080,10675,34,0
25081,6470,29,0
25082,5400,967,0
25083,13350,996,0
25084,1275,619,1
25085,3560,462,0
25086,9016,1555,0
25087,10962,7,0
25088,9759,485,0
25089,8466,169,0
25090,2494,493,0
25091,1862,812,0
25092,4934,37,0
25093,5853,575,0
25094,10483,326,0
25095,10735,817,0
25096,3033,242,1
25097,9063,818,0
25098,4915,0,0
25099,4014,15,1
25100,11787,446,0
25101,2715,67,1
25102,14080,100,1
25103,14065,128,0
25104,3799,165,1
25105,1683,588,0
25106,105,26,0
25107,7889,37,0
25108,3951,466,0
25109,10601,35,1
25110,4618,402,0
25111,7582,113,1
25112,13386,459,0
25113,6102,34,1
25114,14168,1536,1
25115,7628,371,1
25116,12432,214,0
25117,12691,105,1
25118,11540,593,1
25119,13434,18,0
25120,7175,3,0
25121,2869,39,1
25122,11545,403,1
25123,1922,712,1
25124,2879,501,0
25125,11646,42,0
25126,2669,848,0
25127,196,31,1
25128,1117,428,1
25129,20,297,1
25130,2974,94,0
25131,7251,1166,0
25132,7233,1577,0
25133,5887,35,1
25134,2306,38,1
25135,4867,201,0
25136,6103,891,0
25137,8340,48,0
25138,4854,2409,0
25139,4212,40,1
25140,182,1241,1
25141,5450,3,0
25142,3878,536,0
25143,7962,165,1
25144,443,3,0
25145,5166,329,0
25146,2011,588,0
25147,910,48,0
25148,1924,129,0
25149,5366,521,1
25150,7956,18,0
25151,10419,547,0
25152,49,964,0
25153,795,351,1
25154,5321,1540,0
25155,5027,60,0
25156,5762,55,1
25157,14240,2513,0
25158,2382,77,0
25159,6625,128,0
25160,6965,35,1
25161,7167,60,0
25162,1675,266,0
25163,13651,269,0
25164,7401,357,0
25165,6271,1303,1
25166,14487,433,0
25167,13794,53,1
25168,4446,492,1
25169,354,883,1
25170,4472,438,1
25171,673,354,0
25172,9395,102,0
25173,6909,34,1
25174,2380,110,0
25175,5717,74,1
25176,11557,1451,1
25177,8328,17,0
25178,13211,7,0
25179,559,118,0
25180,9038,37,0
25181,9237,18,0
25182,5707,56,0
25183,12678,77,0
25184,11981,73,1
25185,9932,39,1
25186,9852,2194,0
25187,7258,39,1
25188,1556,51,1
25189,706,369,1
25190,13528,887,1
25191,8129,384,0
25192,4,482,1
25193,4407,134,1
25194,5248,140,0
25195,2278,769,0
25196,2564,829,1
25197,298,46,0
25198,472,426,1
25199,1109,17,0
25200,8324,193,1
25201,5574,1271,0
25202,7636,18,0
25203,1921,17,0
25204,5178,1636,1
25205,708,370,1
25206,10155,76,0
25207,579,223,0
25208,5625,69,0
25209,9346,562,0
25210,5222,997,0
25211,291,405,0
25212,4251,0,0
25213,12447,55,1
25214,5611,692,0
25215,11465,77,0
25216,7398,77,0
25217,338,223,1
25218,6846,94,0
25219,10884,18,0
25220,2886,1706,0
25221,1909,48,0
25222,10197,17,0
25223,2162,206,0
25224,11682,83,1
25225,1359,426,0
25226,9683,52,0
25227,11092,274,0
25228,7807,547,0
25229,7582,456,0
25230,11997,109,0
25231,5282,3,0
25232,6231,300,1
25233,1022,322,0
25234,4418,187,0
25235,3532,131,0
25236,5553,48,0
25237,4393,219,0
25238,4289,418,0
25239,5400,515,0
25240,943,2115,0
25241,549,2452,1
25242,7348,41,0
25243,1192,204,0
25244,5302,809,0
25245,5134,797,0
25246,8388,143,1
25247,4035,101,0
25248,6190,1072,0
25249,9185,25,0
25250,14247,2085,1
25251,5441,94,0
25252,2054,397,1
25253,10328,992,0
25254,6020,986,0
25255,13827,271,1
25256,5557,1204,0
25257,5263,17,0
25258,14517,0,0
25259,12022,235,0
25260,9114,3,0
25261,4550,1011,1
25262,764,743,0
25263,11067,654,1
25264,34,1427,1
25265,584,1753,0
25266,11199,18,0
25267,10527,256,1
25268,2389,517,0
25269,935,49,0
25270,907,2392,0
25271,9657,32,0
25272,7186,67,1
25273,9618,34,0
25274,9575,1011,1
25275,7068,187,1
25276,4496,5,0
25277,1753,462,1
25278,9158,1690,1
25279,2371,512,1
25280,10676,391,0
25281,8862,2058,0
25282,3105,307,1
25283,2260,18,0
25284,3695,824,0
25285,3196,242,1
25286,3009,237,1
25287,4768,181,1
25288,3123,181,1
25289,13682,206,1
25290,4930,29,0
25291,5491,27,0
25292,6954,48,0
25293,9210,1461,0
25294,12593,67,1
25295,496,40,0
25296,2110,106,0
25297,1771,77,0
25298,581,446,1
25299,268,67,0
25300,136,67,1
25301,7154,225,1
25302,19,73,1
25303,675,17,0
25304,10480,50,1
25305,14006,163,0
25306,11316,715,1
25307,168,38,1
25308,1778,985,0
25309,8726,866,0
25310,3687,60,0
25311,9532,402,1
25312,11633,53,1
25313,4488,5,0
25314,2646,3,0
25315,3214,440,1
25316,11054,403,1
25317,14615,89,0
25318,128,35,1
25319,352,25,0
25320,10362,257,1
25321,7640,947,1
25322,3420,551,1
25323,6160,553,0
25324,27,26,0
25325,1787,228,0
25326,9837,634,0
25327,4639,1112,1
25328,2586,189,1
25329,3929,213,0
25330,9865,235,0
25331,470,280,0
25332,766,25,0
25333,12271,2102,1
25334,5731,7,1
25335,6586,64,1
25336,9835,68,0
25337,13341,262,1
25338,2325,86,0
25339,70,61,1
25340,2807,438,1
25341,3528,272,1
25342,5631,248,1
25343,14474,115,0
25344,537,636,0
25345,5261,417,0
25346,3221,196,0
25347,685,208,1
25348,3951,762,0
25349,6404,94,1
25350,7207,77,0
25351,3929,1299,0
25352,7393,140,0
25353,12844,100,1
25354,5194,445,1
25355,1570,320,0
25356,8184,42,0
25357,5910,1562,1
25358,1059,489,0
25359,122,3,0
25360,123,17,0
25361,4438,457,0
25362,2396,111,0
25363,8068,126,1
25364,604,261,0
25365,14556,73,1
25366,7165,8,1
25367,10340,204,0
25368,351,516,0
25369,557,961,0
25370,7716,668,1
25371,2872,1407,1
25372,9736,3,0
25373,1568,1021,0
25374,1887,17,0
25375,7002,0,0
25376,3687,465,0
25377,114,89,0
25378,2855,829,0
25379,7602,0,1
25380,12529,32,0
25381,6493,797,1
25382,5050,1113,0
25383,8654,67,1
25384,4994,25,0
25385,5172,111,0
25386,8845,892,1
25387,5244,164,1
25388,8286,23,0
25389,6160,75,1
25390,8139,243,1
25391,9707,1065,0
25392,14429,77,1
25393,11994,67,1
25394,12585,26,1
25395,8816,149,0
25396,2918,40,1
25397,8501,689,0
25398,2476,120,1
25399,3614,17,0
25400,1866,2502,0
25401,6280,40,0
25402,8702,185,0
25403,456,3,0
25404,5633,314,0
25405,4724,228,1
25406,935,343,0
25407,822,408,0
25408,12800,42,0
25409,8169,160,1
25410,6499,93,1
25411,11845,1274,1
25412,8488,3,0
25413,7570,242,0
25414,10128,131,0
25415,215,72,1
25416,3335,77,0
25417,6141,624,0
25418,11536,229,1
25419,2389,3,0
25420,5432,1,0
25421,12379,802,0
25422,4932,135,1
25423,11931,51,0
25424,12584,0,0
25425,4691,725,0
25426,11643,187,1
25427,10133,122,1
25428,6458,1750,1
25429,2246,25,0
25430,5604,201,0
25431,9211,351,1
25432,2568,77,0
25433,8703,155,1
25434,10059,407,0
25435,9335,1303,1
25436,3143,942,1
25437,567,409,1
25438,1783,681,0
25439,10461,19,1
25440,12439,182,0
25441,11902,18,0
25442,4114,39,1
25443,10548,418,0
25444,1018,234,0
25445,7561,77,0
25446,8511,577,1
25447,12002,171,0
25448,7258,35,1
25449,12018,447,1
25450,5375,1243,1
25451,10451,128,0
25452,6691,17,0
25453,13399,68,0
25454,267,446,0
25455,4883,35,1
25456,6020,566,0
25457,6503,77,0
25458,11433,235,0
25459,12315,35,1
25460,10119,77,0
25461,10701,412,0
25462,3696,13,0
25463,10447,343,1
25464,4004,267,0
25465,8602,27,0
25466,1949,77,0
25467,3455,60,0
25468,14329,122,1
25469,9744,196,0
25470,11238,198,0
25471,7654,98,1
25472,1854,964,0
25473,12083,58,1
25474,205,74,0
25475,2429,802,0
25476,7617,1019,0
25477,1154,401,1
25478,3652,100,1
25479,5477,100,1
25480,8602,16,0
25481,3852,17,0
25482,4083,96,0
25483,3305,17,0
25484,13143,39,1
25485,302,153,0
25486,7844,22,0
25487,6729,235,0
25488,3677,646,1
25489,2042,726,1
25490,1509,219,0
25491,564,743,0
25492,9394,1413,0
25493,3120,446,0
25494,11154,189,1
25495,8394,343,1
25496,7231,78,1
25497,5406,90,0
25498,7670,106,1
25499,11358,268,1
25500,9931,100,1
25501,1575,180,0
25502,1098,344,0
25503,8498,1691,1
25504,11635,126,1
25505,7295,626,1
25506,12132,7,0
25507,2615,376,0
25508,1164,55,1
25509,5808,223,0
25510,11723,136,1
25511,10401,164,1
25512,9346,1413,0
25513,8234,2437,0
25514,12890,18,0
25515,4727,254,0
25516,1147,513,0
25517,9953,13,1
25518,1031,376,1
25519,13213,369,1
25520,5238,17,0
25521,10770,82,1
25522,13425,521,1
25523,2124,103,1
25524,13134,17,0
25525,9087,100,1
25526,12234,739,1
25527,14521,77,0
25528,12315,39,1
25529,8744,75,1
25530,2888,448,0
25531,7720,98,1
25532,5188,794,0
25533,3119,491,0
25534,1102,1645,0
25535,9321,3,0
25536,1707,170,1
25537,12919,1138,1
25538,1759,736,1
25539,11799,17,0
25540,388,1065,0
25541,2874,77,1
25542,2058,77,0
25543,2373,26,1
25544,5150,264,1
25545,517,1278,1
25546,13786,204,0
25547,2055,1755,1
25548,13290,182,0
25549,6526,770,1
25550,6472,122,0
25551,12596,375,1
25552,11878,129,1
25553,2761,1886,0
25554,1279,60,0
25555,6207,297,0
25556,13738,232,1
25557,2838,473,1
25558,11597,48,0
25559,268,128,0
25560,2389,141,0
25561,6382,18,0
25562,12961,212,0
25563,49,676,0
25564,589,257,0
25565,2621,187,0
25566,13599,67,1
25567,13830,126,1
25568,839,743,0
25569,5958,148,1
25570,1713,17,0
25571,2280,377,0
25572,7547,100,0
25573,6949,891,0
25574,13802,99,1
25575,6218,116,0
25576,9801,101,0
25577,11684,601,0
25578,12940,219,1
25579,9982,77,0
25580,7950,101,0
25581,13647,1062,0
25582,2353,582,0
25583,212,208,0
25584,4763,67,1
25585,12528,2236,1
25586,10166,93,0
25587,11458,76,0
25588,7223,1637,0
25589,3470,243,1
25590,12483,42,0
25591,1765,160,0
25592,4662,249,0
25593,11208,19,1
25594,3936,440,1
25595,7852,140,1
25596,8393,216,1
25597,1265,552,1
25598,14082,101,0
25599,11102,271,1
25600,560,0,0
25601,1959,611,0
25602,90,64,0
25603,13990,128,0
25604,3264,440,0
25605,8551,1159,0
25606,369,235,0
25607,7817,77,0
25608,10479,2242,0
25609,11030,35,1
25610,13756,42,0
25611,481,220,1
25612,11511,18,0
25613,685,473,0
25614,4391,228,0
25615,11911,493,0
25616,8670,487,0
25617,7282,2161,0
25618,14359,40,1
25619,12158,232,1
25620,7790,79,0
25621,4397,3,0
25622,9202,161,1
25623,4536,89,0
25624,10335,77,0
25625,3170,321,0
25626,267,402,0
25627,8796,371,1
25628,3982,19,1
25629,70,412,0
25630,4220,67,1
25631,6751,32,0
25632,9551,89,0
25633,3661,19,1
25634,1321,2455,1
25635,4776,297,0
25636,3007,582,0
25637,10083,50,1
25638,12039,80,1
25639,11680,41,0
25640,8097,109,1
25641,3874,547,0
25642,9565,412,0
25643,2561,189,1
25644,3878,351,0
25645,2850,67,1
25646,4253,1094,1
25647,8761,785,0
25648,8564,224,1
25649,2487,402,0
25650,600,7,1
25651,12079,891,0
25652,3854,402,1
25653,8315,1596,0
25654,10627,965,1
25655,355,121,0
25656,1785,796,1
25657,11976,2290,0
25658,7039,675,1
25659,13666,3,0
25660,3822,210,1
25661,5844,100,1
25662,5654,246,0
25663,273,104,1
25664,5173,210,1
25665,11452,148,1
25666,2734,41,0
25667,8384,962,0
25668,6663,344,0
25669,5608,73,1
25670,10852,750,1
25671,14466,61,1
25672,6410,1053,0
25673,5106,100,1
25674,11529,39,1
25675,5393,515,0
25676,2565,1400,1
25677,6113,140,0
25678,458,1642,0
25679,13111,18,0
25680,5809,891,0
25681,77,67,1
25682,12651,836,1
25683,10616,1507,1
25684,79,375,1
25685,6258,77,0
25686,11388,52,1
25687,4567,314,1
25688,4766,17,0
25689,8917,116,1
25690,2445,809,1
25691,13307,57,1
25692,103,84,1
25693,3084,155,0
25694,8101,1572,0
25695,2632,650,0
25696,7496,100,1
25697,1369,2299,0
25698,5108,52,0
25699,6615,264,1
25700,9095,0,0
25701,3171,314,0
25702,2803,2167,1
25703,3436,77,0
25704,13823,56,0
25705,9221,521,1
25706,592,7,0
25707,12579,947,1
25708,49,1655,0
25709,12852,0,1
25710,8617,196,0
25711,8691,923,1
25712,10215,0,0
25713,10085,68,0
25714,2912,767,1
25715,1267,554,0
25716,13097,219,1
25717,755,329,1
25718,2310,776,0
25719,2733,167,0
25720,788,50,1
25721,2098,1603,1
25722,8590,228,0
25723,3552,435,1
25724,3430,43,1
25725,3521,1198,1
25726,9947,3,0
25727,4654,527,1
25728,8269,437,0
25729,9279,260,1
25730,10686,456,0
25731,6491,106,1
25732,7105,315,1
25733,8267,699,1
25734,3607,1051,1
25735,4369,90,1
25736,1422,600,1
25737,7754,248,1
25738,6509,3,1
25739,692,431,0
25740,14027,46,1
25741,4152,77,0
25742,8174,48,0
25743,238,601,0
25744,10699,3,0
25745,4959,7,0
25746,654,77,0
25747,1603,111,0
25748,4890,2456,0
25749,10441,1841,0
25750,2203,262,1
25751,9183,155,1
25752,11764,991,1
25753,5664,39,0
25754,6551,197,0
25755,13374,74,0
25756,3785,35,1
25757,9844,1385,1
25758,6454,553,0
25759,6221,100,1
25760,6662,195,0
25761,472,111,0
25762,7259,163,1
25763,1734,1908,0
25764,387,2281,0
25765,9,244,0
25766,9273,139,1
25767,13266,57,1
25768,7391,34,1
25769,3280,41,0
25770,8290,67,1
25771,11832,67,1
25772,2928,900,0
25773,921,41,0
25774,1909,806,1
25775,1008,3,1
25776,212,74,1
25777,880,1553,0
25778,9923,242,0
25779,10549,143,1
25780,5122,169,1
25781,3302,83,1
25782,2035,3,0
25783,13667,77,0
25784,3791,17,0
25785,170,485,0
25786,2500,32,0
25787,7438,18,0
25788,1152,478,1
25789,922,964,1
25790,4113,412,0
25791,5142,48,0
25792,9044,1127,1
25793,2034,48,0
25794,5285,568,0
25795,4885,257,0
25796,10567,1276,1
25797,3457,179,1
25798,4399,607,1
25799,1257,49,1
25800,8395,200,0
25801,10707,163,0
25802,6266,1890,1
25803,4796,374,0
25804,4154,18,0
25805,14601,1668,1
25806,13636,220,1
25807,4910,3,0
25808,8976,38,1
25809,2661,17,0
25810,13577,57,1
25811,13751,42,0
25812,11778,353,0
25813,2742,248,1
25814,11249,171,0
25815,2541,926,1
25816,14514,56,0
25817,14083,264,1
25818,8138,3,0
25819,5451,91,0
25820,1476,67,1
25821,2547,133,1
25822,3076,37,0
25823,10806,18,0
25824,7589,32,0
25825,2272,1215,0
25826,1759,16,1
25827,8913,77,0
25828,2213,1132,1
25829,2841,41,0
25830,11881,73,0
25831,1977,1109,1
25832,465,111,0
25833,6653,353,0
25834,1252,18,0
25835,7901,318,0
25836,5294,46,1
25837,7418,228,1
25838,242,1346,1
25839,6892,351,1
25840,9213,329,0
25841,11196,210,1
25842,12782,3,0
25843,5572,232,0
25844,13282,514,0
25845,2739,277,0
25846,7362,35,1
25847,12599,310,1
25848,14023,768,0
25849,11323,2317,0
25850,532,1112,1
25851,859,78,1
25852,3091,7,0
25853,8195,520,1
25854,1934,67,1
25855,55,2256,0
25856,8926,1486,1
25857,1435,18,0
25858,9544,17,0
25859,6062,77,0
25860,1987,242,1
25861,5140,272,1
25862,4095,664,0
25863,1400,22,1
25864,12949,86,0
25865,8095,164,1
25866,3531,48,0
25867,7494,7,0
25868,1550,17,0
25869,24,195,1
25870,3085,187,0
25871,103,209,0
25872,7283,55,0
25873,5985,108,0
25874,9181,40,1
25875,11258,225,1
25876,8802,7,0
25877,1441,48,0
25878,8842,16,1
25879,14606,138,0
25880,956,456,0
25881,7009,212,0
25882,2873,95,0
25883,6409,46,1
25884,4063,95,1
25885,1479,243,1
25886,38,1393,0
25887,868,24,0
25888,11059,0,0
25889,2028,128,0
25890,5100,223,0
25891,42,1903,0
25892,4364,32,0
25893,6421,1383,0
25894,5303,224,1
25895,11718,100,0
25896,11379,912,1
25897,3473,101,0
25898,3911,827,0
25899,7620,217,1
25900,7110,184,0
25901,13641,343,1
25902,6973,77,0
25903,1556,235,1
25904,12659,48,0
25905,3200,85,1
25906,627,426,0
25907,6474,0,0
25908,4765,67,1
25909,14471,126,1
25910,13255,82,1
25911,279,418,0
25912,12514,67,1
25913,11040,142,0
25914,2919,456,0
25915,11233,44,0
25916,10065,51,1
25917,6421,25,0
25918,7284,3,0
25919,3043,163,1
25920,11395,143,1
25921,1137,483,0
25922,13401,67,1
25923,3811,26,0
25924,12733,284,1
25925,1201,242,1
25926,553,627,1
25927,6672,48,0
25928,4977,365,1
25929,314,47,0
25930,4618,187,1
25931,754,57,1
25932,13065,225,1
25933,5012,18,0
25934,2043,56,0
25935,12700,562,0
25936,5252,440,1
25937,12040,262,1
25938,3944,43,0
25939,5032,187,1
25940,4403,204,0
25941,14355,77,0
25942,10192,56,0
25943,12369,447,1
25944,1730,204,0
25945,86,39,1
25946,5680,19,1
25947,1168,43,0
25948,8876,931,1
25949,10241,0,0
25950,4554,307,1
25951,9040,67,1
25952,9589,50,1
25953,8383,46,1
25954,7426,48,0
25955,8988,703,1
25956,8689,41,0
25957,12844,52,0
25958,1417,52,1
25959,11178,51,1
25960,2392,27,0
25961,13711,401,1
25962,3334,3,0
25963,1715,3,0
25964,9494,3,0
25965,9510,1272,1
25966,7463,214,1
25967,992,230,1
25968,4543,51,1
25969,12511,122,1
25970,624,0,0
25971,3194,77,0
25972,5718,246,0
25973,1022,797,0
25974,5742,77,0
25975,6257,216,1
25976,8140,439,0
25977,7067,18,0
25978,8766,39,1
25979,2783,2541,1
25980,11600,67,0
25981,943,1449,0
25982,12958,242,1
25983,8694,220,1
25984,10837,939,1
25985,3585,67,1
25986,13494,100,1
25987,10905,17,0
25988,4683,389,1
25989,4366,48,0
25990,10591,86,1
25991,7435,19,0
25992,8729,463,0
25993,13112,402,0
25994,13732,73,1
25995,557,314,1
25996,11834,511,1
25997,13430,242,1
25998,3560,353,0
25999,5787,343,1
26000,9926,18,0
26001,2587,429,0
26002,1642,446,0
26003,20,582,0
26004,2213,262,1
26005,4395,17,0
26006,10143,0,0
26007,465,903,1
26008,2270,402,0
26009,10584,41,0
26010,2761,99,1
26011,922,402,0
26012,8695,77,0
26013,4153,18,0
26014,2126,369,1
26015,8570,208,0
26016,53,615,0
26017,7999,1613,0
26018,13806,658,0
26019,12068,348,1
26020,3261,7,0
26021,8774,48,0
26022,8492,47,1
26023,13356,128,0
26024,7588,35,1
26025,13975,944,0
26026,9377,131,0
26027,49,187,0
26028,14632,670,1
26029,6035,8,1
26030,11940,242,0
26031,4677,478,1
26032,9374,277,0
26033,5703,40,1
26034,9545,456,0
26035,12067,42,0
26036,12772,3,1
26037,594,473,1
26038,9818,643,1
26039,8547,204,0
26040,12029,74,0
26041,6668,322,0
26042,13471,86,1
26043,9806,134,1
26044,14293,83,1
26045,9663,23,0
26046,897,149,1
26047,8911,18,0
26048,273,142,1
26049,8476,148,1
26050,49,952,0
26051,6009,292,0
26052,1461,750,1
26053,4159,67,1
26054,14140,72,0
26055,8891,1667,1
26056,4503,441,0
26057,3160,43,1
26058,13061,442,0
26059,7507,405,0
26060,4141,418,0
26061,13439,77,0
26062,13366,128,0
26063,3659,39,1
26064,3756,67,1
26065,1735,439,0
26066,2363,17,0
26067,1659,17,0
26068,10815,60,0
26069,5719,462,0
26070,606,113,0
26071,710,204,0
26072,7008,223,0
26073,4511,1126,1
26074,10580,375,0
26075,698,124,1
26076,3608,11,0
26077,3615,362,0
26078,14404,86,1
26079,1794,19,1
26080,7854,67,1
26081,3331,41,0
26082,14093,441,1
26083,13082,19,1
26084,1225,208,0
26085,4018,37,0
26086,8718,100,1
26087,871,1,0
26088,3527,35,1
26089,6909,110,0
26090,8140,626,1
26091,10891,52,0
26092,614,77,0
26093,12574,52,1
26094,11801,348,1
26095,8030,597,0
26096,8371,77,0
26097,1159,39,1
26098,11273,82,1
26099,4310,431,0
26100,6537,330,1
26101,3728,615,0
26102,4722,3,0
26103,9740,91,1
26104,1570,351,0
26105,2591,0,0
26106,6327,827,1
26107,2226,17,0
26108,5273,1442,1
26109,1205,40,1
26110,2481,77,0
26111,1543,82,1
26112,7071,254,0
26113,4800,937,1
26114,4183,116,0
26115,6459,512,1
26116,919,668,1
26117,9080,52,0
26118,8356,0,0
26119,2545,187,1
26120,6768,409,1
26121,7935,836,1
26122,12295,100,1
26123,1095,1656,0
26124,11631,37,0
26125,3266,464,1
26126,1481,160,1
26127,5393,0,0
26128,3722,542,0
26129,458,668,0
26130,12791,115,0
26131,14498,330,0
26132,2100,60,0
26133,1527,149,0
26134,6103,17,0
26135,3809,482,1
26136,5140,330,0
26137,3248,807,1
26138,9443,100,1
26139,9468,58,1
26140,11461,112,1
26141,2462,813,1
26142,8571,101,0
26143,436,77,0
26144,5080,824,0
26145,5886,106,1
26146,11671,441,1
26147,7217,329,0
26148,7245,329,0
26149,7484,204,0
26150,305,536,0
26151,11702,119,0
26152,9645,297,0
26153,13521,35,1
26154,3705,60,0
26155,104,542,0
26156,9033,122,1
26157,2912,1051,0
26158,640,108,0
26159,5792,404,0
26160,8919,402,1
26161,12861,542,1
26162,11234,52,0
26163,6608,27,0
26164,658,1470,0
26165,1915,0,0
26166,3692,77,0
26167,1305,58,1
26168,7162,198,0
26169,7071,93,1
26170,10116,780,1
26171,11971,473,1
26172,2898,136,1
26173,6848,269,1
26174,6617,8,1
26175,2736,303,0
26176,1289,256,1
26177,570,456,0
26178,2765,3,0
26179,9810,52,0
26180,3652,52,0
26181,1839,264,1
26182,5149,67,1
26183,8265,3,0
26184,624,48,0
26185,3563,53,1
26186,2512,111,0
26187,8222,89,0
26188,503,35,1
26189,8534,40,0
26190,6796,8,1
26191,2636,86,0
26192,6335,0,0
26193,11900,9,1
26194,1601,2367,1
26195,2131,7,1
26196,1903,407,0
26197,10936,408,1
26198,571,52,0
26199,2521,369,1
26200,13022,35,1
26201,10865,402,0
26202,7567,101,0
26203,13660,637,1
26204,5976,1017,0
26205,3319,61,0
26206,11094,3,0
26207,1393,104,1
26208,202,155,0
26209,12601,473,1
26210,1036,175,0
26211,4119,200,0
26212,2868,25,0
26213,8146,518,0
26214,7559,52,0
26215,11958,101,0
26216,6468,104,1
26217,4808,122,1
26218,3197,57,1
26219,7196,18,0
26220,8809,169,0
26221,5730,35,1
26222,49,1149,0
26223,12743,18,0
26224,12978,86,0
26225,8921,895,0
26226,2927,2575,0
26227,10241,17,0
26228,6341,402,1
26229,7519,26,0
26230,1987,405,0
26231,34,223,0
26232,7736,271,0
26233,2040,445,1
26234,10495,39,1
26235,12838,41,0
26236,11640,102,0
26237,7118,88,0
26238,9728,642,1
26239,6179,992,1
26240,9898,478,1
26241,11977,77,0
26242,3682,100,1
26243,9382,18,0
26244,1179,518,0
26245,2834,345,0
26246,520,7,1
26247,6849,67,1
26248,9863,43,0
26249,3583,757,1
26250,9988,2191,1
26251,6141,1299,0
26252,9034,797,1
26253,1052,83,1
26254,12473,232,1
26255,10040,582,1
26256,534,52,0
26257,6929,129,1
26258,377,358,0
26259,2557,72,0
26260,1028,32,0
26261,3687,111,0
26262,10406,262,1
26263,3168,1942,0
26264,9352,782,1
26265,6169,7,0
26266,5590,49,0
26267,7784,67,1
26268,1834,122,1
26269,6190,483,0
26270,1120,237,1
26271,11492,547,0
26272,242,2195,1
26273,1621,31,1
26274,1972,834,1
26275,429,964,0
26276,6708,60,0
26277,3924,77,0
26278,2047,473,1
26279,13461,105,1
26280,4492,361,0
26281,8936,91,0
26282,7875,91,0
26283,6383,514,0
26284,3015,231,0
26285,5992,35,1
26286,1917,710,1
26287,1088,539,0
26288,2987,126,1
26289,4147,3,0
26290,7831,60,0
26291,11783,189,1
26292,9839,857,1
26293,4655,924,1
26294,49,435,0
26295,10254,100,1
26296,12364,68,0
26297,3137,716,1
26298,458,440,0
26299,3325,3,0
26300,4445,67,1
26301,9280,2353,0
26302,5151,457,0
26303,5884,24,0
26304,12294,83,1
26305,6885,521,1
26306,8085,82,1
26307,14394,137,0
26308,1206,133,0
26309,863,1630,0
26310,863,365,0
26311,13990,473,1
26312,2474,943,1
26313,11803,237,1
26314,2058,736,1
26315,2592,48,0
26316,13903,91,1
26317,2022,109,1
26318,1870,974,1
26319,13526,18,0
26320,4443,2487,1
26321,800,93,0
26322,11766,771,1
26323,758,389,1
26324,5738,68,0
26325,5732,40,1
26326,666,7,0
26327,1430,37,0
26328,3594,579,1
26329,9297,259,1
26330,4781,35,1
26331,257,180,1
26332,14238,89,0
26333,14163,777,0
26334,4337,79,0
26335,99,37,0
26336,8496,137,0
26337,2676,18,0
26338,7357,35,1
26339,8775,49,0
26340,4893,37,0
26341,8690,318,0
26342,6694,220,1
26343,2969,1064,0
26344,6714,829,1
26345,9433,40,1
26346,7258,7,0
26347,14635,224,1
26348,1771,667,1
26349,9738,111,0
26350,1728,1677,0
26351,4346,100,1
26352,9708,424,1
26353,7117,47,1
26354,472,691,1
26355,49,144,0
26356,10741,39,1
26357,212,147,0
26358,5412,52,0
26359,3761,1163,1
26360,8472,3,0
26361,2452,40,0
26362,9988,288,0
26363,869,1,0
26364,449,269,1
26365,9146,543,1
26366,1095,342,0
26367,6986,267,0
26368,2127,126,1
26369,11019,69,1
26370,1677,220,1
26371,6151,24,0
26372,13468,149,0
26373,2327,67,1
26374,914,100,1
26375,6351,160,1
26376,2897,380,0
26377,4885,1953,0
26378,6681,125,1
26379,11125,26,1
26380,11626,8,1
26381,12393,77,0
26382,4388,0,0
26383,6131,17,0
26384,661,34,1
26385,2828,60,0
26386,880,762,0
26387,9452,198,0
26388,4503,193,1
26389,8690,129,0
26390,13576,565,0
26391,1089,226,0
26392,6821,219,1
26393,3672,396,0
26394,3204,29,0
26395,6499,149,0
26396,4271,44,0
26397,14379,1163,0
26398,5514,56,0
26399,9183,216,1
26400,5421,122,0
26401,315,279,1
26402,177,447,1
26403,2119,129,1
26404,7492,1513,0
26405,635,90,1
26406,627,1510,0
26407,6499,254,1
26408,281,17,0
26409,13991,163,0
26410,14001,0,0
26411,6702,141,0
26412,3732,204,0
26413,12651,129,1
26414,13069,100,1
26415,57,77,0
26416,268,505,0
26417,1959,2343,0
26418,7243,329,1
26419,5802,427,1
26420,5417,109,1
26421,3903,3,0
26422,2236,769,1
26423,5087,28,1
26424,6142,90,0
26425,1095,100,0
26426,9916,243,0
26427,4885,826,0
26428,469,242,1
26429,9161,831,1
26430,11911,809,0
26431,4678,797,0
26432,14320,666,1
26433,10607,2284,1
26434,13798,368,0
26435,5875,527,1
26436,13335,79,1
26437,8436,109,0
26438,7036,113,1
26439,12848,440,0
26440,8350,39,1
26441,10668,947,1
26442,1533,67,1
26443,3328,895,0
26444,3193,7,1
26445,7039,922,0
26446,8972,17,0
26447,9922,3,0
26448,12314,37,0
26449,11255,557,0
26450,14245,739,1
26451,6824,265,1
26452,48,403,0
26453,4935,3,0
26454,12326,82,1
26455,14016,228,1
26456,5604,562,0
26457,472,1525,1
26458,509,3,0
26459,7338,1652,1
26460,278,0,0
26461,14365,269,1
26462,11637,42,0
26463,565,319,0
26464,6954,41,0
26465,2478,219,1
26466,372,390,0
26467,11985,52,0
26468,9153,43,0
26469,11150,288,1
26470,268,66,0
26471,5490,1285,1
26472,3677,727,1
26473,6705,33,0
26474,8535,19,1
26475,12075,230,1
26476,8139,196,0
26477,11413,256,1
26478,4418,5,0
26479,10329,1032,0
26480,11167,288,1
26481,943,1348,0
26482,4702,52,0
26483,3951,266,0
26484,2087,391,0
26485,1166,0,0
26486,4253,319,0
26487,14488,1277,1
26488,3311,77,0
26489,4676,382,1
26490,1207,37,0
26491,3812,100,1
26492,8861,1625,0
26493,5022,103,1
26494,4718,721,0
26495,156,22,1
26496,8076,111,0
26497,12100,1698,0
26498,4420,185,0
26499,2004,189,1
26500,8481,18,0
26501,2637,402,0
26502,9312,970,0
26503,1952,3,0
26504,1843,519,0
26505,271,89,1
26506,12651,297,0
26507,4206,48,0
26508,1080,1127,1
26509,10950,330,1
26510,10160,176,1
26511,5785,103,1
26512,1898,1,0
26513,3856,248,1
26514,780,86,0
26515,1693,3,0
26516,13261,300,1
26517,2422,77,0
26518,12149,2290,0
26519,5653,237,1
26520,5830,969,1
26521,734,1571,0
26522,2110,1415,0
26523,1768,265,1
26524,7533,816,0
26525,10337,126,1
26526,6991,546,1
26527,7367,3,0
26528,798,658,0
26529,48,228,0
26530,10274,607,1
26531,4842,48,0
26532,9242,1138,1
26533,3430,220,0
26534,5576,1335,0
26535,9659,50,1
26536,2110,487,0
26537,978,269,1
26538,2246,483,0
26539,1999,181,0
26540,11645,343,1
26541,267,476,0
26542,10030,254,0
26543,481,447,1
26544,169,891,0
26545,13275,50,1
26546,6193,400,1
26547,8542,979,0
26548,3751,8,1
26549,4315,266,0
26550,11087,1346,0
26551,697,32,0
26552,3176,259,1
26553,10603,0,0
26554,13053,18,0
26555,4312,891,0
26556,2856,19,1
26557,10256,439,1
26558,1772,74,0
26559,11466,77,0
26560,126,0,0
26561,5193,364,1
26562,7967,35,1
26563,1089,859,0
26564,4133,575,0
26565,9099,25,0
26566,14332,32,0
26567,12626,77,0
26568,55,1407,1
26569,12099,39,1
26570,6213,396,0
26571,2226,48,0
26572,8260,271,1
26573,4548,534,1
26574,5780,60,0
26575,1396,624,0
26576,115,1731,0
26577,11087,33,1
26578,2079,200,0
26579,10143,222,0
26580,1507,978,0
26581,7955,116,0
26582,2693,100,1
26583,2551,1629,0
26584,8703,2281,0
26585,3774,17,0
26586,6534,1393,1
26587,10402,39,1
26588,3420,76,0
26589,6151,462,0
26590,7606,60,0
26591,6345,196,0
26592,1037,61,0
26593,2938,73,1
26594,1989,3,0
26595,1098,66,0
26596,9877,61,1
26597,6898,170,1
26598,11295,40,1
26599,4651,126,1
26600,904,600,1
26601,421,405,0
26602,291,58,0
26603,3771,0,0
26604,4288,169,0
26605,5382,344,0
26606,12696,82,1
26607,9888,18,0
26608,3750,693,0
26609,473,197,0
26610,3899,24,0
26611,1355,212,0
26612,548,1454,0
26613,4458,3,1
26614,11166,87,0
26615,2430,129,1
26616,302,941,1
26617,2158,77,0
26618,7314,137,0
26619,2314,243,0
26620,736,379,0
26621,3350,180,1
26622,7101,100,0
26623,8207,402,1
26624,7562,93,1
26625,8347,1126,1
26626,3340,32,0
26627,3226,165,1
26628,2876,288,1
26629,3046,52,0
26630,4777,563,1
26631,4043,789,0
26632,9347,67,1
26633,2415,1873,0
26634,7088,35,1
26635,1422,25,0
26636,2121,1357,0
26637,7594,978,0
26638,14621,137,0
26639,2882,269,1
26640,11597,77,0
26641,7116,7,0
26642,5253,254,0
26643,240,170,1
26644,6791,473,1
26645,3834,86,0
26646,2924,1595,0
26647,10345,1091,0
26648,9066,18,0
26649,9242,417,0
26650,12184,189,1
26651,8226,462,0
26652,6273,563,1
26653,267,418,0
26654,1258,2371,0
26655,3085,278,0
26656,2177,197,0
26657,13931,264,1
26658,8033,95,1
26659,13177,67,1
26660,4980,48,1
26661,4862,246,0
26662,8842,1661,1
26663,5269,260,0
26664,3800,3,0
26665,12925,985,0
26666,13942,269,0
26667,2120,0,0
26668,4222,208,0
26669,7349,483,0
26670,1467,17,0
26671,10184,547,0
26672,12565,74,1
26673,14105,1064,0
26674,5788,409,1
26675,13921,2202,0
26676,907,60,0
26677,9326,2451,1
26678,1642,473,0
26679,659,1039,1
26680,579,390,0
26681,4213,204,0
26682,1845,390,1
26683,351,698,0
26684,1527,292,0
26685,13528,904,0
26686,3289,242,1
26687,8954,3,0
26688,7405,1247,0
26689,10342,424,1
26690,10087,756,1
26691,6622,242,0
26692,7449,514,0
26693,10328,0,0
26694,3584,248,1
26695,8729,204,0
26696,11668,102,0
26697,1867,40,0
26698,1359,584,0
26699,5524,583,0
26700,11498,53,1
26701,2840,365,0
26702,4461,77,0
26703,14386,67,1
26704,9060,67,1
26705,9239,126,1
26706,11487,77,0
26707,8755,249,0
26708,5884,149,1
26709,1208,77,0
26710,658,797,0
26711,515,881,0
26712,668,877,0
26713,6567,1030,1
26714,14186,402,0
26715,2337,119,0
26716,12788,35,1
26717,2364,957,0
26718,8609,269,1
26719,11491,49,1
26720,4428,148,1
26721,5802,615,0
26722,1776,207,1
26723,2067,412,0
26724,4842,390,1
26725,6728,48,0
26726,10109,360,1
26727,305,31,0
26728,1234,0,0
26729,3137,425,1
26730,13172,369,1
26731,42,0,0
26732,658,2604,1
26733,7868,344,0
26734,7485,3,1
26735,2968,17,0
26736,7890,259,1
26737,8928,37,0
26738,1014,18,0
26739,1628,1085,1
26740,4291,39,1
26741,5468,289,0
26742,5286,187,0
26743,2491,19,1
26744,10379,246,0
26745,2914,49,1
26746,1802,687,1
26747,10343,361,0
26748,951,34,1
26749,6033,41,0
26750,1276,1655,0
26751,7089,546,1
26752,3084,17,0
26753,833,17,0
26754,4123,431,1
26755,400,646,1
26756,2156,1647,1
26757,5675,780,1
26758,13820,7,0
26759,8883,687,1
26760,1920,343,1
26761,4647,354,0
26762,1011,116,0
26763,7940,181,0
26764,2170,447,1
26765,3150,3,0
26766,12374,2114,0
26767,6552,2488,1
26768,5197,0,0
26769,7712,142,0
26770,3554,742,0
26771,5857,171,1
26772,8013,222,0
26773,691,269,1
26774,9140,67,1
26775,2061,1483,1
26776,1550,51,1
26777,2805,77,0
26778,9898,228,0
26779,1939,52,0
26780,10306,1826,1
26781,11058,1369,1
26782,2271,25,0
26783,7578,402,1
26784,1029,859,1
26785,288,40,0
26786,5211,743,0
26787,7530,542,0
26788,8161,18,0
26789,4237,833,1
26790,1339,66,0
26791,13031,739,1
26792,10285,67,1
26793,7775,60,0
26794,1317,572,1
26795,14536,357,0
26796,1796,41,0
26797,7092,8,1
26798,3017,1580,0
26799,8087,400,1
26800,10452,149,1
26801,8308,462,0
26802,9038,204,1
26803,5932,204,0
26804,6578,149,0
26805,12564,464,0
26806,2751,246,1
26807,14285,741,1
26808,2466,3,0
26809,20,1377,1
26810,10321,35,1
26811,2108,17,0
26812,9185,223,0
26813,1391,15,1
26814,14279,462,1
26815,7146,458,1
26816,871,463,0
26817,6451,223,0
26818,727,44,0
26819,9173,3,0
26820,217,2242,0
26821,9509,219,1
26822,13696,82,1
26823,301,206,0
26824,7325,39,0
26825,1102,7,0
26826,465,175,1
26827,8986,25,0
26828,6246,32,0
26829,6682,219,1
26830,242,1149,1
26831,8181,1461,1
26832,10788,91,0
26833,9539,343,1
26834,958,42,0
26835,13395,77,0
26836,1225,456,0
26837,1102,447,0
26838,3679,859,1
26839,479,39,0
26840,5860,93,1
26841,10589,463,0
26842,9667,219,1
26843,7147,40,0
26844,5956,537,0
26845,10500,49,1
26846,14305,52,0
26847,350,1109,1
26848,4203,276,1
26849,1132,8,1
26850,12128,126,1
26851,4674,405,0
26852,13940,67,1
26853,8324,17,0
26854,13067,19,1
26855,8113,782,0
26856,13100,91,1
26857,790,343,1
26858,2766,93,1
26859,2231,0,0
26860,3575,267,0
26861,10358,204,0
26862,4980,418,0
26863,7876,24,0
26864,11703,176,1
26865,5656,0,0
26866,8749,336,0
26867,2983,1809,1
26868,14416,146,1
26869,9037,129,0
26870,3632,1596,0
26871,5026,237,0
26872,1548,22,0
26873,799,19,1
26874,9467,3,0
26875,9070,348,0
26876,7431,1540,0
26877,14135,50,1
26878,1870,43,0
26879,553,77,0
26880,10761,91,1
26881,1231,537,0
26882,13274,52,1
26883,3617,998,0
26884,11594,49,1
26885,4410,1743,1
26886,4013,126,1
26887,6673,397,1
26888,2242,771,1
26889,362,256,1
26890,14455,128,0
26891,1468,54,1
26892,10773,77,0
26893,2318,219,1
26894,13815,68,0
26895,13222,100,1
26896,12561,182,0
26897,6861,1429,0
26898,10401,17,0
26899,8164,534,1
26900,9510,96,1
26901,13010,1103,0
26902,5895,402,0
26903,3864,343,1
26904,1734,1276,1
26905,82,71,0
26906,10973,449,1
26907,7994,27,1
26908,7125,371,1
26909,6658,55,1
26910,7153,2182,0
26911,2494,716,1
26912,12608,19,1
26913,7008,242,1
26914,3365,128,1
26915,3594,832,0
26916,911,1483,1
26917,4322,9,1
26918,4982,34,0
26919,659,1369,1
26920,6831,18,0
26921,2562,771,1
26922,5617,412,0
26923,10146,48,0
26924,8296,1151,1
26925,5743,292,0
26926,12735,855,0
26927,14069,69,0
26928,320,104,1
26929,1519,43,1
26930,6108,1332,0
26931,4119,22,0
26932,7684,67,1
26933,12660,32,1
26934,7542,32,0
26935,49,631,0
26936,11118,100,1
26937,12484,128,0
26938,11874,18,0
26939,12260,82,1
26940,1900,1617,1
26941,7794,402,0
26942,12383,658,0
26943,9322,86,1
26944,481,242,1
26945,13318,41,0
26946,5694,25,0
26947,1959,1134,0
26948,5867,281,0
26949,6028,214,1
26950,7067,67,1
26951,11009,52,0
26952,591,48,0
26953,45,42,0
26954,5569,515,0
26955,5083,35,1
26956,3311,400,1
26957,5809,17,0
26958,2224,0,0
26959,5727,37,0
26960,7249,442,0
26961,4190,34,0
26962,10293,264,1
26963,14244,220,0
26964,12414,473,1
26965,5570,18,0
26966,5913,626,0
26967,10341,149,1
26968,613,88,1
26969,8091,163,0
26970,10888,176,1
26971,14109,100,1
26972,9436,170,1
26973,277,3,1
26974,7117,77,0
26975,11692,460,0
26976,4986,52,0
26977,8711,433,0
26978,2249,552,1
26979,3799,115,0
26980,2930,272,1
26981,1652,558,0
26982,9305,405,0
26983,1473,30,1
26984,1946,443,0
26985,1055,697,0
26986,10344,348,0
26987,6725,445,1
26988,11236,94,0
26989,5682,216,0
26990,10430,100,1
26991,658,1248,0
26992,740,381,0
26993,749,26,0
26994,1439,405,1
26995,11026,101,0
26996,6103,193,1
26997,5009,77,0
26998,12945,100,1
26999,9920,18,0
27000,2157,242,0
27001,1602,196,0
27002,13740,126,1
27003,6999,47,1
27004,13632,42,0
27005,1695,102,0
27006,4668,4,0
27007,2508,54,1
27008,9380,269,1
27009,11036,164,1
27010,2174,1424,0
27011,6941,17,0
27012,2329,18,0
27013,7236,5,0
27014,1658,882,1
27015,3134,60,0
27016,12305,18,1
27017,7269,169,0
27018,581,212,0
27019,2192,118,0
27020,4106,121,0
27021,10584,17,0
27022,5453,287,0
27023,4612,220,0
27024,8247,100,0
27025,1089,566,0
27026,6381,56,0
27027,6917,374,0
27028,4397,17,0
27029,1993,246,0
27030,5282,77,0
27031,9908,267,0
27032,3311,455,1
27033,1498,100,1
27034,5103,77,0
27035,1251,49,0
27036,10291,770,1
27037,9313,991,1
27038,8535,0,0
27039,13703,439,0
27040,12384,40,0
27041,37,7,0
27042,2044,1530,1
27043,8210,269,0
27044,8152,1206,1
27045,14078,259,0
27046,1807,223,0
27047,14328,50,1
27048,5799,967,0
27049,9138,27,1
27050,9300,561,0
27051,6021,39,1
27052,182,324,0
27053,4064,219,1
27054,9164,77,0
27055,4017,77,0
27056,6697,7,0
27057,13537,48,0
27058,9207,300,1
27059,8924,329,0
27060,6171,195,0
27061,9736,82,1
27062,1870,440,1
27063,2904,187,0
27064,79,1,0
27065,13388,341,1
27066,4777,230,1
27067,3337,37,0
27068,9377,115,0
27069,3961,557,0
27070,7721,262,1
27071,1590,42,0
27072,115,129,1
27073,4242,48,0
27074,5317,969,1
27075,10915,10,0
27076,138,1707,0
27077,14351,224,1
27078,2403,49,1
27079,11411,7,0
27080,2146,100,1
27081,6575,35,1
27082,14363,182,0
27083,3959,189,1
27084,7256,23,0
27085,290,37,0
27086,1270,926,0
27087,1628,175,0
27088,11780,49,0
27089,623,242,1
27090,4968,25,0
27091,8797,224,0
27092,513,74,1
27093,1870,49,0
27094,12775,1063,1
27095,1769,136,1
27096,10166,228,0
27097,2822,52,0
27098,14431,7,1
27099,12243,18,0
27100,3812,204,0
27101,9853,128,0
27102,2282,2468,0
27103,14052,129,1
27104,1690,1104,0
27105,1854,242,1
27106,7886,149,0
27107,10246,376,0
27108,12127,542,1
27109,7732,17,0
27110,13022,39,1
27111,6,1646,0
27112,11853,912,1
27113,8550,372,1
27114,1481,16,1
27115,2316,223,0
27116,9797,64,1
27117,3370,196,1
27118,6964,197,1
27119,1807,111,0
27120,5634,189,1
27121,9275,170,1
27122,1490,41,0
27123,7618,67,1
27124,189,427,1
27125,3346,966,0
27126,1685,440,1
27127,1014,73,1
27128,3573,501,0
27129,5724,485,0
27130,9348,375,0
27131,2979,242,0
27132,14502,908,0
27133,10591,91,0
27134,13436,79,0
27135,863,2073,0
27136,10825,52,1
27137,5462,563,1
27138,5331,18,0
27139,3344,248,1
27140,1578,2117,0
27141,711,230,1
27142,305,365,0
27143,11917,52,0
27144,288,1897,0
27145,7341,441,0
27146,11406,1354,1
27147,2504,143,0
27148,8629,77,0
27149,1408,864,1
27150,5039,17,0
27151,4016,77,0
27152,493,1,0
27153,1245,17,0
27154,5070,725,0
27155,3789,17,1
27156,3694,48,0
27157,5314,109,0
27158,10135,187,1
27159,8852,833,1
27160,3084,9,1
27161,2901,0,0
27162,11243,90,0
27163,9882,77,0
27164,1608,178,1
27165,13203,77,0
27166,12738,473,1
27167,320,86,0
27168,348,351,0
27169,7062,1954,0
27170,4520,41,0
27171,6243,1356,0
27172,9406,2407,1
27173,6283,991,1
27174,7739,155,0
27175,1977,223,0
27176,3907,37,0
27177,9596,126,1
27178,4351,404,1
27179,10500,550,0
27180,279,41,0
27181,8045,214,1
27182,8749,762,0
27183,5141,2214,0
27184,9989,228,0
27185,2929,82,1
27186,9012,48,0
27187,10859,91,0
27188,6882,7,0
27189,9248,324,1
27190,2226,28,1
27191,1024,343,1
27192,6358,2268,0
27193,4445,18,0
27194,1941,176,1
27195,11144,52,0
27196,12954,56,0
27197,6488,3,0
27198,1348,582,0
27199,6150,400,0
27200,8382,403,1
27201,942,220,1
27202,11627,26,0
27203,12996,170,1
27204,10173,18,0
27205,13794,23,0
27206,2854,102,0
27207,930,1510,0
27208,10648,697,0
27209,2092,41,0
27210,11828,258,0
27211,3572,25,0
27212,7472,39,1
27213,8802,35,1
27214,4662,951,1
27215,9419,100,1
27216,1782,456,0
27217,1917,1,0
27218,12341,67,1
27219,10767,95,1
27220,9531,77,0
27221,5662,37,0
27222,3741,35,1
27223,399,17,0
27224,1717,52,0
27225,5891,102,0
27226,4881,9,1
27227,5536,276,1
27228,7241,33,0
27229,6105,37,0
27230,10566,357,0
27231,4101,42,0
27232,6854,326,1
27233,1059,873,1
27234,3028,86,0
27235,3710,540,1
27236,8339,101,0
27237,8586,17,0
27238,11189,204,0
27239,8263,0,0
27240,12956,35,1
27241,9364,725,0
27242,6378,1565,1
27243,3002,351,0
27244,14539,242,1
27245,7136,0,0
27246,3085,565,0
27247,2780,74,0
27248,1978,326,0
27249,3781,539,0
27250,3795,176,1
27251,3464,904,0
27252,4049,694,0
27253,11498,23,0
27254,1697,212,1
27255,12019,86,0
27256,10763,204,0
27257,2246,1,0
27258,723,518,0
27259,390,412,0
27260,4159,18,0
27261,5044,41,0
27262,11737,42,0
27263,1330,0,0
27264,2998,1041,1
27265,9863,187,1
27266,8506,58,1
27267,6348,164,1
27268,4012,344,0
27269,630,223,0
27270,8927,278,1
27271,1130,86,1
27272,12980,549,1
27273,12335,836,0
27274,7366,18,0
27275,7159,77,0
27276,12709,891,0
27277,414,1178,0
27278,5019,443,1
27279,2492,48,0
27280,2114,1119,1
27281,2891,264,1
27282,8135,423,1
27283,11027,204,0
27284,2691,143,0
27285,5585,169,1
27286,2022,149,0
27287,7992,99,1
27288,7277,319,1
27289,1689,94,1
27290,9168,126,1
27291,2365,503,1
27292,920,3,0
27293,8438,536,1
27294,6445,677,1
27295,6023,40,1
27296,5039,709,1
27297,5434,32,0
27298,6788,371,1
27299,488,52,0
27300,7724,0,0
27301,2314,260,0
27302,6934,188,1
27303,10047,35,1
27304,10076,49,0
27305,1650,719,0
27306,7558,17,0
27307,8551,142,0
27308,10346,467,0
27309,3857,18,0
27310,10260,80,1
27311,9628,34,1
27312,943,278,0
27313,2235,836,1
27314,4897,1335,1
27315,2088,210,1
27316,14128,232,1
27317,12778,40,1
27318,3853,44,0
27319,3833,49,1
27320,13954,171,1
27321,844,0,0
27322,12566,48,1
27323,1023,17,0
27324,97,6,1
27325,10807,35,1
27326,13360,877,0
27327,1611,100,1
27328,998,612,0
27329,1494,139,1
27330,3067,1276,1
27331,5916,405,1
27332,12301,433,0
27333,2495,265,0
27334,242,147,1
27335,7105,592,1
27336,5414,211,1
27337,11755,37,0
27338,781,569,0
27339,903,323,0
27340,9268,167,0
27341,2613,48,0
27342,14555,473,1
27343,2791,108,0
27344,915,43,0
27345,14631,237,1
27346,11331,0,0
27347,3513,262,1
27348,943,172,0
27349,12752,65,1
27350,6046,1419,0
27351,4945,460,0
27352,2092,18,0
27353,2115,3,0
27354,9924,204,0
27355,9126,235,0
27356,7680,402,1
27357,191,18,0
27358,4962,235,1
27359,11470,67,1
27360,9540,0,0
27361,3718,214,0
27362,11589,2152,0
27363,156,187,1
27364,724,836,1
27365,2150,58,1
27366,5050,1429,0
27367,1716,666,0
27368,5864,969,1
27369,6100,405,0
27370,8829,52,1
27371,2463,109,1
27372,4997,200,0
27373,1400,1454,1
27374,6915,52,0
27375,9904,17,0
27376,6703,189,1
27377,7488,344,0
27378,2095,420,1
27379,10184,546,1
27380,12262,3,0
27381,2059,444,0
27382,4709,48,0
27383,2415,1,0
27384,10295,25,0
27385,3813,169,0
27386,449,64,0
27387,4987,68,0
27388,3990,242,0
27389,7483,137,0
27390,402,61,1
27391,12829,77,0
27392,2753,696,0
27393,4531,40,1
27394,4913,0,0
27395,8200,204,0
27396,5129,52,0
27397,1548,2051,0
27398,1634,147,1
27399,1916,77,0
27400,3948,351,1
27401,2066,77,0
27402,4501,148,1
27403,3182,374,0
27404,11876,2062,1
27405,3399,101,0
27406,7981,1557,1
27407,5567,86,0
27408,1160,119,0
27409,2441,90,1
27410,9014,68,0
27411,7163,1464,0
27412,3798,50,1
27413,9662,35,1
27414,1498,140,0
27415,7758,125,0
27416,1197,2477,1
27417,207,7,0
27418,282,170,1
27419,11090,1021,1
27420,12650,60,0
27421,1749,442,0
27422,6565,681,0
27423,6266,1150,0
27424,412,252,1
27425,6918,19,1
27426,8847,176,1
27427,12419,49,1
27428,5545,34,1
27429,4263,196,0
27430,14575,37,0
27431,12598,100,1
27432,8027,18,0
27433,6276,164,1
27434,5108,37,0
27435,4599,7,1
27436,9065,1312,0
27437,14628,37,1
27438,13716,18,0
27439,14279,353,0
27440,2557,443,1
27441,7806,93,1
27442,11828,129,1
27443,8102,157,1
27444,1118,297,1
27445,5972,995,0
27446,9148,2198,0
27447,13398,1144,0
27448,11728,109,0
27449,586,369,1
27450,6384,947,1
27451,6123,41,0
27452,8459,35,1
27453,3719,17,0
27454,7666,43,1
27455,555,433,1
27456,11766,11,0
27457,7105,1511,1
27458,10206,447,0
27459,6368,103,1
27460,4755,268,1
27461,779,184,1
27462,8658,171,0
27463,6688,1114,0
27464,4741,102,0
27465,5188,526,0
27466,2193,7,0
27467,5110,1861,1
27468,4997,2115,0
27469,4021,42,0
27470,3568,18,0
27471,5300,750,0
27472,302,348,0
27473,1695,1628,0
27474,8220,157,1
27475,10587,189,1
27476,4143,9,1
27477,11226,715,1
27478,6037,52,0
27479,4491,85,1
27480,863,1477,0
27481,12305,176,0
27482,13076,41,0
27483,11789,18,0
27484,10683,2002,1
27485,2635,3,0
27486,7079,709,0
27487,5997,52,0
27488,6189,176,0
27489,1913,836,0
27490,566,2117,0
27491,268,360,0
27492,8300,3,0
27493,11576,478,0
27494,7614,3,0
27495,2860,392,0
27496,1535,56,0
27497,5248,1286,1
27498,7204,343,1
27499,6667,42,0
27500,7419,0,0
27501,8040,155,0
27502,11986,32,0
27503,1030,1985,0
27504,5247,530,1
27505,4629,187,0
27506,4854,2011,0
27507,726,7,0
27508,13801,49,1
27509,242,422,1
27510,5951,376,1
27511,13629,32,0
27512,6028,212,0
27513,12266,23,0
27514,4261,1859,1
27515,2110,402,0
27516,11508,40,1
27517,2991,542,0
27518,10768,2596,1
27519,11937,262,1
27520,3142,100,0
27521,6841,0,0
27522,13685,40,0
27523,13002,443,1
27524,13490,156,0
27525,5842,204,0
27526,11348,18,0
27527,10280,440,0
27528,2917,303,0
27529,756,387,0
27530,15,14,0
27531,11867,60,0
27532,7476,3,0
27533,11267,563,1
27534,10362,281,0
27535,3360,90,1
27536,2775,718,0
27537,8231,79,1
27538,3601,553,0
27539,11547,935,1
27540,3264,5,0
27541,10959,829,1
27542,11966,128,0
27543,2518,170,1
27544,7190,109,0
27545,10228,518,0
27546,1886,910,0
27547,2721,18,0
27548,12218,204,0
27549,3343,18,0
27550,333,739,0
27551,5894,214,0
27552,5028,910,0
27553,10251,37,0
27554,10839,23,1
27555,3537,443,1
27556,14155,18,0
27557,3085,312,0
27558,10694,686,1
27559,877,86,0
27560,566,635,1
27561,6853,60,0
27562,7861,97,1
27563,12184,115,0
27564,1360,978,0
27565,2428,809,1
27566,3669,49,1
27567,11479,77,0
27568,11719,13,0
27569,8612,1138,1
27570,3477,67,1
27571,11571,1138,1
27572,1044,17,0
27573,4529,220,0
27574,5564,101,0
27575,8846,314,1
27576,13621,230,1
27577,6025,558,1
27578,4457,82,1
27579,7779,141,1
27580,6289,19,1
27581,4561,196,0
27582,2741,140,0
27583,5746,3,0
27584,9129,274,0
27585,1563,1792,0
27586,1816,344,0
27587,60,6,0
27588,12435,18,0
27589,9047,112,1
27590,6412,86,0
27591,12937,3,0
27592,4341,17,0
27593,4422,143,1
27594,9813,267,0
27595,2446,0,0
27596,7981,866,0
27597,8505,242,1
27598,11276,320,0
27599,954,3,1
27600,5722,743,0
27601,10476,3,0
27602,14233,269,1
27603,1569,94,0
27604,5843,35,0
27605,8239,77,0
27606,9680,1277,1
27607,242,187,1
27608,9876,45,0
27609,13736,242,1
27610,9908,27,0
27611,2903,1069,1
27612,1312,149,0
27613,3106,402,0
27614,1473,1731,1
27615,5587,363,0
27616,5653,970,0
27617,10077,675,0
27618,8588,17,0
27619,504,18,0
27620,6320,926,0
27621,13926,56,0
27622,303,207,0
27623,4778,547,0
27624,1950,457,0
27625,7561,17,0
27626,9766,52,0
27627,301,41,0
27628,5936,122,1
27629,5220,77,0
27630,12433,815,1
27631,2298,131,0
27632,8898,10,0
27633,9821,548,1
27634,748,658,0
27635,2733,41,0
27636,6164,2098,0
27637,1838,48,0
27638,1313,1585,1
27639,9300,570,1
27640,2479,209,0
27641,12361,49,1
27642,8791,2302,1
27643,273,25,0
27644,8993,1051,1
27645,1900,63,0
27646,1958,605,0
27647,9828,200,0
27648,10849,43,1
27649,9503,91,0
27650,13246,211,1
27651,1385,204,0
27652,10420,82,1
27653,4043,1998,1
27654,2905,67,1
27655,5823,50,1
27656,6226,18,0
27657,3233,18,0
27658,5066,32,0
27659,3075,517,0
27660,9273,48,0
27661,9616,216,0
27662,11072,460,0
27663,9975,264,1
27664,14303,372,1
27665,11202,1326,0
27666,2728,132,0
27667,8528,100,1
27668,1989,78,1
27669,11577,505,0
27670,2621,483,0
27671,448,1156,0
27672,305,214,0
27673,3602,931,1
27674,1257,25,0
27675,10530,18,0
27676,2031,732,1
27677,3523,944,1
27678,631,264,1
27679,2052,266,0
27680,3990,33,0
27681,3264,43,0
27682,178,77,0
27683,2903,894,1
27684,12479,1779,1
27685,10023,32,0
27686,2535,353,0
27687,1121,39,0
27688,13708,49,0
27689,3958,278,0
27690,268,762,0
27691,493,382,0
27692,13,844,0
27693,11778,374,0
27694,955,1060,1
27695,2462,501,0
27696,1133,260,0
27697,8776,187,1
27698,13864,1526,1
27699,685,95,0
27700,3338,512,1
27701,3278,67,1
27702,3661,836,1
27703,652,458,1
27704,3624,134,1
27705,12331,77,0
27706,9728,300,0
27707,2621,113,0
27708,2046,734,0
27709,5863,17,0
27710,1984,266,0
27711,284,196,0
27712,14366,224,1
27713,9767,20,0
27714,14309,17,0
27715,4469,16,1
27716,284,0,0
27717,13552,402,1
27718,13013,235,0
27719,7084,17,0
27720,4491,600,1
27721,2473,7,1
27722,8613,405,0
27723,2470,39,0
27724,480,1440,1
27725,7961,77,0
27726,1692,462,0
27727,5436,3,0
27728,5925,7,0
27729,5057,1192,0
27730,5567,91,1
27731,12139,276,1
27732,1962,399,0
27733,12697,169,0
27734,584,1016,1
27735,2220,321,1
27736,7273,89,0
27737,9334,443,0
27738,13940,18,0
27739,3652,1,0
27740,4442,1016,1
27741,6740,64,0
27742,6620,18,0
27743,9050,0,0
27744,4338,101,0
27745,9545,409,1
27746,5052,430,1
27747,7976,343,1
27748,4109,169,1
27749,4095,831,0
27750,962,459,0
27751,5020,17,0
27752,213,148,1
27753,14283,56,0
27754,3646,1272,1
27755,3892,666,0
27756,1346,438,0
27757,3008,56,0
27758,6893,1435,1
27759,2275,243,1
27760,6278,42,0
27761,14456,334,1
27762,8121,214,0
27763,8065,197,0
27764,10791,83,1
27765,3399,588,1
27766,302,769,0
27767,6104,13,1
27768,7742,77,0
27769,1480,223,0
27770,13162,21,1
27771,5497,67,1
27772,12392,163,0
27773,1293,566,1
27774,9636,305,0
27775,11843,208,0
27776,851,214,0
27777,14236,166,1
27778,10144,125,1
27779,4457,3,0
27780,8385,780,1
27781,1528,122,0
27782,7840,74,0
27783,2011,2127,0
27784,2771,438,0
27785,8656,783,1
27786,3648,669,0
27787,5705,48,0
27788,9970,60,0
27789,7176,60,0
27790,13187,128,0
27791,8754,50,1
27792,14435,262,1
27793,11648,388,0
27794,7691,173,1
27795,3470,17,0
27796,1578,1799,1
27797,1422,2184,0
27798,1646,224,1
27799,387,25,0
27800,1294,18,0
27801,2618,440,0
27802,5280,3,0
27803,11269,360,0
27804,14188,1618,1
27805,1697,1302,1
27806,268,40,0
27807,13243,866,0
27808,3404,100,1
27809,9133,64,1
27810,63,57,0
27811,9621,7,0
27812,4366,197,0
27813,652,609,1
27814,9690,1051,1
27815,1661,86,1
27816,7058,19,1
27817,2937,478,1
27818,7571,932,1
27819,5315,709,0
27820,1187,94,0
27821,1959,1282,0
27822,9263,52,0
27823,11867,17,1
27824,10954,67,1
27825,49,141,1
27826,10597,163,1
27827,6007,35,1
27828,1840,77,0
27829,4628,37,0
27830,10045,18,0
27831,8069,189,0
27832,7358,1911,1
27833,2053,1521,0
27834,12457,1486,1
27835,9358,1744,0
27836,3940,100,1
27837,3016,34,1
27838,7538,0,0
27839,1962,536,0
27840,863,212,0
27841,1266,75,1
27842,143,538,1
27843,8135,214,0
27844,8401,2201,1
27845,1248,269,1
27846,10827,67,1
27847,5400,3,0
27848,11598,204,0
27849,4858,18,0
27850,338,390,1
27851,7971,18,0
27852,4398,52,0
27853,9428,67,1
27854,5694,229,1
27855,160,223,0
27856,5117,50,1
27857,3733,149,0
27858,9175,89,0
27859,11463,200,0
27860,3630,724,0
27861,623,402,0
27862,2954,462,1
27863,10116,1422,0
27864,3578,230,1
27865,5942,214,0
27866,1765,1511,1
27867,4980,197,0
27868,13096,115,0
27869,1352,228,1
27870,6190,200,1
27871,520,405,0
27872,3280,48,0
27873,3862,119,0
27874,10223,348,1
27875,2816,246,0
27876,9484,1,0
27877,91,200,1
27878,7340,376,0
27879,5749,77,0
27880,8341,405,0
27881,9260,11,0
27882,7018,1092,0
27883,7356,49,0
27884,7968,100,1
27885,4726,627,1
27886,12494,114,1
27887,862,142,0
27888,861,25,0
27889,3708,37,0
27890,11281,523,1
27891,1814,93,1
27892,2130,17,0
27893,6441,207,0
27894,7088,7,0
27895,2190,48,0
27896,12910,57,1
27897,14048,77,0
27898,5391,73,1
27899,14557,49,0
27900,4983,20,0
27901,10357,897,1
27902,4997,33,0
27903,4479,37,0
27904,7133,128,0
27905,2892,34,0
27906,6812,163,0
27907,12758,324,1
27908,13430,49,0
27909,1767,266,0
27910,1175,17,0
27911,7676,8,1
27912,5758,372,1
27913,3532,189,1
27914,3939,228,0
27915,4136,800,0
27916,5342,0,0
27917,4487,418,0
27918,6947,319,1
27919,1001,49,1
27920,4360,1104,0
27921,10777,445,1
27922,13158,169,1
27923,914,52,0
27924,2980,148,1
27925,1138,343,1
27926,13610,39,0
27927,313,116,1
27928,9075,73,1
27929,4705,269,1
27930,2606,462,0
27931,14459,67,1
27932,6714,831,1
27933,1837,242,0
27934,2805,0,1
27935,3193,58,1
27936,14451,56,0
27937,3738,182,0
27938,7608,906,0
27939,2520,224,1
27940,3445,117,0
27941,8949,37,0
27942,6711,100,1
27943,4968,223,0
27944,10059,456,0
27945,2703,41,0
27946,1652,453,1
27947,10402,7,0
27948,10594,419,1
27949,9718,126,1
27950,2976,264,1
27951,9394,562,0
27952,687,489,1
27953,544,724,0
27954,4599,58,1
27955,3277,1,0
27956,7179,204,0
27957,3148,77,0
27958,559,412,0
27959,13148,42,0
27960,475,0,0
27961,11999,110,0
27962,8980,148,1
27963,12644,93,1
27964,7886,462,1
27965,2895,193,1
27966,11191,148,1
27967,917,155,0
27968,13175,40,0
27969,5195,91,1
27970,5854,1474,0
27971,11858,741,1
27972,1276,208,0
27973,9044,981,1
27974,2537,37,0
27975,4218,607,1
27976,669,149,0
27977,7321,17,0
27978,5416,87,1
27979,1013,3,0
27980,2090,741,1
27981,11196,3,0
27982,6458,1077,0
27983,2819,17,0
27984,954,307,1
27985,12708,129,0
27986,11591,462,1
27987,6473,263,1
27988,11786,205,1
27989,11739,835,0
27990,12214,15,1
27991,1223,18,0
27992,2893,40,1
27993,6256,37,0
27994,2118,48,0
27995,12666,126,1
27996,4894,11,0
27997,11082,1506,0
27998,1070,52,0
27999,9979,1790,1
28000,9066,17,0
28001,14526,67,1
28002,1409,220,1
28003,13521,39,1
28004,840,1051,0
28005,1509,446,0
28006,11602,18,0
28007,12363,106,1
28008,8332,2034,1
28009,8946,307,1
28010,6075,41,0
28011,6162,3,0
28012,1101,19,1
28013,6168,18,0
28014,481,448,1
28015,2426,119,0
28016,1472,615,0
28017,5454,49,1
28018,1627,80,0
28019,12835,3,0
28020,4673,96,0
28021,305,446,0
28022,2741,100,1
28023,8045,662,0
28024,3315,3,0
28025,3521,223,0
28026,3963,2433,0
28027,7315,17,0
28028,11186,48,0
28029,1108,321,1
28030,5100,1,0
28031,245,7,0
28032,8353,109,0
28033,8662,39,1
28034,4201,58,1
28035,6437,166,1
28036,13643,48,0
28037,8007,506,0
28038,5051,103,1
28039,8159,18,0
28040,2606,353,0
28041,12053,219,1
28042,14397,100,1
28043,4555,57,1
28044,4998,112,1
28045,8204,50,1
28046,11035,18,0
28047,1758,673,0
28048,1088,129,0
28049,7070,48,0
28050,6653,374,0
28051,953,25,0
28052,7495,219,1
28053,907,17,0
28054,4607,926,0
28055,125,1215,1
28056,14092,969,1
28057,4904,52,0
28058,9550,0,0
28059,10434,77,0
28060,192,103,1
28061,6680,1131,0
28062,454,737,1
28063,8023,330,0
28064,2508,6,1
28065,4561,73,0
28066,2261,17,0
28067,9485,155,1
28068,13509,343,1
28069,11824,77,0
28070,1313,111,0
28071,13007,836,0
28072,1637,0,0
28073,5016,77,0
28074,14119,137,0
28075,6123,17,0
28076,1102,810,0
28077,2658,7,0
28078,1396,1079,0
28079,12250,219,1
28080,2689,18,0
28081,2243,375,0
28082,1922,1796,1
28083,8763,77,0
28084,11655,208,0
28085,11901,1400,1
28086,0,429,1
28087,4094,39,1
28088,13368,362,0
28089,11060,67,1
28090,3419,758,1
28091,5913,3,0
28092,3705,1082,0
28093,8591,77,0
28094,5362,223,0
28095,7203,86,0
28096,87,67,1
28097,1758,1179,0
28098,10068,109,1
28099,11145,73,1
28100,14069,228,1
28101,5655,583,0
28102,11344,715,1
28103,3902,32,0
28104,6298,189,1
28105,11270,1048,0
28106,4570,3,0
28107,27,142,1
28108,12642,595,0
28109,1996,723,0
28110,9959,3,0
28111,10403,100,1
28112,14199,1062,0
28113,2010,169,1
28114,12092,7,0
28115,5348,1503,0
28116,11674,25,0
28117,14066,132,0
28118,1933,288,1
28119,341,18,0
28120,14256,148,1
28121,12535,32,0
28122,5986,252,0
28123,5368,32,0
28124,2779,72,0
28125,6827,348,1
28126,3205,455,1
28127,10847,149,0
28128,6467,18,0
28129,4986,100,1
28130,8491,3,0
28131,1578,115,1
28132,11348,67,1
28133,6073,41,0
28134,8362,0,0
28135,3103,140,0
28136,8708,72,0
28137,5425,188,0
28138,10413,32,0
28139,4496,128,0
28140,1458,266,1
28141,4905,321,1
28142,2113,149,1
28143,1626,193,1
28144,10613,67,1
28145,13781,1727,0
28146,9737,1759,1
28147,7446,100,1
28148,6866,111,0
28149,2621,41,0
28150,5928,37,0
28151,48,45,0
28152,3331,392,0
28153,9396,637,1
28154,2644,1272,0
28155,11894,1464,0
28156,2558,111,0
28157,6481,7,0
28158,10130,49,1
28159,8970,283,1
28160,7623,232,1
28161,3760,548,1
28162,8521,279,1
28163,11931,269,1
28164,1031,17,0
28165,10694,1555,0
28166,10681,133,0
28167,3084,159,0
28168,4225,67,1
28169,6361,936,0
28170,6065,38,1
28171,8349,235,0
28172,322,169,0
28173,11143,329,1
28174,4773,405,0
28175,8848,2349,1
28176,10682,7,0
28177,3666,887,1
28178,9386,7,0
28179,160,48,0
28180,7655,115,0
28181,833,1136,0
28182,568,149,0
28183,902,0,0
28184,7658,126,1
28185,674,197,0
28186,880,177,0
28187,7122,3,0
28188,2448,836,1
28189,5,25,0
28190,4755,352,0
28191,9122,324,1
28192,2023,32,0
28193,4366,17,0
28194,577,265,1
28195,3050,95,1
28196,1186,17,0
28197,2054,1413,0
28198,1889,48,0
28199,1495,197,0
28200,12573,343,1
28201,1967,53,1
28202,3476,103,1
28203,2396,223,0
28204,7419,17,0
28205,14302,126,1
28206,1672,932,1
28207,13486,1137,0
28208,530,32,0
28209,372,41,0
28210,11134,103,1
28211,6878,235,0
28212,919,1320,0
28213,7426,18,0
28214,6609,37,0
28215,14495,149,0
28216,5040,143,1
28217,7440,39,1
28218,14024,157,1
28219,7503,67,1
28220,9390,296,1
28221,6076,375,0
28222,10260,1038,0
28223,49,43,0
28224,751,386,0
28225,4646,211,1
28226,1225,220,0
28227,1963,42,0
28228,3815,94,1
28229,2207,16,1
28230,2997,57,1
28231,10301,457,0
28232,11203,100,1
28233,97,2170,0
28234,1081,17,0
28235,5946,142,0
28236,4228,86,0
28237,461,741,1
28238,1314,146,0
28239,10629,66,0
28240,3002,904,0
28241,5587,355,1
28242,1892,210,1
28243,13682,495,0
28244,8693,402,1
28245,12934,67,1
28246,12113,100,1
28247,8543,86,0
28248,8438,399,1
28249,1335,634,0
28250,8768,440,1
28251,14388,18,0
28252,553,3,0
28253,2681,39,1
28254,4460,2098,0
28255,14504,1180,1
28256,1184,39,0
28257,13060,514,0
28258,3291,214,1
28259,1194,0,0
28260,14106,575,0
28261,4500,55,1
28262,5032,0,0
28263,3264,22,1
28264,8736,149,0
28265,1655,77,1
28266,14444,1176,0
28267,658,1186,0
28268,6790,104,1
28269,2822,204,0
28270,2318,200,0
28271,2336,547,0
28272,13645,105,1
28273,5881,18,0
28274,7300,34,0
28275,3420,108,0
28276,7619,1167,1
28277,112,40,1
28278,4449,94,0
28279,5711,259,0
28280,7486,1512,1
28281,3649,3,0
28282,49,194,0
28283,11259,49,1
28284,2512,77,0
28285,1857,1067,1
28286,1490,3,0
28287,2398,116,0
28288,8732,129,0
28289,4151,37,1
28290,11010,947,1
28291,5836,461,0
28292,1291,43,0
28293,9652,248,1
28294,4148,39,1
28295,320,125,0
28296,11581,473,1
28297,10034,112,1
28298,5331,67,1
28299,13510,1276,1
28300,604,22,1
28301,6450,176,1
28302,2888,307,0
28303,8891,699,1
28304,14411,412,0
28305,7466,1713,1
28306,230,2249,0
28307,685,257,0
28308,7253,1480,0
28309,3728,3,0
28310,5126,119,0
28311,5622,237,1
28312,2655,389,1
28313,3871,86,0
28314,7813,0,0
28315,5152,518,0
28316,11914,1045,1
28317,9951,64,0
28318,13209,32,0
28319,2603,111,0
28320,7275,149,1
28321,4320,40,1
28322,1971,35,1
28323,6647,219,1
28324,5094,95,0
28325,2030,189,1
28326,7783,374,0
28327,5235,460,0
28328,14334,196,0
28329,10143,1061,0
28330,2394,1021,1
28331,3750,25,0
28332,1634,959,1
28333,634,89,1
28334,4202,0,0
28335,5688,0,0
28336,1954,7,0
28337,3692,197,0
28338,2230,1803,0
28339,7061,204,0
28340,5566,908,0
28341,11729,237,0
28342,5268,18,0
28343,1209,1461,0
28344,6072,412,0
28345,2693,204,0
28346,8151,267,0
28347,8080,440,1
28348,341,67,1
28349,1421,797,1
28350,3489,2153,0
28351,12027,220,1
28352,3724,0,0
28353,13927,128,0
28354,937,260,1
28355,5300,286,1
28356,9890,37,0
28357,7129,223,0
28358,8026,119,0
28359,5891,170,1
28360,3765,126,1
28361,7606,103,1
28362,11973,148,1
28363,10677,170,1
28364,1300,451,0
28365,9253,562,0
28366,2363,99,1
28367,1924,33,1
28368,2887,26,1
28369,11069,642,1
28370,931,95,0
28371,13337,89,1
28372,3057,248,1
28373,12796,513,0
28374,10601,7,0
28375,4097,1371,1
28376,2537,52,0
28377,3583,0,0
28378,1959,330,0
28379,11334,297,0
28380,12822,136,1
28381,12074,40,1
28382,3324,169,0
28383,11812,348,1
28384,11761,8,1
28385,2269,67,1
28386,6099,77,0
28387,14631,77,0
28388,361,149,0
28389,398,103,1
28390,8307,3,0
28391,13885,31,1
28392,1372,401,1
28393,8347,868,0
28394,7028,40,1
28395,12090,750,1
28396,1326,576,0
28397,6772,254,0
28398,268,918,0
28399,13166,439,1
28400,9326,25,0
28401,55,2081,1
28402,1614,606,0
28403,2632,416,1
28404,5865,376,0
28405,8826,341,0
28406,12613,278,1
28407,684,357,1
28408,2886,870,1
28409,1929,818,0
28410,4005,16,1
28411,8166,1302,0
28412,4623,1142,0
28413,4685,41,0
28414,10367,407,0
28415,12398,132,0
28416,1254,243,1
28417,938,77,0
28418,4685,91,0
28419,1030,240,0
28420,5590,1695,0
28421,4200,214,0
28422,1871,1346,1
28423,2392,1408,1
28424,12493,381,0
28425,4914,866,0
28426,2406,593,1
28427,1037,1044,1
28428,3714,895,0
28429,1616,149,0
28430,4670,1148,0
28431,1215,489,0
28432,4313,197,0
28433,11606,149,0
28434,8045,220,0
28435,3083,431,1
28436,8192,797,1
28437,4340,103,1
28438,12333,534,1
28439,6112,55,1
28440,1095,844,0
28441,8825,39,1
28442,5396,189,1
28443,8687,137,0
28444,4599,242,1
28445,4319,226,1
28446,7860,149,0
28447,2729,35,1
28448,11401,18,0
28449,6859,106,1
28450,8975,100,1
28451,857,426,0
28452,7915,77,0
28453,4083,654,0
28454,4638,1482,0
28455,14051,17,0
28456,13529,77,0
28457,9874,485,0
28458,11052,49,0
28459,9031,102,0
28460,9124,246,0
28461,1315,200,0
28462,3323,189,1
28463,5249,52,0
28464,4410,1438,0
28465,6282,703,1
28466,9773,77,0
28467,9107,155,0
28468,1683,2130,1
28469,1885,77,0
28470,1330,17,0
28471,377,402,0
28472,8379,310,0
28473,6709,149,0
28474,5734,506,0
28475,566,457,0
28476,5770,158,1
28477,4232,26,1
28478,13090,577,1
28479,210,1076,1
28480,3324,51,1
28481,12929,220,1
28482,13268,39,1
28483,13387,343,0
28484,12723,165,1
28485,5377,1244,1
28486,11112,33,0
28487,3371,514,0
28488,10241,939,1
28489,12174,61,0
28490,3524,60,0
28491,13391,170,1
28492,3719,427,1
28493,1578,1558,0
28494,557,382,1
28495,4299,315,1
28496,3349,43,0
28497,3763,496,1
28498,6882,460,0
28499,1854,320,1
28500,6853,3,0
28501,2350,143,1
28502,8248,3,0
28503,12199,35,1
28504,9554,188,0
28505,2300,58,1
28506,10257,467,1
28507,8509,119,0
28508,5146,1209,0
28509,5445,189,1
28510,3896,176,1
28511,8315,437,0
28512,13704,797,1
28513,9066,41,0
28514,1304,204,0
28515,5080,210,1
28516,1242,689,0
28517,5493,193,1
28518,160,111,0
28519,943,2521,0
28520,8116,108,1
28521,2672,473,1
28522,12541,624,0
28523,3393,0,0
28524,9511,208,0
28525,3018,38,1
28526,3175,723,1
28527,9422,42,0
28528,6957,440,0
28529,536,41,0
28530,595,77,0
28531,6985,416,0
28532,1455,8,1
28533,1239,276,0
28534,10438,200,0
28535,1723,448,0
28536,12153,109,1
28537,3309,3,0
28538,3998,131,0
28539,1812,35,1
28540,5576,41,1
28541,2550,260,0
28542,943,1440,0
28543,4622,1680,0
28544,1389,74,1
28545,9598,91,0
28546,12129,206,0
28547,916,94,0
28548,6246,40,1
28549,12409,82,1
28550,1175,41,0
28551,1628,2127,0
28552,3379,256,1
28553,11789,67,1
28554,2253,32,1
28555,12412,67,1
28556,5378,383,1
28557,5332,210,0
28558,3031,102,0
28559,10214,149,1
28560,1380,3,0
28561,7486,1673,0
28562,5452,165,1
28563,5348,588,0
28564,314,1816,1
28565,9054,1145,0
28566,8444,47,1
28567,10485,19,1
28568,12304,730,0
28569,653,1816,1
28570,3414,1293,1
28571,3755,77,0
28572,4005,34,0
28573,2170,185,0
28574,717,109,1
28575,1865,100,1
28576,8793,1063,1
28577,13727,3,0
28578,11785,95,1
28579,7006,95,1
28580,1375,589,1
28581,3205,279,1
28582,1548,1009,0
28583,5086,267,0
28584,12028,428,1
28585,12829,409,1
28586,4529,141,1
28587,6054,7,0
28588,1706,101,0
28589,12520,195,0
28590,364,1520,1
28591,11138,256,0
28592,3215,149,0
28593,7587,364,1
28594,14337,403,1
28595,10672,3,0
28596,153,113,1
28597,3729,67,1
28598,7301,103,1
28599,6675,17,0
28600,13902,7,0
28601,13500,1030,1
28602,8972,0,0
28603,14161,73,1
28604,11899,1216,0
28605,12397,102,0
28606,11866,402,1
28607,11388,37,0
28608,429,122,1
28609,9642,83,1
28610,6038,52,0
28611,1314,220,0
28612,8255,77,0
28613,11318,653,1
28614,12730,100,1
28615,2274,31,1
28616,11163,100,1
28617,3531,0,0
28618,11676,33,1
28619,8615,34,1
28620,10110,264,1
28621,9521,48,0
28622,465,387,0
28623,3264,242,0
28624,11410,269,0
28625,9135,73,1
28626,14229,719,0
28627,3784,101,0
28628,10130,33,1
28629,4045,100,1
28630,255,21,0
28631,6443,41,1
28632,1261,49,1
28633,2785,16,0
28634,11336,52,0
28635,407,113,1
28636,4639,111,0
28637,1981,3,0
28638,5724,68,0
28639,14137,214,1
28640,9685,450,1
28641,10824,39,1
28642,2924,682,0
28643,4962,661,0
28644,255,509,1
28645,2086,3,0
28646,2925,211,1
28647,5913,875,0
28648,533,109,1
28649,7093,37,0
28650,3288,402,1
28651,268,1014,0
28652,6913,142,0
28653,12760,3,0
28654,13171,86,0
28655,7125,230,1
28656,254,66,0
28657,7020,989,1
28658,7977,129,0
28659,8003,230,1
28660,2219,176,1
28661,1271,52,0
28662,12736,40,1
28663,8346,67,1
28664,6847,997,0
28665,4017,17,0
28666,2964,906,0
28667,7380,1232,1
28668,1168,405,0
28669,5584,583,0
28670,10310,0,0
28671,14627,128,0
28672,12721,2173,1
28673,4927,67,1
28674,138,503,1
28675,2626,482,1
28676,12927,19,1
28677,9743,16,1
28678,12039,111,0
28679,3011,26,0
28680,3899,173,1
28681,10226,375,1
28682,10802,269,0
28683,14551,341,1
28684,13780,32,0
28685,13531,100,1
28686,2608,39,1
28687,10452,462,0
28688,3897,3,0
28689,7349,200,1
28690,13772,595,0
28691,14273,18,0
28692,4801,456,0
28693,11301,56,0
28694,10433,170,1
28695,9482,402,0
28696,73,235,1
28697,13217,1681,1
28698,14510,89,0
28699,5365,2127,0
28700,2140,285,1
28701,2389,48,0
28702,382,17,0
28703,2052,584,0
28704,10316,673,0
28705,305,663,0
28706,5470,91,1
28707,12929,49,0
28708,1035,115,0
28709,6710,42,0
28710,1977,745,0
28711,2682,1584,1
28712,10076,89,1
28713,6689,1046,1
28714,3838,1788,0
28715,6944,214,1
28716,4800,765,0
28717,10247,210,1
28718,5349,664,0
28719,13763,292,0
28720,3109,1636,1
28721,12879,187,1
28722,1175,100,1
28723,12744,83,1
28724,2013,242,1
28725,10010,163,1
28726,2332,328,1
28727,581,49,0
28728,10272,667,1
28729,7787,592,1
28730,6431,271,1
28731,3820,79,0
28732,13219,77,1
28733,2655,157,1
28734,13676,67,1
28735,5198,624,0
28736,14376,148,1
28737,4107,501,0
28738,4731,321,1
28739,6988,109,0
28740,5711,670,1
28741,1816,46,1
28742,302,622,0
28743,5197,97,1
28744,13679,40,1
28745,1830,41,0
28746,3313,48,0
28747,4911,435,1
28748,5184,155,0
28749,5601,128,1
28750,11175,0,0
28751,2189,198,0
28752,1634,446,0
28753,11913,877,0
28754,4687,32,0
28755,4572,588,1
28756,8689,48,0
28757,1322,41,0
28758,9324,311,0
28759,10365,100,1
28760,6862,200,0
28761,8504,343,0
28762,579,41,0
28763,11169,17,0
28764,2912,113,1
28765,10362,17,0
28766,4033,42,0
28767,6964,0,0
28768,863,1989,0
28769,7682,40,1
28770,8814,95,1
28771,1634,399,1
28772,7672,18,0
28773,7020,5,1
28774,9684,102,1
28775,3672,96,0
28776,9094,402,0
28777,7066,1536,0
28778,11793,86,0
28779,2312,375,1
28780,8654,196,0
28781,2121,346,1
28782,2111,376,1
28783,13474,557,0
28784,8721,58,1
28785,1959,2379,0
28786,1685,33,0
28787,7646,204,0
28788,2621,321,0
28789,1208,437,0
28790,1182,376,0
28791,8275,3,0
28792,13121,342,0
28793,3106,994,0
28794,7954,46,1
28795,11662,1397,0
28796,1870,1067,0
28797,5199,1,0
28798,810,440,1
28799,4202,17,0
28800,688,246,0
28801,1340,32,0
28802,14358,100,1
28803,1805,688,0
28804,8315,534,1
28805,7525,485,0
28806,4617,438,1
28807,3915,789,1
28808,2809,89,1
28809,3708,100,0
28810,13768,77,0
28811,1276,49,0
28812,8456,269,0
28813,10955,17,0
28814,9439,100,1
28815,6911,160,1
28816,7012,49,0
28817,1102,2250,0
28818,8760,111,0
28819,4769,859,1
28820,5421,260,0
28821,2550,243,1
28822,3022,1275,1
28823,577,172,0
28824,48,412,0
28825,4462,52,0
28826,1683,438,1
28827,8165,25,0
28828,212,904,0
28829,875,29,0
28830,4779,881,0
28831,3707,103,1
28832,1371,166,1
28833,6969,3,0
28834,2472,38,1
28835,4927,196,0
28836,1418,40,1
28837,999,193,1
28838,6695,108,0
28839,10817,39,1
28840,5320,89,0
28841,10053,220,1
28842,7673,142,1
28843,10525,49,0
28844,13214,198,0
28845,3223,2500,1
28846,1486,77,0
28847,2921,52,0
28848,8794,77,0
28849,10861,5,0
28850,2422,219,1
28851,2087,514,1
28852,3985,400,1
28853,1211,47,1
28854,49,113,0
28855,14005,916,0
28856,6897,160,1
28857,4147,48,0
28858,12086,131,0
28859,4681,22,0
28860,5721,204,0
28861,11402,343,0
28862,13542,86,0
28863,6221,52,0
28864,12369,320,1
28865,3347,77,0
28866,242,670,1
28867,8397,402,0
28868,2452,34,1
28869,1312,353,0
28870,256,52,0
28871,10321,39,1
28872,675,3,0
28873,8954,515,0
28874,7541,564,0
28875,1870,504,1
28876,14356,47,0
28877,2377,557,0
28878,4505,260,1
28879,4867,397,1
28880,798,880,0
28881,6446,48,0
28882,5065,1861,1
28883,11552,128,0
28884,1897,17,0
28885,3485,67,1
28886,806,410,0
28887,10115,7,0
28888,13677,280,0
28889,2745,861,0
28890,6363,56,0
28891,5313,1232,1
28892,575,883,1
28893,10140,978,0
28894,13646,169,1
28895,320,184,1
28896,7416,214,0
28897,4346,204,0
28898,3592,171,1
28899,4359,242,1
28900,11134,717,0
28901,5658,409,1
28902,9675,270,1
28903,1089,1136,0
28904,9555,495,0
28905,9982,214,1
28906,10913,37,0
28907,2545,402,0
28908,8526,16,1
28909,8318,18,0
28910,1520,789,1
28911,5598,1950,0
28912,14580,582,0
28913,4237,3,0
28914,4929,304,1
28915,765,100,1
28916,13169,126,1
28917,9031,170,1
28918,1328,0,0
28919,6887,171,1
28920,7995,83,1
28921,6941,1596,0
28922,11494,102,0
28923,5547,18,0
28924,2548,598,0
28925,3164,835,0
28926,7272,1023,0
28927,3656,100,0
28928,3405,1600,1
28929,10742,505,0
28930,9936,48,0
28931,8819,260,0
28932,13311,40,1
28933,6334,49,1
28934,1056,297,0
28935,6179,48,0
28936,5,51,1
28937,9150,155,0
28938,511,295,0
28939,13902,35,1
28940,10600,17,0
28941,463,715,1
28942,5210,193,1
28943,3926,76,0
28944,2785,34,0
28945,650,696,1
28946,9936,41,0
28947,1194,373,0
28948,2530,83,1
28949,5520,0,0
28950,1328,17,0
28951,8090,267,0
28952,6760,3,0
28953,1631,264,1
28954,782,82,1
28955,7693,82,1
28956,14036,405,1
28957,8254,35,1
28958,8459,39,1
28959,3367,388,0
28960,143,434,0
28961,1713,3,0
28962,5118,247,1
28963,1267,366,1
28964,7167,50,1
28965,3481,937,0
28966,7046,242,0
28967,11261,381,0
28968,13046,3,0
28969,12603,77,0
28970,1577,35,1
28971,12467,109,0
28972,10051,464,0
28973,437,926,0
28974,9693,447,1
28975,4081,77,0
28976,1718,770,0
28977,1886,631,1
28978,7707,3,0
28979,6113,52,0
28980,4160,1024,0
28981,5387,18,0
28982,13227,478,1
28983,3958,517,0
28984,7054,472,1
28985,14005,1442,1
28986,5151,34,1
28987,7326,228,1
28988,14545,67,1
28989,1676,1086,1
28990,88,964,1
28991,329,798,1
28992,8291,115,0
28993,6388,3,0
28994,14135,3,0
28995,10513,274,0
28996,4698,134,1
28997,1712,52,0
28998,1317,779,1
28999,7753,725,0
29000,2580,16,0
29001,6841,3,0
29002,5574,2265,0
29003,8405,220,1
29004,5389,142,0
29005,201,26,1
29006,460,91,1
29007,7229,135,1
29008,8332,234,0
29009,9246,1246,1
29010,3123,836,1
29011,3778,91,0
29012,748,750,1
29013,5211,129,0
29014,11872,52,0
29015,12531,182,0
29016,3314,223,0
29017,4937,417,0
29018,5112,18,0
29019,12850,269,1
29020,10249,165,1
29021,8044,3,0
29022,3790,77,0
29023,49,1481,0
29024,3287,7,0
29025,4402,42,0
29026,9648,798,1
29027,76,46,1
29028,943,448,0
29029,4817,46,1
29030,863,257,0
29031,1015,143,1
29032,4042,785,0
29033,1282,7,1
29034,7120,97,1
29035,14368,100,0
29036,6802,926,1
29037,10479,1850,0
29038,268,1,0
29039,5037,35,1
29040,7881,39,1
29041,49,5,0
29042,5988,457,0
29043,6977,82,1
29044,2985,196,0
29045,11059,17,0
29046,659,2449,1
29047,9734,686,1
29048,5294,349,1
29049,1449,1709,1
29050,5973,242,1
29051,215,1158,0
29052,6624,171,0
29053,178,2077,1
29054,3964,32,0
29055,7440,7,0
29056,1395,3,0
29057,4943,1536,1
29058,6838,47,1
29059,2820,166,1
29060,12748,300,1
29061,3748,1264,1
29062,13114,269,1
29063,13452,33,1
29064,11194,750,0
29065,4587,364,1
29066,6522,447,0
29067,12475,97,1
29068,7781,109,1
29069,1946,615,0
29070,11390,18,0
29071,9561,77,0
29072,1659,3,0
29073,6773,74,0
29074,1975,535,0
29075,11840,126,1
29076,9732,457,0
29077,107,1135,1
29078,13705,18,0
29079,12343,220,1
29080,12807,55,0
29081,2416,546,1
29082,7262,853,0
29083,10961,687,1
29084,6257,159,0
29085,733,49,1
29086,122,38,1
29087,12363,648,0
29088,8323,230,1
29089,6612,52,0
29090,8314,260,1
29091,6365,382,1
29092,6920,278,1
29093,180,19,1
29094,7138,49,0
29095,11229,32,0
29096,10195,169,1
29097,11431,519,1
29098,2783,216,0
29099,6792,991,1
29100,8681,18,0
29101,7035,547,0
29102,5821,35,1
29103,2460,95,1
29104,10446,932,1
29105,8337,91,1
29106,2165,246,0
29107,4137,196,0
29108,4498,439,1
29109,14505,56,0
29110,2089,230,1
29111,7376,3,0
29112,2882,377,0
29113,2428,322,0
29114,14234,89,1
29115,14290,26,1
29116,8389,709,1
29117,156,964,1
29118,10718,1625,0
29119,2164,40,1
29120,11492,246,0
29121,13408,77,0
29122,14234,77,0
29123,1074,563,1
29124,8004,424,1
29125,8327,77,0
29126,4979,681,0
29127,10585,1800,0
29128,14407,95,1
29129,9803,818,0
29130,12063,74,0
29131,975,142,0
29132,11180,52,0
29133,4734,412,0
29134,12216,264,1
29135,11168,242,0
29136,13106,17,0
29137,3467,77,0
29138,2558,662,0
29139,10189,189,1
29140,10412,593,0
29141,6798,0,0
29142,1018,1135,1
29143,1394,262,1
29144,6046,34,0
29145,2120,134,1
29146,10328,17,0
29147,6803,514,0
29148,3359,37,0
29149,8709,111,0
29150,12837,1106,1
29151,12349,163,1
29152,9688,818,0
29153,10331,7,0
29154,11970,77,0
29155,4050,833,1
29156,315,3,0
29157,5074,288,1
29158,8510,343,1
29159,14636,67,1
29160,8670,1899,1
29161,8901,18,0
29162,7376,197,0
29163,12078,1335,1
29164,10336,49,1
29165,10990,151,1
29166,1522,618,1
29167,3059,128,0
29168,8221,58,1
29169,14084,42,0
29170,1037,509,0
29171,6825,18,0
29172,9893,67,1
29173,37,35,1
29174,3650,41,0
29175,1102,994,0
29176,36,438,1
29177,2975,48,0
29178,3654,37,0
29179,4779,1298,0
29180,1981,77,1
29181,10492,77,0
29182,240,102,0
29183,13952,67,1
29184,3699,198,0
29185,4554,200,1
29186,5288,276,1
29187,4545,66,0
29188,3243,223,0
29189,718,817,0
29190,206,0,0
29191,12874,653,0
29192,7804,3,0
29193,8637,412,0
29194,589,405,0
29195,8180,17,0
29196,1718,17,0
29197,9932,35,1
29198,11892,3,0
29199,3170,428,0
29200,3255,3,0
29201,2612,8,1
29202,12279,91,0
29203,958,247,1
29204,14189,1555,0
29205,7649,17,0
29206,931,569,0
29207,6659,1890,1
29208,2245,2096,0
29209,5939,37,0
29210,9131,135,1
29211,3817,297,0
29212,1836,56,0
29213,5244,3,0
29214,12645,91,0
29215,10561,119,0
29216,12561,104,1
29217,1321,79,1
29218,356,542,0
29219,13009,67,1
29220,20,129,1
29221,14032,2353,0
29222,1000,3,0
29223,107,1851,1
29224,9730,262,1
29225,11303,279,1
29226,6894,187,1
29227,4849,247,1
29228,1549,17,0
29229,2313,1663,1
29230,13301,204,0
29231,2426,805,1
29232,12003,228,1
29233,7886,292,0
29234,14001,48,0
29235,14074,46,1
29236,3569,155,1
29237,6064,33,0
29238,3350,33,1
29239,7660,18,0
29240,12085,7,0
29241,14075,1138,1
29242,2838,128,0
29243,111,558,0
29244,6117,0,0
29245,9207,277,1
29246,242,435,1
29247,1052,485,0
29248,2898,3,0
29249,5373,195,0
29250,7794,74,1
29251,1477,424,1
29252,498,994,1
29253,1344,41,0
29254,4012,108,0
29255,880,1219,0
29256,2255,724,0
29257,4977,681,0
29258,4436,200,0
29259,711,371,1
29260,7042,242,1
29261,8269,3,0
29262,3317,549,1
29263,6995,402,0
29264,2378,1166,1
29265,8539,243,1
29266,930,72,1
29267,13811,106,1
29268,1361,61,0
29269,1432,485,0
29270,8773,200,0
29271,2063,0,0
29272,4046,55,1
29273,2252,18,0
29274,1384,809,1
29275,5466,374,0
29276,3063,260,0
29277,82,55,1
29278,436,264,1
29279,3624,17,0
29280,9092,48,0
29281,13514,237,1
29282,1695,1936,0
29283,14139,40,1
29284,5179,160,1
29285,6879,344,0
29286,10871,1206,0
29287,5051,0,0
29288,576,166,1
29289,1870,767,0
29290,1090,1579,0
29291,4452,196,0
29292,3375,91,0
29293,4546,318,0
29294,129,100,1
29295,6665,17,0
29296,1000,48,0
29297,266,184,1
29298,13214,369,1
29299,2844,32,0
29300,3002,146,0
29301,6668,947,1
29302,4080,260,0
29303,2353,372,0
29304,1093,242,0
29305,3107,155,0
29306,5470,326,0
29307,7663,557,0
29308,5590,1092,0
29309,3669,692,0
29310,6587,880,0
29311,12987,195,0
29312,1744,672,0
29313,1057,486,0
29314,1661,2522,0
29315,10146,418,0
29316,7292,115,0
29317,3650,724,0
29318,615,336,1
29319,12883,74,0
29320,7212,520,1
29321,13129,61,1
29322,13116,193,1
29323,9484,223,0
29324,6275,217,1
29325,6651,223,0
29326,8999,155,0
29327,7925,276,0
29328,1760,91,1
29329,3551,39,1
29330,13440,622,0
29331,23,74,1
29332,12104,3,0
29333,8074,1569,0
29334,13987,56,0
29335,4936,813,1
29336,10014,954,1
29337,5645,62,0
29338,14105,750,1
29339,4812,29,0
29340,10629,112,1
29341,1719,264,1
29342,4755,1999,1
29343,4287,389,1
29344,13725,106,1
29345,935,709,0
29346,10766,102,0
29347,14022,433,1
29348,7492,2056,1
29349,1652,111,0
29350,8344,77,0
29351,8784,52,0
29352,773,67,1
29353,10228,248,1
29354,6513,495,0
29355,2145,1762,0
29356,991,483,1
29357,11211,102,0
29358,9798,3,0
29359,13884,77,0
29360,10832,35,1
29361,8284,924,1
29362,2667,438,1
29363,7425,1500,0
29364,7627,374,0
29365,14309,953,1
29366,861,111,0
29367,7594,463,0
29368,5838,256,0
29369,14408,995,0
29370,11953,996,0
29371,10912,235,0
29372,6060,2572,1
29373,2629,100,1
29374,4985,39,1
29375,12062,575,0
29376,5624,60,0
29377,9319,18,0
29378,9381,67,1
29379,943,7,0
29380,2461,129,1
29381,7276,142,1
29382,6048,222,0
29383,2738,441,1
29384,2362,40,0
29385,9890,100,1
29386,13321,48,0
29387,14172,438,0
29388,3051,833,1
29389,3107,9,1
29390,7314,262,1
29391,11326,991,0
29392,8691,172,0
29393,7646,100,1
29394,1905,732,1
29395,9165,483,0
29396,7618,18,0
29397,1615,461,0
29398,5068,501,0
29399,3080,687,1
29400,14173,77,0
29401,1510,35,1
29402,1726,91,1
29403,3824,407,0
29404,5097,49,1
29405,4364,40,1
29406,1770,287,0
29407,6053,77,0
29408,3391,256,0
29409,156,242,1
29410,11824,194,1
29411,310,77,0
29412,2524,267,0
29413,5477,204,0
29414,1675,0,0
29415,1146,3,1
29416,13983,307,1
29417,5349,310,0
29418,6067,1327,0
29419,9674,83,1
29420,3071,137,0
29421,6420,1739,0
29422,13211,35,1
29423,4996,441,1
29424,2333,431,1
29425,48,440,0
29426,7633,160,1
29427,13905,83,1
29428,9,116,1
29429,8955,1063,1
29430,11103,2257,1
29431,2214,52,0
29432,1722,514,0
29433,5333,1631,0
29434,14457,1415,1
29435,12224,77,0
29436,6868,895,0
29437,7341,645,0
29438,630,426,1
29439,13151,447,1
29440,2065,17,0
29441,2608,7,0
29442,11036,3,0
29443,6905,195,1
29444,1477,0,0
29445,4382,41,0
29446,2927,612,1
29447,11690,237,1
29448,1940,33,0
29449,5091,171,0
29450,6773,709,1
29451,13,2218,1
29452,4359,187,1
29453,6518,256,0
29454,10556,665,0
29455,2119,376,0
29456,3073,17,0
29457,6102,457,0
29458,1384,77,0
29459,10847,109,1
29460,4043,2211,0
29461,6865,86,0
29462,1253,18,0
29463,4055,77,0
29464,11336,978,1
29465,5779,68,0
29466,258,17,0
29467,12439,104,1
29468,3713,0,0
29469,975,69,0
29470,7878,106,1
29471,7733,242,1
29472,9891,86,0
29473,12176,237,1
29474,1613,634,0
29475,6998,577,1
29476,618,404,1
29477,1675,25,0
29478,3644,467,0
29479,6621,34,1
29480,627,828,0
29481,6259,4,0
29482,1764,675,0
29483,3587,288,0
29484,8429,100,1
29485,2984,91,0
29486,5275,693,0
29487,3611,714,0
29488,766,2483,1
29489,81,243,1
29490,6742,100,1
29491,5369,404,0
29492,8030,1597,1
29493,6559,405,1
29494,7182,77,0
29495,11212,460,0
29496,4992,128,1
29497,11699,41,0
29498,7653,137,0
29499,1573,165,1
29500,6556,37,0
29501,2777,75,0
29502,3153,0,0
29503,930,418,0
29504,921,0,0
29505,6587,658,0
29506,3081,924,1
29507,8727,126,1
29508,4000,66,0
29509,5314,3,0
29510,10506,52,0
29511,10132,438,1
29512,8381,103,1
29513,9464,0,0
29514,957,34,0
29515,6930,48,0
29516,1247,1351,0
29517,1137,351,0
29518,13913,267,0
29519,8872,18,0
29520,4592,17,0
29521,10479,2007,0
29522,3737,40,1
29523,6542,83,1
29524,354,692,0
29525,10178,86,0
29526,4427,67,1
29527,9391,165,1
29528,207,35,1
29529,667,31,1
29530,9903,122,1
29531,1568,101,0
29532,5398,176,1
29533,11148,220,1
29534,488,37,0
29535,1482,204,0
29536,6297,76,0
29537,4316,40,1
29538,8705,48,0
29539,9329,187,1
29540,5904,109,1
29541,952,453,0
29542,7335,343,1
29543,3560,24,0
29544,12096,211,1
29545,9473,52,0
29546,14371,114,1
29547,2272,111,0
29548,6832,50,1
29549,1469,54,0
29550,4168,264,1
29551,1717,204,0
29552,3331,77,0
29553,3901,77,0
29554,12171,254,0
29555,4357,50,1
29556,267,259,0
29557,255,1044,1
29558,6084,18,0
29559,4813,1162,0
29560,9306,440,1
29561,13530,101,0
29562,3908,204,0
29563,2425,26,0
29564,2859,269,1
29565,14010,134,1
29566,3406,41,1
29567,11447,17,0
29568,8770,128,0
29569,11360,187,0
29570,1959,1592,0
29571,2707,7,0
29572,7074,32,0
29573,2927,2145,1
29574,6929,181,0
29575,6077,77,1
29576,9126,142,1
29577,360,1422,0
29578,2028,32,0
29579,1898,223,0
29580,4750,460,1
29581,10560,69,1
29582,13380,278,1
29583,6564,171,0
29584,3693,34,1
29585,2050,91,1
29586,6163,3,0
29587,14439,220,1
29588,742,382,1
29589,5477,140,0
29590,8447,944,1
29591,223,156,0
29592,13724,440,1
29593,10449,7,0
29594,4898,204,0
29595,3934,16,1
29596,13343,908,0
29597,8419,39,1
29598,12225,82,1
29599,1816,77,0
29600,2686,737,1
29601,581,826,0
29602,13138,501,0
29603,4487,8,1
29604,6435,33,1
29605,8560,2418,0
29606,8962,39,1
29607,11087,49,1
29608,2590,1905,1
29609,9511,473,0
29610,880,844,0
29611,2872,33,1
29612,10212,50,1
29613,3468,67,1
29614,508,294,0
29615,1085,266,0
29616,857,111,0
29617,291,817,0
29618,10553,1862,1
29619,3730,1742,1
29620,12325,452,0
29621,7460,18,0
29622,10481,15,1
29623,1736,272,1
29624,7976,654,0
29625,12780,102,0
29626,1862,159,0
29627,3993,518,0
29628,387,522,0
29629,2951,17,0
29630,10404,86,1
29631,1203,48,1
29632,3223,331,0
29633,7449,220,1
29634,11809,42,0
29635,2932,440,0
29636,3523,758,0
29637,10137,48,0
29638,4103,67,1
29639,79,51,0
29640,2514,0,0
29641,12086,115,0
29642,2472,329,0
29643,2840,557,1
29644,2146,52,0
29645,553,147,1
29646,12548,49,1
29647,5966,3,0
29648,3719,135,1
29649,2685,94,0
29650,8774,67,1
29651,4598,589,0
29652,13318,0,0
29653,1706,27,0
29654,12477,166,1
29655,9974,296,1
29656,5711,220,1
29657,7892,361,0
29658,9522,368,0
29659,13548,18,0
29660,4806,613,1
29661,11758,200,0
29662,8957,546,1
29663,6776,39,1
29664,4301,254,0
29665,3345,77,0
29666,11246,26,1
29667,11847,3,0
29668,9313,220,0
29669,1773,679,1
29670,8316,262,1
29671,7,608,0
29672,12784,77,0
29673,3433,345,0
29674,1152,2597,0
29675,433,1111,1
29676,960,1427,1
29677,3207,69,0
29678,4685,1335,0
29679,14571,654,1
29680,3392,100,1
29681,9423,1431,1
29682,5389,804,1
29683,13149,1796,0
29684,2627,17,0
29685,3754,1354,1
29686,6,1371,0
29687,5607,18,0
29688,992,94,0
29689,10564,595,0
29690,2036,200,0
29691,10753,225,1
29692,348,242,0
29693,2461,181,0
29694,4062,2123,0
29695,7001,908,0
29696,9903,788,1
29697,14623,67,1
29698,8656,41,0
29699,4994,116,1
29700,20,19,1
29701,4404,374,0
29702,5401,220,1
29703,4600,0,0
29704,8316,137,0
29705,3542,1413,0
29706,1509,242,0
29707,2556,3,0
29708,1364,95,1
29709,561,517,0
29710,1889,41,0
29711,2851,243,1
29712,4737,260,0
29713,889,220,0
29714,8375,514,1
29715,10521,94,1
29716,1417,2366,0
29717,9062,18,0
29718,13249,125,1
29719,10473,44,0
29720,267,197,0
29721,1377,72,1
29722,5566,232,0
29723,14205,100,1
29724,11294,18,0
29725,2206,67,1
29726,9011,344,0
29727,903,48,0
29728,1516,329,1
29729,1657,348,0
29730,5587,1477,0
29731,13979,18,0
29732,8683,42,0
29733,689,141,0
29734,3087,675,1
29735,49,35,0
29736,4789,52,0
29737,13627,35,1
29738,4424,43,1
29739,69,745,0
29740,8915,52,0
29741,7965,37,0
29742,2487,49,0
29743,4108,77,0
29744,11621,3,0
29745,419,256,0
29746,3381,77,0
29747,505,43,0
29748,12606,67,1
29749,9903,77,0
29750,11877,93,1
29751,12782,129,1
29752,7787,438,0
29753,10405,483,0
29754,1457,440,1
29755,4252,102,0
29756,5402,113,1
29757,13479,67,1
29758,6756,13,0
29759,9776,1765,1
29760,6984,60,0
29761,10087,344,1
29762,846,418,0
29763,3286,223,0
29764,11931,169,0
29765,10968,3,0
29766,11107,97,1
29767,714,129,1
29768,11248,345,0
29769,921,17,0
29770,10595,577,1
29771,623,536,0
29772,6168,67,1
29773,931,405,1
29774,10720,330,0
29775,6030,915,0
29776,6006,40,1
29777,8618,9,1
29778,9235,18,0
29779,273,922,0
29780,931,220,1
29781,4414,440,1
29782,2261,3,0
29783,590,49,0
29784,4137,1070,0
29785,6680,739,1
29786,9246,273,1
29787,12551,294,1
29788,12982,155,1
29789,6200,16,0
29790,13585,18,0
29791,8179,18,0
29792,11296,165,1
29793,847,402,0
29794,844,1441,1
29795,14486,402,1
29796,53,106,1
29797,5628,160,1
29798,3386,49,0
29799,6654,94,0
29800,1975,1149,0
29801,8960,2552,0
29802,4951,246,0
29803,5987,68,0
29804,6803,220,1
29805,4083,1272,0
29806,659,1618,1
29807,8993,997,0
29808,8653,196,0
29809,13597,100,1
29810,4407,3,0
29811,10650,67,1
29812,7740,52,0
29813,6705,242,0
29814,11454,126,1
29815,1244,133,0
29816,5393,48,0
29817,10861,187,1
29818,14288,343,1
29819,11290,27,0
29820,10961,1320,1
29821,6239,18,0
29822,5240,7,0
29823,4445,73,1
29824,1147,330,0
29825,2824,25,0
29826,9780,103,1
29827,7607,1072,0
29828,9274,248,1
29829,1102,440,0
29830,9268,743,0
29831,570,321,1
29832,2721,67,1
29833,14310,18,0
29834,13535,42,0
29835,2120,103,1
29836,8276,8,1
29837,8853,67,1
29838,1469,608,0
29839,1552,626,0
29840,5822,93,1
29841,4395,0,0
29842,1778,397,1
29843,12790,148,1
29844,5464,23,0
29845,4613,1011,1
29846,12518,292,0
29847,4745,19,1
29848,11674,954,1
29849,4873,122,1
29850,429,535,0
29851,9772,56,0
29852,6114,60,0
29853,13985,100,0
29854,1644,109,0
29855,49,220,1
29856,3792,764,0
29857,4163,74,0
29858,7344,1557,1
29859,2272,1903,0
29860,2177,3,0
29861,8530,42,0
29862,7665,401,1
29863,5911,1413,0
29864,5640,549,0
29865,9056,818,0
29866,2859,51,1
29867,4190,1483,1
29868,10941,473,1
29869,8174,2369,0
29870,606,33,0
29871,5753,40,1
29872,11499,399,0
29873,5723,67,1
29874,4826,126,1
29875,707,3,0
29876,5856,115,0
29877,4835,129,0
29878,11097,188,0
29879,13362,0,0
29880,2285,32,0
29881,12482,2092,0
29882,2320,91,0
29883,12140,1011,1
29884,8837,100,1
29885,14090,2127,1
29886,4944,329,1
29887,10165,40,1
29888,9,252,1
29889,564,129,0
29890,9429,1094,1
29891,7337,102,0
29892,9551,365,0
29893,1428,269,1
29894,429,208,0
29895,8109,95,1
29896,6195,551,1
29897,11777,121,1
29898,944,195,0
29899,12714,343,1
29900,5104,37,0
29901,6628,620,1
29902,5257,35,1
29903,7306,17,0
29904,6549,818,0
29905,3048,440,1
29906,14111,4,0
29907,3901,17,0
29908,10772,40,1
29909,587,376,0
29910,13652,274,0
29911,11746,200,0
29912,10041,126,1
29913,1716,628,1
29914,839,318,0
29915,7832,19,1
29916,3484,140,1
29917,7375,435,1
29918,5385,128,0
29919,2246,223,0
29920,13122,86,1
29921,9860,709,1
29922,11676,49,1
29923,12609,18,0
29924,3236,40,0
29925,6672,0,0
29926,2907,34,0
29927,587,129,1
29928,7048,1350,0
29929,10929,39,1
29930,5926,405,0
29931,14225,18,0
29932,11265,82,1
29933,370,236,1
29934,5,64,0
29935,1089,526,0
29936,3783,311,1
29937,1547,487,0
29938,271,724,0
29939,1817,95,0
29940,11684,168,1
29941,11473,60,0
29942,8860,420,1
29943,6777,198,0
29944,12187,256,1
29945,1917,1198,0
29946,2717,91,0
29947,13421,1317,0
29948,1182,836,0
29949,14458,1061,0
29950,13446,82,1
29951,5104,100,1
29952,13013,64,1
29953,2892,160,0
29954,2767,836,1
29955,3827,1021,0
29956,3750,537,0
29957,13497,67,1
29958,9499,1050,0
29959,11155,918,0
29960,1265,373,0
29961,1287,758,1
29962,2166,50,1
29963,10624,73,0
29964,1816,17,0
29965,3238,3,0
29966,8080,709,0
29967,6233,7,0
29968,6477,100,1
29969,9945,67,1
29970,4410,2309,0
29971,6037,37,0
29972,8811,7,0
29973,1762,376,0
29974,5087,3,0
29975,684,2086,1
29976,8594,495,1
29977,6395,514,0
29978,9311,741,1
29979,13963,195,0
29980,7235,204,0
29981,6591,1080,1
29982,1054,189,1
29983,14048,47,1
29984,12549,464,0
29985,937,243,1
29986,3496,204,0
29987,900,1114,0
29988,3264,113,0
29989,302,223,0
29990,7787,288,1
29991,387,1751,0
29992,7115,37,0
29993,845,204,0
29994,2452,118,0
29995,10653,134,1
29996,4570,41,0
29997,1723,242,1
29998,3724,77,0
29999,10704,91,0
30000,1499,485,0
30001,8812,557,0
30002,4795,204,0
30003,984,25,0
30004,6918,90,0
30005,6793,770,1
30006,1021,575,0
30007,12799,195,0
30008,3130,35,1
30009,10658,35,0
30010,1466,90,0
30011,1480,0,0
30012,6279,512,1
30013,10521,256,0
30014,2233,95,1
30015,2357,107,1
30016,13475,35,1
30017,10582,171,1
30018,3495,983,0
30019,2856,297,0
30020,10180,440,1
30021,5475,412,0
30022,4126,750,1
30023,2253,843,0
30024,4046,231,0
30025,13024,67,1
30026,9101,762,0
30027,11875,344,0
30028,1568,160,1
30029,11480,797,1
30030,3508,204,0
30031,4961,40,1
30032,2930,833,1
30033,6284,77,0
30034,11262,8,1
30035,1155,254,0
30036,205,474,1
30037,7896,26,0
30038,352,26,1
30039,13087,17,0
30040,7605,103,0
30041,2765,77,0
30042,13593,83,1
30043,12732,91,1
30044,1102,185,0
30045,8582,749,0
30046,9525,1112,1
30047,10124,1987,0
30048,4277,659,1
30049,3218,23,0
30050,3413,219,1
30051,239,169,0
30052,13049,206,0
30053,480,7,1
30054,6399,13,0
30055,2746,233,1
30056,3449,39,0
30057,12244,37,1
30058,1805,1458,1
30059,1524,42,0
30060,11622,264,1
30061,3198,41,0
30062,12126,77,0
30063,6483,18,0
30064,9134,1738,0
30065,10328,3,0
30066,5275,1227,0
30067,9959,171,1
30068,11716,501,0
30069,2831,23,0
30070,3770,44,0
30071,2983,266,0
30072,9535,462,0
30073,2565,1312,0
30074,934,631,0
30075,4798,18,0
30076,658,809,0
30077,9750,219,1
30078,2319,744,1
30079,943,352,0
30080,9114,818,0
30081,11495,18,0
30082,5913,305,1
30083,11298,176,1
30084,2213,111,0
30085,10431,40,1
30086,2274,1768,0
30087,11877,248,1
30088,4068,7,0
30089,8678,208,0
30090,2700,67,0
30091,242,841,1
30092,1863,37,1
30093,3329,397,1
30094,776,82,1
30095,8096,35,1
30096,924,77,0
30097,3229,41,0
30098,1330,41,0
30099,1875,267,0
30100,8839,224,0
30101,13487,67,1
30102,6392,11,0
30103,2112,109,1
30104,13945,128,0
30105,3958,0,0
30106,2002,77,0
30107,3751,418,0
30108,1821,286,0
30109,12583,3,0
30110,9172,35,1
30111,8576,129,0
30112,14274,82,1
30113,9229,18,0
30114,6939,431,1
30115,5537,637,1
30116,8689,3,0
30117,14153,333,0
30118,3853,15,1
30119,13216,95,0
30120,12951,928,0
30121,2176,489,0
30122,10487,267,0
30123,4026,50,1
30124,4467,483,0
30125,686,147,1
30126,3152,859,1
30127,197,48,0
30128,3751,17,0
30129,475,2022,0
30130,14513,64,1
30131,4797,109,1
30132,3653,829,1
30133,3290,18,0
30134,5762,120,0
30135,11434,167,1
30136,4184,155,1
30137,3828,40,1
30138,1265,1456,0
30139,7217,38,1
30140,3362,77,0
30141,13262,292,0
30142,1027,588,0
30143,13597,204,0
30144,6059,17,0
30145,2805,897,1
30146,12175,48,0
30147,907,48,0
30148,8072,831,1
30149,7605,1460,1
30150,178,17,0
30151,12992,101,0
30152,10286,228,1
30153,3845,460,0
30154,2172,274,0
30155,577,49,0
30156,3958,48,0
30157,4162,82,1
30158,13942,169,1
30159,4010,914,1
30160,5328,91,1
30161,5856,131,0
30162,7015,5,0
30163,2840,428,0
30164,6779,101,0
30165,8643,261,0
30166,7752,604,1
30167,7224,235,0
30168,11341,1296,0
30169,2338,3,0
30170,11204,13,0
30171,194,515,0
30172,377,2103,0
30173,6678,100,1
30174,9131,427,1
30175,12964,149,0
30176,1050,3,0
30177,1861,5,0
30178,10363,204,0
30179,11366,957,0
30180,2237,73,1
30181,2965,907,0
30182,7766,21,1
30183,13709,128,0
30184,3979,18,0
30185,9768,1762,0
30186,7969,35,0
30187,7006,77,0
30188,12958,320,0
30189,6595,17,0
30190,6648,155,0
30191,5462,256,1
30192,12353,3,0
30193,12873,1135,0
30194,36,86,0
30195,6926,834,1
30196,9038,100,1
30197,3252,563,1
30198,2089,94,0
30199,3832,77,0
30200,9479,284,1
30201,6605,88,0
30202,8139,0,0
30203,2847,77,1
30204,4977,128,1
30205,597,195,0
30206,8136,8,1
30207,1148,17,0
30208,5997,100,1
30209,7230,440,0
30210,4106,305,1
30211,2947,547,0
30212,5937,17,0
30213,13949,148,1
30214,3939,25,0
30215,7222,148,1
30216,2441,3,0
30217,11122,699,0
30218,11905,739,1
30219,6496,604,1
30220,11902,67,1
30221,11995,52,0
30222,7562,267,0
30223,943,279,0
30224,212,49,0
30225,5248,204,0
30226,11707,549,0
30227,2577,109,0
30228,8274,50,1
30229,11385,469,0
30230,2311,533,1
30231,2470,35,1
30232,1859,399,1
30233,8345,39,1
30234,5009,427,1
30235,13974,7,0
30236,3630,89,1
30237,9405,1063,1
30238,13159,771,0
30239,5780,77,0
30240,2924,1466,1
30241,1699,17,0
30242,13454,100,1
30243,13839,3,0
30244,2370,788,1
30245,4027,142,0
30246,4907,3,0
30247,846,88,1
30248,8700,7,0
30249,7953,546,1
30250,12,771,1
30251,10653,103,1
30252,49,1807,0
30253,2315,3,0
30254,6281,178,0
30255,382,41,0
30256,1422,426,0
30257,134,102,0
30258,3833,376,1
30259,2644,96,0
30260,1777,17,0
30261,13464,1332,0
30262,11326,404,0
30263,13796,67,1
30264,5966,200,1
30265,13381,61,1
30266,14067,169,1
30267,10449,39,1
30268,14319,613,1
30269,5339,23,0
30270,7994,34,1
30271,11065,18,0
30272,11767,7,0
30273,1191,41,0
30274,7558,41,0
30275,9092,17,0
30276,10676,307,1
30277,4049,300,1
30278,1849,473,1
30279,2456,39,0
30280,22,171,0
30281,10757,1103,0
30282,13403,200,0
30283,11120,271,1
30284,10141,210,1
30285,3970,148,1
30286,13741,67,1
30287,7045,243,1
30288,13603,79,0
30289,5691,34,1
30290,292,1413,0
30291,6172,284,1
30292,5124,77,0
30293,11023,2460,1
30294,7333,272,1
30295,6723,1493,0
30296,1405,806,1
30297,13821,228,0
30298,1137,404,1
30299,4986,37,0
30300,732,173,1
30301,8975,204,0
30302,14079,18,0
30303,685,952,0
30304,9560,100,1
30305,8854,204,0
30306,9386,77,0
30307,4820,692,1
30308,9446,888,0
30309,2583,89,0
30310,4479,52,0
30311,472,964,1
30312,1787,514,0
30313,797,17,0
30314,11027,37,0
30315,4373,86,0
30316,803,7,1
30317,6173,148,1
30318,12990,35,1
30319,11731,169,1
30320,2474,382,1
30321,2724,17,0
30322,7213,1023,1
30323,6109,405,1
30324,6028,113,0
30325,6795,908,0
30326,1648,662,0
30327,3002,22,0
30328,3897,2459,0
30329,60,54,0
30330,9928,18,0
30331,11529,35,1
30332,12267,1011,1
30333,2121,2056,1
30334,1503,446,0
30335,9566,200,1
30336,4551,100,0
30337,9051,47,1
30338,9482,43,0
30339,49,2253,0
30340,3042,41,0
30341,11006,670,1
30342,2012,1553,0
30343,1244,1942,0
30344,4911,321,1
30345,4258,248,1
30346,8788,604,1
30347,4145,32,0
30348,14641,243,1
30349,12808,39,1
30350,3713,17,0
30351,8950,382,0
30352,595,64,1
30353,3264,1260,0
30354,10022,521,1
30355,4202,97,1
30356,237,40,0
30357,8014,537,0
30358,14446,37,0
30359,12317,42,0
30360,3222,438,0
30361,9794,416,0
30362,9198,401,1
30363,7959,3,0
30364,3633,110,1
30365,5783,17,0
30366,12369,242,1
30367,377,1256,0
30368,10422,6,1
30369,785,1413,0
30370,4129,101,0
30371,6973,225,1
30372,6020,1442,0
30373,79,26,1
30374,14049,148,1
30375,14009,100,1
30376,6110,40,1
30377,7914,0,0
30378,6248,37,0
30379,742,1543,0
30380,8030,991,0
30381,11354,7,0
30382,5065,80,1
30383,4678,348,0
30384,7464,3,0
30385,5978,627,0
30386,10830,128,0
30387,3333,7,0
30388,1628,1,0
30389,5939,2366,0
30390,2482,83,1
30391,20,1731,0
30392,10958,100,0
30393,1695,228,0
30394,9755,94,0
30395,8269,0,0
30396,4136,189,1
30397,224,3,0
30398,7965,100,1
30399,5677,67,0
30400,4021,126,1
30401,7243,122,0
30402,10162,231,0
30403,1291,365,0
30404,6303,1431,1
30405,7603,39,1
30406,12993,100,1
30407,1386,374,0
30408,4562,109,0
30409,7360,101,0
30410,11392,1272,1
30411,827,17,0
30412,12262,219,1
30413,2098,48,0
30414,869,178,1
30415,8257,57,1
30416,7671,558,0
30417,2594,392,0
30418,2010,77,0
30419,10072,52,0
30420,7085,7,0
30421,5751,209,0
30422,2519,19,1
30423,10155,551,1
30424,7144,17,0
30425,8127,82,1
30426,13280,68,0
30427,11856,187,0
30428,9222,77,0
30429,386,244,0
30430,4878,129,1
30431,13958,887,1
30432,4307,617,0
30433,12243,67,1
30434,9120,169,0
30435,546,48,0
30436,6387,1163,0
30437,1400,627,1
30438,5240,35,1
30439,6695,59,0
30440,11187,2257,1
30441,13333,595,0
30442,14515,148,1
30443,13657,232,1
30444,9036,19,1
30445,6389,48,0
30446,9111,857,1
30447,1628,77,0
30448,856,809,1
30449,8009,94,0
30450,11457,260,1
30451,12480,182,0
30452,4534,137,0
30453,2549,60,0
30454,3168,111,0
30455,1148,3,0
30456,4676,1437,1
30457,8487,901,1
30458,650,1580,0
30459,7283,142,1
30460,3648,321,1
30461,1353,195,0
30462,9634,3,0
30463,8588,77,0
30464,3140,100,1
30465,9315,76,0
30466,6630,482,1
30467,8598,228,1
30468,3590,18,0
30469,10814,539,1
30470,14190,101,0
30471,13023,2446,0
30472,11972,0,0
30473,5246,126,1
30474,6125,220,1
30475,4666,260,1
30476,1511,232,0
30477,49,729,0
30478,9899,0,1
30479,9630,259,1
30480,5902,87,1
30481,2442,521,1
30482,3046,100,1
30483,8058,1367,1
30484,6019,25,0
30485,8055,53,1
30486,12572,77,0
30487,499,1938,0
30488,6762,40,0
30489,10848,13,0
30490,3966,50,1
30491,11169,139,1
30492,3515,155,0
30493,4910,155,1
30494,2112,149,1
30495,8383,344,0
30496,6640,877,0
30497,3419,109,0
30498,4092,100,1
30499,8927,49,0
30500,1359,223,0
30501,49,1089,0
30502,46,49,0
30503,2949,155,0
30504,7397,1407,0
30505,12014,797,1
30506,8343,18,0
30507,12334,48,0
30508,9983,1398,1
30509,3578,371,1
30510,2868,57,0
30511,1774,67,1
30512,5883,818,0
30513,4611,35,1
30514,983,464,0
30515,14380,269,0
30516,2769,165,1
30517,4034,1058,1
30518,6219,429,0
30519,3096,131,0
30520,14374,198,0
30521,10276,126,1
30522,108,3,0
30523,8795,100,1
30524,1155,93,1
30525,10922,189,1
30526,4180,462,0
30527,14489,8,1
30528,14390,169,0
30529,2316,25,0
30530,2845,17,0
30531,6192,100,1
30532,723,267,0
30533,2009,198,0
30534,4539,39,1
30535,13317,618,1
30536,8222,200,0
30537,2315,281,0
30538,3314,2427,1
30539,4035,588,0
30540,8438,964,1
30541,8251,380,1
30542,7868,112,1
30543,3365,1246,1
30544,2026,763,0
30545,242,89,1
30546,730,1343,0
30547,9447,166,1
30548,8037,67,1
30549,1080,981,1
30550,7227,49,1
30551,11984,67,1
30552,14288,56,0
30553,3260,200,0
30554,3389,587,0
30555,5650,51,1
30556,438,223,0
30557,5395,49,1
30558,884,220,1
30559,1354,14,0
30560,7315,3,0
30561,2468,224,1
30562,908,1011,0
30563,3150,0,0
30564,2310,402,0
30565,3726,546,1
30566,10613,18,0
30567,11206,445,1
30568,985,39,1
30569,13963,53,1
30570,992,371,1
30571,10294,100,0
30572,9246,128,1
30573,12878,34,0
30574,7911,0,0
30575,3217,93,1
30576,3123,318,1
30577,904,183,1
30578,3592,17,0
30579,13093,91,0
30580,6827,384,0
30581,853,40,1
30582,1701,402,0
30583,581,257,0
30584,1395,405,0
30585,2637,236,1
30586,11024,180,1
30587,3648,407,0
30588,242,2481,1
30589,5325,42,0
30590,7133,265,1
30591,3215,353,0
30592,10427,60,0
30593,6017,77,0
30594,566,1311,0
30595,10149,770,1
30596,1734,1633,0
30597,152,196,0
30598,14411,40,0
30599,12897,3,0
30600,2034,0,0
30601,2988,204,0
30602,13294,48,0
30603,9468,7,0
30604,12343,681,0
30605,8079,276,1
30606,4282,18,0
30607,302,54,1
30608,3795,77,0
30609,14350,161,1
30610,4127,25,0
30611,4793,176,1
30612,950,902,0
30613,3267,954,1
30614,5419,0,0
30615,5490,2208,1
30616,1942,3,0
30617,7007,7,0
30618,5501,169,0
30619,1074,94,0
30620,1434,262,1
30621,14152,369,1
30622,12678,41,0
30623,8968,18,0
30624,14299,439,0
30625,6366,53,1
30626,12644,248,1
30627,2425,804,1
30628,4801,409,1
30629,3603,228,1
30630,66,940,1
30631,409,149,0
30632,10328,1023,0
30633,5605,457,0
30634,1102,212,0
30635,8106,73,1
30636,5916,1067,1
30637,3215,109,1
30638,577,597,0
30639,6207,392,0
30640,4286,143,1
30641,8255,243,1
30642,14533,505,0
30643,3659,7,0
30644,2173,77,0
30645,5198,487,0
30646,10752,626,0
30647,8580,34,1
30648,1331,1432,0
30649,7749,101,0
30650,6467,67,1
30651,1225,138,0
30652,12091,1670,0
30653,6933,17,0
30654,1506,613,1
30655,9696,100,1
30656,9065,589,0
30657,1612,25,0
30658,3193,365,0
30659,2087,95,0
30660,1151,137,0
30661,273,228,1
30662,7688,1526,1
30663,11631,140,1
30664,11758,219,1
30665,8226,353,0
30666,5038,17,0
30667,2601,1498,0
30668,1542,146,0
30669,3897,196,0
30670,6979,369,1
30671,4219,237,1
30672,3371,219,1
30673,6296,1365,1
30674,540,7,0
30675,8041,100,1
30676,3171,2291,0
30677,1730,77,0
30678,5756,143,1
30679,5673,311,0
30680,1670,235,1
30681,5538,18,0
30682,10477,343,1
30683,9877,120,0
30684,2110,219,0
30685,7834,137,0
30686,10961,41,0
30687,3452,665,0
30688,4480,709,0
30689,1876,67,1
30690,11114,1535,1
30691,5899,176,0
30692,5266,77,0
30693,6241,1442,1
30694,5072,11,0
30695,4759,641,0
30696,4657,90,0
30697,12714,56,0
30698,3393,247,1
30699,12062,60,0
30700,9592,149,0
30701,8043,1369,1
30702,6499,109,0
30703,2448,318,0
30704,8531,446,0
30705,3713,41,0
30706,11773,235,0
30707,12493,503,1
30708,10229,542,1
30709,6456,7,0
30710,6656,216,1
30711,2004,165,1
30712,464,214,0
30713,11380,86,0
30714,4783,453,1
30715,11312,1023,0
30716,12328,3,0
30717,3657,212,0
30718,3388,220,1
30719,2461,743,0
30720,1537,109,0
30721,9143,703,1
30722,783,343,1
30723,3788,52,0
30724,8896,1687,1
30725,6085,126,1
30726,9372,34,1
30727,3466,1046,0
30728,10767,279,0
30729,13506,77,0
30730,3121,949,1
30731,1348,229,1
30732,8315,17,0
30733,4193,42,0
30734,8840,1458,1
30735,2505,111,0
30736,4630,248,1
30737,2996,460,0
30738,12062,577,1
30739,13412,157,1
30740,2312,228,0
30741,2195,0,0
30742,2840,668,1
30743,4407,17,0
30744,12118,196,0
30745,3719,3,0
30746,1101,129,0
30747,2192,1098,1
30748,5613,148,1
30749,2577,149,0
30750,1657,442,0
30751,2452,178,0
30752,621,17,0
30753,6271,805,1
30754,11190,43,1
30755,5374,126,1
30756,11097,613,1
30757,4754,17,0
30758,2491,1524,1
30759,6701,604,1
30760,8269,17,0
30761,3037,126,1
30762,699,365,0
30763,9167,77,0
30764,2533,377,0
30765,10197,3,0
30766,11888,204,0
30767,8856,2576,1
30768,7909,3,0
30769,14196,67,1
30770,1627,480,0
30771,685,904,0
30772,6260,195,0
30773,6727,7,0
30774,1546,52,0
30775,2883,497,1
30776,3069,3,0
30777,3328,1238,1
30778,8086,32,0
30779,1244,2340,1
30780,5851,269,1
30781,1030,1168,0
30782,1718,918,0
30783,10734,412,0
30784,9645,376,0
30785,5330,201,0
30786,2333,119,0
30787,4872,235,0
30788,9868,1,0
30789,4830,165,1
30790,7794,49,0
30791,10802,1232,1
30792,3118,41,0
30793,3441,32,0
30794,49,767,0
30795,553,523,1
30796,12468,189,1
30797,13392,269,0
30798,4918,91,0
30799,2913,82,1
30800,234,17,0
30801,98,7,0
30802,9404,124,1
30803,3506,32,0
30804,12426,264,1
30805,14534,56,0
30806,6431,412,0
30807,5569,17,0
30808,8100,343,1
30809,376,796,1
30810,4862,546,1
30811,215,537,0
30812,6374,1011,1
30813,9134,223,0
30814,10664,67,1
30815,1688,0,0
30816,6298,543,1
30817,3339,67,1
30818,1695,661,0
30819,10767,455,0
30820,4739,321,0
30821,5846,330,0
30822,7685,37,0
30823,3534,17,0
30824,14242,579,1
30825,9613,1224,0
30826,2007,242,0
30827,13733,93,1
30828,14037,143,1
30829,12797,42,0
30830,3726,547,0
30831,12190,76,0
30832,6103,3,0
30833,8238,86,0
30834,3194,164,1
30835,2181,77,0
30836,107,48,0
30837,5316,564,0
30838,13761,0,0
30839,7172,926,1
30840,7164,226,1
30841,7204,1114,1
30842,3768,39,0
30843,7620,77,0
30844,3652,111,0
30845,4619,463,0
30846,1870,2387,1
30847,935,220,1
30848,3342,165,1
30849,10577,42,0
30850,12370,67,1
30851,153,321,1
30852,3221,17,0
30853,5314,114,1
30854,1321,998,0
30855,940,19,0
30856,14402,142,1
30857,160,405,1
30858,12634,35,1
30859,7005,149,0
30860,10463,60,0
30861,460,86,0
30862,10404,57,1
30863,1050,122,0
30864,14484,134,1
30865,9551,514,1
30866,3090,431,1
30867,8327,48,0
30868,1655,384,0
30869,10203,3,0
30870,5512,40,1
30871,6728,3,0
30872,14467,377,0
30873,1196,37,0
30874,6028,473,0
30875,4541,204,0
30876,9192,926,0
30877,7436,262,1
30878,7418,26,1
30879,498,242,1
30880,2841,0,0
30881,5271,33,1
30882,10460,52,0
30883,5590,1143,1
30884,2585,0,0
30885,4283,11,0
30886,10933,100,1
30887,7428,19,0
30888,2448,19,0
30889,926,348,0
30890,2831,195,0
30891,6256,100,1
30892,740,503,1
30893,3732,140,0
30894,5380,220,0
30895,5454,557,0
30896,10414,77,0
30897,12436,55,1
30898,12532,804,1
30899,11239,604,1
30900,555,276,1
30901,2039,48,0
30902,1093,627,0
30903,8004,40,0
30904,115,2029,1
30905,10217,682,1
30906,8043,77,0
30907,8686,185,0
30908,13313,125,1
30909,903,17,0
30910,1554,562,0
30911,2491,392,0
30912,10816,26,1
30913,2749,48,0
30914,13634,49,1
30915,4637,259,1
30916,1176,233,1
30917,1400,3,0
30918,13294,17,0
30919,5711,214,0
30920,71,62,0
30921,12973,813,1
30922,13683,3,0
30923,2751,546,1
30924,9481,521,1
30925,14463,67,1
30926,11351,42,0
30927,4113,941,1
30928,7739,364,1
30929,4048,658,0
30930,12620,1274,1
30931,1046,40,0
30932,4230,26,0
30933,3182,24,0
30934,2705,1986,1
30935,746,53,1
30936,328,240,1
30937,8150,274,0
30938,5867,3,0
30939,489,588,1
30940,4136,115,0
30941,14072,198,0
30942,10709,836,1
30943,4596,39,1
30944,14183,126,1
30945,13734,171,0
30946,4944,3,0
30947,9269,343,1
30948,49,2521,0
30949,7852,100,0
30950,4693,343,1
30951,11770,1064,0
30952,8944,42,0
30953,5007,265,0
30954,8358,32,0
30955,3161,67,1
30956,3847,94,0
30957,5990,94,1
30958,1866,228,0
30959,13199,18,0
30960,548,74,0
30961,10,9,1
30962,13207,1981,0
30963,3155,267,0
30964,11140,46,0
30965,7113,320,0
30966,13095,405,0
30967,10916,77,0
30968,3648,365,1
30969,14451,343,1
30970,880,625,0
30971,748,322,0
30972,13326,7,0
30973,114,242,0
30974,792,48,0
30975,4003,22,1
30976,653,20,0
30977,5220,540,1
30978,625,37,0
30979,4573,564,0
30980,1850,703,1
30981,10237,40,1
30982,10621,278,1
30983,1880,402,1
30984,370,402,0
30985,9633,191,0
30986,375,478,1
30987,7122,1000,1
30988,12135,35,1
30989,14396,582,0
30990,4529,208,0
30991,8974,178,1
30992,7716,33,0
30993,5116,55,1
30994,11598,37,0
30995,13962,447,1
30996,12695,67,1
30997,1703,295,0
30998,107,3,0
30999,6767,50,1
31000,12287,39,1
31001,10782,67,1
31002,4962,111,0
31003,7174,39,0
31004,4692,136,1
31005,1174,116,0
31006,1548,1236,0
31007,679,7,0
31008,200,220,1
31009,235,165,1
31010,10179,17,0
31011,1444,110,1
31012,12193,3,0
31013,12094,77,0
31014,10999,48,0
31015,2461,392,0
31016,12018,147,1
31017,1416,2508,0
31018,13405,534,1
31019,12594,790,1
31020,5741,204,0
31021,14013,964,1
31022,11867,465,0
31023,15,1136,1
31024,3424,49,0
31025,7448,163,1
31026,4161,1575,0
31027,2081,64,0
31028,10470,248,1
31029,11144,100,1
31030,3221,0,0
31031,11552,473,1
31032,7517,297,0
31033,9723,89,0
31034,3627,293,1
31035,6605,441,1
31036,3261,39,1
31037,13721,15,1
31038,907,418,0
31039,6242,29,0
31040,11569,86,1
31041,10245,7,0
31042,3065,100,1
31043,4491,111,0
31044,2005,743,0
31045,14019,412,0
31046,4997,399,0
31047,8022,412,0
31048,14334,58,1
31049,1568,315,0
31050,3059,117,0
31051,11117,40,1
31052,13042,3,0
31053,13323,35,1
31054,5008,94,1
31055,500,228,1
31056,9604,3,0
31057,1670,1210,1
31058,6098,35,1
31059,3958,337,0
31060,116,91,1
31061,115,19,1
31062,11456,109,0
31063,2840,1246,0
31064,5310,176,1
31065,11149,512,1
31066,12865,18,0
31067,2897,185,0
31068,14317,20,1
31069,840,913,0
31070,2531,358,1
31071,9041,129,1
31072,13885,1144,0
31073,2299,155,0
31074,2661,169,0
31075,13264,551,1
31076,11955,9,1
31077,12064,73,1
31078,4684,216,1
31079,7066,716,1
31080,3559,235,1
31081,13661,276,1
31082,1675,745,1
31083,1570,117,0
31084,1695,884,0
31085,9651,248,1
31086,7935,90,0
31087,655,1392,0
31088,2132,746,1
31089,9342,39,1
31090,102,926,0
31091,2461,376,0
31092,12811,149,0
31093,2709,213,0
31094,13590,100,1
31095,4741,148,1
31096,13754,202,0
31097,1542,257,0
31098,9376,74,1
31099,3781,836,1
31100,1518,1689,1
31101,12772,210,1
31102,6059,48,0
31103,14044,210,1
31104,12698,67,1
31105,12491,211,1
31106,10411,261,0
31107,14603,189,1
31108,106,1585,1
31109,1859,402,1
31110,3282,111,0
31111,6432,286,0
31112,2493,438,1
31113,3498,149,1
31114,302,1,0
31115,892,431,1
31116,1029,25,0
31117,2875,771,0
31118,6121,557,0
31119,5401,402,1
31120,2621,220,1
31121,12953,149,0
31122,8412,329,0
31123,13144,1555,0
31124,2839,549,1
31125,4015,56,0
31126,138,105,1
31127,9777,29,0
31128,9669,438,0
31129,8722,758,1
31130,5723,18,0
31131,1206,75,1
31132,8894,79,0
31133,14258,155,1
31134,9534,501,0
31135,8548,141,1
31136,13176,228,1
31137,13813,17,0
31138,959,58,1
31139,14001,17,0
31140,4350,260,1
31141,7837,42,0
31142,9197,60,0
31143,5271,10,0
31144,8822,400,1
31145,6919,160,1
31146,4539,35,1
31147,8969,91,1
31148,4472,34,1
31149,2858,18,0
31150,2073,208,0
31151,14528,542,0
31152,10783,18,0
31153,12159,924,1
31154,9685,200,0
31155,13901,201,0
31156,14340,67,1
31157,13808,35,1
31158,1984,690,1
31159,14054,343,1
31160,2406,771,0
31161,8268,170,1
31162,863,1858,0
31163,8666,26,1
31164,8963,118,1
31165,1748,204,0
31166,10773,259,1
31167,3776,3,0
31168,5235,58,1
31169,1182,167,0
31170,658,111,0
31171,7807,246,0
31172,900,96,1
31173,4816,57,1
31174,13961,256,1
31175,9032,34,1
31176,10807,7,0
31177,1786,149,0
31178,5742,17,0
31179,9728,121,1
31180,7876,462,0
31181,13697,271,1
31182,6807,106,1
31183,10598,116,0
31184,6599,38,1
31185,1886,483,0
31186,425,35,1
31187,4340,818,0
31188,7617,1061,1
31189,1359,1382,0
31190,5005,2180,1
31191,7615,240,1
31192,9625,343,1
31193,2958,905,0
31194,250,82,1
31195,5700,719,0
31196,8165,111,0
31197,3062,41,0
31198,10018,1012,1
31199,1581,86,0
31200,473,0,0
31201,7955,252,0
31202,1678,0,0
31203,11467,169,1
31204,9635,343,1
31205,3156,176,1
31206,2214,140,0
31207,7785,770,1
31208,8772,60,0
31209,6634,171,1
31210,1929,103,1
31211,7477,404,0
31212,3492,77,0
31213,7577,224,1
31214,3833,402,0
31215,10943,228,0
31216,2347,547,0
31217,6414,86,0
31218,426,399,1
31219,49,579,0
31220,10377,401,1
31221,7272,193,1
31222,6527,53,1
31223,13753,431,1
31224,14142,1799,1
31225,3088,501,0
31226,563,113,1
31227,11939,67,1
31228,14229,176,1
31229,144,551,0
31230,9719,160,0
31231,8249,91,0
31232,4348,200,1
31233,2065,3,0
31234,6195,111,0
31235,10403,52,0
31236,4668,495,1
31237,5260,8,1
31238,12208,1183,1
31239,4944,418,0
31240,7424,310,1
31241,14513,235,0
31242,8656,1603,1
31243,2036,22,0
31244,1520,512,1
31245,976,18,0
31246,13308,1063,1
31247,4483,148,1
31248,5101,1715,1
31249,12990,39,1
31250,839,297,0
31251,12578,40,1
31252,2270,491,0
31253,6206,952,1
31254,14073,216,1
31255,13300,2406,0
31256,11001,7,0
31257,3922,220,0
31258,13617,694,0
31259,3192,18,0
31260,7813,41,0
31261,1225,185,1
31262,2689,67,1
31263,5255,636,0
31264,3673,375,0
31265,10509,1063,1
31266,6992,18,0
31267,1484,106,1
31268,2302,137,0
31269,49,49,0
31270,4420,517,1
31271,6577,37,0
31272,7236,242,1
31273,6144,32,0
31274,2749,515,0
31275,13689,343,1
31276,3323,933,0
31277,2129,593,1
31278,1019,293,1
31279,11420,1706,0
31280,3833,836,1
31281,1549,818,0
31282,6056,397,1
31283,10133,260,0
31284,6097,32,0
31285,615,1852,0
31286,4070,314,1
31287,10813,35,1
31288,3624,0,0
31289,3323,724,0
31290,13155,2240,1
31291,2487,128,0
31292,1281,560,1
31293,3715,462,0
31294,11236,563,1
31295,7853,68,0
31296,2314,780,0
31297,3097,109,0
31298,2756,1749,1
31299,6774,155,0
31300,3143,77,0
31301,7597,375,1
31302,12125,271,1
31303,13358,101,0
31304,498,627,1
31305,11061,86,0
31306,8405,514,0
31307,860,1149,0
31308,6267,37,0
31309,44,48,0
31310,48,1134,0
31311,1276,5,0
31312,13059,637,1
31313,5584,300,1
31314,7668,242,1
31315,3591,247,1
31316,2054,985,0
31317,3123,3,0
31318,1337,3,0
31319,2235,376,1
31320,2093,473,1
31321,9246,1125,0
31322,3364,158,0
31323,2880,369,1
31324,5335,548,1
31325,5177,2144,1
31326,7371,1340,0
31327,11728,114,1
31328,10311,932,1
31329,865,18,0
31330,5893,40,1
31331,4557,3,0
31332,7439,1984,0
31333,12231,100,1
31334,13283,37,0
31335,7186,18,0
31336,6975,204,0
31337,1547,330,0
31338,12405,629,1
31339,2169,113,1
31340,10673,284,1
31341,321,17,0
31342,5920,742,1
31343,12996,102,0
31344,11124,17,0
31345,6586,235,0
31346,8754,60,0
31347,12099,7,0
31348,12621,35,1
31349,1038,482,1
31350,1492,83,1
31351,5281,327,1
31352,1848,575,0
31353,508,1544,0
31354,3077,1023,0
31355,7604,220,1
31356,3766,1431,0
31357,616,264,1
31358,1975,31,0
31359,13183,3,0
31360,6698,115,0
31361,1047,43,0
31362,14369,73,1
31363,792,41,0
31364,3688,60,0
31365,10614,148,1
31366,8156,125,1
31367,13548,67,1
31368,634,200,0
31369,1856,2148,1
31370,9194,18,0
31371,1288,434,0
31372,2128,343,1
31373,13488,77,0
31374,11647,1196,1
31375,1695,160,0
31376,3542,562,0
31377,10837,196,0
31378,6610,18,0
31379,2110,899,0
31380,5341,197,0
31381,242,631,1
31382,3116,928,0
31383,6277,109,1
31384,11216,79,0
31385,2310,49,1
31386,7629,424,1
31387,12147,128,0
31388,2558,2009,0
31389,3827,457,0
31390,396,242,1
31391,6509,1868,1
31392,288,372,0
31393,3090,119,0
31394,350,25,0
31395,10779,196,0
31396,21,17,0
31397,8960,1149,1
31398,7147,546,1
31399,1976,429,1
31400,12044,532,1
31401,13992,9,1
31402,2871,204,0
31403,1083,478,0
31404,3550,2492,1
31405,11568,276,0
31406,14524,32,0
31407,4694,1232,1
31408,8554,43,1
31409,355,1237,0
31410,8371,0,0
31411,1577,39,0
31412,1123,1631,0
31413,1333,109,0
31414,4795,100,0
31415,7231,17,0
31416,7923,35,1
31417,676,343,1
31418,7597,26,1
31419,8691,627,1
31420,4249,2120,0
31421,2603,25,0
31422,4059,137,0
31423,3632,77,0
31424,4204,718,0
31425,2221,3,0
31426,276,192,1
31427,2170,402,0
31428,590,74,0
31429,5137,17,0
31430,7947,18,0
31431,2447,77,0
31432,5930,143,0
31433,11397,128,1
31434,2209,267,0
31435,7008,1,0
31436,9884,128,0
31437,1278,83,1
31438,9638,416,0
31439,3941,48,1
31440,1072,111,0
31441,7642,851,1
31442,4585,750,1
31443,10319,262,1
31444,42,223,0
31445,10412,771,1
31446,5355,164,1
31447,11201,86,1
31448,267,185,0
31449,13238,242,0
31450,9415,56,0
31451,7908,109,1
31452,7911,48,0
31453,8345,434,0
31454,10301,16,1
31455,11900,155,0
31456,13595,315,1
31457,11897,32,0
31458,777,67,1
31459,2277,1,0
31460,4459,67,0
31461,10506,100,1
31462,7891,72,1
31463,242,1935,1
31464,12528,1002,0
31465,1692,353,0
31466,3425,435,0
31467,5200,724,0
31468,3943,17,0
31469,14130,314,1
31470,11837,1066,1
31471,7867,58,1
31472,8948,109,1
31473,7176,615,0
31474,11741,173,1
31475,3632,3,0
31476,9159,795,0
31477,4249,589,1
31478,6937,653,1
31479,675,41,0
31480,9823,402,1
31481,3829,35,1
31482,13843,429,0
31483,8991,67,1
31484,685,1192,0
31485,8111,211,1
31486,288,154,0
31487,740,105,1
31488,12169,148,1
31489,9799,1004,0
31490,12404,102,0
31491,3263,546,1
31492,8446,77,0
31493,601,332,0
31494,3108,482,1
31495,13580,220,1
31496,9408,1453,0
31497,943,994,0
31498,6590,100,0
31499,4923,198,0
31500,7721,595,0
31501,6003,901,1
31502,2527,501,0
31503,2605,1511,1
31504,10628,140,0
31505,6940,512,1
31506,5138,22,1
31507,180,129,1
31508,10703,42,0
31509,2912,795,0
31510,12478,55,1
31511,5633,901,1
31512,4366,0,0
31513,5808,2127,0
31514,6769,7,1
31515,1765,457,0
31516,743,815,1
31517,12488,52,0
31518,857,961,0
31519,13785,49,1
31520,5318,985,1
31521,2992,43,1
31522,14541,68,0
31523,7850,1483,1
31524,3916,2474,0
31525,227,1404,0
31526,404,93,1
31527,6930,520,1
31528,5892,26,1
31529,5826,749,0
31530,4581,7,0
31531,3791,193,1
31532,13639,131,0
31533,8986,223,0
31534,2701,77,0
31535,7453,1099,1
31536,11047,57,1
31537,4751,262,1
31538,210,623,1
31539,12057,1063,1
31540,1599,37,0
31541,5404,40,1
31542,6325,405,0
31543,2349,115,0
31544,3223,283,0
31545,7545,103,1
31546,4477,32,0
31547,1629,147,1
31548,375,48,0
31549,913,413,0
31550,575,111,0
31551,398,17,0
31552,6930,77,0
31553,5628,1021,1
31554,5125,267,0
31555,8156,326,0
31556,2494,981,1
31557,931,517,0
31558,2014,300,1
31559,557,60,0
31560,5132,7,0
31561,12024,17,0
31562,8264,947,1
31563,475,398,0
31564,10102,246,0
31565,51,15,0
31566,11855,368,0
31567,9050,445,0
31568,4084,204,0
31569,642,9,1
31570,5578,654,1
31571,3123,743,1
31572,5245,1222,1
31573,1872,39,0
31574,8355,170,1
31575,3918,91,0
31576,4093,330,0
31577,6369,478,1
31578,8479,143,1
31579,8631,1483,1
31580,11918,939,0
31581,10506,140,0
31582,617,56,0
31583,8924,3,0
31584,12359,228,1
31585,9885,77,0
31586,1689,256,0
31587,8139,48,0
31588,4747,457,0
31589,14381,588,1
31590,9826,242,1
31591,2188,384,0
31592,23,22,1
31593,160,446,0
31594,456,82,1
31595,2111,297,1
31596,575,25,0
31597,13098,440,0
31598,770,18,0
31599,900,343,0
31600,2220,428,1
31601,4020,1335,0
31602,8177,460,0
31603,305,399,0
31604,8457,365,0
31605,10408,102,0
31606,4052,60,0
31607,12820,785,0
31608,8740,228,1
31609,881,248,1
31610,5574,314,0
31611,4632,5,1
31612,1939,204,0
31613,4856,223,0
31614,1667,441,1
31615,7397,404,0
31616,3836,193,1
31617,6664,1744,0
31618,4686,768,0
31619,2326,764,0
31620,14515,102,0
31621,1338,49,0
31622,1634,536,1
31623,4072,929,0
31624,5265,246,0
31625,4593,26,1
31626,8008,337,0
31627,4401,149,0
31628,13246,79,0
31629,6131,992,0
31630,8160,562,0
31631,9057,214,0
31632,3579,515,0
31633,355,1881,0
31634,218,1457,0
31635,868,173,1
31636,8462,877,0
31637,8,39,0
31638,864,1132,1
31639,5358,1611,1
31640,2779,443,0
31641,6504,1000,1
31642,6148,102,0
31643,10742,1011,1
31644,458,200,0
31645,9537,25,0
31646,5541,1,0
31647,3270,317,0
31648,3230,74,0
31649,3937,67,1
31650,5699,41,0
31651,14527,101,0
31652,10681,553,0
31653,6197,473,1
31654,1005,204,0
31655,2202,571,0
31656,6661,77,0
31657,8076,762,0
31658,7087,343,1
31659,2220,456,0
31660,11862,17,0
31661,13662,37,0
31662,8369,3,0
31663,5056,77,0
31664,38,2299,0
31665,8815,618,1
31666,2183,66,0
31667,4208,374,0
31668,3726,361,0
31669,1181,74,1
31670,5598,360,0
31671,1975,321,1
31672,943,312,0
31673,9592,109,1
31674,2596,636,0
31675,9058,445,1
31676,2528,78,1
31677,4353,410,1
31678,11387,100,1
31679,6844,23,0
31680,14207,579,1
31681,317,212,0
31682,3222,34,1
31683,2673,326,0
31684,2875,593,1
31685,10830,473,1
31686,8430,125,1
31687,480,402,1
31688,14501,2527,0
31689,13070,100,1
31690,5416,1004,1
31691,4172,829,1
31692,13067,539,0
31693,4084,100,1
31694,11577,1011,1
31695,6001,1733,0
31696,956,409,1
31697,1634,450,1
31698,1628,584,0
31699,10665,110,0
31700,4548,1441,1
31701,13443,681,0
31702,294,77,0
31703,3731,400,1
31704,4828,947,1
31705,5278,2254,1
31706,4406,27,0
31707,13160,562,0
31708,6390,18,0
31709,6181,371,1
31710,7121,160,1
31711,8312,37,0
31712,5921,135,1
31713,1542,2136,0
31714,14029,140,0
31715,3185,351,1
31716,10341,109,0
31717,6771,77,0
31718,2394,160,1
31719,8542,1395,0
31720,8295,100,1
31721,11437,1277,1
31722,6309,18,0
31723,5840,2323,0
31724,7772,3,0
31725,1424,588,1
31726,11221,1272,1
31727,8947,403,1
31728,11856,964,1
31729,2506,91,0
31730,9468,460,0
31731,9252,3,0
31732,7780,38,1
31733,49,2151,1
31734,8709,542,0
31735,13226,242,0
31736,3127,478,0
31737,14308,77,0
31738,9495,7,0
31739,2952,439,1
31740,88,1607,0
31741,8436,758,1
31742,2682,337,1
31743,4515,311,1
31744,852,18,0
31745,4716,0,0
31746,1065,546,1
31747,7030,457,0
31748,12362,613,1
31749,943,957,0
31750,7576,382,0
31751,2988,62,0
31752,14024,657,1
31753,2682,214,0
31754,14134,178,1
31755,10598,8,1
31756,8630,83,1
31757,12748,1135,0
31758,1367,7,0
31759,2872,1497,0
31760,13433,67,1
31761,9223,17,0
31762,14536,651,1
31763,7659,1539,0
31764,1542,405,0
31765,12798,813,1
31766,6161,126,1
31767,4787,18,0
31768,1930,549,1
31769,8560,177,0
31770,3843,35,1
31771,7230,450,1
31772,14406,67,1
31773,1146,25,0
31774,4745,3,0
31775,3518,439,1
31776,5106,37,0
31777,466,583,0
31778,9526,49,1
31779,7319,35,1
31780,1377,443,0
31781,5636,248,1
31782,49,1653,0
31783,7715,18,0
31784,2332,43,0
31785,13526,67,1
31786,4128,66,0
31787,2595,41,0
31788,458,239,0
31789,3149,48,0
31790,8834,115,0
31791,11000,171,1
31792,6829,208,0
31793,11033,37,0
31794,9789,1303,1
31795,4395,41,0
31796,7338,1115,1
31797,6034,452,1
31798,4941,34,1
31799,1089,1577,0
31800,2988,100,1
31801,2971,384,0
31802,13132,248,1
31803,2812,204,0
31804,406,128,1
31805,12543,1314,1
31806,3895,288,1
31807,10836,770,1
31808,13739,56,0
31809,4769,694,0
31810,7238,219,1
31811,2110,399,0
31812,10713,166,1
31813,7070,197,0
31814,5101,144,1
31815,543,95,0
31816,11815,67,1
31817,5982,50,1
31818,9005,9,1
31819,10538,686,1
31820,248,77,0
31821,4709,0,0
31822,2586,0,0
31823,2414,243,1
31824,14286,77,0
31825,12351,67,1
31826,9101,1952,1
31827,339,224,1
31828,372,17,0
31829,960,111,0
31830,550,310,1
31831,6809,0,0
31832,1582,176,1
31833,14616,67,1
31834,13026,965,1
31835,6449,94,0
31836,14445,1211,0
31837,8166,1246,0
31838,4164,833,1
31839,10852,442,0
31840,3118,48,0
31841,12589,203,1
31842,13777,68,0
31843,10227,19,0
31844,4429,40,1
31845,8623,1639,0
31846,6340,343,1
31847,2774,41,0
31848,3913,91,0
31849,7799,372,1
31850,2389,17,0
31851,2368,48,0
31852,7336,109,1
31853,11579,169,1
31854,14143,109,0
31855,4072,514,0
31856,4908,7,0
31857,10164,17,0
31858,9732,438,1
31859,2779,8,1
31860,14083,77,0
31861,5065,111,0
31862,9185,684,1
31863,53,1916,1
31864,12772,77,0
31865,4931,491,0
31866,1728,360,1
31867,11319,128,0
31868,4056,198,0
31869,12442,438,1
31870,47,44,0
31871,8234,311,1
31872,13815,83,1
31873,8793,91,0
31874,7099,1251,1
31875,1435,67,1
31876,4592,615,0
31877,12653,235,0
31878,1460,95,0
31879,1877,148,1
31880,5698,176,1
31881,2359,39,1
31882,5969,1315,0
31883,2251,102,0
31884,541,47,0
31885,216,300,1
31886,13554,83,1
31887,6327,1629,1
31888,4365,142,1
31889,10397,99,1
31890,10883,56,0
31891,13165,100,1
31892,10942,119,0
31893,4154,67,1
31894,4968,111,0
31895,14375,978,0
31896,4913,197,0
31897,4194,40,0
31898,7446,37,0
31899,2274,1342,1
31900,14241,142,0
31901,4544,1051,1
31902,6587,442,0
31903,11284,118,0
31904,2210,918,0
31905,2888,187,0
31906,922,242,1
31907,3338,433,0
31908,6912,77,0
31909,943,428,0
31910,1032,797,1
31911,3516,1,0
31912,6138,482,1
31913,9875,46,1
31914,8702,440,0
31915,2374,791,0
31916,8236,0,0
31917,7058,167,0
31918,9492,119,0
31919,91,41,0
31920,9127,994,1
31921,904,17,0
31922,9366,0,0
31923,7112,77,0
31924,2722,39,1
31925,9012,41,0
31926,1730,140,0
31927,572,361,0
31928,2270,692,1
31929,719,286,0
31930,8914,74,0
31931,3491,570,1
31932,11402,654,1
31933,6064,265,0
31934,626,1001,0
31935,10120,17,0
31936,251,264,1
31937,5135,269,1
31938,13827,412,0
31939,643,1272,1
31940,11907,77,0
31941,14170,973,0
31942,747,52,0
31943,125,2064,0
31944,2752,40,1
31945,1962,22,0
31946,6167,52,0
31947,9303,212,1
31948,4215,709,0
31949,8781,37,0
31950,1418,412,0
31951,6451,25,0
31952,9745,125,0
31953,3566,809,0
31954,8665,829,1
31955,8188,1667,1
31956,6426,47,1
31957,1056,743,0
31958,1705,3,0
31959,8218,175,0
31960,9813,254,0
31961,4832,19,1
31962,1765,288,1
31963,228,438,0
31964,9694,374,0
31965,5029,267,0
31966,11659,68,0
31967,9697,343,1
31968,5689,170,1
31969,2126,198,0
31970,339,137,0
31971,13698,163,0
31972,13062,128,0
31973,10405,242,1
31974,1917,25,0
31975,7562,518,0
31976,7841,77,1
31977,943,5,0
31978,12489,7,0
31979,13629,40,1
31980,14490,188,0
31981,7920,67,1
31982,2276,235,0
31983,5323,46,1
31984,13739,343,1
31985,3361,549,1
31986,6969,260,1
31987,5609,341,1
31988,1405,17,0
31989,11912,224,1
31990,10369,557,0
31991,1586,52,0
31992,7889,100,0
31993,5322,61,1
31994,2533,1241,1
31995,7374,288,1
31996,2620,100,1
31997,3359,209,1
31998,8705,17,0
31999,7246,18,0
32000,10909,128,1
32001,12625,102,0
32002,7679,142,0
32003,8239,770,1
32004,6660,149,0
32005,7468,100,1
32006,1346,588,1
32007,5658,321,1
32008,7881,7,0
32009,11503,13,0
32010,9339,86,1
32011,9294,163,1
32012,8576,90,1
32013,4260,128,0
32014,12358,537,0
32015,9623,53,1
32016,6508,24,0
32017,11691,1896,1
32018,1336,286,0
32019,8379,831,1
32020,6048,859,0
32021,457,1079,0
32022,6447,35,1
32023,10246,318,0
32024,7729,67,1
32025,6200,101,0
32026,11776,193,1
32027,1939,100,1
32028,11729,206,1
32029,367,232,1
32030,7274,41,0
32031,3672,654,0
32032,4928,805,1
32033,7626,25,0
32034,4541,37,0
32035,2171,514,0
32036,12149,2060,1
32037,3775,305,1
32038,8108,269,0
32039,1089,224,0
32040,12008,214,0
32041,5889,2354,1
32042,2882,25,0
32043,1518,477,0
32044,3705,99,1
32045,2429,702,0
32046,8565,18,0
32047,1718,724,0
32048,5846,487,0
32049,10823,18,0
32050,107,17,0
32051,2085,39,0
32052,5088,39,0
32053,4862,547,0
32054,792,17,0
32055,387,1,0
32056,6237,148,1
32057,10425,95,1
32058,12178,304,1
32059,1663,86,0
32060,13110,424,1
32061,4562,944,1
32062,5027,50,1
32063,6451,1536,0
32064,2896,256,1
32065,10094,91,1
32066,7613,405,0
32067,8293,13,0
32068,7686,137,0
32069,9827,77,0
32070,5844,204,0
32071,9882,47,1
32072,1947,126,1
32073,10251,100,1
32074,6978,67,0
32075,6549,134,1
32076,1221,211,1
32077,9767,47,1
32078,12567,110,0
32079,5474,142,0
32080,1758,802,0
32081,2547,1191,1
32082,1690,1472,0
32083,13089,501,0
32084,10161,15,1
32085,9375,373,0
32086,14248,46,1
32087,13582,42,0
32088,10989,17,0
32089,3771,3,0
32090,152,2161,0
32091,2916,553,0
32092,10833,73,1
32093,1698,242,0
32094,107,111,0
32095,1795,126,1
32096,5808,25,0
32097,10856,220,0
32098,13094,2426,0
32099,2102,122,1
32100,3,1245,0
32101,932,35,1
32102,5792,31,1
32103,5713,269,1
32104,12553,598,0
32105,5190,129,1
32106,995,100,1
32107,7047,56,0
32108,475,1197,0
32109,6272,1457,0
32110,13573,428,1
32111,120,248,1
32112,327,1237,0
32113,5913,323,0
32114,6200,438,0
32115,2429,426,0
32116,886,242,0
32117,11389,357,0
32118,7757,1537,1
32119,212,2104,0
32120,12605,126,1
32121,7832,539,0
32122,13208,128,0
32123,14327,178,1
32124,4749,418,0
32125,3063,122,0
32126,11171,431,1
32127,7364,39,1
32128,4156,204,0
32129,12938,1690,1
32130,312,189,1
32131,375,17,0
32132,12698,18,0
32133,8392,384,0
32134,699,49,0
32135,9914,53,1
32136,4619,204,0
32137,1343,246,0
32138,3066,1114,1
32139,647,25,0
32140,8560,440,1
32141,9588,220,1
32142,14104,343,1
32143,7221,3,0
32144,12955,163,0
32145,13543,1727,0
32146,12413,0,0
32147,11204,445,1
32148,2508,32,0
32149,785,562,0
32150,13307,86,0
32151,10332,440,1
32152,3916,2520,0
32153,4723,320,1
32154,3294,128,0
32155,8785,533,0
32156,13719,269,1
32157,12094,997,1
32158,13188,399,0
32159,5179,0,0
32160,4823,31,0
32161,11037,216,0
32162,4098,37,0
32163,9292,859,1
32164,3106,89,0
32165,11476,33,0
32166,14041,148,1
32167,5199,111,0
32168,1059,360,1
32169,11390,67,1
32170,9690,48,0
32171,7678,836,0
32172,10637,52,0
32173,372,2031,1
32174,13188,447,1
32175,14349,68,0
32176,14506,77,0
32177,5221,18,0
32178,11269,2357,1
32179,3878,31,0
32180,6046,1772,0
32181,12479,64,0
32182,4031,991,1
32183,2734,3,0
32184,3317,109,0
32185,2615,318,0
32186,12775,91,0
32187,9775,35,1
32188,12110,46,1
32189,7593,67,1
32190,8656,3,0
32191,6266,1091,1
32192,3274,329,0
32193,5818,501,0
32194,1675,197,0
32195,11680,939,1
32196,5595,171,1
32197,8721,397,1
32198,9214,3,0
32199,11657,224,1
32200,4644,214,0
32201,242,265,1
32202,9686,1322,1
32203,6114,818,0
32204,4976,149,0
32205,5968,439,0
32206,342,72,0
32207,9257,79,0
32208,8058,214,0
32209,2516,185,1
32210,549,61,0
32211,10809,89,1
32212,13017,2225,0
32213,2688,100,1
32214,6408,18,0
32215,599,331,1
32216,8115,37,0
32217,10677,102,0
32218,6986,248,1
32219,6354,100,1
32220,326,111,0
32221,1982,1786,1
32222,1593,860,1
32223,5506,1258,1
32224,6451,1386,0
32225,3216,785,0
32226,8971,242,0
32227,2763,129,1
32228,5998,18,0
32229,10257,428,1
32230,7858,8,1
32231,6851,1426,1
32232,10689,3,0
32233,13462,77,0
32234,12623,48,0
32235,12812,164,1
32236,14495,549,1
32237,49,448,0
32238,8021,66,1
32239,8169,315,1
32240,819,25,0
32241,5760,3,0
32242,5138,261,0
32243,2773,52,0
32244,4719,365,0
32245,242,514,1
32246,2797,438,1
32247,3362,910,0
32248,10574,18,0
32249,9634,82,1
32250,4039,1320,1
32251,13,1649,1
32252,3169,1584,1
32253,301,237,0
32254,6724,1417,0
32255,4125,188,0
32256,2631,588,0
32257,930,1795,0
32258,13181,220,1
32259,1039,38,1
32260,7722,100,1
32261,8810,67,1
32262,6757,19,1
32263,1570,259,0
32264,1685,5,0
32265,55,667,1
32266,4960,91,0
32267,6052,891,0
32268,12225,3,0
32269,13957,169,1
32270,11848,1317,0
32271,5048,749,0
32272,9134,111,0
32273,7389,212,0
32274,4649,126,1
32275,7723,242,1
32276,7431,347,1
32277,6858,0,0
32278,12436,21,0
32279,563,321,1
32280,10179,48,0
32281,271,48,1
32282,11580,122,1
32283,413,91,0
32284,13476,52,0
32285,6216,91,1
32286,6708,103,1
32287,12237,67,1
32288,3133,135,1
32289,8009,371,1
32290,2011,1892,0
32291,4603,438,1
32292,8275,0,0
32293,7890,77,0
32294,3684,17,0
32295,3825,1021,1
32296,14488,796,0
32297,49,7,0
32298,8593,16,1
32299,13776,32,0
32300,14128,386,0
32301,10304,326,0
32302,4295,109,0
32303,5232,204,0
32304,12655,615,0
32305,7556,458,1
32306,5937,41,0
32307,2830,176,1
32308,4835,836,1
32309,860,467,1
32310,9459,42,0
32311,1049,302,0
32312,13,753,1
32313,1772,399,0
32314,3780,219,1
32315,4260,212,1
32316,9043,52,0
32317,10273,126,1
32318,439,17,0
32319,891,3,0
32320,4834,41,0
32321,7145,620,1
32322,9687,41,0
32323,2692,49,0
32324,10326,293,1
32325,9217,98,1
32326,7703,160,1
32327,943,95,0
32328,5443,293,1
32329,10882,52,0
32330,11464,1322,1
32331,863,2505,1
32332,4675,609,1
32333,10425,455,1
32334,13414,40,1
32335,6016,440,1
32336,2095,1339,0
32337,1438,3,0
32338,3148,74,1
32339,9613,2239,0
32340,902,78,1
32341,14318,1183,1
32342,2495,22,1
32343,1305,196,0
32344,5660,77,0
32345,458,447,0
32346,737,1920,0
32347,3117,214,1
32348,4004,248,1
32349,12737,357,0
32350,10034,46,0
32351,5624,17,0
32352,659,694,1
32353,8220,1190,0
32354,13390,102,0
32355,5864,388,0
32356,5552,55,1
32357,12979,9,1
32358,3761,223,0
32359,7027,35,1
32360,3448,267,0
32361,2086,0,0
32362,429,402,0
32363,4685,1415,0
32364,12093,17,0
32365,7419,103,1
32366,4650,269,1
32367,2756,17,0
32368,12622,539,0
32369,12739,210,1
32370,5262,169,1
32371,7529,534,1
32372,517,1373,0
32373,9170,501,0
32374,14276,515,0
32375,3354,91,0
32376,10002,62,0
32377,3161,18,0
32378,1035,189,1
32379,6596,112,0
32380,24,53,1
32381,1873,1001,1
32382,1247,544,0
32383,6210,149,0
32384,1695,398,0
32385,10355,37,0
32386,381,50,1
32387,12257,187,1
32388,7862,77,0
32389,8409,670,1
32390,10221,429,0
32391,6587,809,0
32392,5797,77,0
32393,14157,334,1
32394,4206,17,0
32395,7189,607,1
32396,9561,67,1
32397,1261,33,1
32398,8347,1456,0
32399,9846,41,0
32400,12747,11,0
32401,7351,15,1
32402,3174,463,0
32403,1146,907,1
32404,9907,944,1
32405,3754,1874,0
32406,2945,3,0
32407,8690,376,0
32408,6344,487,1
32409,1502,446,1
32410,12287,7,0
32411,12938,25,0
32412,1325,577,1
32413,2580,34,0
32414,560,17,0
32415,4561,67,1
32416,5720,37,1
32417,11666,149,0
32418,8864,35,1
32419,13550,212,0
32420,2912,365,1
32421,8434,224,1
32422,9987,18,0
32423,2942,153,0
32424,1321,177,0
32425,4289,0,0
32426,11837,2035,0
32427,8625,66,0
32428,7328,135,1
32429,3743,49,1
32430,2975,41,0
32431,1389,959,1
32432,1693,411,1
32433,118,404,0
32434,9659,60,0
32435,1020,320,0
32436,2943,156,0
32437,7580,35,0
32438,8306,40,1
32439,8347,373,0
32440,7398,264,1
32441,13063,68,0
32442,763,82,1
32443,2453,797,1
32444,12497,13,0
32445,4356,7,0
32446,2103,67,1
32447,2998,214,0
32448,7867,405,0
32449,11037,9,1
32450,5141,692,1
32451,13041,42,0
32452,14102,796,0
32453,1870,1342,0
32454,7855,34,1
32455,5716,112,1
32456,3273,143,1
32457,10529,115,0
32458,9587,55,1
32459,7897,404,1
32460,12968,67,1
32461,4398,209,1
32462,6463,735,1
32463,1639,389,1
32464,1931,52,0
32465,6319,944,1
32466,42,197,0
32467,314,1,0
32468,1007,402,1
32469,7823,100,1
32470,9062,73,1
32471,8453,52,0
32472,8308,24,0
32473,11928,155,1
32474,7323,495,1
32475,5664,7,0
32476,827,0,0
32477,3752,52,0
32478,3072,219,1
32479,14323,67,1
32480,1562,17,0
32481,8399,1306,1
32482,4660,374,0
32483,7011,120,0
32484,5296,41,0
32485,1999,129,0
32486,268,17,0
32487,1712,100,1
32488,1890,16,1
32489,2512,223,0
32490,6850,441,1
32491,1026,242,0
32492,2505,1163,0
32493,3546,829,1
32494,11608,381,1
32495,3897,243,1
32496,5958,102,0
32497,7776,237,0
32498,4421,343,1
32499,5297,219,1
32500,4097,1584,1
32501,2366,3,0
32502,11954,58,1
32503,10491,43,1
32504,8561,100,1
32505,7515,77,0
32506,3214,220,1
32507,1771,242,1
32508,6839,260,0
32509,7404,7,1
32510,1720,212,0
32511,115,836,1
32512,9225,41,0
32513,7109,694,0
32514,2410,50,1
32515,3657,219,1
32516,6724,429,0
32517,1871,212,0
32518,13456,1011,1
32519,4471,428,1
32520,956,113,1
32521,6057,213,0
32522,4043,319,0
32523,13736,709,0
32524,676,56,0
32525,7062,1050,1
32526,1856,680,1
32527,2514,132,0
32528,5146,1236,0
32529,9704,75,0
32530,1882,77,0
32531,2388,18,0
32532,1067,67,1
32533,3740,41,0
32534,9769,404,1
32535,1628,119,0
32536,10980,768,0
32537,8813,100,1
32538,13162,171,0
32539,8822,1999,1
32540,1402,77,0
32541,1570,358,0
32542,12779,102,0
32543,863,185,0
32544,8347,98,0
32545,13913,93,1
32546,118,17,0
32547,1967,195,0
32548,7172,33,0
32549,5288,1368,0
32550,2447,7,1
32551,4066,103,1
32552,5956,1,0
32553,1929,17,0
32554,12111,52,0
32555,5888,219,1
32556,394,77,0
32557,7582,467,1
32558,5037,7,0
32559,64,77,0
32560,2481,0,0
32561,9207,583,0
32562,11373,7,0
32563,4562,758,0
32564,13250,33,0
32565,9744,370,1
32566,2952,626,0
32567,1421,442,0
32568,11044,32,0
32569,943,257,0
32570,8665,310,0
32571,13873,39,1
32572,7687,228,1
32573,7036,409,1
32574,2832,25,0
32575,2502,442,0
32576,14461,343,1
32577,8022,32,0
32578,863,2276,0
32579,11730,646,1
32580,5786,593,0
32581,14392,1728,1
32582,12103,397,1
32583,11960,77,0
32584,2942,1258,1
32585,4791,741,1
32586,4057,166,1
32587,12913,148,1
32588,5019,72,0
32589,2756,48,0
32590,4940,3,0
32591,11699,67,1
32592,2766,248,1
32593,12634,7,0
32594,4850,449,1
32595,709,3,0
32596,2115,539,0
32597,156,473,0
32598,11676,447,0
32599,12476,219,1
32600,1733,37,0
32601,8180,543,1
32602,2950,412,0
32603,2111,318,1
32604,11509,1442,1
32605,4536,365,0
32606,943,1375,0
32607,1729,670,1
32608,4712,996,0
32609,546,197,0
32610,9836,121,1
32611,14373,22,0
32612,2007,265,0
32613,289,17,0
32614,560,48,0
32615,4898,37,0
32616,11040,375,0
32617,6261,786,0
32618,9123,40,1
32619,10068,149,0
32620,148,32,0
32621,5515,7,0
32622,10013,267,0
32623,1109,41,0
32624,2690,95,1
32625,5,4,0
32626,5176,97,1
32627,1156,143,1
32628,2487,147,1
32629,11171,119,0
32630,8579,196,0
32631,9804,18,0
32632,12585,142,0
32633,4617,16,1
32634,1189,527,1
32635,11016,204,0
32636,10150,204,0
32637,1359,478,0
32638,1959,302,0
32639,651,160,1
32640,9012,17,0
32641,4354,48,0
32642,6531,329,1
32643,4680,94,0
32644,498,709,1
32645,9325,74,0
32646,8610,402,0
32647,6082,2155,0
32648,1957,140,0
32649,11202,2409,0
32650,564,539,0
32651,2239,118,0
32652,7105,457,0
32653,1908,709,0
32654,10771,67,1
32655,3885,58,1
32656,13755,534,1
32657,1671,501,0
32658,14304,369,1
32659,2733,2454,0
32660,7944,31,1
32661,8812,242,0
32662,13410,831,1
32663,9407,82,1
32664,1463,18,0
32665,4015,343,1
32666,11284,895,0
32667,2514,98,1
32668,2047,128,0
32669,4136,131,0
32670,13234,771,0
32671,1305,405,1
32672,919,49,0
32673,7965,52,0
32674,13173,86,0
32675,14305,17,0
32676,1395,337,1
32677,4071,581,1
32678,14142,189,1
32679,268,25,0
32680,261,182,0
32681,4567,859,1
32682,9442,750,1
32683,3103,463,0
32684,3253,1964,1
32685,7867,7,1
32686,14200,40,1
32687,14160,46,1
32688,11908,562,0
32689,13049,77,1
32690,7685,52,0
32691,6845,374,0
32692,168,1119,1
32693,8035,634,0
32694,3,2,0
32695,13301,37,0
32696,1459,128,0
32697,4533,547,0
32698,1395,278,1
32699,2579,48,0
32700,561,49,1
32701,7129,1,0
32702,4047,365,0
32703,4695,49,1
32704,11084,49,1
32705,5490,844,0
32706,7176,17,0
32707,4997,1167,0
32708,6266,522,1
32709,11043,77,0
32710,943,810,0
32711,4570,17,0
32712,205,1072,0
32713,9925,232,1
32714,12395,547,0
32715,199,100,0
32716,9071,424,1
32717,8395,89,0
32718,3614,3,0
32719,4100,833,1
32720,12868,542,0
32721,5540,1487,1
32722,1887,441,0
32723,14524,40,1
32724,10833,18,0
32725,1641,43,1
32726,215,1531,0
32727,4552,47,1
32728,1328,48,0
32729,3380,35,1
32730,13420,160,1
32731,6883,546,1
32732,7080,49,1
32733,6740,269,1
32734,3283,46,1
32735,559,32,0
32736,8677,272,1
32737,7451,1505,0
32738,12843,551,1
32739,3902,40,1
32740,11691,1432,0
32741,3284,77,0
32742,8681,67,1
32743,49,399,0
32744,9466,73,1
32745,5540,571,1
32746,2450,171,1
32747,3464,141,1
32748,12833,210,1
32749,10009,91,1
32750,7552,156,0
32751,8878,204,0
32752,685,358,0
32753,9874,83,1
32754,7545,1460,1
32755,1919,204,0
32756,1921,77,1
32757,12853,96,0
32758,6492,310,1
32759,6673,201,0
32760,7020,49,0
32761,7378,137,0
32762,13906,142,0
32763,3749,109,0
32764,7671,978,0
32765,12623,17,0
32766,6252,42,0
32767,1102,405,0
32768,4824,698,0
32769,7606,818,0
32770,2476,55,1
32771,4645,1477,0
32772,12410,204,0
32773,7453,1736,0
32774,2911,978,1
32775,8310,214,1
32776,4215,405,0
32777,14220,37,1
32778,7383,52,0
32779,9375,1364,1
32780,7408,343,0
32781,4003,0,1
32782,12012,77,0
32783,13839,0,0
32784,12035,40,1
32785,8691,402,1
32786,5200,3,0
32787,13131,37,0
32788,10271,485,0
32789,5097,33,0
32790,14278,220,0
32791,3424,7,0
32792,2071,220,0
32793,1498,37,0
32794,1758,118,0
32795,1853,149,0
32796,802,212,0
32797,542,43,1
32798,279,48,0
32799,6905,223,0
32800,302,44,1
32801,3059,200,0
32802,12712,269,1
32803,12264,551,1
32804,11560,264,1
32805,2052,1967,0
32806,10475,1311,1
32807,817,100,1
32808,9722,196,0
32809,10440,67,1
32810,10476,51,1
32811,2432,33,1
32812,10931,83,1
32813,8758,24,0
32814,4546,376,0
32815,69,412,1
32816,2900,237,1
32817,1143,95,1
32818,3714,1238,1
32819,11937,224,1
32820,10710,126,1
32821,999,17,0
32822,5193,155,0
32823,3264,257,1
32824,2522,1666,0
32825,325,579,1
32826,5608,67,1
32827,3168,1,0
32828,13907,77,0
32829,3202,419,1
32830,7093,100,1
32831,8317,368,0
32832,2156,155,1
32833,5127,264,1
32834,377,456,0
32835,12233,418,0
32836,8480,105,1
32837,677,1272,1
32838,7714,91,0
32839,12245,770,1
32840,10070,43,1
32841,3863,513,0
32842,11482,102,0
32843,3544,48,0
32844,9464,134,1
32845,6929,392,0
32846,415,7,0
32847,2652,778,1
32848,10042,319,1
32849,1935,182,0
32850,4653,404,1
32851,2533,0,0
32852,12078,220,0
32853,13744,91,0
32854,3665,215,0
32855,210,1454,1
32856,9507,39,1
32857,13488,200,0
32858,7469,52,0
32859,3277,223,0
32860,10680,193,1
32861,2363,418,0
32862,9823,440,1
32863,10338,319,1
32864,3575,93,0
32865,8193,109,1
32866,2561,543,0
32867,3053,52,0
32868,5521,429,0
32869,5680,743,0
32870,1628,1901,0
32871,8607,633,1
32872,4512,1060,1
32873,8414,425,1
32874,9174,204,0
32875,6597,103,1
32876,11827,557,0
32877,8995,2355,1
32878,8400,102,0
32879,6626,49,1
32880,5668,52,0
32881,8640,7,0
32882,12303,269,0
32883,5205,951,1
32884,6235,141,1
32885,14410,369,1
32886,5397,52,0
32887,8774,3,0
32888,6206,777,0
32889,3896,3,0
32890,13023,998,0
32891,7213,111,0
32892,3570,131,0
32893,12345,148,1
32894,4343,8,1
32895,481,1103,1
32896,2733,118,0
32897,14559,34,0
32898,6044,109,0
32899,2821,521,1
32900,9007,208,1
32901,6258,264,1
32902,1168,849,0
32903,9775,7,0
32904,6519,18,0
32905,5362,19,0
32906,3047,73,1
32907,14383,219,1
32908,2725,17,0
32909,7318,264,1
32910,11585,547,0
32911,2523,383,1
32912,14553,148,1
32913,11661,978,0
32914,7890,13,1
32915,12350,202,0
32916,14448,232,1
32917,815,18,0
32918,10553,360,0
32919,11218,100,0
32920,2424,171,0
32921,10371,17,0
32922,10757,242,1
32923,5727,100,1
32924,4935,219,1
32925,9168,42,0
32926,8139,197,0
32927,10823,67,1
32928,9277,128,0
32929,12094,832,1
32930,7230,200,0
32931,2924,1718,0
32932,6275,579,1
32933,9123,25,0
32934,4735,0,0
32935,7602,77,0
32936,1170,50,1
32937,7509,189,1
32938,10454,112,0
32939,14207,770,1
32940,2239,40,1
32941,7584,604,1
32942,13735,583,0
32943,13201,219,1
32944,3897,1810,0
32945,8780,60,0
32946,14203,242,0
32947,5418,100,1
32948,12183,49,1
32949,1779,73,1
32950,2829,129,1
32951,3282,277,1
32952,6532,586,0
32953,8158,874,0
32954,8153,485,0
32955,3264,402,0
32956,14548,91,1
32957,2053,41,0
32958,4458,443,1
32959,929,13,0
32960,9952,148,1
32961,6425,77,0
32962,6055,16,1
32963,11537,77,0
32964,8489,3,0
32965,444,67,1
32966,4526,796,1
32967,7038,1322,1
32968,2698,653,0
32969,7980,77,0
32970,2868,91,0
32971,1175,724,0
32972,4868,228,1
32973,2429,234,0
32974,12246,50,1
32975,7005,374,0
32976,5558,17,0
32977,477,3,0
32978,13123,195,0
32979,11626,116,0
32980,1901,620,1
32981,8228,100,1
32982,3148,1026,1
32983,9375,41,0
32984,11762,171,1
32985,8240,473,1
32986,3668,77,0
32987,2307,254,0
32988,5341,0,0
32989,49,1440,0
32990,12701,119,0
32991,1312,24,0
32992,13771,89,0
32993,1082,1050,0
32994,242,1246,1
32995,4881,155,0
32996,2194,100,0
32997,392,109,1
32998,4898,52,0
32999,475,17,0
33000,3085,261,1
33001,1162,160,1
33002,2732,427,1
33003,5143,1690,1
33004,7979,7,1
33005,1758,950,0
33006,8319,67,1
33007,7594,100,1
33008,2506,86,1
33009,8973,196,0
33010,4563,264,1
33011,10801,407,0
33012,7133,43,0
33013,1259,100,0
33014,11671,492,0
33015,1771,3,0
33016,11413,94,0
33017,11803,77,0
33018,14573,3,0
33019,13703,807,1
33020,8185,67,1
33021,142,631,0
33022,242,58,1
33023,12959,32,0
33024,3470,329,1
33025,9641,204,0
33026,11995,1280,0
33027,8028,269,1
33028,9861,447,1
33029,7223,270,1
33030,5033,289,1
33031,11929,369,1
33032,73,64,0
33033,1303,1246,0
33034,5917,410,0
33035,2256,77,0
33036,9116,916,0
33037,9009,224,1
33038,7195,142,0
33039,7883,402,0
33040,3385,923,1
33041,8834,131,0
33042,10586,149,0
33043,7481,348,1
33044,12209,68,0
33045,707,0,0
33046,12105,104,1
33047,13206,798,1
33048,10692,49,1
33049,6315,770,1
33050,1203,933,0
33051,8024,352,0
33052,954,279,1
33053,4516,1051,1
33054,2863,750,1
33055,3036,35,1
33056,4204,1473,0
33057,1851,22,1
33058,1718,1014,0
33059,10464,17,0
33060,7193,115,0
33061,11326,400,1
33062,1614,136,1
33063,13451,126,1
33064,12641,137,0
33065,13698,341,1
33066,10886,204,0
33067,7205,269,1
33068,7530,75,1
33069,8165,1060,1
33070,12242,18,0
33071,5032,17,0
33072,1959,1771,0
33073,10546,368,0
33074,1127,82,1
33075,13360,18,0
33076,11688,77,0
33077,12946,242,0
33078,5460,242,1
33079,3247,149,0
33080,200,681,0
33081,8173,35,1
33082,7765,921,1
33083,6001,672,0
33084,12875,91,0
33085,10158,39,0
33086,3792,52,0
33087,13665,7,0
33088,6080,194,1
33089,2087,709,0
33090,9090,91,1
33091,9899,17,1
33092,6724,66,1
33093,6648,143,1
33094,7545,134,1
33095,7792,320,1
33096,5179,3,0
33097,13228,473,1
33098,943,1989,0
33099,13347,195,0
33100,1454,60,0
33101,196,365,0
33102,1197,223,0
33103,10078,101,0
33104,12782,19,0
33105,2427,172,0
33106,13001,473,1
33107,9601,50,1
33108,13553,90,1
33109,4494,77,0
33110,6070,176,1
33111,5842,52,0
33112,7949,112,1
33113,1453,148,1
33114,10547,18,0
33115,12193,82,1
33116,9124,546,1
33117,12344,15,1
33118,5876,18,0
33119,8985,386,0
33120,4236,37,0
33121,14435,137,0
33122,8538,1232,1
33123,6982,314,1
33124,1806,689,0
33125,2805,3,1
33126,343,77,0
33127,4726,219,1
33128,2272,879,1
33129,3198,48,0
33130,11421,32,0
33131,8038,1206,0
33132,8977,343,1
33133,1652,25,0
33134,13520,77,0
33135,12556,375,1
33136,677,654,1
33137,4745,0,0
33138,12670,18,0
33139,140,148,1
33140,332,22,1
33141,13006,716,1
33142,4784,3,1
33143,2026,661,0
33144,7595,3,0
33145,4535,129,0
33146,13593,68,0
33147,5271,49,1
33148,6010,156,0
33149,1029,480,0
33150,13565,264,1
33151,13180,758,1
33152,1515,77,0
33153,10544,256,1
33154,4871,557,0
33155,1886,242,1
33156,7818,52,0
33157,69,54,0
33158,6059,0,0
33159,4020,0,1
33160,6342,14,0
33161,3685,3,0
33162,6521,7,0
33163,12905,3,0
33164,10640,73,1
33165,2222,100,1
33166,12979,155,0
33167,3290,67,1
33168,8669,189,1
33169,2334,18,0
33170,11636,77,0
33171,160,1,0
33172,5236,149,0
33173,6629,402,1
33174,7003,3,0
33175,3718,473,0
33176,5997,463,0
33177,13742,160,1
33178,6477,463,0
33179,11994,73,1
33180,4437,35,1
33181,14079,67,1
33182,14095,100,1
33183,9207,694,0
33184,1844,242,1
33185,13845,402,1
33186,3061,18,0
33187,7849,47,0
33188,11686,128,0
33189,8989,601,0
33190,9274,267,0
33191,4928,119,0
33192,11973,170,1
33193,616,77,0
33194,2839,489,0
33195,3469,17,0
33196,13219,196,0
33197,450,155,0
33198,3364,47,0
33199,5342,612,0
33200,5359,921,1
33201,3301,35,1
33202,5582,326,0
33203,4224,404,0
33204,13875,18,0
33205,9123,361,0
33206,1292,91,1
33207,5344,264,1
33208,11053,534,1
33209,5896,40,0
33210,2132,2141,0
33211,12984,89,1
33212,9840,204,0
33213,1481,457,0
33214,6123,467,1
33215,3844,3,0
33216,11388,100,0
33217,3136,18,0
33218,1668,826,0
33219,3952,77,0
33220,2273,37,1
33221,8933,1312,0
33222,4984,100,1
33223,803,196,0
33224,13674,3,0
33225,2531,405,1
33226,3618,836,0
33227,8474,216,0
33228,6635,18,0
33229,6544,3,0
33230,3487,3,0
33231,4960,57,1
33232,2903,510,1
33233,9879,21,0
33234,13632,126,1
33235,8719,62,0
33236,3259,35,1
33237,12552,18,0
33238,6968,348,1
33239,3377,18,0
33240,6905,111,0
33241,13311,15,0
33242,2364,365,0
33243,6427,382,1
33244,1665,37,0
33245,6176,750,0
33246,11562,100,1
33247,13365,50,1
33248,4562,374,0
33249,10877,52,0
33250,8500,90,1
33251,5206,371,1
33252,11759,797,1
33253,14137,77,0
33254,12447,653,0
33255,3614,0,0
33256,4640,75,1
33257,3732,52,0
33258,1286,176,1
33259,8002,1363,0
33260,5400,77,0
33261,2348,267,0
33262,13318,235,1
33263,6335,17,0
33264,4224,991,1
33265,11714,25,0
33266,5659,18,0
33267,8866,501,0
33268,1244,1846,1
33269,6394,517,0
33270,239,269,1
33271,2560,187,1
33272,9092,3,0
33273,610,26,1
33274,9465,216,1
33275,1723,669,0
33276,10595,575,0
33277,7398,540,1
33278,1316,67,1
33279,9069,374,0
33280,11899,900,0
33281,7957,77,0
33282,1313,275,1
33283,332,265,1
33284,11090,438,0
33285,6511,204,1
33286,3652,209,0
33287,14407,214,0
33288,1695,40,0
33289,6938,37,0
33290,6670,440,1
33291,11811,56,0
33292,3415,750,1
33293,4231,733,1
33294,9281,796,1
33295,3182,109,1
33296,6746,231,0
33297,4920,242,0
33298,832,414,1
33299,1031,0,0
33300,9640,67,1
33301,2664,1028,1
33302,6329,709,0
33303,399,103,1
33304,2013,447,1
33305,12026,18,1
33306,8941,546,1
33307,8471,3,0
33308,8011,228,0
33309,5147,176,1
33310,4378,447,1
33311,548,460,0
33312,1175,3,0
33313,5652,17,0
33314,13483,417,0
33315,12450,937,1
33316,7487,284,1
33317,602,77,0
33318,1396,330,0
33319,9304,86,1
33320,8070,749,0
33321,10105,256,1
33322,10997,37,0
33323,12095,204,0
33324,10218,1814,0
33325,374,170,1
33326,4146,149,0
33327,2771,0,0
33328,55,2439,1
33329,4310,276,0
33330,8247,978,1
33331,458,2517,0
33332,8599,77,1
33333,13791,61,1
33334,1103,501,0
33335,3850,67,1
33336,9901,77,0
33337,6991,246,0
33338,9290,242,0
33339,12002,21,0
33340,7969,39,1
33341,1630,210,1
33342,4379,18,0
33343,1730,100,1
33344,7294,18,0
33345,12594,1247,0
33346,3192,73,1
33347,14313,1406,1
33348,4097,1407,1
33349,2808,107,1
33350,13962,49,0
33351,8697,817,0
33352,9533,122,0
33353,12517,148,1
33354,4910,1568,0
33355,48,610,0
33356,1955,678,0
33357,13661,782,1
33358,4956,176,1
33359,12287,35,1
33360,2556,17,0
33361,13998,55,1
33362,13353,125,1
33363,8507,1370,1
33364,11815,18,0
33365,4692,0,0
33366,5976,724,0
33367,5663,223,0
33368,1993,361,1
33369,49,2115,0
33370,4289,48,0
33371,2336,246,0
33372,4194,55,1
33373,10906,43,1
33374,49,667,0
33375,5339,195,1
33376,13807,41,0
33377,9423,1019,0
33378,2364,265,0
33379,2753,1042,1
33380,5835,1053,1
33381,11993,39,0
33382,2759,563,0
33383,2295,7,0
33384,1660,653,1
33385,8102,452,0
33386,8734,1090,1
33387,8471,82,1
33388,873,3,0
33389,1363,40,1
33390,863,1110,0
33391,4893,100,1
33392,7143,52,0
33393,13155,17,0
33394,8252,286,0
33395,13840,551,1
33396,9378,7,0
33397,12346,43,0
33398,2541,242,1
33399,928,287,0
33400,5059,143,1
33401,3085,208,0
33402,6842,343,1
33403,4141,17,0
33404,2114,243,1
33405,3019,371,1
33406,685,49,0
33407,12668,256,0
33408,8548,404,1
33409,5722,539,0
33410,2580,1978,0
33411,541,106,1
33412,11875,287,0
33413,1605,1272,1
33414,8383,41,0
33415,13258,100,1
33416,8238,91,0
33417,9703,315,1
33418,11921,1503,0
33419,11436,114,1
33420,9540,164,1
33421,4919,56,0
33422,5540,1479,1
33423,12403,109,0
33424,1251,147,0
33425,10156,445,1
33426,1838,41,0
33427,4627,1144,0
33428,4398,37,0
33429,4371,404,0
33430,11991,37,0
33431,20,196,0
33432,12637,77,0
33433,5839,431,1
33434,1283,90,1
33435,3101,7,0
33436,2408,77,0
33437,7303,39,1
33438,5755,204,0
33439,3133,0,0
33440,2078,83,1
33441,6566,102,0
33442,10619,926,1
33443,1102,500,0
33444,160,259,0
33445,1545,48,1
33446,8449,77,0
33447,10064,858,1
33448,3236,361,0
33449,1437,1907,1
33450,2118,0,0
33451,973,58,1
33452,5299,18,0
33453,3614,48,0
33454,10387,17,0
33455,5039,668,1
33456,6763,77,0
33457,3433,496,0
33458,2232,768,0
33459,8577,74,0
33460,5196,75,1
33461,156,49,0
33462,3616,39,1
33463,8535,539,0
33464,4965,264,1
33465,9186,438,1
33466,13160,397,1
33467,5614,86,0
33468,2265,3,0
33469,3195,483,1
33470,185,7,0
33471,10540,297,0
33472,2714,13,0
33473,3264,447,0
33474,12931,265,0
33475,1308,285,1
33476,964,48,0
33477,2685,256,1
33478,4845,27,0
33479,1336,384,0
33480,9678,1304,1
33481,663,490,0
33482,2036,212,0
33483,1831,242,1
33484,943,1695,0
33485,3897,515,0
33486,12492,100,1
33487,11915,18,0
33488,4831,3,0
33489,6800,496,0
33490,43,32,0
33491,12741,3,0
33492,4361,2071,0
33493,957,438,0
33494,8608,438,0
33495,12177,176,1
33496,2794,246,0
33497,2836,1298,0
33498,14428,77,0
33499,3840,1023,0
33500,11441,100,1
33501,1266,553,0
33502,8457,1619,0
33503,7387,329,0
33504,10889,1082,0
33505,4092,204,0
33506,5186,72,0
33507,4520,17,0
33508,5552,21,0
33509,4024,1056,1
33510,2910,611,0
33511,4368,56,0
33512,3220,222,0
33513,11688,97,1
33514,14561,18,0
33515,647,1102,0
33516,10844,18,0
33517,6974,67,1
33518,667,459,0
33519,1090,745,1
33520,8211,149,1
33521,10505,557,0
33522,9826,476,0
33523,7667,133,0
33524,3316,142,1
33525,9241,137,0
33526,11183,445,1
33527,2520,137,0
33528,7707,48,0
33529,6758,1321,0
33530,1668,358,0
33531,1361,231,0
33532,8675,73,0
33533,13060,402,1
33534,7785,579,1
33535,8896,888,0
33536,627,223,0
33537,863,2489,0
33538,1727,229,1
33539,3638,48,0
33540,2966,47,0
33541,10973,276,0
33542,2955,115,0
33543,11885,1766,1
33544,10775,40,1
33545,6387,91,0
33546,3840,17,0
33547,9896,149,0
33548,5424,3,0
33549,1095,1785,0
33550,49,2303,0
33551,5490,2223,0
33552,1542,1246,0
33553,1220,494,0
33554,7641,149,0
33555,7501,17,0
33556,9783,55,1
33557,2157,926,1
33558,8233,418,0
33559,12407,369,1
33560,4874,1172,0
33561,9153,214,0
33562,9217,132,0
33563,6573,149,0
33564,3909,615,0
33565,11380,57,1
33566,3250,18,0
33567,5435,330,0
33568,9685,440,0
33569,14633,2606,0
33570,1053,216,0
33571,11358,400,1
33572,553,278,1
33573,7212,0,0
33574,8353,758,1
33575,12896,61,1
33576,13097,77,0
33577,14378,77,0
33578,5841,790,1
33579,7472,7,0
33580,215,443,1
33581,13271,19,1
33582,338,1,1
33583,5718,361,0
33584,5098,1536,1
33585,2172,741,1
33586,2318,22,0
33587,5208,242,1
33588,7859,61,1
33589,7245,260,0
33590,4170,1075,1
33591,11555,3,0
33592,472,220,0
33593,3779,17,0
33594,4920,208,1
33595,8510,56,0
33596,4174,399,0
33597,12645,618,1
33598,8033,279,1
33599,5285,705,0
33600,4875,735,1
33601,7177,991,1
33602,11121,305,0
33603,5275,1598,0
33604,1695,418,0
33605,9302,583,0
33606,3897,2036,0
33607,13101,343,1
33608,475,1125,0
33609,5087,0,0
33610,521,148,1
33611,6242,157,1
33612,3148,910,0
33613,8051,32,0
33614,2924,1822,0
33615,9633,167,1
33616,6245,1280,0
33617,2621,77,0
33618,1721,219,1
33619,791,105,1
33620,5043,1507,0
33621,13350,548,1
33622,7873,626,1
33623,6247,148,1
33624,14543,3,0
33625,11881,67,1
33626,6470,157,1
33627,8801,35,0
33628,5085,1125,0
33629,14440,20,1
33630,5461,100,0
33631,1396,1236,1
33632,4778,361,0
33633,5182,77,0
33634,6004,170,1
33635,11232,187,1
33636,11860,86,0
33637,13773,149,0
33638,2933,146,1
33639,1034,100,1
33640,2286,445,1
33641,13056,932,0
33642,13607,43,1
33643,3602,995,0
33644,7179,140,0
33645,2294,67,1
33646,8096,39,1
33647,5797,739,1
33648,6076,228,1
33649,7464,17,0
33650,14546,49,1
33651,2368,41,0
33652,3721,52,0
33653,2082,409,1
33654,912,439,1
33655,14003,43,1
33656,943,219,0
33657,6679,91,1
33658,1929,134,1
33659,2888,141,0
33660,10193,1021,1
33661,10797,50,1
33662,1378,161,1
33663,627,615,0
33664,4099,101,0
33665,3243,943,1
33666,4767,281,0
33667,7437,402,1
33668,2609,67,1
33669,1089,121,0
33670,1777,135,1
33671,13621,94,0
33672,7180,22,1
33673,9518,566,1
33674,13356,473,1
33675,9305,58,1
33676,7086,570,1
33677,14642,53,1
33678,10238,102,0
33679,320,69,0
33680,766,2382,0
33681,8431,102,0
33682,5227,7,1
33683,5938,49,0
33684,9941,165,1
33685,3115,247,1
33686,6731,809,0
33687,2170,536,0
33688,7552,306,0
33689,13357,815,1
33690,7311,1080,1
33691,7106,326,0
33692,1515,821,1
33693,2137,48,0
33694,1598,818,0
33695,8329,1536,1
33696,2957,237,0
33697,11188,18,0
33698,210,89,1
33699,4950,551,1
33700,658,442,0
33701,4789,204,0
33702,11638,42,0
33703,2792,39,0
33704,863,1141,0
33705,9979,622,0
33706,13141,173,1
33707,10388,228,1
33708,4155,3,0
33709,4721,770,1
33710,13423,91,0
33711,13837,86,0
33712,7274,17,0
33713,160,260,0
33714,4897,1,0
33715,4638,643,0
33716,766,570,1
33717,919,89,0
33718,1102,677,0
33719,14125,60,0
33720,6098,7,0
33721,5557,830,0
33722,499,291,0
33723,9011,112,0
33724,715,3,0
33725,242,8,1
33726,863,2144,0
33727,4885,312,0
33728,6756,260,0
33729,13157,57,1
33730,11286,37,0
33731,7602,48,1
33732,13417,3,0
33733,3249,2092,0
33734,2845,51,1
33735,10458,77,0
33736,8596,40,0
33737,3035,189,1
33738,3777,40,1
33739,6797,67,1
33740,14287,224,1
33741,14532,34,1
33742,5793,402,1
33743,943,488,0
33744,1751,137,0
33745,932,7,0
33746,2677,40,1
33747,3247,197,0
33748,8232,67,1
33749,8430,65,0
33750,159,8,1
33751,6043,645,0
33752,2303,67,1
33753,3781,376,0
33754,13804,31,1
33755,991,39,0
33756,12077,235,0
33757,12982,188,0
33758,13459,109,0
33759,12215,67,1
33760,14535,425,1
33761,7968,37,0
33762,8481,67,1
33763,2359,35,1
33764,4626,74,0
33765,4863,242,0
33766,2523,461,1
33767,10669,262,1
33768,12207,148,1
33769,1903,707,0
33770,2058,16,1
33771,1051,109,1
33772,10136,100,0
33773,9188,501,0
33774,5880,372,1
33775,11734,23,0
33776,6655,0,0
33777,5209,89,0
33778,9025,40,1
33779,3847,563,1
33780,2522,329,1
33781,11003,48,0
33782,7074,15,1
33783,3165,1028,1
33784,0,0,0
33785,513,187,0
33786,9319,67,1
33787,1186,568,1
33788,7469,204,0
33789,1532,1975,0
33790,4564,100,0
33791,4659,40,1
33792,13610,7,0
33793,13572,260,1
33794,11529,7,0
33795,12878,27,0
33796,4106,206,1
33797,458,1256,0
33798,558,315,1
33799,11588,254,0
33800,2558,3,0
33801,6354,204,0
33802,6476,483,1
33803,6654,230,1
33804,2856,836,1
33805,8665,831,1
33806,7784,73,1
33807,12347,908,0
33808,1707,148,1
33809,2510,402,0
33810,3835,445,1
33811,4516,997,0
33812,5328,2411,1
33813,6915,100,1
33814,10990,2007,0
33815,221,475,0
33816,3048,402,1
33817,4480,405,0
33818,11219,400,1
33819,7236,483,0
33820,4259,0,0
33821,10268,126,1
33822,2248,37,0
33823,4810,67,1
33824,348,440,0
33825,3628,160,1
33826,2280,25,0
33827,3661,318,0
33828,4906,1046,1
33829,7433,3,0
33830,14417,37,0
33831,330,3,0
33832,12715,90,0
33833,8139,515,0
33834,6761,41,0
33835,8469,214,0
33836,7945,40,1
33837,589,817,0
33838,4351,220,0
33839,7628,1380,1
33840,79,961,0
33841,10421,286,0
33842,8293,445,1
33843,7657,943,0
33844,215,1492,0
33845,9747,473,1
33846,49,1304,0
33847,10383,3,0
33848,5251,321,1
33849,470,696,1
33850,7228,397,1
33851,10832,39,0
33852,12676,264,1
33853,13886,7,0
33854,2074,17,0
33855,6817,429,0
33856,98,39,1
33857,4444,39,1
33858,13604,18,0
33859,8544,73,1
33860,1563,1198,1
33861,3641,1854,1
33862,12590,67,1
33863,6962,412,0
33864,2317,1745,1
33865,1048,17,0
33866,3513,111,0
33867,9422,247,1
33868,6095,964,1
33869,2897,579,0
33870,4235,248,1
33871,1870,74,0
33872,1598,134,1
33873,3059,265,0
33874,3344,93,1
33875,4289,41,0
33876,2528,0,0
33877,3541,125,1
33878,12923,67,1
33879,4475,41,0
33880,7724,60,0
33881,577,242,0
33882,8011,375,0
33883,6520,0,0
33884,357,7,0
33885,1051,149,0
33886,3683,166,1
33887,10313,0,0
33888,9635,3,0
33889,3085,1205,0
33890,4575,606,0
33891,2004,131,0
33892,4603,457,0
33893,7841,495,0
33894,7848,1470,0
33895,2218,305,0
33896,5543,1267,1
33897,6578,109,1
33898,5188,1651,0
33899,5276,120,0
33900,13280,83,1
33901,5427,3,0
33902,13997,40,1
33903,10697,613,1
33904,48,1112,0
33905,5329,83,1
33906,4692,3,0
33907,4489,18,0
33908,1544,0,0
33909,3259,7,0
33910,5382,112,0
33911,13109,35,1
33912,754,86,1
33913,14428,939,1
33914,9692,9,1
33915,113,645,0
33916,2099,242,0
33917,4536,212,1
33918,8640,35,1
33919,1764,326,1
33920,6060,802,0
33921,11096,206,1
33922,8650,716,0
33923,4582,140,0
33924,8344,3,0
33925,9195,42,0
33926,7393,37,0
33927,960,465,0
33928,6145,52,0
33929,14124,72,0
33930,2921,204,0
33931,10741,35,0
33932,137,401,1
33933,4072,662,0
33934,268,1495,0
33935,242,2463,1
33936,1518,616,0
33937,943,701,0
33938,881,267,0
33939,3658,7,0
33940,7355,409,1
33941,11877,254,0
33942,2967,438,0
33943,8314,3,0
33944,1225,113,0
33945,3313,17,0
33946,5171,24,0
33947,9898,920,0
33948,12073,52,0
33949,1339,112,1
33950,7036,365,0
33951,4049,583,0
33952,4940,329,0
33953,1826,50,1
33954,10281,56,0
33955,14442,18,0
33956,4742,283,1
33957,8695,163,1
33958,2,41,0
33959,6410,330,1
33960,5342,3,0
33961,6233,39,1
33962,3800,48,0
33963,943,2166,0
33964,2793,489,1
33965,2819,212,1
33966,10459,770,1
33967,6758,1411,0
33968,3554,1630,0
33969,3576,230,1
33970,4829,89,0
33971,4556,473,1
33972,8176,126,1
33973,2144,3,0
33974,12888,32,0
33975,4619,37,0
33976,5432,25,0
33977,3563,3,0
33978,10803,829,1
33979,4511,868,0
33980,9360,155,0
33981,13293,35,1
33982,1384,716,1
33983,10599,155,1
33984,1791,1084,1
33985,205,1167,0
33986,11118,52,0
33987,13321,3,0
33988,2014,859,1
33989,9149,17,0
33990,42,3,0
33991,712,372,1
33992,2883,66,0
33993,2832,2264,0
33994,3041,77,0
33995,12156,116,0
33996,8214,548,0
33997,1,491,1
33998,11585,546,1
33999,391,0,0
34000,8947,977,0
34001,12886,86,0
34002,3630,0,1
34003,3225,947,1
34004,7898,77,0
34005,10244,577,1
34006,5136,38,1
34007,10745,1180,1
34008,5629,125,1
34009,13091,412,0
34010,10371,3,0
34011,5505,77,0
34012,11551,166,1
34013,3323,418,0
34014,12828,514,0
34015,7845,204,0
34016,7974,1065,0
34017,8633,443,1
34018,16,40,0
34019,4977,991,1
34020,152,2467,1
34021,11853,52,0
34022,13117,402,0
34023,1487,207,0
34024,2551,827,0
34025,1101,90,0
34026,2385,265,0
34027,9233,242,0
34028,1982,1268,0
34029,2147,198,0
34030,9845,2152,0
34031,3190,102,0
34032,1113,157,1
34033,3036,7,0
34034,14596,619,0
34035,396,402,0
34036,9895,197,0
34037,888,400,1
34038,1761,427,1
34039,12141,91,1
34040,10319,224,1
34041,4954,204,0
34042,2824,406,0
34043,1565,106,1
34044,7,54,1
34045,2228,371,1
34046,598,833,1
34047,14570,200,0
34048,3556,100,1
34049,8323,94,0
34050,11699,48,0
34051,3072,514,0
34052,9603,317,0
34053,972,39,1
34054,200,17,0
34055,1658,2162,0
34056,4347,94,1
34057,7848,36,0
34058,13783,32,0
34059,6584,48,0
34060,914,37,0
34061,6976,170,1
34062,1089,1102,0
34063,3217,945,0
34064,6593,405,0
34065,7736,412,1
34066,1446,100,0
34067,308,8,1
34068,6877,60,0
34069,188,60,0
34070,12573,56,0
34071,10219,176,0
34072,8094,40,1
34073,1765,438,0
34074,472,365,0
34075,11034,440,1
34076,579,323,0
34077,294,3,0
34078,1743,102,0
34079,7815,100,1
34080,2924,26,0
34081,1755,51,1
34082,988,242,0
34083,11676,74,0
34084,1624,1832,1
34085,10445,997,0
34086,6170,17,0
34087,603,264,1
34088,3020,260,1
34089,335,1061,0
34090,13265,77,0
34091,10004,492,0
34092,1198,94,0
34093,6740,25,0
34094,201,142,0
34095,1102,709,0
34096,2629,204,0
34097,69,1795,0
34098,11588,248,1
34099,12319,3,0
34100,9991,634,0
34101,3002,446,0
34102,1257,223,0
34103,13574,264,1
34104,4593,342,0
34105,1984,223,0
34106,7134,160,1
34107,10878,546,1
34108,8126,1093,1
34109,1020,185,0
34110,5469,52,0
34111,2246,111,0
34112,5164,67,1
34113,8411,408,1
34114,5323,77,0
34115,10424,1131,0
34116,11814,140,0
34117,3221,1965,0
34118,13822,372,1
34119,53,47,1
34120,10765,613,1
34121,8174,0,0
34122,6967,0,0
34123,12007,128,0
34124,13562,43,1
34125,14503,1369,0
34126,4160,1510,0
34127,6683,607,1
34128,2389,419,1
34129,6313,223,0
34130,14576,37,0
34131,817,52,0
34132,1800,77,0
34133,615,1615,0
34134,2865,369,1
34135,544,38,1
34136,3989,269,0
34137,10699,48,0
34138,2861,48,0
34139,1634,1800,1
34140,4970,67,1
34141,3868,35,1
34142,5071,519,0
34143,3178,1184,0
34144,8646,18,0
34145,1002,77,1
34146,13674,50,1
34147,9825,409,0
34148,820,77,1
34149,8332,25,0
34150,7276,91,0
34151,10166,1484,0
34152,14081,2383,1
34153,575,223,0
34154,6049,20,1
34155,1730,60,0
34156,4847,37,0
34157,4407,0,0
34158,8325,18,0
34159,2756,41,0
34160,9196,0,0
34161,2628,44,0
34162,3326,963,0
34163,11079,343,1
34164,767,3,0
34165,17,101,0
34166,12627,246,0
34167,8543,91,0
34168,6641,1401,0
34169,14477,375,0
34170,8457,283,0
34171,6472,445,1
34172,162,895,0
34173,1837,557,0
34174,13253,100,1
34175,10505,242,0
34176,1734,1675,0
34177,12290,424,1
34178,12508,18,0
34179,2251,148,1
34180,2481,1835,1
34181,813,1045,1
34182,3124,1,0
34183,5683,1331,0
34184,2930,330,0
34185,6661,51,1
34186,12928,53,1
34187,8136,443,0
34188,9202,1698,0
34189,7548,301,1
34190,1046,32,0
34191,9951,410,1
34192,8149,160,0
34193,12154,155,0
34194,13461,1707,0
34195,2787,939,1
34196,8597,271,1
34197,2701,400,1
34198,242,448,0
34199,3170,320,0
34200,10673,368,0
34201,6912,0,0
34202,10528,25,0
34203,5690,18,0
34204,2513,749,0
34205,6542,68,0
34206,5407,8,1
34207,13099,1103,0
34208,4124,26,1
34209,5624,134,1
34210,1754,113,1
34211,4342,60,0
34212,1695,3,0
34213,1939,978,0
34214,6864,388,0
34215,1889,3,0
34216,2274,1376,0
34217,11335,47,1
34218,9967,73,1
34219,4198,368,0
34220,2536,32,0
34221,10493,438,1
34222,9772,343,1
34223,6413,650,1
34224,480,826,1
34225,7565,0,0
34226,11311,64,1
34227,6741,17,0
34228,242,964,1
34229,12830,7,0
34230,5170,52,0
34231,9054,1267,1
34232,997,47,0
34233,13285,126,1
34234,9375,532,0
34235,11056,837,0
34236,3433,25,0
34237,12230,20,1
34238,3932,169,0
34239,5991,187,1
34240,10620,189,1
34241,5132,35,1
34242,2863,1064,0
34243,12476,200,0
34244,5049,97,1
34245,4174,402,0
34246,1251,904,0
34247,4222,141,1
34248,12261,771,1
34249,5341,3,0
34250,5013,17,0
34251,268,72,0
34252,3742,0,0
34253,2734,17,0
34254,5099,1201,0
34255,4671,57,1
34256,8325,67,1
34257,11156,86,1
34258,5541,223,0
34259,748,947,1
34260,14589,1000,1
34261,5976,345,0
34262,6123,48,0
34263,3268,425,0
34264,8592,198,0
34265,8699,18,0
34266,2121,744,1
34267,10459,77,0
34268,9427,41,0
34269,302,15,1
34270,10968,67,1
34271,12602,19,1
34272,4027,184,1
34273,13328,18,0
34274,3068,483,0
34275,57,3,0
34276,7730,18,0
34277,1312,109,1
34278,1903,435,1
34279,930,41,0
34280,2849,256,0
34281,3373,17,0
34282,7844,2104,0
34283,11680,17,0
34284,9525,1734,0
34285,13389,811,1
34286,7704,32,0
34287,8008,515,0
34288,389,91,0
34289,608,40,1
34290,11215,420,1
34291,13344,542,1
34292,5183,32,0
34293,3462,155,0
34294,5919,47,1
34295,5362,111,0
34296,1909,17,0
34297,1232,96,0
34298,4885,400,0
34299,4727,267,0
34300,8586,520,1
34301,7333,213,0
34302,3169,1371,1
34303,6659,1578,0
34304,1659,1454,1
34305,5807,101,1
34306,6179,17,0
34307,8370,35,1
34308,12638,58,1
34309,12828,220,1
34310,2663,813,1
34311,8759,3,0
34312,12265,17,0
34313,6868,118,0
34314,11041,940,1
34315,13213,198,0
34316,2840,5,0
34317,630,3,0
34318,13375,39,1
34319,14093,645,0
34320,2801,155,1
34321,6755,116,0
34322,8540,18,0
34323,11938,334,1
34324,10939,588,1
34325,6177,100,0
34326,12659,3,0
34327,2612,72,1
34328,2214,100,1
34329,2013,668,1
34330,1420,3,0
34331,5979,204,0
34332,11484,37,0
34333,5719,149,0
34334,3689,0,0
34335,9660,195,0
34336,1449,2353,0
34337,6532,674,0
34338,7244,128,0
34339,12632,397,1
34340,5427,60,0
34341,1531,357,0
34342,6284,214,1
34343,4378,41,0
34344,8394,56,0
34345,888,41,0
34346,2847,226,1
34347,10424,164,1
34348,1275,910,1
34349,7960,102,0
34350,2212,536,0
34351,1030,99,0
34352,11395,9,1
34353,12148,23,0
34354,9704,542,1
34355,12474,143,1
34356,13665,35,1
34357,11020,259,1
34358,13930,53,1
34359,12893,1234,0
34360,3575,518,0
34361,960,1,0
34362,5357,382,1
34363,12833,77,0
34364,1889,18,0
34365,11648,508,1
34366,9691,462,1
34367,1276,957,0
34368,8108,169,1
34369,13563,269,1
34370,6109,58,1
34371,178,3,0
34372,541,2471,0
34373,3346,284,1
34374,1023,0,0
34375,9330,148,1
34376,10207,17,0
34377,10267,67,1
34378,7082,300,1
34379,12869,18,0
34380,3379,94,0
34381,14107,67,1
34382,1499,68,0
34383,3657,22,0
34384,1628,481,0
34385,10021,95,0
34386,11681,228,1
34387,10021,307,1
34388,2187,77,0
34389,703,446,0
34390,3788,100,1
34391,1503,113,0
34392,13780,40,1
34393,6156,368,0
34394,2286,13,0
34395,1064,167,1
34396,6223,67,1
34397,6761,17,0
34398,5511,1138,1
34399,9042,734,0
34400,7465,546,1
34401,3437,1600,1
34402,4823,1222,0
34403,12145,19,1
34404,13425,749,0
34405,3341,965,1
34406,8170,18,0
34407,13540,60,0
34408,943,208,0
34409,2837,908,0
34410,1233,34,0
34411,13409,1103,0
34412,7643,23,1
34413,4139,47,1
34414,856,425,1
34415,11166,121,1
34416,705,1413,0
34417,1286,3,0
34418,9470,440,0
34419,11656,264,1
34420,8610,49,1
34421,1859,959,1
34422,5887,39,0
34423,3945,2461,0
34424,12727,40,1
34425,8690,836,1
34426,5680,392,0
34427,7164,359,0
34428,14277,249,0
34429,13379,82,1
34430,657,7,0
34431,9875,77,0
34432,1912,1033,1
34433,14354,77,0
34434,10313,3,0
34435,11447,3,0
34436,9457,49,1
34437,1276,1205,0
34438,1256,546,1
